item_seq,product_name,search_name,ingredients,maker,image,interaction_text
195700020,활명수,활명수,,동화약품(주),,
195900034,신신티눈고(살리실산반창고)(수출명:SINSINCORNPLASTER),신신티눈고,,신신제약(주),,"메토트렉세이트, 설포닐우레아, 다른 국소 적용 약물과 함께 사용 시 의사 또는 약사와 상의하십시오."
195900043,아네모정,아네모,,삼진제약(주),https://nedrug.mfds.go.kr/pbp/cmn/itemImageDownload/1Pvn3im1f27,"위장진통ㆍ진경제, 테트라사이클린계 항생제와 함께 복용하지 마십시오."
197100015,타치온정50밀리그램(글루타티온(환원형)),타치온,글루타티온,동아제약(주),,
197400207,겔포스현탁액(인산알루미늄겔),겔포스,인산알루미늄겔,(주)보령,,테트라사이클린계 항생물질과 함께 사용하지 마십시오.
197700189,일양노이겔현탁액(규산알루민산마그네슘),일양노이,규산알루민산마그네슘,일양약품(주),,테트라사이클린계 항생제와 함께 복용 시 의사 또는 약사와 상의하십시오.
195900045,자모,자모,,씨에이치디제약주식회사,,"이 약을 복용하는 동안 다른 진해거담제, 감기약, 항히스타민제를 함유하는 내복약(비염용 경구제, 멀미약, 알레르기용약), 진정제 등을 복용하지 마십시오. MAO 억제제(항우울제, 항정신병제, 감정조절제, 항파킨슨제 등)를 복용하고 있거나 복용을 중단한 후 2주 이내의 사람은 이 약을 복용하지 마십시오. 복용시에는 음주하지 마십시오."
196000011,페니라민정(클로르페니라민말레산염),페니라민,클로르페니라민말레산염,(주)유한양행,https://nedrug.mfds.go.kr/pbp/cmn/itemImageDownload/1Orz9gcUHnw,"이 약을 복용하는 동안 MAO 억제제를 복용하지 마십시오. 알코올, 중추신경억제제, 페니토인을 함께 복용 시 의사 또는 약사와 상의하십시오."
197800242,일양노이시린에이정(규산알루민산마그네슘),일양노이시린에이,규산알루민산마그네슘,일양약품(주),https://nedrug.mfds.go.kr/pbp/cmn/itemImageDownload/148674126111200110,테트라사이클린계 항생제와 함께 복용 시 의사 또는 약사와 상의하십시오.
198401161,세나서트2밀리그람질정,세나서트2밀리그람질,,알보젠코리아(주),https://nedrug.mfds.go.kr/pbp/cmn/itemImageDownload/1NOwp2F6EVc,
199100317,대한염화나트륨액,대한염화나트륨,,대한약품공업(주),,
199100655,옵타젠트점안액(포비돈),옵타젠트,포비돈,삼일제약(주),,
196200034,삐콤정,삐콤,,(주)유한양행,https://nedrug.mfds.go.kr/pbp/cmn/itemImageDownload/153495248483300010,레보도파와 함께 복용하지 마십시오.
196400046,게루삼정,게루삼,,삼남제약(주),https://nedrug.mfds.go.kr/pbp/cmn/itemImageDownload/154307400984500104,테트라사이클린계 항생제와 함께 복용하지 마십시오.
196400089,"보화소합원(대환,소환)",보화소합원,대환|소환,원광제약(주),,"칼륨함유제제, 감초함유제제, 글리시리진산 혹은 그 염류 함유제제, 루프계 이뇨제(푸로세미드, 에타크린산) 또는 티아지드계 이뇨제(트리클로르메티아지드)를 복용하는 사람은 의사 또는 약사와 상의하십시오."
196500051,지엘타이밍정(카페인무수물),지엘타이밍,카페인무수물,지엘팜텍(주),https://nedrug.mfds.go.kr/pbp/cmn/itemImageDownload/1NAT_bwbZd9,
199303012,엔클비액(염화나트륨),엔클비,염화나트륨,한림제약(주),,
199400693,지노콜시럽(구연산부타미레이트),지노콜,구연산부타미레이트,동성제약(주),,
199502669,제로미아액,제로미아,,오스템파마주식회사,,
196600011,베스타제정,베스타제,,동아제약(주),https://nedrug.mfds.go.kr/pbp/cmn/itemImageDownload/1Pvn4v0yLxr,
196600012,베스타제당의정,베스타제당의,,동아제약(주),https://nedrug.mfds.go.kr/pbp/cmn/itemImageDownload/1MoApPycZgS,
196600063,원비디,원비디,,일양약품(주),,
196700061,에어신신파스,에어신신파스,,신신제약(주),,
199604959,미보(MEBO)연고,미보,,(주)한도상사,,
199803472,한림포비돈점안액(수출명:한비돈점안액),한림포비돈,,한림제약(주),,
199806423,포스테리산좌제,포스테리,,동화약품(주),,
196800036,판콜에이내복액,판콜에이내복,,동화약품(주),,"아세트아미노펜을 포함하는 다른 제품, MAO억제제(항우울제, 항정신병제, 감정조절제, 항파킨슨제 등), 진해거담제, 다른 감기약, 해열진통제, 진정제, 항히스타민제를 함유하는 내복약(비염용 경구제, 멀미약, 알레르기용약)과 함께 복용하지 마십시오. 당뇨약, 통풍약, 관절염약, 항응고제, 스테로이드제, 바르비탈계 약물, 삼환계 항우울제, 알코올과 함께 복용 시 의사 또는 약사와 상의하십시오. 복용 중에는 음주하지 마십시오."
196900058,코푸시럽에스,코푸시럽에스,,(주)유한양행,,"MAO 억제제(항우울제, 항정신병제, 감정조절제, 항파킨슨제 등), 다른 진해거담제, 감기약, 항히스타민제, 진정제, 알코올과 함께 복용하지 마십시오. MAO 억제제(항우울제, 항정신병제, 감정조절제, 항파킨슨제 등) 복용을 중단한 후 2주 이내의 사람은 이 약을 복용하지 마십시오. 복용 중에는 음주하지 마십시오."
199806424,포스테리산연고,포스테리,,동화약품(주),,
200009088,로와치넥스캡슐,로와치넥스,,(주)한국팜비오,https://nedrug.mfds.go.kr/pbp/cmn/itemImageDownload/147428288104000061,
197000037,아로나민골드정,아로나민골드,,일동제약(주),https://nedrug.mfds.go.kr/pbp/cmn/itemImageDownload/154609810414600027,레보도파와 함께 복용하지 마십시오. 에스트로겐을 포함한 경구용 피임제와 함께 복용 시 의사 또는 약사와 상의하십시오.
197000040,대웅우루사연질캡슐,대웅우루사,,(주)대웅제약,https://nedrug.mfds.go.kr/pbp/cmn/itemImageDownload/1PEPKBUcd74,"경구용 당뇨병용제(톨부타미드), 콜레스티라민, 콜레스티폴, 약용탄, 마그네슘 및 수산화알루미늄을 함유하는 제산제, 간에서 콜레스테롤 분비를 증가시키는 약물(예: 에스트로겐 함유 경구용 피임제, 클로피브레이트와 같은 지질감소약물, 간에 손상을 주는 약물과 함께 복용하지 마십시오."
197000053,액티피드정,액티피드,,삼일제약(주),https://nedrug.mfds.go.kr/pbp/cmn/itemImageDownload/151369816808500002,"혈압강하제, 알코올, 중추신경억제제(수면제, 진정제, 안정제), MAO 억제제, 교감신경흥분제, 삼환계 항우울약, 구아네티딘, 브레틸리움, 베타나이드, 데브리소퀸, 메칠도파, 교감신경성약(충혈제거제, 식욕억제제, 암페타민류의 신경자극제), 및 아드레날린 저해제(억제제)와 함께 복용하지 마십시오."
200200836,태극아즈렌에스연고(구아야줄렌),태극아즈렌에스,구아야줄렌,태극제약(주),,
197000076,보나링에이정(디멘히드리네이트),보나링에이,디멘히드리네이트,일양약품(주),https://nedrug.mfds.go.kr/pbp/cmn/itemImageDownload/1P2JYwFs9gg,"MAO 억제제를 함께 복용하지 마십시오.바르비탈계 약물, 마취제 등의 중추신경억제제, 아미노글리코사이드계 항생물질(스트렙토마이신, 카나마이신 등), 아트로핀 및 아트로핀계 약물을 함께 사용 시 의사 또는 약사와 상의하십시오.복용 중에는 음주하지 마십시오."
197100059,쎄레스톤지크림,쎄레스톤지,,(주)유한양행,,
197100081,키모랄에스정,키모랄에스,,(주)에이프로젠바이오로직스,https://nedrug.mfds.go.kr/pbp/cmn/itemImageDownload/1NjeveJRSOJ,항응고제를 함께 사용 시 의사 또는 약사와 상의하십시오.
200201397,프리비투스현탁액(레보클로페라스틴펜디조산염),프리비투스,레보클로페라스틴펜디조산염,대원제약(주),,"항히스타민제, 항세로토닌, 근이완제(파파베린)와 함께 사용 시 의사 또는 약사와 상의하십시오."
200300960,노루모현탁액,노루모,,일양약품(주),,테트라시아클린계 항생물질을 함께 복용하지 마십시오.이 약의 흡착작용 또는 소화관내·체액의 pH상승에 의해 함께 복용하는 약물의 흡수·배설에 영향을 줄 수 있습니다.
197200483,뇌선,뇌선,,씨에이치디제약주식회사,,"다른 해열진통제, 감기약, 진정제와 함께 복용하지 마십시오. 바르비탈계 약물, 삼환계 항우울제, 알코올, 플루클록사실린과 함께 복용 시 의사 또는 약사와 상의하십시오. 복용 중에는 음주하지 마십시오."
197300075,성광관장약,성광관장약,,(주)퍼슨,,
197400199,안국니트로푸라존연고,안국니트로푸라존,,안국약품(주),,
200301479,이벤캡슐,이벤,,오스틴제약(주),https://nedrug.mfds.go.kr/pbp/cmn/itemImageDownload/1Pvn3im1heH,
200301820,티어드롭점안액2%(포비돈),티어드롭,포비돈,한미약품(주),,
200402866,리렌스연고(구아야줄렌),리렌스,구아야줄렌,(주)씨엠지제약,,
197400246,마그밀정(수산화마그네슘),마그밀,수산화마그네슘,삼남제약(주),https://nedrug.mfds.go.kr/pbp/cmn/itemImageDownload/1OZiugAPfPm,"테트라사이클린계 항생물질을 함께 복용하지 마십시오. 다량의 우유, 칼슘제제와 함께 복용 시 우유 알칼리 증후군(고칼슘혈증, 고질소혈증, 알칼리증 등)이 나타날 수 있으므로 의사 또는 약사와 상의하십시오."
197400262,트레스탄캡슐,트레스탄,,삼진제약(주),https://nedrug.mfds.go.kr/pbp/cmn/itemImageDownload/152855882703400021,MAO 저해제(억제제) 및 알코올 등 및 기타 중추신경억제제와 함께 복용하지 마십시오.
197400277,뮤코졸정(브롬헥신염산염),뮤코졸,브롬헥신염산염,부광약품(주),https://nedrug.mfds.go.kr/pbp/cmn/itemImageDownload/1NvwvvpENiE,"이 약을 복용하기 전에 에리트로마이신, 세팔렉신, 세푸록심, 아목시실린, 독시사이클린, 옥시테트라사이클린 등의 항생제를 복용하는 환자는 의사 또는 약사와 상의하십시오."
200501105,태극아즈렌에스크림(구아야줄렌),태극아즈렌에스,구아야줄렌,태극제약(주),,
200511332,코네티비나겔(히알루론산나트륨),코네티비나,히알루론산나트륨,(주)동인제약,,
200603947,코네티비나거즈(히알루론산나트륨),코네티비나거즈,히알루론산나트륨,(주)동인제약,,
200709913,제스판골드정,제스판골드,,(주)종근당,https://nedrug.mfds.go.kr/pbp/cmn/itemImageDownload/1O3VwdlngvE,
197400343,"신일브롬헥신염산염정
(수출명 : BIVOTUME, BIVO)",신일브롬헥신염산염,,신일제약(주),https://nedrug.mfds.go.kr/pbp/cmn/itemImageDownload/147427572144400033,"이 약을 복용하기 전에 에리트로마이신, 세팔렉신, 세푸록심, 아목시실린, 독시사이클린, 옥시테트라사이클린 등의 항생제를 복용하는 환자는 의사 또는 약사와 상의하십시오."
197400416,유락신연고(크로타미톤),유락신,크로타미톤,(주)녹십자,,
197500088,암포젤정(건조수산화알루미늄겔),암포젤,건조수산화알루미늄겔,일동제약(주),https://nedrug.mfds.go.kr/pbp/cmn/itemImageDownload/1Mxwka5v2fV,"테트라사이클린계 항생물질을 함께 복용하지 마십시오.이 약의 흡착작용 또는 소화관내, 체액의 pH상승에 의해 함께 복용하는 약물의 흡수, 배설에 영향을 줄 수 있습니다."
197600172,포타딘액(포비돈요오드),포타딘,포비돈요오드,삼일제약(주),,"과산화수소를 함께 사용하지 마십시오.리튬제제, 클로르헥시딘, 설파디아진 은화합물, 알칼리, 수은을 함유한 제제, 효소성분의 상처치료제를 함께 사용 시 의사 또는 약사와 상의하십시오."
200800378,큐앤큐바셀린윤나거즈,큐앤큐바셀린윤나거즈,,큐앤큐팜(주),,
200903570,케어번연고(구아야줄렌),케어번,구아야줄렌,(주)한국파비스제약,,
197500016,낙센정(나프록센),낙센,나프록센,(주)종근당,https://nedrug.mfds.go.kr/pbp/cmn/itemImageDownload/147427297681200156,"다른 비스테로이드성 소염진통제, 아스피린, 고용량의 메토트렉세이트와 함께 복용하지 마십시오. 히단토인계 항간질제, 설파제, 설포닐요소계 혈당강하제, 프로프라놀롤 및 다른 -차단제, ACE 억제제(캅토프릴 등), 루프계 이뇨제 및 티아지드계 이뇨제, 프로베네시드, 리튬, 저용량의 메토트렉세이트, 쿠마린계 혈액응고저지제(와파린 등), 지도부딘, 뉴퀴놀론계 항생물질(에녹사신 등)과 함께 복용 시 의사 또는 약사와 상의하십시오."
200904391,핑크프로캡슐,핑크프로,,(주)한국파비스제약,https://nedrug.mfds.go.kr/pbp/cmn/itemImageDownload/147426429003700047,
200904579,베로타정,베로타,,(주)바스칸바이오제약,https://nedrug.mfds.go.kr/pbp/cmn/itemImageDownload/1NjzNPWEkNV,
200904649,파라스트캡슐,파라스트,,(주)테라젠이텍스,https://nedrug.mfds.go.kr/pbp/cmn/itemImageDownload/147426433479800019,
197600174,액티피드시럽,액티피드,,삼일제약(주),,"혈압강하제, 알코올, 중추신경억제제(수면제, 진정제, 안정제), MAO 억제제, 교감신경흥분제, 삼환계 항우울약, 구아네티딘, 브레틸리움, 베타나이드, 데브리소퀸, 메칠도파, 교감신경성약(충혈제거제, 식욕억제제, 암페타민류의 신경자극제), 및 아드레날린 저해제(억제제)와 함께 복용하지 마십시오."
197600345,페리나정,페리나,,삼진제약(주),https://nedrug.mfds.go.kr/pbp/cmn/itemImageDownload/1Pvn3im1xf1,"MAO억제제(항우울제, 항정신병제, 감정조절제, 항파킨슨제 등)와 함께 복용하지 마십시오. 다른 비염용 경구제, 항히스타민제를 함유하는 내복약(감기약, 진해거담제, 멀미약, 알레르기용약 등)과 함께 복용하지 마십시오. 복용 중에는 음주하지 마십시오."
200905978,번세이프크림(구아야줄렌),번세이프,구아야줄렌,오스틴제약(주),,
200906270,액티몰스액(시트룰린말산염),액티몰스,시트룰린말산염,(주)한국팜비오,,
200906476,비거스액(시트룰린말산염),비거스,시트룰린말산염,(주)넥스팜코리아,,
197600412,로프민캡슐(로페라미드염산염),로프민,로페라미드염산염,영일제약(주),https://nedrug.mfds.go.kr/pbp/cmn/itemImageDownload/1N-191WfV1w,"퀴니딘, 리토나비르와 함께 복용 시 의사 또는 약사와 상의하십시오."
197600483,신일비사코딜정,신일비사코딜,,신일제약(주),https://nedrug.mfds.go.kr/pbp/cmn/itemImageDownload/1Nk2K_pikjU,"이뇨제, 부신피질호르몬제, 다형성 심실빈맥을 초래하는 약물, 제산제와 함께 복용하지 마십시오. 우유 섭취 후 1시간 이내에 이 약을 복용하지 마십시오."
197600539,세가톤트로키(염화세칠피리디늄),세가톤트로키,염화세칠피리디늄,알파제약(주),https://nedrug.mfds.go.kr/pbp/cmn/itemImageDownload/1MaAIzBwRVi,
201301364,제로바액,제로바,,주식회사제뉴원사이언스,,
201305220,글루100정(글루타티온(환원형)),글루100,글루타티온,(주)동구바이오제약,https://nedrug.mfds.go.kr/pbp/cmn/itemImageDownload/147426676298300153,
201309340,나오덤크림(구아야줄렌),나오덤,구아야줄렌,신신제약(주),,
201402801,아줄린연고(구아야줄렌),아줄린,구아야줄렌,(주)퍼슨,,
197600614,갈타제산(베타-갈락토시다제(아스퍼길루스)),갈타제,베타-갈락토시다제,현대약품(주),,
197600722,리나치올시럽(카르보시스테인)(수출명:HyundiolSyrup),리나치올,,현대약품(주),,항생물질과 트리메토퀴놀염산염을 함유하는 시럽제와 함께 복용하는 경우 따로따로 복용하십시오.
197700312,안티비오과립75밀리그람(락토바실루스아시도필루스)(수출용),안티비오과립75밀리그람,,한화제약(주),,
197700322,액티페린정,액티페린,,영일제약(주),https://nedrug.mfds.go.kr/pbp/cmn/itemImageDownload/1NXVKYFvlsN,"혈압강하제, 알코올, 중추신경억제제(수면제, 진정제, 안정제), MAO 억제제, 교감신경흥분제, 삼환계 항우울약, 구아네티딘, 브레틸리움, 베타나이드, 데브리소퀸, 메칠도파, 교감신경성약(충혈제거제, 식욕억제제, 암페타민류의 신경자극제), 및 아드레날린 저해제(억제제)와 함께 복용하지 마십시오."
197700120,부루펜정200밀리그램(이부프로펜),부루펜,이부프로펜,삼일제약(주),https://nedrug.mfds.go.kr/pbp/cmn/itemImageDownload/1Mxwka5v45V,"항암요법으로 고용량 메토트렉세이트를 투여중인 환자, 다른 비스테로이드성 소염진통제와 함께 이 약을 복용하지 마십시오. 이 약을 복용하기 전에 저용량 아스피린, ACE 저해제 복용자, 리튬, 푸로세미드 및 티아지드계 이뇨제, 저용량 메토트렉세이트, 쿠마린계 항응혈제(와파린 등), 선택적 세로토닌 재흡수억제제를 복용하는 환자는 의사 또는 약사와 상의하십시오."
201404287,리포유정,리포유,,(주)휴비스트제약,https://nedrug.mfds.go.kr/pbp/cmn/itemImageDownload/1NYnLMpxg72,
201404804,씨티엠액(시트룰린말산염),씨티엠,시트룰린말산염,(주)한국파마,,
201405771,리쥬비넥스크림(폴리데옥시리보뉴클레오티드나트륨),리쥬비넥스,폴리데옥시리보뉴클레오티드나트륨,(주)파마리서치,,
201707149,뮤코베리어액(히알루론산나트륨),뮤코베리어,히알루론산나트륨,(주)한국팜비오,,
197800027,데카키논캡슐(유비데카레논),데카키논,유비데카레논,에이치케이이노엔(주),https://nedrug.mfds.go.kr/pbp/cmn/itemImageDownload/1N266HhBiUg,
197800212,로파인캡슐(로페라미드염산염),로파인,로페라미드염산염,태극제약(주),https://nedrug.mfds.go.kr/pbp/cmn/itemImageDownload/148604293243500073,"퀴니딘, 리토나비르와 함께 복용 시 의사 또는 약사와 상의하십시오."
197800391,메코민캡슐(메코발라민),메코민,메코발라민,신일제약(주),https://nedrug.mfds.go.kr/pbp/cmn/itemImageDownload/1Okvg5XuiDL,"클로람페니콜, 아미노글리코사이드 등 항생제, 메토트렉세이트, 피리메타민, 콜키신, 페니토인, 페노바르비탈, 프리미돈, 파라아미노살리실산, H2 수용체 길항제, 과량의 알코올을 섭취한 사람은 의사 또는 약사와 상의하십시오."
201707455,나스타제정,나스타제,,(주)한국파마,https://nedrug.mfds.go.kr/pbp/cmn/itemImageDownload/1NhETqzLMkB,
201708567,헤파톡시온정(글루타티온(환원형)),헤파톡시온,글루타티온,(주)마더스제약,https://nedrug.mfds.go.kr/pbp/cmn/itemImageDownload/153676522674200083,
201800613,아줄렌에스연고(구아야줄렌),아줄렌에스,구아야줄렌,(주)에이프로젠바이오로직스,,
197800466,리나치올캡슐375밀리그램(카르보시스테인)(수출명:HyundiolCapsule375Mg),리나치올,,현대약품(주),https://nedrug.mfds.go.kr/pbp/cmn/itemImageDownload/151326603582900051,
197900171,후시딘연고(퓨시드산나트륨),후시딘,퓨시드산나트륨,동화약품(주),,
197900219,마스질정(클레마스틴푸마르산염),마스질,클레마스틴푸마르산염,태극제약(주),https://nedrug.mfds.go.kr/pbp/cmn/itemImageDownload/1Pvn3im1aJs,"MAO저해제를 함께 복용하지 마십시오.알코올 및 중추신경 억제제(최면제, 진정제, 신경안정제 등), 항콜린제와 함께 복용할 경우 의사 또는 약사와 상의하십시오."
201801725,브레인플러스정(수출용),브레인플러스,,(주)아이월드제약,https://nedrug.mfds.go.kr/pbp/cmn/itemImageDownload/153495248483200092,
201802106,트루맥스액(시트룰린말산염),트루맥스,시트룰린말산염,(주)아이월드제약,,
197900277,게보린정(수출명:돌로린정),게보린,,삼진제약(주),https://nedrug.mfds.go.kr/pbp/cmn/itemImageDownload/1N5PLuAiUvi,"바르비탈계 약물, 삼환계 항우울제, 다른 소염(항염)진통제, 다른 해열진통제, 아세트아미노펜을 포함하는 다른 제품, 알코올과 함께 이 약을 복용하지 마십시오. 이 약을 복용하기 전에 와파린, 리튬, 티아지드계 이뇨제를 복용한 환자는 의사 또는 약사와 상의하십시오."
197900411,스파토민캡슐(디시클로민염산염),스파토민,디시클로민염산염,조아제약(주),https://nedrug.mfds.go.kr/pbp/cmn/itemImageDownload/1NOwp2F6IJj,"페노티아진계 약물, 삼환계 항우울약, MAO억제제, 마약성진통제, 부정맥용제, 벤조디아제핀계 약물과 함께 복용 시 의사 또는 약사와 상의하십시오."
201804689,아이치온정(글루타티온(환원형)),아이치온,글루타티온,일양약품(주),https://nedrug.mfds.go.kr/pbp/cmn/itemImageDownload/154777200732000104,
201903110,안티렌크림(구아야줄렌),안티렌,구아야줄렌,(주)일화,,
201904177,더블유녹스정(글루타티온(환원형)),더블유녹스,글루타티온,(주)휴비스트제약,https://nedrug.mfds.go.kr/pbp/cmn/itemImageDownload/1NNuh6mJovq,
198000168,포타딘연고(포비돈요오드),포타딘,포비돈요오드,삼일제약(주),,"과산화수소와 함께 사용하지 마십시오.리튬제제, 클로르헥시딘, 설파디아진ㆍ은화합물, 알칼리, 수은을 함유한 제제, 효소성분의 상처치료제와 함께 사용 시 의사 또는 약사와 상의하십시오."
198000170,포리부틴정(트리메부틴말레산염),포리부틴,트리메부틴말레산염,삼일제약(주),https://nedrug.mfds.go.kr/pbp/cmn/itemImageDownload/1Pb_3_20w3j,
198000304,뮤코론캡슐375밀리그램(카르보시스테인),뮤코론,카르보시스테인,부광약품(주),https://nedrug.mfds.go.kr/pbp/cmn/itemImageDownload/1NXVKYFvl6Q,
201908278,리큐번크림(구아야줄렌),리큐번,구아야줄렌,동아제약(주),,
202000172,루치온정100mg(글루타티온(환원형)),루치온,글루타티온,대한뉴팜(주),https://nedrug.mfds.go.kr/pbp/cmn/itemImageDownload/1NNuh6mJnTm,
202001466,루치온정50밀리그램(글루타티온(환원형)),루치온,글루타티온,대한뉴팜(주),https://nedrug.mfds.go.kr/pbp/cmn/itemImageDownload/1NNuh6mJnUg,
202007611,후모레스액,후모레스,,(주)셀비온,,
198000440,오로페롤연질캡슐100밀리그램(토코페롤아세테이트),오로페롤,토코페롤아세테이트,신일제약(주),https://nedrug.mfds.go.kr/pbp/cmn/itemImageDownload/1PUJLZh-j0i,"에스트로겐이 포함된 경구(먹는)용 피임약, 비타민 A, K제 및 경구(먹는)용 항응고제, 비만치료제(오르리스타트), 광유성 사하제(기름성 설사약), 철분제, 정주용 지질제와 함께 사용 시 의사 또는 약사와 상의하십시오."
198100119,우루사정100밀리그램(우르소데옥시콜산),우루사,우르소데옥시콜산,(주)대웅제약,https://nedrug.mfds.go.kr/pbp/cmn/itemImageDownload/1Pb_3_20w5z,"경구용 당뇨병제(톨부타미드), 콜레스티라민, 콜레스티폴, 약용탄, 마그네슘 및 수산화알루미늄을 함유하는 제산제, 간에서 콜레스테롤 분비를 증가시키는 약물(에스트로겐 함유 경구용 피임제, 클로피브레이트와 같이 지질감소약물), 간에 손상을 주는 약물을 함께 복용하지 마십시오."
198100234,제이알히드로코르티손연고,제이알히드로코르티손,,(주)비보존제약,,
202007980,유린타민캡슐,유린타민,,현대약품(주),https://nedrug.mfds.go.kr/pbp/cmn/itemImageDownload/1NXVKYFvlMh,
202008212,웰스글루치온정(글루타티온(환원형)),웰스글루치온,글루타티온,(주)넥스팜코리아,https://nedrug.mfds.go.kr/pbp/cmn/itemImageDownload/1OpUNcKXinq,
198100428,스파부틴정100밀리그램(트리메부틴말레산염),스파부틴,트리메부틴말레산염,한미약품(주),https://nedrug.mfds.go.kr/pbp/cmn/itemImageDownload/1ONpCOpRd47,
198200011,신풍겐타마이신황산염크림,신풍겐타마이신황산염,,신풍제약(주),,
198200057,알레크롬점안액(크로모글리크산나트륨),알레크롬,크로모글리크산나트륨,이연제약(주),,
198200102,바네포연고,바네포,,대한약품공업(주),,
202203745,스퓨클액,스퓨클,,(주)한국호넥스,,
202301269,유린쿨캡슐,유린쿨,,진양제약(주),,
202302457,글루디톡정(글루타티온(환원형)),글루디톡,글루타티온,태극제약(주),https://nedrug.mfds.go.kr/pbp/cmn/itemImageDownload/1OqoN-3zWwk,
202400124,코네티비나크림(히알루론산나트륨),코네티비나,히알루론산나트륨,(주)동인제약,,
198200120,타라부틴정(트리메부틴말레산염)(수출명:뉴트리소젠정),타라부틴,,국제약품(주),https://nedrug.mfds.go.kr/pbp/cmn/itemImageDownload/1OrgEjHwC9E,
198200504,"베부틴정(트리메부틴말레산염)(수출용)(수출명:영일트리메부틴정,TRISPASMTab)",베부틴,,영일제약(주),https://nedrug.mfds.go.kr/pbp/cmn/itemImageDownload/1NXVKYFvlrp,
198200689,리나치올시럽5%(카르보시스테인)(수출명:HyundiolSyrup5%),리나치올,,현대약품(주),,항생물질과 트리메토퀴놀염산염을 함유하는 시럽제와 혼합해서 복용하지 마시고 따로따로 복용하십시오.
202400885,화이트티온정(글루타티온(환원형)),화이트티온,글루타티온,(주)씨엠지제약,https://nedrug.mfds.go.kr/pbp/cmn/itemImageDownload/1P3diGKSDH8,
202401391,리큐크린액(염화나트륨),리큐크린,염화나트륨,메딕스제약(주),,
202502554,더마그램피디알엔크림(폴리데옥시리보뉴클레오티드나트륨),더마그램피디알엔,폴리데옥시리보뉴클레오티드나트륨,(주)종근당,,
198200799,바스포연고,바스포,,(주)녹십자,,
198300064,아나프록스정(나프록센나트륨),아나프록스,나프록센나트륨,(주)종근당,https://nedrug.mfds.go.kr/pbp/cmn/itemImageDownload/1NX0PYltLaw,"다른 비스테로이드성 소염진통제 및 나프록센 유도체와 함께 복용하지 마십시오. 히단토인계 항간질제, 설파제, 설포닐요소계 혈당강하제, 프로프라놀롤 및 다른 -차단제, ACE 저해제(캅토프릴 등), 루프계 및 티아지드계 이뇨제, 프로베네시드, 아스피린, 리튬, 메토트렉세이트, 쿠마린계 항응혈제(와파린 등), 지도부딘, 뉴퀴놀론계 항생물질(에녹사신 등)을 함께 복용 시 의사 또는 약사와 상의하십시오."
198300147,엘칸액(엘-카르니틴),엘칸,엘-카르니틴,일동제약(주),,
198300343,부루펜정400밀리그램(이부프로펜),부루펜,이부프로펜,삼일제약(주),https://nedrug.mfds.go.kr/pbp/cmn/itemImageDownload/1Mxwka5v465,"다른 비스테로이드성 소염진통제, 저용량 아스피린, 고용량의 메토트렉세이트, 알코올과 함께 복용하지 마십시오. ACE 저해제, 리튬, 푸로세미드 및 티아지드계 이뇨제, 쿠마린계 항응혈제(와파린 등), 선택적 세로토닌 재흡수억제제와 함께 복용 시 의사 또는 약사와 상의하십시오."
198300374,엠코발캡슐(메코발라민),엠코발,메코발라민,동화약품(주),https://nedrug.mfds.go.kr/pbp/cmn/itemImageDownload/149723193923400143,"클로람페니콜, 아미노글리코사이드 등을 비롯한 대부분의 항생제, 메토트렉세이트, 피리메타민, 콜키신, 페니토인, 페노바르비탈, 프리미돈, 파라아미노살리실산과 함께 복용 시 의사 또는 약사와 상의하십시오."
198300389,삼아탄툼액(벤지다민염산염),삼아탄툼,벤지다민염산염,삼아제약(주),,해열진통제를 사용하는 경우 의사 또는 약사와 상의하십시오.
198300605,파자임-95밀리그램이중정,파자임-이중,,부광약품(주),https://nedrug.mfds.go.kr/pbp/cmn/itemImageDownload/1McVeGQyqQL,이 약을 복용하기 전에 다른 약물을 복용하고 있는 경우 의사 또는 약사와 상의하십시오.
198301005,리나치올캡슐500밀리그람(카르보시스테인)(수출명:HyundiolCapsule500Mg),리나치올캡슐500밀리그람,,현대약품(주),https://nedrug.mfds.go.kr/pbp/cmn/itemImageDownload/151326603582900057,
198400096,크린조(염화나트륨),크린조,염화나트륨,제이더블유중외제약(주),,
198400182,베노론캡슐(디오스민),베노론,디오스민,한올바이오파마(주),https://nedrug.mfds.go.kr/pbp/cmn/itemImageDownload/151317968049100010,
198400249,제일핫파프(군납명:노닐산바닐아미드카타플라스마제),제일핫파프,,제일헬스사이언스(주),,
198400250,제일쿨파프,제일쿨파프,,제일헬스사이언스(주),,
198400131,스코펜정400밀리그램(이부프로펜),스코펜,이부프로펜,(주)에이프로젠바이오로직스,https://nedrug.mfds.go.kr/pbp/cmn/itemImageDownload/147427336539800031,"다른 비스테로이드성 소염진통제, 저용량 아스피린, 고용량의 메토트렉세이트와 함께 복용하지 마십시오. ACE 저해제, 리튬, 푸로세미드 및 티아지드계 이뇨제, 쿠마린계 항응혈제(와파린 등), 선택적 세로토닌 재흡수억제제와 함께 복용 시 의사 또는 약사와 상의하십시오."
198400278,알마겔현탁액(알마게이트)(수출명:유만겔현탁액),알마,,(주)유한양행,,"이 약을 복용하는 동안 테트라사이클린계 항생제는 복용하지 마십시오.이 약을 복용하기 전에 비스테로이드소염(항염)진통제, 궤양치료제, 디기탈리스 제제, 클로르프로마진, 란소프라졸, 프레드니솔론, 페니실린, 퀴놀론, 철(Fe)염 제제, 살리실산염을 복용하는 환자는 의사 또는 약사와 상의하십시오."
198400399,카마졸질정(클로트리마졸),카마졸질,클로트리마졸,알보젠코리아(주),https://nedrug.mfds.go.kr/pbp/cmn/itemImageDownload/1Oa2BrqwGg4,"이 약을 사용하는 동안 경구용 타크로리무스, 시롤리무스를 함께 복용하지 마십시오."
198400401,카마졸크림(클로트리마졸),카마졸,클로트리마졸,알보젠코리아(주),,암포테리신 B 및 폴리엔계 항생물질과 함께 사용 시 의사 또는 약사와 상의하십시오.
198400661,아락실과립,아락실,,부광약품(주),,강심배당체를 함께 복용 시 의사 또는 약사와 상의하십시오.
198400830,크로낙정(클로닉신리시네이트),크로낙,클로닉신리시네이트,영일제약(주),https://nedrug.mfds.go.kr/pbp/cmn/itemImageDownload/1NW8BJ049vr,"이 약을 복용하는 동안 다른 비스테로이드성 소염진통제, ACE 억제제 또는 안지오텐신Ⅱ 수용체 길항제, 아스피린, 이뇨제, 리튬, 메토트렉세이트, 쿠마린계 항응고제(와파린 등), 시클로스포린 및 타크로리무스, 항혈소판제 및 선택적 세로토닌 재흡수 억제제(SSRI), 코르티코스테로이드를 함께 복용하지 마십시오.이 약을 복용하기 전에 미소프로스톨 등으로 소화성궤양 치료를 병행하고 있는 환자는 의사 또는 약사와 상의하십시오."
198401396,셀트리온헤파디프300캡슐(수출용),셀트리온헤파디프300,,(주)셀트리온제약,https://nedrug.mfds.go.kr/pbp/cmn/itemImageDownload/1Pvn3im1dsY,레바도파와 함께 복용하지 마십시오.
198500023,오라메디연고{수출명:오라메디파스타(ORAMEDYPASTE)},오라메디연고{수출명:오라메디파스타},,동국제약(주),,
198500049,비타메진캡슐50밀리그램,비타메진,,에이치케이이노엔(주),https://nedrug.mfds.go.kr/pbp/cmn/itemImageDownload/151577162254600053,레보도파와 함께 복용 시 의사 또는 약사와 상의하십시오.
198500050,이노엔비타메진캡슐,이노엔비타메진,,에이치케이이노엔(주),https://nedrug.mfds.go.kr/pbp/cmn/itemImageDownload/1OSm8xoWGbV,레보도파와 함께 복용하지 마십시오.
198500436,엠코발500마이크로그램캡슐(메코발라민),엠코발,메코발라민,동화약품(주),https://nedrug.mfds.go.kr/pbp/cmn/itemImageDownload/1OsDC9sjoFq,"클로람페니콜, 아미노글리코사이드 등 항생제, 메토트렉세이트, 피리메타민, 콜키신, 페니토인, 페노바르비탈, 프리미돈, 파라아미노살리실산, H2 수용체 길항제, 과량의 알코올을 섭취한 사람은 의사 또는 약사와 상의하십시오."
198500893,에세푸릴캡슐(니푸록사지드),에세푸릴,니푸록사지드,부광약품(주),https://nedrug.mfds.go.kr/pbp/cmn/itemImageDownload/1Oa2BrqwGBT,"설사 중 생야채, 과일, 녹색채소, 매운 음식과 얼린 음식 및 음료를 피하고 가능한 익힌 음식(고기, 쌀)을 섭취하십시오."
198501220,제텐씨정,제텐씨,,한미약품(주),https://nedrug.mfds.go.kr/pbp/cmn/itemImageDownload/151732685268700094,"인산염, 칼슘염, 경구용 테트라사이클린계 제제, 제산제, 레보도파와 함께 복용하지 마십시오.에스트로겐을 포함한 경구용 피임제, 항알도스테론제, 트리암테렌과 함께 복용 시 의사 또는 약사와 상의하십시오.녹차, 홍차 등 탄닌을 함유하는 차는 복용 중, 복용 전후에는 피하십시오."
198501225,한미유리아크림200밀리그램(우레아),한미유리아,우레아,한미약품(주),,"코르티코이드, 디트라놀, 5-플루오로우라실을 함께 사용 시 의사 또는 약사와 상의하십시오."
198501415,키미테패취(스코폴라민)(수출명:可弥特止暈貼濟),키미테패취,,명문제약(주),,"알코올과 같은 중추신경계 작용 약물, 특히 항콜린약물(벨라돈나 알카로이드제제), 항히스타민제, 항우울약, H2-수용체 저해제를 함께 사용 시 의사 또는 약사와 상의하십시오."
198600267,누코미트액(아세틸시스테인),누코미트,아세틸시스테인,(주)셀트리온제약,,"항생물질, 테트라사이클린, 에리트로마이신, 브롬헥신 등과 함께 복용(사용)하는 경우 의사 또는 약사와 상의하십시오."
198600312,우루사100밀리그램연질캡슐(우르소데옥시콜산),우루사,우르소데옥시콜산,(주)대웅제약,https://nedrug.mfds.go.kr/pbp/cmn/itemImageDownload/1O597tTUEpV,"경구 당뇨병제(톨부타미드), 콜레스티라민, 콜레스티폴, 약용탄, 마그네슘 및 수산화알루미늄을 함유하는 제산제, 간에서 콜레스테롤 분비를 증가시키는 약물(예: 에스트로겐 함유 경구용 피임제, 클로피브레이트와 같이 지질감소약물), 간에 손상을 주는 약물과 함께 복용할 경우 의사 또는 약사와 상의하십시오."
198600429,동화후시딘크림(퓨시드산수화물),동화후시딘,퓨시드산수화물,동화약품(주),,
198600458,삼아리도멕스크림0.3%(프레드니솔론발레로아세테이트),삼아리도멕스,프레드니솔론발레로아세테이트,삼아제약(주),,
198601047,디크로닉정(클로닉신리시네이트),디크로닉,클로닉신리시네이트,대화제약(주),https://nedrug.mfds.go.kr/pbp/cmn/itemImageDownload/1OXogawhIpt,"이 약을 복용하는 동안 다른 비스테로이드성 소염진통제, ACE 억제제 또는 안지오텐신Ⅱ 수용체 길항제, 아스피린, 이뇨제, 리튬, 메토트렉세이트, 쿠마린계 항응고제(와파린 등), 시클로스포린 및 타크로리무스, 항혈소판제 및 선택적 세로토닌 재흡수 억제제(SSRI), 코르티코스테로이드를 함께 복용하지 마십시오.이 약을 복용하기 전에 미소프로스톨 등으로 소화성궤양 치료를 병행하고 있는 환자는 의사 또는 약사와 상의하십시오."
198601210,신일트리메부틴말레산염정,신일트리메부틴말레산염,,신일제약(주),https://nedrug.mfds.go.kr/pbp/cmn/itemImageDownload/1Pvn4v0yMNz,
198601222,메디락에스장용캡슐,메디락에스장용,,한미약품(주),https://nedrug.mfds.go.kr/pbp/cmn/itemImageDownload/1Pvn4v0yLsn,
198601284,아졸정(독시라민석시네이트),아졸,독시라민석시네이트,알파제약(주),https://nedrug.mfds.go.kr/pbp/cmn/itemImageDownload/1Mxwka5v0ih,"이 약을 복용하는 동안 이미프라민계 항우울약, 항파킨슨제, 디소피라미드와 함께 복용하지 마십시오. 복용 중에는 음주하지 마십시오."
198601285,파메콘정,파메콘,,알파제약(주),https://nedrug.mfds.go.kr/pbp/cmn/itemImageDownload/1Pvn3im1gwp,
198601346,"가소콜액(시메티콘)(군납용 : 시메티콘현탁액500밀리리터, SimethiconeOralSuspension500ml)",가소콜,,(주)태준제약,,
198601389,지엘로페라미드염산염캡슐,지엘로페라미드염산염,,지엘팜텍(주),https://nedrug.mfds.go.kr/pbp/cmn/itemImageDownload/1PHso-WYTKG,"퀴니딘, 리토나비르와 함께 복용 시 의사 또는 약사와 상의하십시오."
198601395,노리스정(클로닉신리시네이트),노리스,클로닉신리시네이트,지엘팜텍(주),https://nedrug.mfds.go.kr/pbp/cmn/itemImageDownload/1NhETqzLMc6,"이 약을 복용하는 동안 다른 비스테로이드성 소염진통제, ACE 억제제 또는 안지오텐신Ⅱ 수용체 길항제, 아스피린, 이뇨제, 리튬, 메토트렉세이트, 쿠마린계 항응고제(와파린 등), 시클로스포린 및 타크로리무스, 항혈소판제 및 선택적 세로토닌 재흡수 억제제(SSRI), 코르티코스테로이드를 함께 복용하지 마십시오.이 약을 복용하기 전에 미소프로스톨 등으로 소화성궤양 치료를 병행하고 있는 환자는 의사 또는 약사와 상의하십시오."
198601398,가네카정,가네카,,지엘팜텍(주),https://nedrug.mfds.go.kr/pbp/cmn/itemImageDownload/154599010139600143,"혈압강하제, 알코올, 중추신경억제제(수면제, 진정제, 안정제), MAO 억제제, 교감신경흥분제, 삼환계 항우울약, 구아네티딘, 브레틸리움, 베타나이드, 데브리소퀸, 메칠도파, 교감신경성약(충혈제거제, 식욕억제제, 암페타민류의 신경자극제), 및 아드레날린 저해제(억제제)와 함께 복용하지 마십시오."
198601419,바이겔크림(인도메타신),바이,인도메타신,초당약품공업(주),,
198601478,토레스정(트리메부틴말레산염),토레스,트리메부틴말레산염,(주)서울제약,https://nedrug.mfds.go.kr/pbp/cmn/itemImageDownload/1OrgEjHwCEI,
198601922,헤파멜즈산(L-아스파르트산-L-오르니틴),헤파멜즈,L-아스파르트산-L-오르니틴,한화제약(주),,
198700060,레큐틴정(트리메부틴말레산염),레큐틴,트리메부틴말레산염,한국휴텍스제약(주),https://nedrug.mfds.go.kr/pbp/cmn/itemImageDownload/1PW_-aIS9p6,
198601920,어린이부루펜시럽(이부프로펜),어린이부루펜,이부프로펜,삼일제약(주),,"다른 비스테로이드성 소염진통제, 알코올, 고용량 메토트랙세이트와 함께 복용하지 마십시오. ACE 저해제, 리튬, 푸로세미드 및 티아지드계 이뇨제, 저용량 메토트렉세이트, 쿠마린계 항응혈제(와파린 등), 선택적 세로토닌 재흡수억제제 등과 함께 복용 시 의사 또는 약사와 상의하십시오."
198700152,"베노플러스겔(수출명:베노포르테겔,트롬보실겔)",베노플러스,,(주)유유제약,,"다른 혈액응고저지제(예, 쿠마린, 아스피린, 디피리다몰, 덱스트란, 스트렙토키나제 등)와 함께 사용 시 출혈이 증가 할 수 있으므로 의사 또는 약사와 상의하십시오."
198700387,사니크린카타플라스마,사니크린카타플라스마,,제일헬스사이언스(주),,
198700405,베아제정,베아제,,(주)대웅제약,https://nedrug.mfds.go.kr/pbp/cmn/itemImageDownload/148647963523800116,
198700430,알마겔정(알마게이트)(수출명:유한가스트라겔정),알마,,(주)유한양행,https://nedrug.mfds.go.kr/pbp/cmn/itemImageDownload/148609556259100119,"이 약을 복용하는 동안 테트라사이클린계 항생제는 복용하지 마십시오.이 약을 복용하기 전에 비스테로이드소염(항염)진통제, 궤양치료제, 디기탈리스 제제, 클로르프로마진, 란소프라졸, 프레드니솔론, 페니실린, 퀴놀론, 철(Fe)염 제제, 살리실산염을 복용하는 환자는 의사 또는 약사와 상의하십시오."
198700315,캐롤시럽(이부프로펜),캐롤,이부프로펜,일동제약(주),,"항암요법으로 고용량 메토트렉세이트를 투여중인 환자, 다른 비스테로이드성 소염진통제와 함께 이 약을 복용하지 마십시오. 이 약을 복용하기 전에 저용량 아스피린, ACE 저해제 복용자, 리튬, 푸로세미드 및 티아지드계 이뇨제, 저용량 메토트렉세이트, 쿠마린계 항응혈제(와파린 등), 선택적 세로토닌 재흡수억제를 복용하는 환자는 의사 또는 약사와 상의하십시오."
198700431,그랑페롤연질캡슐400아이유(비타민이프리퍼레이션)(군납명:토코페롤연질캡슐400아이유100캡슐),그랑페롤연질캡슐400아이유,,(주)유한양행,https://nedrug.mfds.go.kr/pbp/cmn/itemImageDownload/1Oln5d5U9uA,"에스트로겐이 포함된 경구(먹는)용 피임약, 비타민 A, K제 및 경구(먹는)용 항응고제, 비만치료제(오르리스타트), 광유성 사하제(기름성 설사약), 철분제와 함께 사용 시 의사 또는 약사와 상의하십시오."
198700476,벤즈날정(트리메부틴말레산염),벤즈날,트리메부틴말레산염,(주)마더스제약,https://nedrug.mfds.go.kr/pbp/cmn/itemImageDownload/1P2JYwFs5S0,
198700511,헬민200연질캡슐(아르기닌티디아시케이트),헬민200,아르기닌티디아시케이트,동화약품(주),https://nedrug.mfds.go.kr/pbp/cmn/itemImageDownload/1OolGzblOl0,
198700641,삼천당산화마그네슘정250밀리그람,삼천당산화마그네슘정250밀리그람,,삼천당제약(주),https://nedrug.mfds.go.kr/pbp/cmn/itemImageDownload/147427444349700048,"이 약을 복용하는 동안 테트라사이클린계 항생물질을 복용하지 마십시오.다량의 우유, 칼슘제제와 함께 복용 시 의사 또는 약사와 상의하십시오."
198700657,아비나파스타(트리암시놀론아세토니드),아비나파스타,트리암시놀론아세토니드,태극제약(주),,
198700683,보령뮤코미스트액(아세틸시스테인),보령뮤코미스트,아세틸시스테인,(주)보령,,항생물질과 병용할 필요가 있는 경우에는 각각 흡입하거나 항생물질을 주사 또는 경구투여합니다.
198700789,벤투룩스30mg캡슐(엔테로코쿠스락티스SF68균),벤투룩스,엔테로코쿠스락티스SF68균,(주)동구바이오제약,https://nedrug.mfds.go.kr/pbp/cmn/itemImageDownload/1OlTcytjZDh,"테트라사이클린, 암피실린, 클로람페니콜, 세팔로리딘과 함께 사용 시 의사 또는 약사와 상의하십시오."
198700731,아낙스정(나프록센나트륨),아낙스,나프록센나트륨,환인제약(주),https://nedrug.mfds.go.kr/pbp/cmn/itemImageDownload/1OlGSH7jtgv,"다른 비스테로이드성 소염진통제, 나프록센 유도체, 고용량의 메토트렉세이트와 함께 복용하지 마십시오. 히단토인계 항뇌전증약, 설파제, 설포닐요소계 혈당강하제, 프로프라놀롤 및 다른 -차단제, ACE억제제(캅토프릴 등), 루프계 이뇨제 및 티아지드계 이뇨제, 프로베네시드, 아스피린, 리튬, 저용량의 메토트렉세이트, 쿠마린계 혈액응고저지제(와파린 등), 지도부딘, 뉴퀴놀론계 항생물질(에녹사신 등)과 함께 복용 시 의사 또는 약사와 상의하십시오."
198701124,오스틴이부프로펜정400밀리그램,오스틴이부프로펜,,오스틴제약(주),https://nedrug.mfds.go.kr/pbp/cmn/itemImageDownload/1O2wzPVLAXN,"다른 비스테로이드성 소염진통제, 저용량 아스피린, 메토트렉세이트와 함께 복용하지 마십시오. ACE 저해제, 리튬, 푸로세미드 및 치아짓계 이뇨제, 메토트렉세이트, 쿠마린계 항응혈제(와파린 등), 선택적 세로토닌 재흡수억제제와 함께 복용 시 의사 또는 약사와 상의하십시오."
198701129,뮤테란과립200밀리그램(아세틸시스테인),뮤테란,아세틸시스테인,한화제약(주),,"경구용 항생물질(아목시실린, 세푸록심, 독시사이클린, 에리트로마이신, 티암페니콜)과 함께 복용 시 적어도 2시간 간격을 두고 복용하십시오. 이 약의 용액에 다른 약물의 첨가는 피하십시오."
198701196,하이플포비돈요오드액,하이플포비돈요오드,,하이플생명과학(주),,"과산화수소를 함께 사용하지 마십시오. 리튬제제, 클로르헥시딘, 설파디아진 은화합물, 알칼리, 수은을 함유한 제제, 효소성분의 상처치료제를 함께 사용 시 의사 또는 약사와 상의하십시오."
198701197,엔디현탁액(시메티콘),엔디,시메티콘,하이플생명과학(주),,
198701352,트레스오릭스훠트정,트레스오릭스훠트,,신일제약(주),https://nedrug.mfds.go.kr/pbp/cmn/itemImageDownload/1MwjLoFp4ud,"MAO 억제제, 알코올과 함께 복용하지 마십시오."
198701383,메디락디에스장용캡슐,메디락디에스장용,,한미약품(주),https://nedrug.mfds.go.kr/pbp/cmn/itemImageDownload/1OolGzblOla,
198701384,메디락에스산,메디락에스,,한미약품(주),,
198701478,자비론정(독시라민숙신산염),자비론,독시라민숙신산염,(주)씨엠지제약,https://nedrug.mfds.go.kr/pbp/cmn/itemImageDownload/1Pq4jKNKd-1,"이 약을 복용하는 동안 이미프라민계 항우울약, 항파킨슨제, 디소피라미드와 함께 복용하지 마십시오.복용 중에는 음주하지 마십시오."
198701492,하로나연고,하로나,,알파제약(주),,
198701583,엘씨500연질캡슐(엘-시스틴),엘씨500,엘-시스틴,구주제약(주),https://nedrug.mfds.go.kr/pbp/cmn/itemImageDownload/1OgTUuGDjlc,
198701670,마이녹실액3%(미녹시딜),마이녹실,미녹시딜,현대약품(주),,"이 약을 사용하는 동안 다른 두피용 약물, 외용 코르티코이드, 레티노이드, 바셀린, 디트라놀 또는 경피흡수를 촉진시킨다고 알려진 약물, 구아네티틴 등의 혈관확장제를 함께 사용하지 마십시오."
198701672,지엘소브레롤캡슐,지엘소브레롤,,지엘팜텍(주),https://nedrug.mfds.go.kr/pbp/cmn/itemImageDownload/1Pvn3im1ZO6,
198701721,나르펜정400밀리그램(이부프로펜)(수출명:PANALTab.),나르펜,,초당약품공업(주),https://nedrug.mfds.go.kr/pbp/cmn/itemImageDownload/1Of1OQGVYyt,"다른 비스테로이드성 소염진통제, 저용량 아스피린, 고용량의 메토트렉세이트와 함께 복용하지 마십시오.ACE 저해제, 리튬, 푸로세미드 및 티아지드계 이뇨제, 쿠마린계 항응혈제(와파린 등), 선택적 세로토닌 재흡수억제제와 함께 복용 시 의사 또는 약사와 상의하십시오."
198701888,젠텔정400밀리그램(알벤다졸),젠텔,알벤다졸,(주)유한양행,https://nedrug.mfds.go.kr/pbp/cmn/itemImageDownload/1OlTcytjZpz,"이 약을 복용하는 동안 테오필린, 시메티딘, 프라지콴텔, 덱사메타손, 리토나비르, 페니토인, 카르바마제핀, 페노바르비탈을 함께 복용하지 마십시오."
198800043,로시덴겔(피록시캄),로시덴,피록시캄,신풍제약(주),,
198800057,암펙솔정(암브록솔염산염),암펙솔,암브록솔염산염,한국휴텍스제약(주),https://nedrug.mfds.go.kr/pbp/cmn/itemImageDownload/151369808565900028,"에리트로마이신, 세팔렉신, 옥시테트라사이클린, 아목시실린, 세퓨록심, 독시사이클린 등의 항생제와 함께 복용 시 의사 또는 약사와 상의하십시오."
198800154,젤콤정(플루벤다졸),젤콤,플루벤다졸,(주)종근당,https://nedrug.mfds.go.kr/pbp/cmn/itemImageDownload/1PrLR0IL_4k,
198800190,베스타제포르테정,베스타제포르테,,동아제약(주),https://nedrug.mfds.go.kr/pbp/cmn/itemImageDownload/1PTcEU22-8r,
198800193,하노백연질캡슐1000아이유(비타민이),하노백연질캡슐1000아이유,비타민이,동아제약(주),https://nedrug.mfds.go.kr/pbp/cmn/itemImageDownload/1Pvn4v0yL-D,"에스트로겐이 포함된 경구(먹는)용 피임약, 비타민 A, K제 및 경구(먹는)용 항응고제, 비만치료제(오르리스타트), 광유성 사하제(기름성 설사약), 철분제, 정주용 지질제와 함께 사용 시 의사 또는 약사와 상의하십시오."
198800330,일동엑소데릴크림(나프티핀염산염),일동엑소데릴,나프티핀염산염,일동제약(주),,다른 국소 적용 약물과 함께 사용 시 의사 또는 약사와 상의하십시오.
198800444,그랑페롤연질캡슐1000아이유(비타민이프리퍼레이션),그랑페롤연질캡슐1000아이유,비타민이프리퍼레이션,(주)유한양행,https://nedrug.mfds.go.kr/pbp/cmn/itemImageDownload/1OmM2OP_0ZK,"에스트로겐이 포함된 경구(먹는)용 피임약, 비타민 A, K제, 경구(먹는)용 항응고제, 비만치료제(오르리스타트), 광유성 사하제, 철분제를 함께 복용 시 의사 또는 약사와 상의하십시오."
198800558,암브렉트정(암브록솔염산염),암브렉트,암브록솔염산염,동화약품(주),https://nedrug.mfds.go.kr/pbp/cmn/itemImageDownload/1Ocj3EgRvNn,"에리트로마이신, 세팔렉신, 옥시테트라사이클린, 아목시실린, 세퓨록심, 독시사이클린 등의 항생제와 함께 복용 시 의사 또는 약사와 상의하십시오."
198800622,판크론정,판크론,,영진약품(주),https://nedrug.mfds.go.kr/pbp/cmn/itemImageDownload/1OGYzwP1LSW,
198800774,케토파인겔(케토프로펜),케토파인,케토프로펜,태극제약(주),,
198800776,이부펜정400mg(이부프로펜),이부펜,이부프로펜,태극제약(주),https://nedrug.mfds.go.kr/pbp/cmn/itemImageDownload/1P2JYwFsC3C,"다른 비스테로이드성 소염진통제, 저용량 아스피린, 고용량의 메토트렉세이트와 함께 복용하지 마십시오. ACE 저해제, 리튬, 푸로세미드 및 티아지드계 이뇨제, 쿠마린계 항응혈제(와파린 등), 선택적 세로토닌 재흡수억제제와 함께 복용 시 의사 또는 약사와 상의하십시오."
198800901,크록신정250밀리그램(클로닉신리시네이트)(수출명: 돌핀정),크록신,,진양제약(주),https://nedrug.mfds.go.kr/pbp/cmn/itemImageDownload/1OAnc5ZH0bk,"이 약을 복용하는 동안 다른 비스테로이드성 소염진통제, ACE억제제 또는 안지오텐신Ⅱ 수용체 길항제, 아스피린, 이뇨제, 리튬, 메토트렉세이트, 쿠마린계 항응고제(와파린 등), 시클로스포린 및 타크로리무스, 항혈소판제 및 선택적 세로토닌 재흡수 억제제(SSRI), 코르티코스테로이드를 함께 복용하지 마십시오.이 약을 복용하기 전에 미소프로스톨 등으로 소화성궤양 치료를 병행하고 있는 환자는 의사 또는 약사와 상의하십시오."
198800902,트리마정200밀리그램(트리메부틴말레산염),트리마,트리메부틴말레산염,진양제약(주),https://nedrug.mfds.go.kr/pbp/cmn/itemImageDownload/1OrgEjHwC8y,
198800911,소부날캡슐200mg(소브레롤),소부날,소브레롤,진양제약(주),https://nedrug.mfds.go.kr/pbp/cmn/itemImageDownload/1Pvn4v0yMC9,
198800991,"신신물파스에스(수출명:HEATWAVE,ARTHROHONLINIMENT,PANOPAS,Y&JWATER)",신신물파스에스,,신신제약(주),,
198801103,오스테민캡슐(결정글루코사민황산염),오스테민,결정글루코사민황산염,삼진제약(주),https://nedrug.mfds.go.kr/pbp/cmn/itemImageDownload/1OfoK-mSlPq,"이 약을 복용하기 전에 와파린, 테트라사이클린, 페니실린, 클로람페니콜과 함께 복용 시 의사 또는 약사와 상의하십시오."
198801106,시푸로겔3%(케토프로펜),시푸로,케토프로펜,삼진제약(주),,
198801525,뮤테란캡슐200밀리그램(아세틸시스테인),뮤테란,아세틸시스테인,한화제약(주),https://nedrug.mfds.go.kr/pbp/cmn/itemImageDownload/1Pvn3im1pl7,"경구용 항생제(아목시실린, 세푸록심, 독시사이클린, 에리트로마이신, 티암페니콜)와 함께 복용 시 적어도 2시간 간격을 두고 복용하십시오."
198801531,뮤테란캡슐100밀리그램(아세틸시스테인),뮤테란,아세틸시스테인,한화제약(주),https://nedrug.mfds.go.kr/pbp/cmn/itemImageDownload/1M_4NHfUrnp,"경구용 항생제(아목시실린, 세푸록심, 독시사이클린, 에리트로마이신, 티암페니콜), 항생물질, 테트라사이클린, 에리트로마이신, 브롬헥신 등과 함께 복용하는 경우 의사 또는 약사와 상의하십시오."
198801648,메리틴정(트리메부틴말레산염),메리틴,트리메부틴말레산염,대화제약(주),https://nedrug.mfds.go.kr/pbp/cmn/itemImageDownload/1OXogawhIoT,
198801657,"대화이부프로펜정400밀리그램(수출명:UPRO400,IBUFEN)",대화이부프로펜,,대화제약(주),https://nedrug.mfds.go.kr/pbp/cmn/itemImageDownload/154298766464500113,"다른 비스테로이드성 소염진통제, 저용량 아스피린, 고용량의 메토트렉세이트와 함께 복용하지 마십시오.ACE 저해제, 리튬, 푸로세미드 및 티아지드계 이뇨제, 쿠마린계 항응혈제(와파린 등), 선택적 세로토닌 재흡수억제제와 함께 복용 시 의사 또는 약사와 상의하십시오."
198802326,가레오연질캡슐500밀리그램(디히드록시디부틸에테르),가레오,디히드록시디부틸에테르,조아제약(주),https://nedrug.mfds.go.kr/pbp/cmn/itemImageDownload/147427593004100051,"레세르핀유도체, 이담제를 함께 복용 시 의사 또는 약사와 상의하십시오."
198802327,마로겔정500밀리그람(수산화마그네슘),마로겔정500밀리그람,수산화마그네슘,조아제약(주),https://nedrug.mfds.go.kr/pbp/cmn/itemImageDownload/151568446858300082,"테트라사이클린계 항생물질을 함께 복용하지 마십시오.다량의 우유, 칼슘제제와 함께 복용 시 우유 알칼리 증후군(고칼슘혈증, 고질소혈증, 알칼리증 등)이 나타날 수 있으므로 의사 또는 약사와 상의하십시오."
198802329,가레오연질캡슐(디히드록시디부틸에테르),가레오,디히드록시디부틸에테르,조아제약(주),https://nedrug.mfds.go.kr/pbp/cmn/itemImageDownload/147427593004100048,"이 약을 복용하기 전에 레세르핀유도체, 이담제, 다른 약물을 복용하는 경우 의사 또는 약사와 상의하십시오."
198802331,앤티브액(L-아르기닌염산염),앤티브,L-아르기닌염산염,조아제약(주),,
198802349,카로마스텐질정100밀리그램(클로트리마졸),카로마스텐질,클로트리마졸,영풍제약(주),https://nedrug.mfds.go.kr/pbp/cmn/itemImageDownload/1Pvn3im1cjy,이 약을 사용하는 동안 경구용 타크로리무스를 함께 사용하지 마십시오.
198802479,스메르정(독시라민숙신산염),스메르,독시라민숙신산염,지엘팜텍(주),https://nedrug.mfds.go.kr/pbp/cmn/itemImageDownload/1NOwp2F65ao,"이 약을 복용하는 동안 이미프라민계 항우울약, 항파킨슨제, 디소피라미드와 함께 복용하지 마십시오. 복용 중에는 음주하지 마십시오."
198802481,알삭센정(나프록센나트륨),알삭센,나프록센나트륨,지엘팜텍(주),https://nedrug.mfds.go.kr/pbp/cmn/itemImageDownload/1OGYzwP1L9y,"다른 비스테로이드성 소염진통제 및 나프록센 유도체, 아스피린, 고용량의 메토트렉세이트와 함께 복용하지 마십시오. 히단토인계 항간질제, 설파제, 설포닐요소계 혈당강하제, 프로프라놀롤 및 다른 -차단제, ACE 저해제(억제제)(캅토프릴 등), 루프계 이뇨제 및 티아지드계 이뇨제, 프로베네시드, 리튬, 저용량 메토트렉세이트, 쿠마린계 항응혈제(혈액응고저지제)(와파린 등), 지도부딘, 뉴퀴놀론계 항생물질(에녹사신 등)과 함께 복용 시 의사 또는 약사와 상의하십시오."
198802663,클레신점안액(크로모글리크산나트륨),클레신,크로모글리크산나트륨,한림제약(주),,
198803095,"누마렌점안액(1회용),누마렌점안액","누마렌점안액,누마렌",,한림제약(주),,
198900129,애드칼정,애드칼,,(주)종근당,https://nedrug.mfds.go.kr/pbp/cmn/itemImageDownload/147427304865900070,"인산염, 칼슘염, 경구용 테트라사이클린계 제제, 제산제를 함께 복용하지 마십시오. 비타민 D, 강심배당체, 항알도스테론제, 트리암테렌를 함께 사용 시 의사 또는 약사와 상의하십시오. 녹차, 홍차 등 탄닌을 함유하는 차는 복용 중, 복용 전후에는 피하십시오."
198900345,일동엑소데릴액(나프티핀염산염),일동엑소데릴,나프티핀염산염,일동제약(주),,다른 국소 적용 약물과 함께 사용 시 의사 또는 약사와 상의하십시오.
198900578,크로부틴정(트리메부틴말레산염),크로부틴,트리메부틴말레산염,대우제약(주),https://nedrug.mfds.go.kr/pbp/cmn/itemImageDownload/1NXVKYFvlFx,
198900667,까스활명수큐액,까스활명수큐,,동화약품(주),,
198900699,록솔정(암브록솔염산염),록솔,암브록솔염산염,삼아제약(주),https://nedrug.mfds.go.kr/pbp/cmn/itemImageDownload/1Ocj3EgRvV5,"에리트로마이신, 세팔렉신, 옥시테트라사이클린, 아목시실린, 세퓨록심, 독시사이클린 등의 항생제와 함께 복용 시 의사 또는 약사와 상의하십시오."
198900700,삼아리도멕스로션0.3%(프레드니솔론발레로아세테이트),삼아리도멕스,프레드니솔론발레로아세테이트,삼아제약(주),,
198900672,판콜에스내복액,판콜에스내복,,동화약품(주),,"아세트아미노펜을 포함하는 다른 제품, 진해거담제, 다른 감기약, 해열진통제, 진정제, 항히스타민제를 함유하는 내복약(비염용 경구제, 멀미약, 알레르기용약)과 함께 복용하지 마십시오. 당뇨약, 통풍약, 관절염약, 항응고제, 스테로이드제, 바르비탈계 약물, 삼환계 항우울제, 알코올, 플루클록사실린을 투여한 경우 의사 또는 약사와 상의하십시오. 복용 중에는 음주하지 마십시오."
198900711,아론정(독시라민숙신산염),아론,독시라민숙신산염,알리코제약(주),https://nedrug.mfds.go.kr/pbp/cmn/itemImageDownload/1NNuh6mJnK1,"이 약을 복용하는 동안 이미프라민계 항우울약, 항파킨슨제, 디소피라미드와 함께 복용하지 마십시오. 복용 중에는 음주하지 마십시오."
198900833,"나리스타에스점비액(수출명:듀라존점비액,나소존점비액)",나리스타에스점비,,삼천당제약(주),,"MAO 억제제(항우울제, 항정신병제, 감정조절제, 항파킨슨제 등)와 함께 복용(사용)하지 마십시오."
198901021,뮤코스텐캡슐200밀리그램(아세틸시스테인),뮤코스텐,아세틸시스테인,(주)메디카코리아,https://nedrug.mfds.go.kr/pbp/cmn/itemImageDownload/1OlTcytjZYF,"경구용 항생제(아목시실린, 세푸록심, 독시사이클린, 에리트로마이신, 티암페니콜)와 함께 복용 시 적어도 2시간 간격을 두고 복용하십시오."
198901098,신신파스에스(수출명:별첨),신신파스에스,,신신제약(주),,
198900920,폭센정275밀리그램(나프록센나트륨),폭센,나프록센나트륨,명인제약(주),https://nedrug.mfds.go.kr/pbp/cmn/itemImageDownload/1OlGSH7jtWn,"다른 비스테로이드성 소염진통제 및 나프록센 유도체, 아스피린, 고용량의 메토트렉세이트와 함께 복용하지 마십시오. 히단토인계 항간질제, 설파제, 설포닐요소계 혈당강하제, 프로프라놀롤 및 다른 -차단제, ACE 저해제(억제제)(캅토프릴 등), 루프계 이뇨제 및 티아지드계 이뇨제, 프로베네시드, 리튬, 저용량 메토트렉세이트, 쿠마린계 항응혈제(혈액응고저지제)(와파린 등), 지도부딘, 뉴퀴놀론계 항생물질(에녹사신 등)과 함께 복용 시 의사 또는 약사와 상의하십시오."
198901310,콜대원키즈이부펜시럽(이부프로펜),콜대원키즈이부펜,이부프로펜,대원제약(주),,"항암요법으로 고용량 메토트렉세이트를 투여중인 환자, 다른 비스테로이드성 소염진통제와 함께 이 약을 복용하지 마십시오. 이 약을 복용하기 전에 저용량 아스피린, ACE 저해제 복용자, 리튬, 푸로세미드 및 티아지드계 이뇨제, 저용량 메토트렉세이트, 쿠마린계 항응혈제(와파린 등), 선택적 세로토닌 재흡수억제를 복용하는 환자는 의사 또는 약사와 상의하십시오."
198901589,자이날정(나프록센나트륨),자이날,나프록센나트륨,고려제약(주),https://nedrug.mfds.go.kr/pbp/cmn/itemImageDownload/1NXVKYFvlYV,"다른 비스테로이드성 소염(항염)진통제(NSAIDs) 및 나프록센 유도체, 항암요법으로 사용하는 고용량의 메토트렉세이트와 함께 복용하지 마십시오. 히단토인계 항뇌전증제, 설파제, 설포닐요소계 혈당강하제, 프로프라놀롤 및 다른 -차단제, ACE 저해제(억제제)(캅토프릴 등), 루프계 이뇨제 및 치아짓계 이뇨제, 프로베네시드, 아스피린, 리튬, 쿠마린계 항응혈제(와파린 등), 지도부딘, 뉴퀴놀론계 항생물질(에녹사신수화물 등), 저용량의 메토트렉세이트와 함께 복용 시 의사 또는 약사와 상의하십시오."
198901605,영일염산암브록솔정,영일염산암브록솔,,영일제약(주),https://nedrug.mfds.go.kr/pbp/cmn/itemImageDownload/1NnVyG7mj88,"에리트로마이신, 세팔렉신, 옥시테트라사이클린, 아목시실린, 세퓨록심, 독시사이클린 등의 항생제와 함께 복용 시 의사 또는 약사와 상의하십시오."
198901706,엑스펙토시럽2%(카르보시스테인),엑스펙토,카르보시스테인,(주)팜젠사이언스,,항생물질과 트리메토퀴놀염산염을 함유하는 시럽제와 함께 복용하는 경우 따로따로 복용하십시오.
198901707,엑스펙토시럽5%(카르보시스테인),엑스펙토,카르보시스테인,(주)팜젠사이언스,,항생물질과 트리메토퀴놀염산염을 함유하는 시럽제와 혼합해서 복용하지 마시고 따로따로 복용하십시오.
198901887,싸이베린정,싸이베린,,미래바이오제약(주),https://nedrug.mfds.go.kr/pbp/cmn/itemImageDownload/147884083011900045,"스코폴리아엑스를 함유하는 제제, 위장진통·진경제와 함께 복용하지 마십시오."
198901710,이부날시럽(이부프로펜),이부날,이부프로펜,(주)팜젠사이언스,,"항암요법으로 고용량 메토트렉세이트를 투여중인 환자, 다른 비스테로이드성 소염진통제와 함께 이 약을 복용하지 마십시오. 이 약을 복용하기 전에 저용량 아스피린, ACE 저해제 복용자, 리튬, 푸로세미드 및 티아지드계 이뇨제, 저용량 메토트렉세이트, 쿠마린계 항응혈제(와파린 등), 선택적 세로토닌 재흡수억제를 복용하는 환자는 의사 또는 약사와 상의하십시오."
198901915,신일이부프로펜정400밀리그람(수출명:IFENTab.),신일이부프로펜정400밀리그람,,신일제약(주),https://nedrug.mfds.go.kr/pbp/cmn/itemImageDownload/151577171452900003,"다른 비스테로이드성 소염진통제, 저용량 아스피린, 고용량의 메토트렉세이트와 함께 복용하지 마십시오.ACE 저해제, 리튬, 푸로세미드 및 티아지드계 이뇨제, 쿠마린계 항응혈제(와파린 등), 선택적 세로토닌 재흡수억제제와 함께 복용 시 의사 또는 약사와 상의하십시오."
198901917,톨시렌연질캡슐,톨시렌,,신일제약(주),https://nedrug.mfds.go.kr/pbp/cmn/itemImageDownload/147427572144400145,"이 약을 복용하는 동안 인산염, 칼슘염, 경구용 테트라사이클린계 제제, 제산제를 함께 복용하지 마십시오.에스트로겐을 포함한 경구용 피임제, 항알도스테론제, 트리암테렌과 함께 복용 시 의사 또는 약사와 상의하십시오.녹차, 홍차 등 탄닌을 함유하는 차는 복용 중, 복용 전후에는 피하십시오."
198901918,신일트리메부틴말레산염정200밀리그램(수출명 : PERASTINE200mg),신일트리메부틴말레산염,,신일제약(주),https://nedrug.mfds.go.kr/pbp/cmn/itemImageDownload/1Pvn4v0yMOX,
198902058,아제인캡슐(아세틸시스테인),아제인,아세틸시스테인,알파제약(주),https://nedrug.mfds.go.kr/pbp/cmn/itemImageDownload/1Pvn3im1cJ5,"경구용 항생제(아목시실린, 세푸록심, 독시사이클린, 에리트로마이신, 티암페니콜)와 함께 복용 시 적어도 2시간 간격을 두고 복용하십시오."
198902101,레보시톤연질캡슐(엘-시스틴),레보시톤,엘-시스틴,영풍제약(주),https://nedrug.mfds.go.kr/pbp/cmn/itemImageDownload/147809054104100134,
198902158,다이투스정(암브록솔염산염),다이투스,암브록솔염산염,구주제약(주),https://nedrug.mfds.go.kr/pbp/cmn/itemImageDownload/1Ocj3EgRvOv,"에리트로마이신, 세팔렉신, 옥시테트라사이클린, 아목시실린, 세퓨록심, 독시사이클린 등의 항생제와 함께 복용 시 의사 또는 약사와 상의하십시오."
198902460,페리덱스연고(덱사메타손),페리덱스,덱사메타손,(주)녹십자,,
198902513,호르반내복액,호르반내복,,한림제약(주),,"칼륨함유제제, 감초함유제제, 글리시리진산 또는 그 염류 함유제제, 루프계 이뇨제(푸로세미드, 에타크린산) 또는 티아지드계 이뇨제(트리클로르메티아지드)를 함께 사용 시 의사 또는 약사와 상의하십시오."
198902527,다제스캡슐,다제스,,한림제약(주),https://nedrug.mfds.go.kr/pbp/cmn/itemImageDownload/151317972451800051,이 약을 복용하기 전에 다른 약물을 복용하고 있는 경우 의사 또는 약사와 상의하십시오.
199000005,바로코민정,바로코민,,신풍제약(주),https://nedrug.mfds.go.kr/pbp/cmn/itemImageDownload/150497162247900072,레보도파와 함께 복용하지 마십시오. 에스트로겐을 포함한 경구용 피임제와 함께 복용 시 의사 또는 약사와 상의하십시오.
199000139,시스타인캡슐(아세틸시스테인),시스타인,아세틸시스테인,동광제약(주),https://nedrug.mfds.go.kr/pbp/cmn/itemImageDownload/1OlTcytjZCr,"경구용 항생제(아목시실린, 세푸록심, 독시사이클린, 에리트로마이신, 티암페니콜)와 함께 복용 시 적어도 2시간 간격을 두고 복용하십시오."
199000256,판토-에이내복액,판토-에이내복,,삼성제약(주),,"진해거담제, 다른 감기약, 해열진통제, 진정제, 항히스타민제를 함유하는 내복약(비염용 경구제, 멀미약, 알레르기용약)과 함께 복용하지 마십시오. 당뇨약, 통풍약, 관절염약, 항응고제, 스테로이드제, 바르비탈계 약물, 삼환계 항우울제, 알코올, 플루클록사실린과 함께 복용 시 의사 또는 약사와 상의하십시오. 복용 중 음주하지 마십시오."
199000361,엘칸정330밀리그램(엘-카르니틴),엘칸,엘-카르니틴,일동제약(주),https://nedrug.mfds.go.kr/pbp/cmn/itemImageDownload/147427348400300011,
199000383,알파본연질캡슐(알파칼시돌)(수출명:아파본연질캡슐),알파본,,한올바이오파마(주),https://nedrug.mfds.go.kr/pbp/cmn/itemImageDownload/1P3diGKSCrp,"이 약을 복용하는 동안 마그네슘 함유제제, 비타민 D와 그 유도체, 칼슘 함유제제 또는 티아지드계 이뇨제를 복용하지 마십시오.디기탈리스, 콜레스티라민 같은 수지나 사하제인 미네랄 오일, 페니토인과 글루코코르티코이드, 콜레스티폴, 수크랄페이트 또는 알루미늄이 다량 함유된 제산제, 에스트로겐(에티닐에스트라디올, 노르에티스테론), 바르비탈계 약물 또는 항전간제를 복용 중인 환자는 의사 또는 약사와 상의하십시오."
199000541,알마겔에프현탁액(알마게이트)(수출명:유만겔에프현탁액),알마겔에프,,(주)유한양행,,"이 약을 복용하는 동안 테트라사이클린계 항생제는 복용하지 마십시오.이 약을 복용하기 전에 비스테로이드소염(항염)진통제, 궤양치료제, 디기탈리스 제제, 클로르프로마진, 란소프라졸, 프레드니솔론, 페니실린, 퀴놀론, 철(Fe)염 제제, 살리실산염을 복용하는 환자는 의사 또는 약사와 상의하십시오."
199000568,프로트린정(나프록센나트륨),프로트린,나프록센나트륨,코오롱제약(주),https://nedrug.mfds.go.kr/pbp/cmn/itemImageDownload/1OlGSH7jtT7,"다른 비스테로이드성 소염진통제 및 나프록센 유도체, 아스피린, 고용량의 메토트렉세이트와 함께 복용하지 마십시오. 히단토인계 항간질제, 설파제, 설포닐요소계 혈당강하제, 프로프라놀롤 및 다른 -차단제, ACE 저해제(억제제)(캅토프릴 등), 루프계 이뇨제 및 티아지드계 이뇨제, 프로베네시드, 리튬, 저용량 메토트렉세이트, 쿠마린계 항응혈제(혈액응고저지제)(와파린 등), 지도부딘, 뉴퀴놀론계 항생물질(에녹사신 등)과 함께 복용 시 의사 또는 약사와 상의하십시오."
199000583,청나점안액,청나,,(주)바이넥스,,
199000708,씨이멕스연질캡슐,씨이멕스,,동화약품(주),https://nedrug.mfds.go.kr/pbp/cmn/itemImageDownload/154653000721000007,"에스트로겐을 포함한 경구용 피임제, 정주용 지질제와 함께 사용 시 의사 또는 약사와 상의하십시오."
199000939,샤젠캡슐(니푸록사지드),샤젠,니푸록사지드,태극제약(주),https://nedrug.mfds.go.kr/pbp/cmn/itemImageDownload/1N7WiIONx65,"설사 중 생야채, 과일, 녹색채소, 매운 음식과 얼린 음식 및 음료를 피하고 가능한 익힌 음식(고기, 쌀)을 섭취하십시오."
199001012,보령아스트릭스캡슐100밀리그람(아스피린),보령아스트릭스캡슐100밀리그람,아스피린,(주)보령,https://nedrug.mfds.go.kr/pbp/cmn/itemImageDownload/154599017940000101,"다른 비스테로이드성 소염진통제 및 살리실산 제제, 고용량 메토트렉세이트와 함께 사용하지 마십시오. 항응고제, 혈전용해제/다른 혈소판응집억제제, 지혈제, 당뇨병치료제(인슐린제제, 톨부타미드 등), 요산배설촉진제(벤즈브로마론, 프로베네시드), 리튬제제, 선택적 세포토닌 재흡수 억제제, 디곡신, 전신 작용 부신피질호르몬 제제(애디슨병 대체요법용 히드로코티손 제외), 안지오텐신 전환 효소 억제제, 발프로산, 알칼리제제(예: 탄산수소나트륨, 탄산마그네슘)와 함께 복용 시 의사 또는 약사와 상의하십시오. 알코올과 병용 투여 시 위장관 점막 손상이 증가하고 출혈시간이 연장될 수 있습니다."
199001080,뮤코스텐캡슐100밀리그램(아세틸시스테인),뮤코스텐,아세틸시스테인,(주)메디카코리아,https://nedrug.mfds.go.kr/pbp/cmn/itemImageDownload/1OlTcytjZYg,"경구용 항생제(아목시실린, 세푸록심, 독시사이클린, 에리트로마이신, 티암페니콜), 항생물질, 테트라사이클린, 에리트로마이신, 브롬헥신 등과 함께 복용하는 경우 의사 또는 약사와 상의하십시오."
199001232,원알파정(알파칼시돌),원알파,알파칼시돌,일성아이에스(주),https://nedrug.mfds.go.kr/pbp/cmn/itemImageDownload/1OohpG543DF,"이 약을 복용하는 동안 마그네슘 함유제제, 비타민 D와 그 유도체, 칼슘 함유제제 또는 티아지드계 이뇨제를 복용하지 마십시오.디기탈리스, 콜레스티라민 같은 수지나 사하제인 미네랄 오일, 페니토인과 글루코코르티코이드, 콜레스티폴, 수크랄페이트 또는 알루미늄이 다량 함유된 제산제, 에스트로겐(에티닐에스트라디올, 노르에티스테론), 바르비탈계 약물 또는 항전간제를 복용 중인 환자는 의사 또는 약사와 상의하십시오."
199001505,쎄레톱씨연질캡슐,쎄레톱씨,,대화제약(주),https://nedrug.mfds.go.kr/pbp/cmn/itemImageDownload/147808513704500139,"이 약을 복용하는 동안 인산염, 칼슘염, 경구용 테트라사이클린계 제제, 제산제와 함께 복용하지 마십시오. 에스트로겐을 포함한 경구용 피임제, 항알도스테론제, 트리암테렌과 함께 복용 시 의사 또는 약사와 상의하십시오. 녹차, 홍차 등 탄닌을 함유하는 차는 복용 중, 복용 전후에는 피하십시오."
199001559,말레부틴정(트리메부틴말레산염),말레부틴,트리메부틴말레산염,하이플생명과학(주),https://nedrug.mfds.go.kr/pbp/cmn/itemImageDownload/147427718028200131,
199002022,복합엘씨500연질캡슐(수출명:MEGA-NAMIC)(수출용),복합엘씨500,,구주제약(주),https://nedrug.mfds.go.kr/pbp/cmn/itemImageDownload/150955087400300006,
199100156,메노바크림(아시클로버),메노바,아시클로버,동광제약(주),,프로베네시드를 투여한 환자는 의사 또는 약사와 상의하십시오.
199100565,진녹천액,진녹천,,제일헬스사이언스(주),,
199100626,튜란트캡슐200밀리그램(아세틸시스테인),튜란트,아세틸시스테인,코오롱제약(주),https://nedrug.mfds.go.kr/pbp/cmn/itemImageDownload/1PEPKBUckRW,"경구용 항생제(아목시실린, 세푸록심, 독시사이클린, 에리트로마이신, 티암페니콜)와 함께 복용 시 적어도 2시간 간격을 두고 복용하십시오."
199100632,튜란트캡슐100밀리그램(아세틸시스테인),튜란트,아세틸시스테인,코오롱제약(주),https://nedrug.mfds.go.kr/pbp/cmn/itemImageDownload/1OcFYCJIxzr,"경구용 항생제(아목시실린, 세푸록심, 독시사이클린, 에리트로마이신, 티암페니콜), 항생물질, 테트라사이클린, 에리트로마이신, 브롬헥신 등과 함께 복용하는 경우 의사 또는 약사와 상의하십시오."
199100976,안국겐타마이신황산염크림,안국겐타마이신황산염,,안국약품(주),,
199100705,어린이알리펜시럽(이부프로펜)(수출명:이부돌시럽),어린이알리펜,,대우제약(주),,"항암요법으로 고용량 메토트렉세이트를 투여중인 환자, 다른 비스테로이드성 소염진통제와 함께 이 약을 복용하지 마십시오. 이 약을 복용하기 전에 저용량 아스피린, ACE 저해제 복용자, 리튬, 푸로세미드 및 티아지드계 이뇨제, 저용량 메토트렉세이트, 쿠마린계 항응혈제(와파린 등), 선택적 세로토닌 재흡수억제를 복용하는 환자는 의사 또는 약사와 상의하십시오."
199100989,보송크림(프레드니솔론발레로아세테이트),보송,프레드니솔론발레로아세테이트,안국약품(주),,
199100996,메카인정,메카인,,태극제약(주),https://nedrug.mfds.go.kr/pbp/cmn/itemImageDownload/151689487764000171,"다른 진토제, 감기약, 해열진통제, 항히스타민제, 진정제, 진해거담제, 위장진통·진경제 등과 함께 복용하지 마십시오.복용 중에는 알코올성 음료를 피하십시오."
199101003,"도미나크림(히드로퀴논)(수출명:폴리퀸포르테4%크림,DarkfreeCream4%,태극도미나크림)",도미나,,태극제약(주),,
199101004,하르델연고,하르델,,태극제약(주),,
199101134,알드린현탁액(알마게이트),알드린,알마게이트,일양약품(주),,"이 약을 복용하는 동안 테트라사이클린계 항생제는 복용하지 마십시오.이 약을 복용하기 전에 비스테로이드소염(항염)진통제, 궤양치료제, 디기탈리스 제제, 클로르프로마진, 란소프라졸, 프레드니솔론, 페니실린, 퀴놀론, 철(Fe)염 제제, 살리실산염을 복용하는 환자는 의사 또는 약사와 상의하십시오."
199101135,스파맥정,스파맥,,일양약품(주),https://nedrug.mfds.go.kr/pbp/cmn/itemImageDownload/154333333086500004,"다른 해열진통제, 감기약, 진정제와 함께 복용하지 마십시오. 바르비탈계 약물, 삼환계 항우울제 및 알코올, 플루클록사실린과 함께 복용 시 의사 또는 약사와 상의하십시오. 복용 중 음주하지 마십시오."
199101745,고려아시클로버크림(아시클로버)(수출명:바이락스크림(VIRAXCream)이노바이락스5%크림(INNOVIRAX5%Cream),고려아시클로버크림이노바이락스,INNOVIRAX5%Cream,고려제약(주),,프로베네시드를 투여한 환자는 의사 또는 약사와 상의하십시오.
199101970,크레닉정125밀리그람(클로닉신리시네이트),크레닉정125밀리그람,클로닉신리시네이트,하이플생명과학(주),https://nedrug.mfds.go.kr/pbp/cmn/itemImageDownload/1Pvn3im1aRA,"이 약을 복용하는 동안 다른 비스테로이드성 소염진통제, ACE 억제제 또는 안지오텐신Ⅱ 수용체 길항제, 아스피린, 이뇨제, 리튬, 메토트렉세이트, 쿠마린계 항응고제(와파린 등), 시클로스포린 및 타크로리무스, 항혈소판제 및 선택적 세로토닌 재흡수 억제제(SSRI), 코르티코스테로이드를 함께 복용하지 마십시오. 이 약을 복용하기 전에 미소프로스톨 등으로 소화성궤양 치료를 병행하고 있는 환자는 의사 또는 약사와 상의하십시오."
199101996,에크로바크림(아시클로버),에크로바,아시클로버,경동제약(주),,프로베네시드를 투여한 환자는 의사 또는 약사와 상의하십시오.
199102030,팜젠암브록솔염산염시럽,팜젠암브록솔염산염,,(주)팜젠사이언스,,"에리트로마이신, 세팔렉신, 옥시테트라사이클린, 아목시실린, 세퓨록심, 독시사이클린 등의 항생물질과 함께 복용 시 의사 또는 약사와 상의하십시오."
199102142,복합써스펜좌약,복합써스펜좌약,,한미약품(주),,"아세트아미노펜을 포함하는 다른 제품, 다른 소염진통제, 다른 해열진통제와 함께 사용하지 마십시오. 바르비탈계 약물, 삼환계 항우울제, 알코올, 리튬, 티아지드계 이뇨제, 레보도파와 함께 사용 시 의사 또는 약사와 상의하십시오."
199102092,다이야펜정400밀리그램(이부프로펜),다이야펜,이부프로펜,미래바이오제약(주),https://nedrug.mfds.go.kr/pbp/cmn/itemImageDownload/147427567771100173,"다른 비스테로이드성 소염진통제, 저용량 아스피린, 고용량의 메토트렉세이트와 함께 복용하지 마십시오. ACE 저해제, 리튬, 푸로세미드 및 티아지드계 이뇨제, 쿠마린계 항응혈제(와파린 등), 선택적 세로토닌 재흡수억제제와 함께 복용 시 의사 또는 약사와 상의하십시오."
199102270,말릭스정(트리메부틴말레산염),말릭스,트리메부틴말레산염,(주)한국파비스제약,https://nedrug.mfds.go.kr/pbp/cmn/itemImageDownload/1N8nQbYPpro,
199102275,포린피아정(독시라민숙신산염),포린피아,독시라민숙신산염,(주)한국파비스제약,https://nedrug.mfds.go.kr/pbp/cmn/itemImageDownload/1OsDC9sjoWQ,"이 약을 복용하는 동안 이미프라민계 항우울약, 항파킨슨제, 디소피라미드와 함께 복용하지 마십시오. 복용 중에는 음주하지 마십시오."
199102276,파비스암브록솔염산염정,파비스암브록솔염산염,,(주)한국파비스제약,https://nedrug.mfds.go.kr/pbp/cmn/itemImageDownload/1N0_7a4Vsl3,"에리트로마이신, 세팔렉신, 옥시테트라사이클린, 아목시실린, 세퓨록심, 독시사이클린 등의 항생제와 함께 복용 시 의사 또는 약사와 상의하십시오."
199102581,사노바스프레이(리도카인)(수출명:노보틱스스프레이(NOVOTIXSpray)),사노바스프레이,,명문제약(주),,
199102384,세록센정(나프록센나트륨),세록센,나프록센나트륨,영풍제약(주),https://nedrug.mfds.go.kr/pbp/cmn/itemImageDownload/146032514179900007,"다른 비스테로이드성 소염진통제 및 나프록센 유도체, 아스피린, 고용량의 메토트렉세이트와 함께 복용하지 마십시오. 히단토인계 항간질제, 설파제, 설포닐요소계 혈당강하제, 프로프라놀롤 및 다른 -차단제, ACE 저해제(억제제)(캅토프릴 등), 루프계 이뇨제 및 티아지드계 이뇨제, 프로베네시드, 리튬, 저용량 메토트렉세이트, 쿠마린계 항응혈제(혈액응고저지제)(와파린 등), 지도부딘, 뉴퀴놀론계 항생물질(에녹사신 등)과 함께 복용 시 의사 또는 약사와 상의하십시오."
199102741,"비펜카타플라스마(플루르비프로펜)(수출명(싱가폴,말레이지아,태국):아쿠스탑카타플라스마)",비펜카타플라스마,,(주)녹십자,,
199103295,한생액,한생,,현대약품(주),,"다른 진해거담제, 감기약, 항히스타민제, 진정제, 알코올 등과 함께 복용하지 마십시오.칼륨함유제제, 감초함유제제, 글리시리진산 혹은 그 염류 함유제제, 루프계 이뇨제(푸로세미드, 에타크린산) 또는 티아지드계 이뇨제(트리클로르메티아지드)와 함께 복용 시 의사 또는 약사와 상의하십시오."
199200308,중외관류용멸균증류수,중외관류용멸균증류수,,제이더블유중외제약(주),,
199200354,스피자임정,스피자임,,(주)에이프로젠바이오로직스,https://nedrug.mfds.go.kr/pbp/cmn/itemImageDownload/1NCPBl3FiPF,
199200475,누코미트캡슐200밀리그램(아세틸시스테인),누코미트,아세틸시스테인,(주)셀트리온제약,https://nedrug.mfds.go.kr/pbp/cmn/itemImageDownload/1OSWzHKsv_D,"경구용 항생제(아목시실린, 세푸록심, 독시사이클린, 에리트로마이신, 티암페니콜)와 함께 복용 시 적어도 2시간 간격을 두고 복용하십시오."
199200793,유그린크림(우레아),유그린,우레아,동성제약(주),,"코르티코이드, 디트라놀, 5-플루오로우라실을 함께 사용 시 의사 또는 약사와 상의하십시오."
199201048,스파탐캡슐200밀리그램(아세틸시스테인),스파탐,아세틸시스테인,명인제약(주),https://nedrug.mfds.go.kr/pbp/cmn/itemImageDownload/1Oo7XeTdj_V,"경구용 항생제(아목시실린, 세푸록심, 독시사이클린, 에리트로마이신, 티암페니콜)와 함께 복용 시 적어도 2시간 간격을 두고 복용하십시오."
199201049,모아칼연질캡슐,모아칼,,명인제약(주),https://nedrug.mfds.go.kr/pbp/cmn/itemImageDownload/150955087400400069,"인산염, 칼슘염, 경구용 테트라사이클린계 제제, 제산제와 함께 복용하지 마십시오. 강심배당체, 항알도스테론제, 트리암테렌, 정주용 지질제와 함께 사용 시 의사 또는 약사와 상의하십시오. 녹차, 홍차 등 탄닌을 함유하는 차는 복용 중, 복용 전후에는 피하십시오."
199201106,알드린정(알마게이트),알드린,알마게이트,일양약품(주),https://nedrug.mfds.go.kr/pbp/cmn/itemImageDownload/1PdlZWhD6PV,"이 약을 복용하는 동안 테트라사이클린계 항생제는 복용하지 마십시오.이 약을 복용하기 전에 비스테로이드소염(항염)진통제, 궤양치료제, 디기탈리스 제제, 클로르프로마진, 란소프라졸, 프레드니솔론, 페니실린, 퀴놀론, 철(Fe)염 제제, 살리실산염을 복용하는 환자는 의사 또는 약사와 상의하십시오."
199201154,토파제정,토파제,,(주)메디카코리아,https://nedrug.mfds.go.kr/pbp/cmn/itemImageDownload/1OVXbyMiCBt,다른 정주용 지질제와 함께 복용 시 의사 또는 약사와 상의하십시오.
199201236,물린디액,물린디,,신신제약(주),,
199201508,판티라제정(수출명:판티라스-케이정)(수출용),판티라제,,대원제약(주),https://nedrug.mfds.go.kr/pbp/cmn/itemImageDownload/1Pvn3im1b6B,다른 약물을 복용하고 있는 사람은 의사 또는 약사와 상의하십시오.
199201633,바이놀크림(아시클로버),바이놀,아시클로버,부광약품(주),,프로베네시드를 투여한 환자는 의사 또는 약사와 상의하십시오.
199201802,코모졸크림(케토코나졸)(수출명:NAZOL),코모졸,,대화제약(주),,"동종의 항진균제(미코나졸, 에코나졸, 이소코나졸 등)와 함께 사용 시 의사 또는 약사와 상의하십시오."
199201803,케바논겔(케토프로펜),케바논,케토프로펜,대화제약(주),,
199202053,신일아시클로버크림(수출명:PytumeCream),신일아시클로버,,신일제약(주),,프로베네시드를 투여한 환자는 의사 또는 약사와 상의하십시오.
199202073,나졸액(케토코나졸),나졸,케토코나졸,한미약품(주),,"동종의 항진균제(미코나졸, 에코나졸, 이소코나졸 등)와 함께 사용 시 의사 또는 약사와 상의하십시오."
199202075,메디락-베베산,메디락-베베,,한미약품(주),,
199202241,미모나크림(우레아),미모나,우레아,(주)씨엠지제약,,"코르티코이드, 디트라놀, 5-플루오로우라실을 함께 사용 시 의사 또는 약사와 상의하십시오."
199202273,에바치온캡슐(글루타티온),에바치온,글루타티온,조아제약(주),https://nedrug.mfds.go.kr/pbp/cmn/itemImageDownload/151577167067000087,
199202281,조아디오스민캡슐,조아디오스민,,조아제약(주),https://nedrug.mfds.go.kr/pbp/cmn/itemImageDownload/1NWXhq8Y5Uv,
199202640,후시메드연고(퓨시드산나트륨),후시메드,퓨시드산나트륨,(주)녹십자,,
199203513,훼마틴캡슐,훼마틴,,조아제약(주),https://nedrug.mfds.go.kr/pbp/cmn/itemImageDownload/1NOwp2F6ILW,"인산염, 칼슘염, 경구용테트라사이클린계 항생제, 제산제와 함께 복용하지 마십시오. 항알도스테론제, 트리암테렌, 퀴놀론계, 페니실라민, 콜레스티라민, 췌장엑스 및 비타민 E와 같은 물질, 디포스폰산 염류, 티록신, 세프디니르 제제, 아스코르브산(비타민 C) 200 ㎎ 이상과 함께 복용 시 의사 또는 약사와 상의하십시오. 녹차, 홍차 등 탄닌을 함유하는 차 및 우유·유제품은 복용 중, 복용 전후에는 피하십시오."
199300117,복합마데카솔연고(수출명:복합리포솔연고),복합마데카솔,,동국제약(주),,
199300217,종근당알벤다졸정,종근당알벤다졸,,(주)종근당,https://nedrug.mfds.go.kr/pbp/cmn/itemImageDownload/1NOwp2F65Kn,"이 약을 복용하는 동안 테오필린, 시메티딘, 프라지콴텔, 덱사메타손, 리토나비르, 페니토인, 카르바마제핀, 페노바르비탈을 함께 복용하지 마십시오."
199300228,젤콤현탁액(플루벤다졸),젤콤,플루벤다졸,(주)종근당,,
199300356,케토톱플라스타(케토프로펜)(싱가폴수출명 : Ketotop Pain Relief Plaster 30mg),케토톱플라스타,,(주)한독,,
199300224,베비잘시럽(이부프로펜),베비잘,이부프로펜,(주)종근당,,"항암요법으로 고용량 메토트렉세이트를 투여중인 환자, 다른 비스테로이드성 소염진통제와 함께 이 약을 복용하지 마십시오. 이 약을 복용하기 전에 저용량 아스피린, ACE 저해제 복용자, 리튬, 푸로세미드 및 티아지드계 이뇨제, 저용량 메토트렉세이트, 쿠마린계 항응혈제(와파린 등), 선택적 세로토닌 재흡수억제를 복용하는 환자는 의사 또는 약사와 상의하십시오."
199300273,멕시롱액(돔페리돈),멕시롱,돔페리돈,동아제약(주),,"강력한 CYP3A4 저해제(플루코나졸, 이트라코나졸, 케토코나졸, 보리코나졸, 클래리트로마이신, 에리트로마이신, 텔리트로마이신, 암프레나비르, 아타자나비르, 포삼프레나비르, 인디나비르, 넬피나비르, 리토나비르, 사퀴나비르), QTc와 같은 심장전도 간격을 지연시키는 약물(디소피라미드, 퀴니딘, 아미오다론, 드로네다론, 소타롤, 도페틸리드, 이부틸리드, 할로페리돌, 피모지드, 설틴돌, 시탈로프람, 에시탈로프람, 레보플록사신, 목시플록사신, 에리트로마이신, 스피라마이신, 펜타미딘, 할로판트린, 루메판트린, 돌라세트론, 시사프라이드, 프루칼로프라이드, 메퀴타진, 미졸라스틴, 토레미펜, 반데타닙, 빈카민, 베프리딜, 디페마닐, 메타돈 등)고 함께 복용하지 마십시오. 페노티아진계 제제(프로클로르페라진, 클로르프로마진, 티에틸페라진 등), 부티로페논계 제제(할로페리돌 등), 라우올피아 알칼로이드 제제(레세르핀 등), 디기탈리스제제, 항콜린제(부틸스코폴라민브롬화물, 티퀴쥼브롬화물, 티메피듐브롬화물 등), 도파민효능약(브로모크립틴, 레보도파), 제산제, 위산분비억제제, 항무스카린 약물과 아편양 진통제와 함께 복용 시 의사 또는 약사와 상의하십시오."
199300583,실그린크림(클로르헥시딘글루콘산염액),실그린,클로르헥시딘글루콘산염액,(주)퍼슨,,"혈청, 농 등의 유기물질, 비누류는 이 약의 살균작용을 약화시키므로 충분히 씻어 제거한 후 사용하십시오."
199300758,트라몰정160밀리그람(아세트아미노펜),트라몰정160밀리그람,아세트아미노펜,코오롱제약(주),https://nedrug.mfds.go.kr/pbp/cmn/itemImageDownload/1Oikd3yeYoj,"아세트아미노펜을 포함하는 다른 제품, 바르비탈계 약물, 삼환계 항우울제, 알코올과 함께 복용하지 마십시오. 와파린, 리튬, 티아지드계 이뇨제, 다른 소염진통제, 플루클록사실린과 함께 복용 시 의사 또는 약사와 상의하십시오."
199300928,아세락캅셀200밀리그람(아세틸시스테인),아세락캅셀200밀리그람,아세틸시스테인,동성제약(주),https://nedrug.mfds.go.kr/pbp/cmn/itemImageDownload/151317968049000047,"경구용 항생제(아목시실린, 세푸록심, 독시사이클린, 에리트로마이신, 티암페니콜)와 함께 복용 시 적어도 2시간 간격을 두고 복용하십시오."
199300891,세토펜정(아세트아미노펜),세토펜,아세트아미노펜,삼아제약(주),https://nedrug.mfds.go.kr/pbp/cmn/itemImageDownload/1Os35onWpyg,"아세트아미노펜을 포함하는 다른 제품, 바르비탈계 약물, 삼환계 항우울제, 알코올과 함께 복용하지 마십시오. 와파린, 리튬, 티아지드계 이뇨제, 다른 소염진통제, 플루클록사실린과 함께 복용 시 의사 또는 약사와 상의하십시오."
199300981,이지롱내복액,이지롱내복,,(주)에이프로젠바이오로직스,,"다른 진토제, 감기약, 해열진통제, 항히스타민제, 진정제, 진해거담제와 함께 복용하지 마십시오.복용 중에는 알코올성 음료를 피하십시오."
199300892,세토펜정80밀리그램(아세트아미노펜),세토펜,아세트아미노펜,삼아제약(주),https://nedrug.mfds.go.kr/pbp/cmn/itemImageDownload/1Os35onWpyz,"다른 소염진통제, 아세트아미노펜을 포함하는 다른 제품, 바르비탈계 약물, 삼환계 항우울제와 함께 복용하지 마십시오. 와파린, 리튬, 티아지드계 이뇨제와 함께 복용 시 의사 또는 약사와 상의하십시오."
199301081,태극아시클로버크림,태극아시클로버,,태극제약(주),,프로베네시드를 투여한 환자는 의사 또는 약사와 상의하십시오.
199301086,태극케토코나졸크림,태극케토코나졸,,태극제약(주),,"동종의 항진균제(미코나졸, 에코나졸, 이소코나졸 등)와 함께 사용 시 의사 또는 약사와 상의하십시오."
199301091,파티겔정(알마게이트),파티,알마게이트,태극제약(주),https://nedrug.mfds.go.kr/pbp/cmn/itemImageDownload/1Pp5dG0Sv5-,"테트라사이클린계 항생제와 함께 복용하지 마십시오. 이 약을 복용하기 전에 비스테로이드소염(항염)진통제, 궤양치료제, 디기탈리스 제제, 클로르프로마진, 란소프라졸, 프레드니솔론, 페니실린, 퀴놀론, 철(Fe)염 제제, 살리실산염과 함께 복용 시 의사 또는 약사와 상의하십시오."
199301198,비오라민정(수출용),비오라민,,명인제약(주),https://nedrug.mfds.go.kr/pbp/cmn/itemImageDownload/154151882208400098,"레보도파, 에스트로겐을 포함한 경구용 피임제와 함께 복용하지 마십시오."
199301093,바스칼캡슐,바스칼,,태극제약(주),https://nedrug.mfds.go.kr/pbp/cmn/itemImageDownload/147427453952300030,"진해(기침을 그치게 함)거담제(가래약), 다른 감기약, 해열진통제, 진정제, 항히스타민제를 함유하는 내복약(비염용 경구제, 멀미약, 알레르기용약)과 함께 복용하지 마십시오. 바르비탈계 약물, 삼환계 항우울제, 알코올, 당뇨약, 통풍약, 관절염약, 항응고제, 스테로이드제, 플루클록사실린과 함께 복용 시 의사 또는 약사와 상의하십시오. 복용 중에는 음주하지 마십시오."
199301383,신신파스아렉스마일드카타플라스마,신신파스아렉스마일드카타플라스마,,신신제약(주),,
199301549,아세르정(암브록솔염산염),아세르,암브록솔염산염,삼남제약(주),https://nedrug.mfds.go.kr/pbp/cmn/itemImageDownload/1P2JYwFsBxu,"에리트로마이신, 세팔렉신, 옥시테트라사이클린, 아목시실린, 세퓨록심, 독시사이클린 등의 항생제와 함께 복용 시 의사 또는 약사와 상의하십시오."
199301708,타벡스겔,타벡스,,부광약품(주),,
199301968,디크로닉정250밀리그램(클로닉신리시네이트)(수출용),디크로닉,,대화제약(주),https://nedrug.mfds.go.kr/pbp/cmn/itemImageDownload/1OXogawhIq9,"이 약을 복용하는 동안 다른 비스테로이드성 소염진통제, ACE억제제 또는 안지오텐신Ⅱ 수용체 길항제, 아스피린, 이뇨제, 리튬, 메토트렉세이트, 쿠마린계 항응고제(와파린 등), 시클로스포린 및 타크로리무스, 항혈소판제 및 선택적 세로토닌 재흡수 억제제(SSRI), 코르티코스테로이드를 함께 복용하지 마십시오.이 약을 복용하기 전에 미소프로스톨 등으로 소화성궤양 치료를 병행하고 있는 환자는 의사 또는 약사와 상의하십시오."
199302027,아록솔정(암브록솔염산염),아록솔,암브록솔염산염,(주)비씨월드제약,https://nedrug.mfds.go.kr/pbp/cmn/itemImageDownload/1Mxwka5v1fX,"에리트로마이신, 세팔렉신, 옥시테트라사이클린, 아목시실린, 세퓨록심, 독시사이클린 등의 항생제와 함께 복용 시 의사 또는 약사와 상의하십시오."
199302061,듀오락스정,듀오락스,,영일제약(주),https://nedrug.mfds.go.kr/pbp/cmn/itemImageDownload/1OLYZI_IeJ7,제산제와 함께 복용하지 마십시오. 우유 섭취 후 1시간 이내는 복용을 피하십시오.
199302106,속엔쿨정,속엔쿨,,경동제약(주),https://nedrug.mfds.go.kr/pbp/cmn/itemImageDownload/147427552750100052,"지질성 유제, 다른 정주용 지질제와 함께 복용 시 의사 또는 약사와 상의하십시오."
199302175,이텍스암브록솔정(암브록솔염산염),이텍스암브록솔,암브록솔염산염,(주)테라젠이텍스,https://nedrug.mfds.go.kr/pbp/cmn/itemImageDownload/1Ocj3EgRvOL,"에리트로마이신, 세팔렉신, 옥시테트라사이클린, 아목시실린, 세퓨록심, 독시사이클린 등의 항생제와 함께 복용 시 의사 또는 약사와 상의하십시오."
199302185,파라손연고(퓨시드산나트륨),파라손,퓨시드산나트륨,에스케이케미칼(주),,
199302401,소롤캡슐200밀리그램(소브레롤),소롤,소브레롤,(주)한국파비스제약,https://nedrug.mfds.go.kr/pbp/cmn/itemImageDownload/1Pvn3im1dw8,
199302464,바코시론크림(아시클로버),바코시론,아시클로버,(주)씨엠지제약,,프로베네시드를 투여한 환자는 의사 또는 약사와 상의하십시오.
199302363,이부서스펜시럽(이부프로펜),이부서스펜,이부프로펜,한미약품(주),,"항암요법으로 고용량 메토트렉세이트를 투여중인 환자, 다른 비스테로이드성 소염진통제와 함께 이 약을 복용하지 마십시오. 이 약을 복용하기 전에 저용량 아스피린, ACE 저해제 복용자, 리튬, 푸로세미드 및 티아지드계 이뇨제, 저용량 메토트렉세이트, 쿠마린계 항응혈제(와파린 등), 선택적 세로토닌 재흡수억제를 복용하는 환자는 의사 또는 약사와 상의하십시오."
199302512,파밀라제정,파밀라제,,알파제약(주),https://nedrug.mfds.go.kr/pbp/cmn/itemImageDownload/1Pvn3im1tVU,
199302514,알파아세트아미노펜정500밀리그람,알파아세트아미노펜정500밀리그람,,알파제약(주),https://nedrug.mfds.go.kr/pbp/cmn/itemImageDownload/147427593004100035,"다른 소염(항염)진통제, 아세트아미노펜을 포함하는 다른 제품, 바르비탈계 약물, 삼환계 항우울제, 알코올과 함께 이 약을 복용하지 마십시오.이 약을 복용하기 전에 와파린, 리튬, 티아지드계 이뇨제를 복용한 환자는 의사 또는 약사와 상의하십시오."
199302537,헤파토스시럽,헤파토스,,조아제약(주),,
199302666,뮤텐캡슐200mg(아세틸시스테인),뮤텐,아세틸시스테인,구주제약(주),https://nedrug.mfds.go.kr/pbp/cmn/itemImageDownload/1Oo7XeTdjs1,"경구용 항생제(아목시실린, 세푸록심, 독시사이클린, 에리트로마이신, 티암페니콜)와 함께 복용 시 적어도 2시간 간격을 두고 복용하십시오."
199302515,리오루펜정400밀리그람(이부프로펜),리오루펜정400밀리그람,이부프로펜,알파제약(주),https://nedrug.mfds.go.kr/pbp/cmn/itemImageDownload/1Oi0vWfExyj,"다른 비스테로이드성 소염진통제, 저용량 아스피린, 고용량의 메토트렉세이트와 함께 복용하지 마십시오. ACE 저해제, 리튬, 푸로세미드 및 티아지드계 이뇨제, 쿠마린계 항응혈제(와파린 등), 선택적 세로토닌 재흡수억제제와 함께 복용 시 의사 또는 약사와 상의하십시오."
199302944,삼익퓨시드산나트륨연고,삼익퓨시드산나트륨,,삼익제약(주),,
199302995,"나조린점안액(1회용),나조린점안액","나조린점안액,나조린",,한림제약(주),,MAO 억제제를 함께 사용 시 의사 또는 약사와 상의하십시오.
199304286,라미실크림1%(테르비나핀염산염),라미실,테르비나핀염산염,지피테라퓨틱스코리아주식회사,,
199400028,로이솔정(암브록솔염산염),로이솔,암브록솔염산염,신풍제약(주),https://nedrug.mfds.go.kr/pbp/cmn/itemImageDownload/1Ocj3EgRvWD,"에리트로마이신, 세팔렉신, 옥시테트라사이클린, 아목시실린, 세퓨록심, 독시사이클린 등의 항생제와 함께 복용 시 의사 또는 약사와 상의하십시오."
199400202,판피린티정,판피린티,,동아제약(주),https://nedrug.mfds.go.kr/pbp/cmn/itemImageDownload/1OoAc19nr_a,"진해(기침을 그치게 함)거담제(가래약), 다른 감기약, 해열진통제, 진정제, 항히스타민제를 함유하는 내복약(비염용 경구제, 멀미약, 알레르기용약)과 함께 복용하지 마십시오. 바르비탈계 약물, 삼환계 항우울제 및 알코올, 플루클록사실린과 함께 복용 시 의사 또는 약사와 상의하십시오. 복용 중에는 음주하지 마십시오."
199400367,케노펜겔(케토프로펜),케노펜,케토프로펜,일동제약(주),,
199400500,큐자임정,큐자임,,(주)유한양행,https://nedrug.mfds.go.kr/pbp/cmn/itemImageDownload/153097807861700061,이 약을 복용하기 전에 다른 약물을 복용하고 있는 경우 의사 또는 약사와 상의하십시오.
199400709,영진멘탁스크림(부테나핀염산염),영진멘탁스,부테나핀염산염,영진약품(주),,
199400581,어린이용타스펜정160밀리그램(아세트아미노펜),어린이용타스펜,아세트아미노펜,대우제약(주),https://nedrug.mfds.go.kr/pbp/cmn/itemImageDownload/147427405147000066,"아세트아미노펜을 포함하는 다른 제품, 바르비탈계 약물, 삼환계 항우울제, 알코올과 함께 복용하지 마십시오. 와파린, 리튬, 티아지드계 이뇨제, 다른 소염진통제, 플루클록사실린과 함께 복용 시 의사 또는 약사와 상의하십시오."
199400779,로푸록스네일라카(시클로피록스),로푸록스네일라카,시클로피록스,(주)한독,,이 약을 사용하는 동안 손발톱 화장용 광택제는 사용하지 마십시오.
199400833,훌벤현탁액(플루벤다졸),훌벤,플루벤다졸,태극제약(주),,
199400871,아이지크림(수출용),아이지,,명인제약(주),,
199400883,겔포스엠현탁액,겔포스엠,,(주)보령,,테트라사이클린계 항생제를 함께 복용하지 마십시오.
199400891,알콤정(플루벤다졸),알콤,플루벤다졸,일양약품(주),https://nedrug.mfds.go.kr/pbp/cmn/itemImageDownload/147809049909500022,
199401025,지노칼정,지노칼,,삼남제약(주),https://nedrug.mfds.go.kr/pbp/cmn/itemImageDownload/147427688264600102,"인산염, 칼슘염, 경구용 테트라사이클린계 제제, 제산제와 함께 복용하지 마십시오. 강심배당체, 비타민 D, 항알도스테론제, 트리암테렌과 함께 복용 시 의사 또는 약사와 상의하십시오. 녹차, 홍차 등 탄닌을 함유하는 차는 복용 중, 복용 전후에는 피하십시오."
199401030,삼남아세트아미노펜정,삼남아세트아미노펜,,삼남제약(주),https://nedrug.mfds.go.kr/pbp/cmn/itemImageDownload/147427668455400017,"아세트아미노펜을 포함하는 다른 제품, 바르비탈계 약물, 삼환계 항우울제, 알코올과 함께 복용하지 마십시오. 와파린, 리튬, 티아지드계 이뇨제, 다른 소염진통제, 플루클록사실린과 함께 복용 시 의사 또는 약사와 상의하십시오."
199401315,오스틴암브록솔염산염정,오스틴암브록솔염산염,,오스틴제약(주),https://nedrug.mfds.go.kr/pbp/cmn/itemImageDownload/151369821142900066,"에리트로마이신, 세팔렉신, 옥시테트라사이클린, 아목시실린, 세퓨록심, 독시사이클린 등의 항생제와 함께 복용 시 의사 또는 약사와 상의하십시오."
199401316,세리콘정(아세트아미노펜),세리콘,아세트아미노펜,오스틴제약(주),https://nedrug.mfds.go.kr/pbp/cmn/itemImageDownload/1Oikd3yeZMe,"다른 소염(항염)진통제, 아세트아미노펜을 포함하는 다른 제품, 바르비탈계 약물, 삼환계 항우울제, 알코올과 함께 이 약을 복용하지 마십시오. 이 약을 복용하기 전에 와파린, 리튬, 티아지드계 이뇨제, 플루클록사실린과 함께 복용 시 의사 또는 약사와 상의하십시오."
199401319,나로펜정(나프록센나트륨),나로펜,나프록센나트륨,오스틴제약(주),https://nedrug.mfds.go.kr/pbp/cmn/itemImageDownload/1OlGSH7jthl,"다른 비스테로이드성 소염진통제 및 나프록센 유도체, 아스피린, 고용량의 메토트렉세이트와 함께 복용하지 마십시오. 히단토인계 항간질제, 설파제, 설포닐요소계 혈당강하제, 프로프라놀롤 및 다른 -차단제, ACE 저해제(억제제)(캅토프릴 등), 루프계 이뇨제 및 티아지드계 이뇨제, 프로베네시드, 리튬, 저용량 메토트렉세이트, 쿠마린계 항응혈제(혈액응고저지제)(와파린 등), 지도부딘, 뉴퀴놀론계 항생물질(에녹사신 등)과 함께 복용 시 의사 또는 약사와 상의하십시오."
199401576,트라스트패취(피록시캄)(수출명:미포톱),트라스트패취,,에스케이케미칼(주),,
199401734,화니돌0.5마이크로그램연질캡슐(알파칼시돌),화니돌,알파칼시돌,영풍제약(주),https://nedrug.mfds.go.kr/pbp/cmn/itemImageDownload/1OmrseGd9MH,"이 약을 복용하는 동안 마그네슘 함유제제, 비타민 D와 그 유도체, 칼슘 함유제제 또는 티아지드계 이뇨제를 복용하지 마십시오. 디기탈리스, 콜레스티라민 같은 수지나 사하제인 미네랄 오일, 페니토인과 글루코코르티코이드, 콜레스티폴, 수크랄페이트 또는 알루미늄이 다량 함유된 제산제, 에스트로겐(에티닐에스트라디올, 노르에티스테론), 바르비탈계 약물 또는 항전간제를 복용 중인 환자는 의사 또는 약사와 상의하십시오."
199401848,알코덱스액,알코덱스,,구주제약(주),,
199401933,현대아시클로버크림(아시클로버),현대아시클로버,아시클로버,현대약품(주),,프로베네시드를 투여한 환자는 의사 또는 약사와 상의하십시오.
199403254,듀라티얼즈안연고(무수액체라놀린),듀라티얼즈안,무수액체라놀린,한국알콘(주),,"이 약을 사용하는 동안 방부제, 세정제를 사용하지 마십시오."
199403379,후라신연고(푸시딘산나트륨)(수출명:라푸신연고(푸시딘산나트륨))(수출용),후라신연고),,명인제약(주),,
199403378,에이프로젠나프록센나트륨정,에이프로젠나프록센나트륨,,(주)에이프로젠바이오로직스,https://nedrug.mfds.go.kr/pbp/cmn/itemImageDownload/1PJ2paXJvmR,"다른 비스테로이드성 소염진통제 및 나프록센 유도체, 아스피린, 고용량의 메토트렉세이트와 함께 복용하지 마십시오. 히단토인계 항간질제, 설파제, 설포닐요소계 혈당강하제, 프로프라놀롤 및 다른 -차단제, ACE 저해제(억제제)(캅토프릴 등), 루프계 이뇨제 및 티아지드계 이뇨제, 프로베네시드, 리튬, 저용량 메토트렉세이트, 쿠마린계 항응혈제(혈액응고저지제)(와파린 등), 지도부딘, 뉴퀴놀론계 항생물질(에녹사신 등)과 함께 복용 시 의사 또는 약사와 상의하십시오."
199500319,나콜플러스시럽,나콜플러스,,일동제약(주),,"아세트아미노펜을 포함하는 다른 제품, MAO억제제(항우울제, 항정신병제, 감정조절제, 항파킨슨제 등), 진해거담제, 다른 감기약, 해열진통제, 진정제, 항히스타민제를 함유하는 내복약(비염용 경구제, 멀미약, 알레르기용약)과 함께 복용하지 마십시오. 당뇨약, 통풍약, 관절염약, 항응고제, 스테로이드제, 바르비탈계 약물, 삼환계 항우울제, 알코올과 함께 복용 시 의사 또는 약사와 상의하십시오."
199500435,엘도스캡슐(에르도스테인),엘도스,에르도스테인,(주)대웅제약,https://nedrug.mfds.go.kr/pbp/cmn/itemImageDownload/1Og9J5dfYp3,기침약을 복용중인 사람은 의사 또는 약사와 상의하십시오.
199500466,트라몰정325밀리그람(아세트아미노펜),트라몰정325밀리그람,아세트아미노펜,코오롱제약(주),https://nedrug.mfds.go.kr/pbp/cmn/itemImageDownload/1Oikd3yeYnx,"아세트아미노펜을 포함하는 다른 제품, 다른 소염진통제, 바르비탈계 약물, 삼환계 항우울제, 알코올과 함께 복용하지 마십시오. 이 약을 복용하기 전에 와파린, 리튬, 티아지드계 이뇨제, 플루클록사실린과 함께 복용 시 의사 또는 약사와 상의하십시오."
199500495,리드판액,리드판,,일양약품(주),,
199500630,알게이트정(알마게이트),알게이트,알마게이트,(주)일화,https://nedrug.mfds.go.kr/pbp/cmn/itemImageDownload/1OcIzQG1qiC,"이 약을 복용하는 동안 테트라사이클린계 항생제는 복용하지 마십시오. 이 약을 복용하기 전에 비스테로이드소염(항염)진통제, 궤양치료제, 디기탈리스 제제, 클로르프로마진, 란소프라졸, 프레드니솔론, 페니실린, 퀴놀론, 철(Fe)염 제제, 살리실산염을 복용하는 환자는 의사 또는 약사와 상의하십시오."
199500807,파티겔현탁액1그램(알마게이트)(수출용),파티,,태극제약(주),,"테트라사이클린계 항생물질과 함께 복용하지 마십시오.비스테로이드소염진통제(NSAID), 궤양 치료제, 디기탈리스 제제, 클로르프로마진, 란소프라졸, 프레드니솔론, 페니실린, 퀴놀론, 철(Fe)염 제제, 살리실산염과 함께 복용 시 의사 또는 약사와 상의하십시오."
199500818,제올라크림,제올라,,태극제약(주),,
199500820,베로아크림(프레드니솔론발레로아세테이트),베로아,프레드니솔론발레로아세테이트,태극제약(주),,
199500823,"파티겔현탁액(알마게이트)(수출명 : 알마게인현탁액, 호메젤현탁액)",파티,,태극제약(주),,"이 약을 복용하는 동안 테트라사이클린계 항생제는 복용하지 마십시오.이 약을 복용하기 전에 비스테로이드소염(항염)진통제, 궤양치료제, 디기탈리스 제제, 클로르프로마진, 란소프라졸, 프레드니솔론, 페니실린, 퀴놀론, 철(Fe)염 제제, 살리실산염을 복용하는 환자는 의사 또는 약사와 상의하십시오."
199500850,"바르젠정(클로닉신리시네이트)(수출명:CLOCXINETab.Stocxine(Clonysinlysinate125),STOLXINE)",바르젠,,(주)제뉴파마,https://nedrug.mfds.go.kr/pbp/cmn/itemImageDownload/152725241746600094,"이 약을 복용하는 동안 다른 비스테로이드성 소염진통제, ACE 억제제 또는 안지오텐신Ⅱ 수용체 길항제, 아스피린, 이뇨제, 리튬, 메토트렉세이트, 쿠마린계 항응고제(와파린 등), 시클로스포린 및 타크로리무스, 항혈소판제 및 선택적 세로토닌 재흡수 억제제(SSRI), 코르티코스테로이드를 함께 복용하지 마십시오.이 약을 복용하기 전에 미소프로스톨 등으로 소화성궤양 치료를 병행하고 있는 환자는 의사 또는 약사와 상의하십시오."
199501025,멘덤쿨로오숀,멘덤쿨로오숀,,신신제약(주),,
199500967,뇌신에이산,뇌신에이,,씨에이치디제약주식회사,,"다른 해열진통제, 감기약, 진정제와 함께 복용하지 마십시오. 바르비탈계 약물, 삼환계 항우울제, 알코올, 플루클록사실린과 함께 복용 시 의사 또는 약사와 상의하십시오. 복용 중에는 음주하지 마십시오."
199501099,게루삼엠정(건조수산화알루미늄겔),게루삼엠,건조수산화알루미늄겔,삼남제약(주),https://nedrug.mfds.go.kr/pbp/cmn/itemImageDownload/1Pvn3im1ckr,"테트라사이클린계 항생물질을 함께 복용하지 마십시오.이 약의 흡착작용 또는 소화관내, 체액의 pH상승에 의해 함께 복용하는 약물의 흡수, 배설에 영향을 줄 수 있습니다."
199501118,키노랄액(케토코나졸),키노랄,케토코나졸,경남제약(주),,"동종의 항진균제(미코나졸, 에코나졸, 이소코나졸 등)와 함께 사용 시 의사 또는 약사와 상의하십시오."
199501234,대원알마게이트정,대원알마게이트,,대원제약(주),https://nedrug.mfds.go.kr/pbp/cmn/itemImageDownload/1MxGLPXNlhQ,"이 약을 복용하는 동안 테트라사이클린계 항생제는 복용하지 마십시오.이 약을 복용하기 전에 비스테로이드소염(항염)진통제, 궤양치료제, 디기탈리스 제제, 클로르프로마진, 란소프라졸, 프레드니솔론, 페니실린, 퀴놀론, 철(Fe)염 제제, 살리실산염을 복용하는 환자는 의사 또는 약사와 상의하십시오."
199501262,한국유나이티드산화마그네슘정250mg,한국유나이티드산화마그네슘,,한국유나이티드제약(주),https://nedrug.mfds.go.kr/pbp/cmn/itemImageDownload/147427522284200188,"이 약을 복용하는 동안 테트라사이클린계 항생물질을 복용하지 마십시오.다량의 우유, 칼슘제제와 함께 복용 시 의사 또는 약사와 상의하십시오."
199501564,알마시드정(알마게이트),알마시드,알마게이트,대화제약(주),https://nedrug.mfds.go.kr/pbp/cmn/itemImageDownload/1P2JYwFs7al,"이 약을 복용하는 동안 테트라사이클린계 항생제는 복용하지 마십시오. 이 약을 복용하기 전에 비스테로이드소염(항염)진통제, 궤양치료제, 디기탈리스 제제, 클로르프로마진, 란소프라졸, 프레드니솔론, 페니실린, 퀴놀론, 철(Fe)염 제제, 살리실산염을 복용하는 환자는 의사 또는 약사와 상의하십시오."
199501694,이바펜400밀리그람정(이부프로펜),이바펜400밀리그람,이부프로펜,하이플생명과학(주),https://nedrug.mfds.go.kr/pbp/cmn/itemImageDownload/152716494050200101,"다른 비스테로이드성 소염진통제, 저용량 아스피린, 고용량의 메토트렉세이트와 함께 복용하지 마십시오. ACE 저해제, 리튬, 푸로세미드 및 티아지드계 이뇨제, 쿠마린계 항응혈제(와파린 등), 선택적 세로토닌 재흡수억제제와 함께 복용 시 의사 또는 약사와 상의하십시오."
199501735,넬슨이부프로펜정200밀리그램(이부프로펜),넬슨이부프로펜,이부프로펜,한국넬슨제약(주),https://nedrug.mfds.go.kr/pbp/cmn/itemImageDownload/147427558691400000,"항암요법으로 고용량 메토트렉세이트를 투여중인 환자, 다른 비스테로이드성 소염진통제와 함께 이 약을 복용하지 마십시오. 이 약을 복용하기 전에 저용량 아스피린, ACE 저해제 복용자, 리튬, 푸로세미드 및 티아지드계 이뇨제, 저용량 메토트렉세이트, 쿠마린계 항응혈제(와파린 등), 선택적 세로토닌 재흡수억제제를 복용하는 환자는 의사 또는 약사와 상의하십시오."
199501736,넬슨이부프로펜정400밀리그램(이부프로펜),넬슨이부프로펜,이부프로펜,한국넬슨제약(주),https://nedrug.mfds.go.kr/pbp/cmn/itemImageDownload/147427558691400012,"다른 비스테로이드성 소염진통제, 저용량 아스피린, 고용량의 메토트렉세이트와 함께 복용하지 마십시오. ACE 저해제, 리튬, 푸로세미드 및 티아지드계 이뇨제, 쿠마린계 항응혈제(와파린 등), 선택적 세로토닌 재흡수억제제와 함께 복용 시 의사 또는 약사와 상의하십시오."
199501748,바이메틴정(트리메부틴말레산염),바이메틴,트리메부틴말레산염,(주)테라젠이텍스,https://nedrug.mfds.go.kr/pbp/cmn/itemImageDownload/1P2JYwFs85x,
199501767,벡크정,벡크,,(주)팜젠사이언스,https://nedrug.mfds.go.kr/pbp/cmn/itemImageDownload/147427562825900090,레보도파와 함께 복용하지 마십시오. 에스트로겐을 포함한 경구용 피임제와 함께 복용 시 의사 또는 약사와 상의하십시오.
199501944,신일폴산정,신일폴,,신일제약(주),https://nedrug.mfds.go.kr/pbp/cmn/itemImageDownload/147427577106000020,"아미노살리실산, 경구용 피임제, 디하이드로폴레이트 환원효소 저해제(메토트렉세이트, 트리메토프림 등), 페니토인 같은 히단토인계 항전간제, 설파살라진, 콜레스티라민을 복용 중인 환자는 의사 또는 약사와 상의하십시오."
199501953,신일티아민염산염정10밀리그램,신일티아민염산염,,신일제약(주),https://nedrug.mfds.go.kr/pbp/cmn/itemImageDownload/147427577106000036,
199501954,신일클로닉신리시네이트정,신일클로닉신리시네이트,,신일제약(주),https://nedrug.mfds.go.kr/pbp/cmn/itemImageDownload/147427577106000040,"이 약을 복용하는 동안 다른 비스테로이드성 소염진통제, ACE 억제제 또는 안지오텐신Ⅱ 수용체 길항제, 아스피린, 이뇨제, 리튬, 메토트렉세이트, 쿠마린계 항응고제(와파린 등), 시클로스포린 및 타크로리무스, 항혈소판제 및 선택적 세로토닌 재흡수 억제제(SSRI), 코르티코스테로이드를 함께 복용하지 마십시오.이 약을 복용하기 전에 미소프로스톨 등으로 소화성궤양 치료를 병행하고 있는 환자는 의사 또는 약사와 상의하십시오."
199501960,프리치크림,프리치,,신일제약(주),,
199502365,그루타제정,그루타제,,지엘팜텍(주),https://nedrug.mfds.go.kr/pbp/cmn/itemImageDownload/1Oikd3yeYA9,정주용 지질제와 함께 복용 시 의사 또는 약사와 상의하십시오.
199502575,삼익이부프로펜정,삼익이부프로펜,,삼익제약(주),https://nedrug.mfds.go.kr/pbp/cmn/itemImageDownload/154599011651200008,"다른 비스테로이드성 소염진통제, 저용량 아스피린, 고용량의 메토트렉세이트와 함께 복용하지 마십시오. ACE 저해제, 리튬, 푸로세미드 및 티아지드계 이뇨제, 쿠마린계 항응혈제(와파린 등), 선택적 세로토닌 재흡수억제제와 함께 복용 시 의사 또는 약사와 상의하십시오."
199502585,삼익아세트아미노펜정500밀리그람,삼익아세트아미노펜정500밀리그람,,삼익제약(주),https://nedrug.mfds.go.kr/pbp/cmn/itemImageDownload/1PvnDGw40v1,"다른 소염(항염)진통제, 아세트아미노펜을 포함하는 다른 제품, 바르비탈계 약물, 삼환계 항우울제, 알코올과 함께 이 약을 복용하지 마십시오. 이 약을 복용하기 전에 와파린, 리튬, 티아지드계 이뇨제, 플루클록사실린과 함께 복용 시 의사 또는 약사와 상의하십시오."
199503352,그린포비돈요오드액(수출명 : Green Povidone-Iodine Topical Solution),그린포비돈요오드,,(주)그린제약,,"과산화수소를 함께 사용하지 마십시오.리튬제제, 클로르헥시딘, 설파디아진 은화합물, 알칼리, 수은을 함유한 제제, 효소성분의 상처치료제를 함께 사용 시 의사 또는 약사와 상의하십시오."
199504365,알드린1그람현탁액(알마게이트)(수출명:ILYANGAlmagatesusp),알드린1그람,,일양약품(주),,"이 약을 복용하는 동안 테트라사이클린계 항생제를 함께 복용하지 마십시오. 비스테로이드소염진통제(NSAID), 궤양 치료제, 디기탈리스 제제, 클로르프로마진, 란소프라졸, 프레드니솔론, 페니실린, 퀴놀론, 철(Fe)염 제제, 살리실산염, 다른 약물을 복용하고 있는 사람은 이약을 복용하기 전에 의사 또는 약사와 상의하십시오."
199600087,뮤코세린캅셀(아세틸시스테인),뮤코세린캅셀,아세틸시스테인,한국휴텍스제약(주),https://nedrug.mfds.go.kr/pbp/cmn/itemImageDownload/1OlTcytjZQF,"경구용 항생제(아목시실린, 세푸록심, 독시사이클린, 에리트로마이신, 티암페니콜)와 함께 복용 시 적어도 2시간 간격을 두고 복용하십시오."
199600201,카네마졸질정100mg(클로트리마졸),카네마졸질,클로트리마졸,동광제약(주),https://nedrug.mfds.go.kr/pbp/cmn/itemImageDownload/1Pvn3im1dzn,이 약을 사용하는 동안 경구용 타크로리무스를 함께 사용하지 마십시오.
199600246,베스자임정,베스자임,,동아에스티(주),https://nedrug.mfds.go.kr/pbp/cmn/itemImageDownload/1PamqCHLjd6,"이 약을 복용하기 전에 다른 약물을 복용하고 있는 경우, 나트륨 제한 식이를 하는 사람은 의사 또는 약사와 상의하십시오."
199600275,케토톱겔(케토프로펜),케토톱,케토프로펜,(주)한독,,
199600277,케토톱엘플라스타(케토프로펜),케토톱엘플라스타,케토프로펜,(주)한독,,
199600328,바로닉신정125밀리그램(클로닉신리시네이트),바로닉신,클로닉신리시네이트,(주)에이프로젠바이오로직스,https://nedrug.mfds.go.kr/pbp/cmn/itemImageDownload/147427336539800150,"이 약을 복용하는 동안 다른 비스테로이드성 소염진통제, ACE 억제제 또는 안지오텐신Ⅱ 수용체 길항제, 아스피린, 이뇨제, 리튬, 메토트렉세이트, 쿠마린계 항응고제(와파린 등), 시클로스포린 및 타크로리무스, 항혈소판제 및 선택적 세로토닌 재흡수 억제제(SSRI), 코르티코스테로이드를 함께 복용하지 마십시오.이 약을 복용하기 전에 미소프로스톨 등으로 소화성궤양 치료를 병행하고 있는 환자는 의사 또는 약사와 상의하십시오."
199600367,판키아제정,판키아제,,일동제약(주),https://nedrug.mfds.go.kr/pbp/cmn/itemImageDownload/1PG7JlTH9NS,
199600446,성광알파헥시딘5%액(글루콘산클로르헥시딘액),성광알파헥시딘,글루콘산클로르헥시딘액,(주)퍼슨,,"혈청, 농 등의 유기물질, 비누류는 이 약의 살균작용을 약화시키므로 충분히 씻어 제거한 후 사용하십시오."
199600561,"케펜텍플라스타(케토프로펜)
(수출명 : KEFEN)",케펜텍플라스타,,제일헬스사이언스(주),,
199600581,"바이탈씨에프정(수출명:라스코르빈포르트,아스코르빈플러스)",바이탈씨에프,,(주)유한양행,https://nedrug.mfds.go.kr/pbp/cmn/itemImageDownload/154601167157200105,레보도파와 함께 복용하지 마십시오.에스트로겐을 포함한 경구용 피임제와 함께 복용 시 의사 또는 약사와 상의하십시오.
199600597,알게나정(알마게이트),알게나,알마게이트,코오롱제약(주),https://nedrug.mfds.go.kr/pbp/cmn/itemImageDownload/1Py1I7lNBai,"이 약을 복용하는 동안 테트라사이클린계 항생제는 복용하지 마십시오. 이 약을 복용하기 전에 비스테로이드소염(항염)진통제, 궤양치료제, 디기탈리스 제제, 클로르프로마진, 란소프라졸, 프레드니솔론, 페니실린, 퀴놀론, 철(Fe)염 제제, 살리실산염을 복용하는 환자는 의사 또는 약사와 상의하십시오."
199600625,루트펜325밀리그램정(아세트아미노펜),루트펜,아세트아미노펜,(주)바이넥스,https://nedrug.mfds.go.kr/pbp/cmn/itemImageDownload/152302920574600000,"아세트아미노펜을 포함하는 다른 제품, 다른 소염진통제, 바르비탈계 약물, 삼환계 항우울제, 알코올과 함께 복용하지 마십시오. 이 약을 복용하기 전에 와파린, 리튬, 티아지드계 이뇨제, 플루클록사실린과 함께 복용 시 의사 또는 약사와 상의하십시오."
199600829,비가졸액(케토코나졸),비가졸,케토코나졸,동성제약(주),,"동종의 항진균제(미코나졸, 에코나졸, 이소코나졸 등)와 함께 사용 시 의사 또는 약사와 상의하십시오."
199600669,타스멘정(아세트아미노펜),타스멘,아세트아미노펜,대우제약(주),https://nedrug.mfds.go.kr/pbp/cmn/itemImageDownload/1NXVKYFvlGV,"아세트아미노펜을 포함하는 다른 제품, 다른 소염진통제, 바르비탈계 약물, 삼환계 항우울제, 알코올과 함께 복용하지 마십시오. 이 약을 복용하기 전에 와파린, 리튬, 티아지드계 이뇨제, 플루클록사실린과 함께 복용 시 의사 또는 약사와 상의하십시오."
199600905,"아이리스점안액(수출명 : 블루아이점안액)(1회용), 아이리스점안액(수출명 : 블루아이점안액)","아이리스점안액, 아이리스",,삼천당제약(주),,
199600913,소담캡슐200mg(아세틸시스테인),소담,아세틸시스테인,삼천당제약(주),https://nedrug.mfds.go.kr/pbp/cmn/itemImageDownload/1OlTcytjZed,"경구용 항생제(아목시실린, 세푸록심, 독시사이클린, 에리트로마이신, 티암페니콜)와 함께 복용 시 적어도 2시간 간격을 두고 복용하십시오."
199600770,세토펜정325밀리그램(아세트아미노펜),세토펜,아세트아미노펜,삼아제약(주),https://nedrug.mfds.go.kr/pbp/cmn/itemImageDownload/1Os35onWpyE,"아세트아미노펜을 포함하는 다른 제품, 다른 소염진통제, 바르비탈계 약물, 삼환계 항우울제, 알코올과 함께 복용하지 마십시오. 이 약을 복용하기 전에 와파린, 리튬, 티아지드계 이뇨제, 플루클록사실린과 함께 복용 시 의사 또는 약사와 상의하십시오."
199601054,쎄실크림,쎄실,,(주)제뉴파마,,
199600830,그린큐액(돔페리돈),그린큐,돔페리돈,동성제약(주),,"강력한 CYP3A4 저해제(플루코나졸, 이트라코나졸, 케토코나졸, 보리코나졸, 클래리트로마이신, 에리트로마이신, 텔리트로마이신, 암프레나비르, 아타자나비르, 포삼프레나비르, 인디나비르, 넬피나비르, 리토나비르, 사퀴나비르), QTc와 같은 심장전도 간격을 지연시키는 약물(디소피라미드, 퀴니딘, 아미오다론, 드로네다론, 소타롤, 도페틸리드, 이부틸리드, 할로페리돌, 피모지드, 설틴돌, 시탈로프람, 에시탈로프람, 레보플록사신, 목시플록사신, 에리트로마이신, 스피라마이신, 펜타미딘, 할로판트린, 루메판트린, 돌라세트론, 시사프라이드, 프루칼로프라이드, 메퀴타진, 미졸라스틴, 토레미펜, 반데타닙, 빈카민, 베프리딜, 디페마닐, 메타돈 등)고 함께 복용하지 마십시오.페노티아진계 제제(프로클로르페라진, 클로르프로마진, 티에틸페라진 등), 부티로페논계 제제(할로페리돌 등), 라우올피아 알칼로이드 제제(레세르핀 등), 디기탈리스제제, 항콜린제(부틸스코폴라민브롬화물, 티퀴쥼브롬화물, 티메피듐브롬화물 등), 도파민효능약(브로모크립틴, 레보도파), 제산제, 위산분비억제제, 항무스카린 약물과 아편양 진통제와 함께 복용 시 의사 또는 약사와 상의하십시오."
199601068,하이라제정,하이라제,,명인제약(주),https://nedrug.mfds.go.kr/pbp/cmn/itemImageDownload/147978952750300127,이 약을 복용하기 전에 다른 약물을 복용하고 있는 경우 의사 또는 약사와 상의하십시오.
199601069,발무졸크림(수출용),발무졸,,명인제약(주),,와파린과 함께 사용 시 의사 또는 약사와 상의하십시오.
199601099,황력액,황력,,일양약품(주),,
199601101,벌무덴리니멘트,벌무덴리니멘트,,일양약품(주),,
199601110,크리맥액(돔페리돈),크리맥,돔페리돈,일양약품(주),,"강력한 CYP3A4 저해제(플루코나졸, 이트라코나졸, 케토코나졸, 보리코나졸, 클래리트로마이신, 에리트로마이신, 텔리트로마이신, 암프레나비르, 아타자나비르, 포삼프레나비르, 인디나비르, 넬피나비르, 리토나비르, 사퀴나비르), QTc와 같은 심장전도 간격을 지연시키는 약물(디소피라미드, 퀴니딘, 아미오다론, 드로네다론, 소타롤, 도페틸리드, 이부틸리드, 할로페리돌, 피모지드, 설틴돌, 시탈로프람, 에시탈로프람, 레보플록사신, 목시플록사신, 에리트로마이신, 스피라마이신, 펜타미딘, 할로판트린, 루메판트린, 돌라세트론, 시사프라이드, 프루칼로프라이드, 메퀴타진, 미졸라스틴, 토레미펜, 반데타닙, 빈카민, 베프리딜, 디페마닐, 메타돈 등)고 함께 복용하지 마십시오.페노티아진계 제제(프로클로르페라진, 클로르프로마진, 티에틸페라진 등), 부티로페논계 제제(할로페리돌 등), 라우올피아 알칼로이드 제제(레세르핀 등), 디기탈리스제제, 항콜린제(부틸스코폴라민브롬화물, 티퀴쥼브롬화물, 티메피듐브롬화물 등), 도파민효능약(브로모크립틴, 레보도파), 제산제, 위산분비억제제, 항무스카린 약물과 아편양 진통제와 함께 복용 시 의사 또는 약사와 상의하십시오."
199601312,삼남아세트아미노펜정500밀리그람,삼남아세트아미노펜정500밀리그람,,삼남제약(주),https://nedrug.mfds.go.kr/pbp/cmn/itemImageDownload/147427668455400023,"다른 소염(항염)진통제, 아세트아미노펜을 포함하는 다른 제품, 바르비탈계 약물, 삼환계 항우울제, 알코올과 함께 이 약을 복용하지 마십시오. 와파린, 리튬, 티아지드계 이뇨제, 플루클록사실린과 함께 복용 시 의사 또는 약사와 상의하십시오."
199601519,더모픽스크림(세르타코나졸질산염),더모픽스,세르타코나졸질산염,부광약품(주),,
199601520,복합파자임이중정,복합파자임이중,,부광약품(주),https://nedrug.mfds.go.kr/pbp/cmn/itemImageDownload/1McEBdO4Bnf,이 약을 복용하기 전에 다른 약물을 복용하고 있는 경우 의사 또는 약사와 상의하십시오.
199601338,아스타펜정325밀리그람(아세트아미노펜제피세립),아스타펜정325밀리그람,아세트아미노펜제피세립,삼남제약(주),https://nedrug.mfds.go.kr/pbp/cmn/itemImageDownload/1Os35onWp_q,"다른 소염진통제, 아세트아미노펜을 포함하는 다른 제품, 바르비탈계 약물, 삼환계 항우울제와 함께 복용하지 마십시오. 와파린, 리튬, 티아지드계 이뇨제, 알코올, 플루클록사실린과 함께 복용 시 의사 또는 약사와 상의하십시오."
199601837,대화아시클로버크림,대화아시클로버,,대화제약(주),,프로베네시드를 투여한 환자는 의사 또는 약사와 상의하십시오.
199601484,펜세타정(아세트아미노펜제피세립),펜세타,아세트아미노펜제피세립,대원제약(주),https://nedrug.mfds.go.kr/pbp/cmn/itemImageDownload/1MaQuqD9cQr,"다른 소염진통제, 아세트아미노펜을 포함하는 다른 제품, 바르비탈계 약물, 삼환계 항우울제와 함께 복용하지 마십시오. 와파린, 리튬, 티아지드계 이뇨제, 알코올, 플루클록사실린과 함께 복용 시 의사 또는 약사와 상의하십시오."
199601956,아시틴캡슐(아세틸시스테인),아시틴,아세틸시스테인,(주)파마킹,https://nedrug.mfds.go.kr/pbp/cmn/itemImageDownload/1OlTcytjZkC,"경구용 항생제(아목시실린, 세푸록심, 독시사이클린, 에리트로마이신, 티암페니콜)와 함께 복용 시 적어도 2시간 간격을 두고 복용하십시오."
199602082,팜젠아세틸시스테인캡슐200mg,팜젠아세틸시스테인,,(주)팜젠사이언스,https://nedrug.mfds.go.kr/pbp/cmn/itemImageDownload/151317988895200052,"경구용 항생제(아목시실린, 세푸록심, 독시사이클린, 에리트로마이신, 티암페니콜)와 함께 복용 시 적어도 2시간 간격을 두고 복용하십시오."
199602289,루마겔(케토프로펜),루마,케토프로펜,한미약품(주),,
199602310,파비스염산메클리진정,파비스염산메클리진,,(주)한국파비스제약,https://nedrug.mfds.go.kr/pbp/cmn/itemImageDownload/151577171452800067,"중추신경억제제(바르비탈계 약물, 알코올, 정신안정제, 진정제), MAO저해제와 함께 복용 시 의사 또는 약사와 상의하십시오."
199602312,푸리타제정,푸리타제,,(주)한국파비스제약,https://nedrug.mfds.go.kr/pbp/cmn/itemImageDownload/1OJwvDq2p0x,
199602374,아세테인캡슐200밀리그램(아세틸시스테인),아세테인,아세틸시스테인,광동제약(주),https://nedrug.mfds.go.kr/pbp/cmn/itemImageDownload/1NV00at7TFM,"경구용 항생제(아목시실린, 세푸록심, 독시사이클린, 에리트로마이신, 티암페니콜)와 함께 복용 시 적어도 2시간 간격을 두고 복용하십시오."
199602408,인테스캡슐200mg(아세틸시스테인),인테스,아세틸시스테인,(주)씨엠지제약,https://nedrug.mfds.go.kr/pbp/cmn/itemImageDownload/1NOwp2F65Bi,"경구용 항생제(아목시실린, 세푸록심, 독시사이클린, 에리트로마이신, 티암페니콜)와 함께 복용 시 적어도 2시간 간격을 두고 복용하십시오."
199602438,조아이부프로펜400밀리그람정(수출용),조아이부프로펜400밀리그람,,조아제약(주),https://nedrug.mfds.go.kr/pbp/cmn/itemImageDownload/151335249722200029,"다른 비스테로이드성 소염진통제(NSAIDs)와 함께 복용하지 마십시오. 심근경색이나 뇌졸중 예방목적으로 저용량 아스피린을 복용하는 사람은 의사 또는 약사와 상의하십시오. ACE 저해제, 리튬, 푸로세미드 및 치아짓계 이뇨제, 메토트렉세이트, 쿠마린계 항응혈제(와파린 등), 선택적 세로토닌 재흡수억제제(SSRI)와 함께 복용 시 의사 또는 약사와 상의하십시오. 이 약을 복용하는 동안 수유하지 마십시오."
199602559,포맨액(L-아스파르트산-L-아르기닌수화물),포맨,L-아스파르트산-L-아르기닌수화물,구주제약(주),,"이 약을 복용하는 동안 항정신병약, 수면제를 복용하지 마십시오."
199602668,무스판정,무스판,,지엘팜텍(주),https://nedrug.mfds.go.kr/pbp/cmn/itemImageDownload/152941971828400033,"아세트아미노펜을 포함하는 다른 제품, 바르비탈계 약물, 삼환계 항우울약 및 알코올을 복용한 사람은 이 약을 복용하지 마십시오. 와파린, 리튬, 티아지드계 이뇨제, 사환계 항우울약, 항히스타민제, 항정신병약, 퀴니딘, 아만타딘, 디소피라미드 및 기타 항콜린약물(티오트로피움, 이프라트로피움, 아트로핀 유사 화합물), 메토클로프라미드와 같은 항도파민약, -효능약, 프로판텔린, 클로람페니콜, 프로베네시드, 지도부딘, 플루클록사실린, 콜레스티라민과 함께 복용 시 의사 또는 약사와 상의하십시오."
199602733,알게마정(알마게이트),알게마,알마게이트,(주)유영제약,https://nedrug.mfds.go.kr/pbp/cmn/itemImageDownload/1P3diGKSDNK,"이 약을 복용하는 동안 테트라사이클린계 항생제는 복용하지 마십시오. 이 약을 복용하기 전에 비스테로이드소염(항염)진통제, 궤양치료제, 디기탈리스 제제, 클로르프로마진, 란소프라졸, 프레드니솔론, 페니실린, 퀴놀론, 철(Fe)염 제제, 살리실산염을 복용하는 환자는 의사 또는 약사와 상의하십시오."
199602745,세틸란캡슐200mg(아세틸시스테인),세틸란,아세틸시스테인,(주)유영제약,https://nedrug.mfds.go.kr/pbp/cmn/itemImageDownload/1OlTcytjZrG,"경구용 항생제(아목시실린, 세푸록심, 독시사이클린, 에리트로마이신, 티암페니콜)와 함께 복용 시 적어도 2시간 간격을 두고 복용하십시오."
199603130,씨씨콤연질캡슐(수출명 : Biosliver Soft Cap.)(수출용),씨씨콤,,한국코러스(주),https://nedrug.mfds.go.kr/pbp/cmn/itemImageDownload/147427635762200045,
199603311,그린관장약(농글리세린)(수출명:FIT-APO),그린관장약,,(주)그린제약,,
199603333,뮤시딘캡슐200밀리그램(아세틸시스테인),뮤시딘,아세틸시스테인,대한뉴팜(주),https://nedrug.mfds.go.kr/pbp/cmn/itemImageDownload/1OlTcytjZEX,"경구용 항생제(아목시실린, 세푸록심, 독시사이클린, 에리트로마이신, 티암페니콜)와 함께 복용 시 적어도 2시간 간격을 두고 복용하십시오."
199604593,나박점안액(엔-아세틸아스파틸글루타민산나트륨),나박,엔-아세틸아스파틸글루타민산나트륨,삼일제약(주),,
199604632,비아핀에멀젼(트롤아민),비아핀에멀젼,트롤아민,켄뷰코리아판매유한회사,,
199700124,라니텐크림(테르비나핀염산염),라니텐,테르비나핀염산염,한국휴텍스제약(주),,
199700120,세트린정(세티리진염산염)(수출명:ANTIRIZINtab),세트린,,한국휴텍스제약(주),https://nedrug.mfds.go.kr/pbp/cmn/itemImageDownload/1NOwp2F6Gxm,"이 약을 복용하는 동안 테오필린, 리토나비어, 과량의 알코올과 함께 복용하지 마십시오."
199700265,알레리진정(세티리진염산염),알레리진,세티리진염산염,이연제약(주),https://nedrug.mfds.go.kr/pbp/cmn/itemImageDownload/1Pg4n2lmqiq,"테오필린, 리토나비어와 함께 복용하지 마십시오. 과량의 알코올과 함께 복용하지 마십시오."
199700386,훼럼키드액(폴리말토오스수산화제이철착염),훼럼키드,폴리말토오스수산화제이철착염,제이더블유중외제약(주),,"인산염, 칼슘염, 비경구 철분제제 또는 비경구 수산화제이철폴리말토스복염제제와 함께 복용하지 마십시오. 철 함유제제(철분제, MRI용 간장 조영제 등), 항알도스테론제, 트리암테렌, 디포스폰산 염류, 티록신, 세프디니르 제제, 퀴놀론계, 페니실라민, 콜레스티라민, 췌장엑스 및 비타민 E와 같은 제제, 200 ㎎ 이상의 아스코르빈산(비타민 C)과 함께 복용 시 의사 또는 약사와 상의하십시오. 녹차, 홍차 등 탄닌을 함유하는 차 및 우유ㆍ유제품은 복용 중, 복용 전후에는 피하십시오."
199700479,바크락스연고(아시클로버),바크락스,아시클로버,(주)에이프로젠바이오로직스,,프로베네시드를 복용(사용)하는 경우 의사 또는 약사와 상의하십시오.
199700530,국제아시클로버크림,국제아시클로버,,국제약품(주),,프로베네시드를 투여한 환자는 의사 또는 약사와 상의하십시오.
199700635,포비크린세정용,포비크린세정용,,(주)퍼슨,,"과산화수소와 함께 사용하지 마십시오.리튬제제, 클로르헥시딘, 설파디아진ㆍ은화합물, 알칼리, 수은을 함유한 제제, 효소성분의 상처치료제와 함께 사용 시 의사 또는 약사와 상의하십시오."
199700636,지노클렌질세정액,지노클렌질세,,(주)퍼슨,,"이 약은 과산화수소와 함께 사용하지 마십시오. 리튬, 클로르헥시딘, 설파디아진·은화합물, 알칼리, 수은을 함유한 제제, 효소성분의 상처치료제와 함께 사용 시 의사 또는 약사와 상의하십시오. 이 약은 콘돔, 질내 피임용 격막과 같은 라텍스 또는 고무제품을 악화시킬 수 있습니다."
199700756,삐콤씨에프정(수출명:유한삐콤씨에프정),삐콤씨에프,,(주)유한양행,https://nedrug.mfds.go.kr/pbp/cmn/itemImageDownload/151853655168900008,"인산염, 칼슘염, 경구용 테트라사이클린계 제제, 제산제, 레보도파와 함께 복용하지 마십시오. 에스트로겐을 포함한 경구용 피임제, 항알도스테론제, 트리암테렌과 함께 복용 시 의사 또는 약사와 상의하십시오. 녹차, 홍차 등 탄닌을 함유하는 차는 복용 중, 복용 전후에는 피하십시오."
199700873,"대우로라타딘정(수출명:로미딘정,라틴정,필미딘정)",대우로라타딘,,대우제약(주),https://nedrug.mfds.go.kr/pbp/cmn/itemImageDownload/1PW_-aIS9ew,"이 약을 복용하는 동안 시메티딘, 에리트로마이신, 케토코나졸, 퀴니딘, 플루코나졸, 플루옥세틴, 간 대사를 억제하는 약물을 함께 복용하지 마십시오."
199701024,콜핀정(수출명:페러그립씨정),콜핀,,알리코제약(주),https://nedrug.mfds.go.kr/pbp/cmn/itemImageDownload/152648520364900001,"아세트아미노펜을 포함하는 다른 제품, MAO억제제(항우울제, 항정신병제, 감정조절제, 항파킨슨제 등), 진해(기침을 그치게 함)거담제(가래약), 다른 감기약, 해열진통제, 진정제, 항히스타민제를 함유하는 내복약(비염용 경구제, 멀미약, 알레르기용약)과 함께 복용하지 마십시오. 바르비탈계 약물, 삼환계 항우울제 및 알코올을 투여한 환자는 의사 또는 약사와 상의하십시오.복용 중에는 음주하지 마십시오."
199701033,"코나진정(세티리진염산염)(수출명:알리코염산세티리진정,보파세티리진나정,자이조세트정)",코나진,,알리코제약(주),https://nedrug.mfds.go.kr/pbp/cmn/itemImageDownload/1OiAjxwzCXo,"테오필린, 리토나비어와 함께 복용하지 마십시오.과량의 알코올과 함께 복용하지 마십시오."
199701089,정우아시클로버크림,정우아시클로버,,정우신약(주),,프로베네시드를 투여한 환자는 의사 또는 약사와 상의하십시오.
199701099,알메텍정(세티리진염산염),알메텍,세티리진염산염,(주)에이프로젠바이오로직스,https://nedrug.mfds.go.kr/pbp/cmn/itemImageDownload/1POSsjoWoBR,"이 약을 복용하는 동안 테오필린, 리토나비어, 과량의 알코올과 함께 복용하지 마십시오."
199701172,에이프로젠알마게이트정,에이프로젠알마게이트,,(주)에이프로젠바이오로직스,https://nedrug.mfds.go.kr/pbp/cmn/itemImageDownload/1M_4NHfUrQq,"이 약을 복용하는 동안 테트라사이클린계 항생제는 복용하지 마십시오.이 약을 복용하기 전에 비스테로이드소염(항염)진통제, 궤양치료제, 디기탈리스 제제, 클로르프로마진, 란소프라졸, 프레드니솔론, 페니실린, 퀴놀론, 철(Fe)염 제제, 살리실산염을 복용하는 환자는 의사 또는 약사와 상의하십시오."
199701224,애니탈정,애니탈,,안국약품(주),https://nedrug.mfds.go.kr/pbp/cmn/itemImageDownload/1Pxsol-yyVl,"위장진통제, 진경제와 함께 복용하지 마십시오. 칼륨함유제제, 감초함유제제, 글리시리진산 혹은 그 염류 함유제제, 루프계이뇨제(푸로세미드, 에타크린산) 또는 티아지드계 이뇨제(트리클로르메치아지드)와 함께 복용 시 의사 또는 약사와 상의하십시오."
199701227,노타민정(로라타딘),노타민,로라타딘,안국약품(주),https://nedrug.mfds.go.kr/pbp/cmn/itemImageDownload/147834963070700035,"이 약을 복용하는 동안 시메티딘, 에리트로마이신, 케토코나졸, 퀴니딘, 플루코나졸, 플루옥세틴, 간 대사를 억제하는 약물을 함께 복용하지 마십시오."
199701228,타나실크림1%(테르비나핀염산염),타나실,테르비나핀염산염,안국약품(주),,
199701234,투렌정(벤프로페린인산염),투렌,벤프로페린인산염,태극제약(주),https://nedrug.mfds.go.kr/pbp/cmn/itemImageDownload/149106123739300158,
199701242,태극탄산칼슘정(침강탄산칼슘),태극탄산칼슘,침강탄산칼슘,태극제약(주),https://nedrug.mfds.go.kr/pbp/cmn/itemImageDownload/1NBWZ9IclPo,"테트라시아클린계 항생물질을 함께 복용하지 마십시오.비타민D, 티아지드계 이뇨제, 다른 약물을 함께 복용하는 경우 의사 또는 약사와 상의하십시오.다량의 우유와 함께 복용 시 우유 알칼리 증후군(고칼슘혈증, 고질소혈증, 알카리증 등)이 나타날 수 있으므로 의사 또는 약사와 상의하십시오."
199701385,셀마겐정(알마게이트),셀마겐,알마게이트,(주)메디카코리아,https://nedrug.mfds.go.kr/pbp/cmn/itemImageDownload/1PEPKBUcl3B,"이 약을 복용하는 동안 테트라사이클린계 항생제는 복용하지 마십시오. 이 약을 복용하기 전에 비스테로이드소염(항염)진통제, 궤양치료제, 디기탈리스 제제, 클로르프로마진, 란소프라졸, 프레드니솔론, 페니실린, 퀴놀론, 철(Fe)염 제제, 살리실산염을 복용하는 환자는 의사 또는 약사와 상의하십시오."
199701398,아루텍정(세티리진염산염),아루텍,세티리진염산염,(주)메디카코리아,https://nedrug.mfds.go.kr/pbp/cmn/itemImageDownload/1OiAjxwzD39,"테오필린, 리토나비어와 함께 복용하지 마십시오. 과량의 알코올과 함께 복용하지 마십시오."
199701407,센토스크림(테르비나핀염산염),센토스,테르비나핀염산염,(주)메디카코리아,,
199701416,리도펜연질캡슐(이부프로펜),리도펜,이부프로펜,(주)메디카코리아,https://nedrug.mfds.go.kr/pbp/cmn/itemImageDownload/1PPW465z8F4,"다른 비스테로이드성 소염진통제와 함께 복용하지 마십시오. 저용량 아스피린, ACE 저해제 복용자, 리튬, 푸로세미드 및 티아지드계 이뇨제, 저용량 메토트렉세이트, 쿠마린계 항응혈제(와파린 등), 선택적 세로토닌 재흡수억제제와 함께 복용 시 의사 또는 약사와 상의하십시오."
199701488,로비탈연질캡슐,로비탈,,(주)동구바이오제약,https://nedrug.mfds.go.kr/pbp/cmn/itemImageDownload/147809049909500136,"레보도파와 함께 복용하지 마십시오. 에스트로겐을 포함한 경구용 피임제, 정주용 지질제와 함께 사용 시 의사 또는 약사와 상의하십시오."
199701565,피엠졸큐액,피엠졸큐,,경남제약(주),,
199701870,소프티아연고(요소),소프티아,요소,대화제약(주),,"코르티코이드, 디트라놀, 5-플루오로우라실과 함께 사용 시 의사 또는 약사와 상의하십시오."
199701885,테나핀크림(테르비나핀염산염),테나핀,테르비나핀염산염,대화제약(주),,
199701900,"알티린정(세티리진염산염)(수출명:Vilex, Cetirin)",알티린,,대화제약(주),https://nedrug.mfds.go.kr/pbp/cmn/itemImageDownload/1OXogawhIrr,"테오필린, 리토나비어와 함께 복용하지 마십시오.과량의 알코올과 함께 복용하지 마십시오."
199701904,글루콤액,글루콤,,고려제약(주),,
199701908,알러텍정(세티리진염산염),알러텍,세티리진염산염,고려제약(주),https://nedrug.mfds.go.kr/pbp/cmn/itemImageDownload/1OflX036ck0,"테오필린, 리토나비어와 함께 복용하지 마십시오. 과량의 알코올과 함께 복용하지 마십시오."
199701912,터비나크림(테르비나핀염산염),터비나,테르비나핀염산염,고려제약(주),,
199701967,로텍정(세티리진염산염)(수출용)(수출명:ZINRYTECTabs),로텍,,영일제약(주),https://nedrug.mfds.go.kr/pbp/cmn/itemImageDownload/1NOwp2F6SDj,"이 약을 복용하는 동안 테오필린, 리토나비어, 과량의 알코올과 함께 복용하지 마십시오."
199702003,안티스액(벤지다민염산염),안티스,벤지다민염산염,하이플생명과학(주),,
199702005,렉크린액(인산나트륨에네마),렉크린,인산나트륨에네마,하이플생명과학(주),,
199702105,코졸텍정(세티리진염산염),코졸텍,세티리진염산염,경동제약(주),https://nedrug.mfds.go.kr/pbp/cmn/itemImageDownload/147427552750100119,"이 약을 복용하는 동안 테오필린, 리토나비어, 과량의 알코올과 함께 복용하지 마십시오."
199702130,니트나졸크림(케토코나졸),니트나졸,케토코나졸,한국넬슨제약(주),,"동종의 항진균제(미코나졸, 에코나졸, 이소코나졸 등)와 함께 사용 시 의사 또는 약사와 상의하십시오."
199702146,겟투겔(케토프로펜),겟투,케토프로펜,한국넬슨제약(주),,
199702155,반드레크림(우레아),반드레,우레아,한국넬슨제약(주),,"코르티코이드, 디트라놀, 5-플루오로우라실을 함께 사용 시 의사 또는 약사와 상의하십시오."
199702177,로리딘정(로라타딘),로리딘,로라타딘,(주)테라젠이텍스,https://nedrug.mfds.go.kr/pbp/cmn/itemImageDownload/147427558691400087,"이 약을 복용하는 동안 시메티딘, 에리트로마이신, 케토코나졸, 퀴니딘, 플루코나졸, 플루옥세틴, 간 대사를 억제하는 약물을 함께 복용하지 마십시오."
199702485,크로펜정(클로닉신리시네이트),크로펜,클로닉신리시네이트,미래바이오제약(주),https://nedrug.mfds.go.kr/pbp/cmn/itemImageDownload/147427567771100190,"이 약을 복용하는 동안 다른 비스테로이드성 소염진통제, ACE 억제제 또는 안지오텐신Ⅱ 수용체 길항제, 아스피린, 이뇨제, 리튬, 메토트렉세이트, 쿠마린계 항응고제(와파린 등), 시클로스포린 및 타크로리무스, 항혈소판제 및 선택적 세로토닌 재흡수 억제제(SSRI), 코르티코스테로이드를 함께 복용하지 마십시오.이 약을 복용하기 전에 미소프로스톨 등으로 소화성궤양 치료를 병행하고 있는 환자는 의사 또는 약사와 상의하십시오."
199702520,신일세티리진정(세티리진염산염),신일세티리진,세티리진염산염,신일제약(주),https://nedrug.mfds.go.kr/pbp/cmn/itemImageDownload/1N_xmK9Ifm6,"이 약을 복용하는 동안 테오필린, 리토나비어, 과량의 알코올과 함께 복용하지 마십시오."
199702527,신일피리독신정(피리독신염산염),신일피리독신,피리독신염산염,신일제약(주),https://nedrug.mfds.go.kr/pbp/cmn/itemImageDownload/151317992996500068,"레보도파, 알트레타민, 시스플라틴과 함께 사용하지 마십시오.비타민 B6의 요구량을 증가시키는 이소니아지드, 페니실라민, 에스트로겐 제제(예 : 경구피임제)와 함께 복용 시 의사 또는 약사와 상의하십시오."
199702566,스테신캡슐(아세틸시스테인),스테신,아세틸시스테인,(주)셀릭스,https://nedrug.mfds.go.kr/pbp/cmn/itemImageDownload/1NOwp2F6LYj,"경구용 항생제(아목시실린, 세푸록심, 독시사이클린, 에리트로마이신, 티암페니콜)와 함께 복용 시 적어도 2시간 간격을 두고 복용하십시오."
199702589,"케어가글액(박하향)(벤제토늄염화물),케어가글액(사과향)(벤제토늄염화물),케어가글액(유칼립투스향)(벤제토늄염화물)","케어가글액,케어가글액,케어가글",벤제토늄염화물,한미약품(주),,
199702618,로페랄연질캡슐,로페랄,,(주)한국파비스제약,https://nedrug.mfds.go.kr/pbp/cmn/itemImageDownload/154661651931000064,"레보도파와 함께 복용하지 마십시오. 에스트로겐을 포함한 경구용 피임제, 정주용 지질제와 함께 사용 시 의사 또는 약사와 상의하십시오."
199702621,덴스민캡슐,덴스민,,(주)한국파비스제약,https://nedrug.mfds.go.kr/pbp/cmn/itemImageDownload/1Pvn3im1euY,
199702787,카디톤액(L-카르니틴),카디톤,L-카르니틴,조아제약(주),,
199702823,영풍아시클로버크림,영풍아시클로버,,영풍제약(주),,프로베네시드를 투여한 환자는 의사 또는 약사와 상의하십시오.
199702829,세리텍정(세티리진염산염),세리텍,세티리진염산염,영풍제약(주),https://nedrug.mfds.go.kr/pbp/cmn/itemImageDownload/1OiAjxwzDMf,"테오필린, 리토나비어와 함께 복용하지 마십시오. 과량의 알코올과 함께 복용하지 마십시오."
199702843,하원아시클로버크림(수출명:하시클로크림),하원아시클로버,,(주)하원제약,,프로베네시드를 투여한 환자는 의사 또는 약사와 상의하십시오.
199702846,하원세티리진정(세티리진염산염),하원세티리진,세티리진염산염,(주)하원제약,https://nedrug.mfds.go.kr/pbp/cmn/itemImageDownload/1O597tTUss-,"테오필린, 리토나비어와 함께 복용하지 마십시오. 과량의 알코올과 함께 복용하지 마십시오."
199702966,버물리에스액,버물리에스,,현대약품(주),,
199702918,아미세타정325밀리그람(아세트아미노펜제피세립),아미세타정325밀리그람,아세트아미노펜제피세립,(주)휴온스,https://nedrug.mfds.go.kr/pbp/cmn/itemImageDownload/1Os35onWpuE,"다른 소염진통제, 아세트아미노펜을 포함하는 다른 제품, 바르비탈계 약물, 삼환계 항우울제와 함께 복용하지 마십시오. 와파린, 리튬, 티아지드계 이뇨제, 알코올, 플루클록사실린과 함께 복용 시 의사 또는 약사와 상의하십시오."
199702967,현대물파스에프,현대물파스에프,,현대약품(주),,
199703010,초당아스피린장용정100mg(아스피린),초당아스피린장용,아스피린,초당약품공업(주),https://nedrug.mfds.go.kr/pbp/cmn/itemImageDownload/1PciMw6n_z_,"다른 비스테로이드성 소염진통제 및 살리실산 제제, 일주일 동안 메토트렉세이트 15밀리그람(15mg/주) 이상의 용량은 이 약과 병용 투여 시 출혈이 증가되거나 신기능이 감소될 수 있으므로 함께 사용하지 않습니다. 항응고제, 이부프로펜, 나프록센 등 일부 비스테로이드성 소염진통제, 혈전용해제, 다른 혈소판응집억제제, 지혈제, 당뇨병치료제(인슐린제제, 톨부타미드 등), 요산배설촉진제(벤즈브로마론, 프로베네시드), 티아지드계 이뇨제, 리튬제제, 선택적 세포토닌 재흡수 억제제, 디곡신, 전신 작용 부신피질호르몬 제제(애디슨병 대체요법용 히드로코티손 제외), 안지오텐신 전환 효소 억제제, 발프로산 제제를 복용하는 사람은 의사 또는 약사와 상의하십시오. 알칼리제제(예: 탄산수소나트륨, 탄산마그네슘) 또는 습기가 차기 쉬운 제제와 함께 섞지 마십시오. 알코올과 병용 투여 시 위장관 점막 손상이 증가하고, 이 약과 알코올의 상승효과로 인해 출혈시간이 연장될 수 있습니다."
199703126,아티란캡슐200밀리그램(아세틸시스테인),아티란,아세틸시스테인,알보젠코리아(주),https://nedrug.mfds.go.kr/pbp/cmn/itemImageDownload/1NOwp2F6EGa,"경구용 항생제(아목시실린, 세푸록심, 독시사이클린, 에리트로마이신, 티암페니콜)와 함께 복용 시 적어도 2시간 간격을 두고 복용하십시오."
199703153,씨즈날정(세티리진염산염),씨즈날,세티리진염산염,(주)녹십자,https://nedrug.mfds.go.kr/pbp/cmn/itemImageDownload/1OW5q-P0Icf,"테오필린, 리토나비어와 함께 복용하지 마십시오. 과량의 알코올과 함께 복용하지 마십시오."
199703184,비나핀크림(테르비나핀염산염),비나핀,테르비나핀염산염,(주)서울제약,,
199703379,알마겐트정(알마게이트),알마겐트,알마게이트,한국코러스(주),https://nedrug.mfds.go.kr/pbp/cmn/itemImageDownload/1OKRXo9l4Fv,"이 약을 복용하는 동안 테트라사이클린계 항생제는 복용하지 마십시오. 이 약을 복용하기 전에 비스테로이드소염(항염)진통제, 궤양치료제, 디기탈리스 제제, 클로르프로마진, 란소프라졸, 프레드니솔론, 페니실린, 퀴놀론, 철(Fe)염 제제, 살리실산염을 복용하는 환자는 의사 또는 약사와 상의하십시오."
199703384,엑코스정,엑코스,,한국코러스(주),https://nedrug.mfds.go.kr/pbp/cmn/itemImageDownload/1Pvn3im1kL8,"MAO 억제제, 혈압강하제, 알코올, 중추신경억제제(수면제, 진정제, 안정제), 교감신경흥분제, 삼환계 항우울약, 구아네티딘, 브레틸리움, 베타나이드, 데브리소퀸, 메틸도파, 교감신경성약(충혈제거제, 식욕억제제, 암페타민류의 신경자극제), 및 아드레날린 억제제와 함께 복용하지 마십시오."
199703423,지오연질캅셀,지오연질캅셀,,유니메드제약(주),https://nedrug.mfds.go.kr/pbp/cmn/itemImageDownload/154661642891500061,"에스트로겐을 포함한 경구용 피임제, 정주용 지질제와 함께 사용 시 의사 또는 약사와 상의하십시오."
199703583,니코스탑-10패취(니코틴),니코스탑-10패취,니코틴,(주)삼양바이오팜,,"파라세타몰, 카페인, 이미프라민, 옥사제팜, 펜타조신, 프로프라놀롤, 테오필린, 와파린, 에스트로겐, 리그노카인, 페나세틴, 인슐린, 아드레날린성 길항제(프라조신, 라베탈롤 등), 플레카이니드, 아드레날린성 효능제(이소프레날린, 페닐레프린 등), 프로폭시펜, 테오필린, 타크린, 클로자핀, 로피니롤과 함께 사용 시 의사 또는 약사와 상의하십시오."
199703584,니코스탑-20패취(니코틴),니코스탑-20패취,니코틴,(주)삼양바이오팜,,"파라세타몰, 카페인, 이미프라민, 옥사제팜, 펜타조신, 프로프라놀롤, 테오필린, 와파린, 에스트로겐, 리그노카인, 페나세틴, 인슐린, 아드레날린성 길항제(프라조신, 라베탈롤 등), 플레카이니드, 아드레날린성 효능제(이소프레날린, 페닐레프린), 프로폭시펜, 푸로세미드 이뇨제, H2길항제, 베타차단제, 테오필린, 타크린, 클로자핀, 로피니롤과 함께 사용 시 의사 또는 약사와 상의하십시오."
199800190,센쥬씨엘점안액,센쥬씨엘,,제이더블유중외제약(주),,
199800308,엑티리딘정,엑티리딘,,(주)에이프로젠바이오로직스,https://nedrug.mfds.go.kr/pbp/cmn/itemImageDownload/1OcxQN6yR8X,"MAO 억제제, 혈압강하제, 알코올, 중추신경억제제(수면제, 진정제, 안정제), 교감신경흥분제, 삼환계 항우울약, 구아네티딘, 브레틸리움, 베타나이드, 데브리소퀸, 메틸도파, 교감신경성약(충혈제거제, 식욕억제제, 암페타민류의 신경자극제), 및 아드레날린 억제제와 함께 복용하지 마십시오."
199703585,니코스탑-30패취(니코틴),니코스탑-30패취,니코틴,(주)삼양바이오팜,,"파라세타몰, 카페인, 이미프라민, 옥사제팜, 펜타조신, 프로프라놀롤, 테오필린, 와파린, 에스트로겐, 리그노카인, 페나세틴, 인슐린, 아드레날린성 길항제(프라조신, 라베탈롤 등), 플레카이니드, 아드레날린성 효능제(이소프레날린, 페닐레프린), 프로폭시펜, 푸로세미드 이뇨제, H2길항제, 베타차단제, 테오필린, 타크린, 클로자핀, 로피니롤과 함께 사용 시 의사 또는 약사와 상의하십시오."
199800354,나니실크림(테르비나핀염산염),나니실,테르비나핀염산염,(주)에이프로젠바이오로직스,,
199800303,알지텍정(세티리진염산염),알지텍,세티리진염산염,정우신약(주),https://nedrug.mfds.go.kr/pbp/cmn/itemImageDownload/1ObFZMBgKHG,"이 약을 복용하는 동안 테오필린, 리토나비어, 과량의 알코올과 함께 복용하지 마십시오."
199800355,데카미솔연고,데카미솔,,(주)에이프로젠바이오로직스,,
199800468,세노바정(세티리진염산염),세노바,세티리진염산염,일동제약(주),https://nedrug.mfds.go.kr/pbp/cmn/itemImageDownload/1OiAjxwzCsR,"이 약을 복용하는 동안 테오필린, 리토나비어, 과량의 알코올과 함께 복용하지 마십시오."
199800504,알레틴정(로라타딘)(수출명:비알레틴),알레틴,,한올바이오파마(주),https://nedrug.mfds.go.kr/pbp/cmn/itemImageDownload/1Pm1vy6QIdr,"이 약을 복용하는 동안 시메티딘, 에리트로마이신, 케토코나졸, 퀴니딘, 플루코나졸, 플루옥세틴, 간 대사를 억제하는 약물을 함께 복용하지 마십시오."
199800470,세노바액(세티리진염산염),세노바,세티리진염산염,일동제약(주),,"이 약을 복용하는 동안 테오필린, 리토나비어, 과량의 알코올과 함께 복용하지 마십시오."
199800686,케펜텍-엘플라스타(케토프로펜),케펜텍-엘플라스타,케토프로펜,제일헬스사이언스(주),,
199800728,"안티푸라민에스로션
(수출명:유한안티푸라민에스로션)",안티푸라민에스,,(주)유한양행,,
199800766,코미시럽,코미,,코오롱제약(주),,"MAO 저해제를 복용하는 환자는 이 약을 복용하지 마십시오. 진정제, 신경안정제를 함께 복용 시 의사 또는 약사와 상의하십시오. 알코올성 음료를 피하십시오."
199800785,미리놀캡슐(아세틸시스테인),미리놀,아세틸시스테인,(주)바이넥스,https://nedrug.mfds.go.kr/pbp/cmn/itemImageDownload/154123315326000093,"경구용 항생제(아목시실린, 세푸록심, 독시사이클린, 에리트로마이신, 치암페니콜)와 함께 복용 시 적어도 2시간 간격을 두고 복용하십시오. 이 약에 용액에 다른 약물의 첨가는 피하십시오."
199800767,트라몰8시간서방정650밀리그람(아세트아미노펜),트라몰8시간서방정650밀리그람,아세트아미노펜,코오롱제약(주),https://nedrug.mfds.go.kr/pbp/cmn/itemImageDownload/1MksuF0DWvZ,"다른 소염(항염)진통제, 아세트아미노펜을 포함하는 다른 제품, 바르비탈계 약물, 삼환계 항우울제, 알코올과 함께 이 약을 복용하지 마십시오. 와파린, 플루클록사실린과 함께 복용 시 의사 또는 약사와 상의하십시오."
199800874,터치메드연고,터치메드,,동화약품(주),,
199800924,토스롱액,토스롱,,동성제약(주),,"다른 진토제, 감기약, 해열진통제, 항히스타민제, 진정제, 진해거담제, 위장진통·진경제와 함께 복용하지 마십시오. 복용 중에는 알코올성 음료를 피하십시오."
199800888,세토펜현탁액(아세트아미노펜),세토펜,아세트아미노펜,삼아제약(주),,"바르비탈계 약물, 삼환계 항우울제, 알코올, 다른 소염(항염)진통제와 함께 복용하지 마십시오. 와파린, 리튬, 티아지드계 이뇨제, 플루클록사실린과 함께 복용 시 의사 또는 약사와 상의하십시오."
199801016,알레그라정120밀리그람(펙소페나딘염산염),알레그라정120밀리그람,펙소페나딘염산염,(주)한독,https://nedrug.mfds.go.kr/pbp/cmn/itemImageDownload/1OlTcytjZI_,"케토코나졸이나 에리트로마이신, 알루미늄, 수산화마그네슘을 함유한 제산제, 아팔루타마이드와 같은 P-gp 유도제와 함께 사용 시 의사 또는 약사와 상의하십시오. 자몽주스, 오렌지 및 사과주스와 같은 과일주스와 함께 복용 시 이 약의 효과를 감소시킬 수 있으므로 물과 함께 복용하는 것을 권장합니다."
199801026,훼스탈플러스정,훼스탈플러스,,(주)한독,https://nedrug.mfds.go.kr/pbp/cmn/itemImageDownload/1Os8pyE54Rj,이 약을 복용하기 전에 다른 약물을 복용하고 있는 경우 의사 또는 약사와 상의하십시오.
199801121,네오시덤연고(퓨시드산나트륨),네오시덤,퓨시드산나트륨,태극제약(주),,
199801196,테나졸크림1%(테르비나핀염산염)(수출용),테나졸,,명인제약(주),,
199801231,리카에이크림,리카에이,,(주)보령,,
199801343,리프레스액,리프레스,,(주)동구바이오제약,,
199801389,아코라마캡슐200밀리그램(아세틸시스테인),아코라마,아세틸시스테인,삼남제약(주),https://nedrug.mfds.go.kr/pbp/cmn/itemImageDownload/1OrTgJZwy0n,"경구용 항생제(아목시실린, 세푸록심, 독시사이클린, 에리트로마이신, 티암페니콜)와 함께 복용 시 적어도 2시간 간격을 두고 복용하십시오. 이 약의 용액에 다른 약물의 첨가는 피하십시오."
199801435,파마탄산칼슘정,파마탄산칼슘,,(주)한국파마,https://nedrug.mfds.go.kr/pbp/cmn/itemImageDownload/147765851155000108,"테트라시아클린계 항생물질을 함께 사용하지 마십시오.비타민D, 티아지드계 이뇨제, 다른 약물을 함께 복용하는 경우 의사 또는 약사와 상의하십시오.다량의 우유와 함께 복용 시 우유 알칼리 증후군(고칼슘혈증, 고질소혈증, 알카리증 등)이 나타날 수 있으므로 의사 또는 약사와 상의하십시오."
199801474,파마메코발라민정(메코발라민),파마메코발라민,메코발라민,(주)한국파마,https://nedrug.mfds.go.kr/pbp/cmn/itemImageDownload/154599011651100094,"클로람페니콜, 아미노글리코사이드 등을 비롯한 대부분의 항생제, 메토트렉세이트, 피리메타민, 콜키신, 페니토인, 페노바르비탈, 프리미돈, 파라아미노살리실산을 복용, H2 수용체 길항제를 장기 복용하는 환자, 2주 이상 과량의 알코올을 섭취한 사람은 의사 또는 약사와 상의하십시오."
199801495,"세라진정(세티리진염산염)[수출명: Cera tablet, Allergen tablet, Unizef tablet, Highcera tablet]","세라진정[수출명: Cera tablet, Allergen tablet, Unizef tablet, Highcera tablet]",,삼진제약(주),https://nedrug.mfds.go.kr/pbp/cmn/itemImageDownload/1Pvn3im1luk,"이 약을 복용하는 동안 테오필린, 리토나비어, 과량의 알코올과 함께 복용하지 마십시오."
199801509,애니존크림(테르비나핀염산염),애니존,테르비나핀염산염,삼진제약(주),,
199801515,프리겔현탁액(알마게이트),프리,알마게이트,대원제약(주),,"이 약을 복용하는 동안 테트라사이클린계 항생제는 복용하지 마십시오. 이 약을 복용하기 전에 비스테로이드소염(항염)진통제, 궤양치료제, 디기탈리스 제제, 클로르프로마진, 란소프라졸, 프레드니솔론, 페니실린, 퀴놀론, 철(Fe)염 제제, 살리실산염을 복용하는 환자는 의사 또는 약사와 상의하십시오."
199801625,트리부틴정200밀리그램(트리메부틴말레산염),트리부틴,트리메부틴말레산염,(주)셀릭스,https://nedrug.mfds.go.kr/pbp/cmn/itemImageDownload/1OrgEjHwCAw,
199801998,헥시덱스5%액(클로르헥시딘글루콘산염액),헥시덱스,클로르헥시딘글루콘산염액,하이플생명과학(주),,"혈청, 농 등의 유기물질, 비누류는 이 약의 살균작용을 약화시키므로 충분히 씻어 제거한 후 사용하십시오."
199801849,알지렉스정(세티리진염산염),알지렉스,세티리진염산염,오스틴제약(주),https://nedrug.mfds.go.kr/pbp/cmn/itemImageDownload/1OiAjxwzDLM,"이 약을 복용하는 동안 테오필린, 리토나비어, 과량의 알코올과 함께 복용하지 마십시오."
199802000,네프비타정,네프비타,,하이플생명과학(주),https://nedrug.mfds.go.kr/pbp/cmn/itemImageDownload/1PT7hBiMTWm,레보도파와 함께 복용하지 마십시오.
199802134,한국넬슨염산테르비나핀크림,한국넬슨염산테르비나핀,,한국넬슨제약(주),,
199801877,아나리바정,아나리바,,오스틴제약(주),https://nedrug.mfds.go.kr/pbp/cmn/itemImageDownload/147427708320500185,"바르비탈계 약물, 삼환계 항우울제, 아세트아미노펜을 포함하는 다른 제품, 다른 해열진통제, 감기약, 진정약 등과 함께 복용하지 마십시오. 와파린, 리튬, 티아지드계 이뇨제, 레보도파와 함께 복용 시 의사 또는 약사와 상의하십시오."
199802138,넬슨로라타딘정,넬슨로라타딘,,한국넬슨제약(주),https://nedrug.mfds.go.kr/pbp/cmn/itemImageDownload/1PvwOFqgmjm,"이 약을 복용하는 동안 시메티딘, 에리트로마이신, 케토코나졸, 퀴니딘, 플루코나졸, 플루옥세틴, 간 대사를 억제하는 약물을 함께 복용하지 마십시오."
199802009,러지텍정(세티리진염산염),러지텍,세티리진염산염,하이플생명과학(주),https://nedrug.mfds.go.kr/pbp/cmn/itemImageDownload/1PjXUza3cyP,"테오필린, 리토나비어와 함께 복용하지 마십시오. 과량의 알코올과 함께 복용하지 마십시오."
199802142,데나실크림(테르비나핀염산염),데나실,테르비나핀염산염,(주)테라젠이텍스,,
199802170,이텍스벤지다민액,이텍스벤지다민,,(주)테라젠이텍스,,해열진통제를 사용하는 경우 의사 또는 약사와 상의하십시오.
199802171,이텍스암브록솔시럽(암브록솔염산염),이텍스암브록솔,암브록솔염산염,(주)테라젠이텍스,,"에리트로마이신, 세팔렉신, 옥시테트라사이클린, 아목시실린, 세퓨록심, 독시사이클린 등의 항생물질과 함께 복용 시 의사 또는 약사와 상의하십시오."
199802190,트라스트겔(피록시캄),트라스트,피록시캄,에스케이케미칼(주),,
199802228,라리세틴정10밀리그람(세티리진염산염)(수출용),라리세틴정10밀리그람,,(주)팜젠사이언스,,"테오필린, 리토나비르와 함께 복용하지 마십시오. 과량의 알코올과 함께 복용하지 마십시오."
199802236,파로네프캡슐,파로네프,,(주)팜젠사이언스,https://nedrug.mfds.go.kr/pbp/cmn/itemImageDownload/1Ml1y5tPwy5,
199802384,신일엠정(수산화마그네슘),신일엠,수산화마그네슘,신일제약(주),https://nedrug.mfds.go.kr/pbp/cmn/itemImageDownload/147427650557000127,"테트라사이클린계 항생물질을 함께 복용하지 마십시오.다량의 우유, 칼슘제제와 함께 복용 시 우유 알칼리 증후군(고칼슘혈증, 고질소혈증, 알칼리증 등)이 나타날 수 있으므로 의사 또는 약사와 상의하십시오."
199802387,나프롱정(나프록센나트륨),나프롱,나프록센나트륨,신일제약(주),https://nedrug.mfds.go.kr/pbp/cmn/itemImageDownload/1OlGSH7jteN,"다른 비스테로이드성 소염진통제 및 나프록센 유도체, 아스피린, 고용량의 메토트렉세이트와 함께 복용하지 마십시오. 히단토인계 항간질제, 설파제, 설포닐요소계 혈당강하제, 프로프라놀롤 및 다른 -차단제, ACE 저해제(억제제)(캅토프릴 등), 루프계 이뇨제 및 티아지드계 이뇨제, 프로베네시드, 리튬, 저용량 메토트렉세이트, 쿠마린계 항응혈제(혈액응고저지제)(와파린 등), 지도부딘, 뉴퀴놀론계 항생물질(에녹사신 등)과 함께 복용 시 의사 또는 약사와 상의하십시오."
199802435,쎄쎄250츄정,쎄쎄250츄,,한미약품(주),https://nedrug.mfds.go.kr/pbp/cmn/itemImageDownload/1PEPKBUcesT,레보도파와 함께 복용하지 마십시오. 에스트로겐을 포함한 경구용 피임제와 함께 복용 시 의사 또는 약사와 상의하십시오.
199802497,쎄르텍정(세티리진염산염),쎄르텍,세티리진염산염,(주)바스칸바이오제약,https://nedrug.mfds.go.kr/pbp/cmn/itemImageDownload/1PoHw9kGpP8,"테오필린, 리토나비어와 함께 복용하지 마십시오. 과량의 알코올과 함께 복용하지 마십시오."
199802620,쎄로테정(세티리진염산염),쎄로테,세티리진염산염,(주)씨엠지제약,https://nedrug.mfds.go.kr/pbp/cmn/itemImageDownload/1PW_-aIS9lW,"테오필린, 리토나비어와 함께 복용하지 마십시오. 과량의 알코올과 함께 복용하지 마십시오."
199802633,나미진크림(테르비나핀염산염),나미진,테르비나핀염산염,(주)씨엠지제약,,
199802621,프리나정(나프록센나트륨),프리나,나프록센나트륨,(주)씨엠지제약,https://nedrug.mfds.go.kr/pbp/cmn/itemImageDownload/1P3diGKSD6P,"다른 비스테로이드성 소염진통제, 나프록센 유도체, 고용량의 메토트렉세이트와 함께 복용하지 마십시오. 히단토인계 항뇌전증제, 설파제, 설포닐요소계 혈당강하제, 프로프라놀롤 및 다른 -차단제, ACE 저해제(캅토프릴 등), 루프계 이뇨제 및 티아지드계 이뇨제, 프로베네시드, 아스피린, 리튬, 저용량의 메토트렉세이트, 쿠마린계 항응혈제(와파린 등), 지도부딘, 뉴퀴놀론계 항생물질(에녹사신 등)과 함께 복용 시 의사 또는 약사와 상의하십시오."
199802670,폴시드정(폴산),폴시드,폴산,조아제약(주),https://nedrug.mfds.go.kr/pbp/cmn/itemImageDownload/147427593004100072,"아미노살리실산, 경구용 피임제, 디하이드로폴레이트 환원효소 저해제(메토트렉세이트, 트리메토프림 등), 페니토인 같은 히단토인계 항전간제, 설파살라진, 콜레스티라민과 함께 복용 시 의사 또는 약사와 상의하십시오."
199802671,리보테인정,리보테인,,조아제약(주),https://nedrug.mfds.go.kr/pbp/cmn/itemImageDownload/151853651029700034,레보도파와 함께 복용하지 마십시오.
199802815,레스포크림(테르비나핀염산염),레스포,테르비나핀염산염,(주)하원제약,,
199803081,마이녹실액5%(미녹시딜),마이녹실,미녹시딜,현대약품(주),,"이 약을 사용하는 동안 다른 두피용 약물, 외용 코르티코이드, 레티노이드, 바셀린, 디트라놀 또는 경피흡수를 촉진시킨다고 알려진 약물, 구아네티틴 등의 혈관확장제를 함께 사용하지 마십시오."
199803082,누보클렌액,누보클렌,,현대약품(주),,비누를 사용할 경우에는 사전에 충분히 씻어낸 후에 사용하십시오.
199803095,지엘세티리진염산염정,지엘세티리진염산염,,지엘팜텍(주),https://nedrug.mfds.go.kr/pbp/cmn/itemImageDownload/1Pvn3im1am_,"테오필린, 리토나비어와 함께 복용하지 마십시오. 과량의 알코올과 함께 복용하지 마십시오."
199803691,아이루비로즈점안액,아이루비로즈,,유니메드제약(주),,
199804331,넥스팜염산암부록솔정(암브록솔염산염),넥스팜염산암부록솔,암브록솔염산염,(주)넥스팜코리아,https://nedrug.mfds.go.kr/pbp/cmn/itemImageDownload/1MnfO1MVzhX,"에리트로마이신, 세팔렉신, 옥시테트라사이클린, 아목시실린, 세퓨록심, 독시사이클린 등의 항생제와 함께 복용 시 의사 또는 약사와 상의하십시오."
199803133,나노텍정(세티리진염산염),나노텍,세티리진염산염,초당약품공업(주),https://nedrug.mfds.go.kr/pbp/cmn/itemImageDownload/1ObFZMBgKG_,"이 약을 복용하는 동안 테오필린, 리토나비어, 과량의 알코올과 함께 복용하지 마십시오."
199804362,넥스팜탄산칼슘정(침강탄산칼슘),넥스팜탄산칼슘,침강탄산칼슘,(주)넥스팜코리아,https://nedrug.mfds.go.kr/pbp/cmn/itemImageDownload/1MbnHD7rxmm,"테트라시아클린계 항생물질을 함께 복용하지 마십시오.비타민D, 티아지드계 이뇨제, 다른 약물을 함께 복용하는 경우 의사 또는 약사와 상의하십시오.다량의 우유와 함께 복용 시 우유 알칼리 증후군(고칼슘혈증, 고질소혈증, 알카리증 등)이 나타날 수 있으므로 의사 또는 약사와 상의하십시오."
199804309,알로판400mg정(이부프로펜),알로판,이부프로펜,(주)넥스팜코리아,https://nedrug.mfds.go.kr/pbp/cmn/itemImageDownload/1Oi0vWfEyww,"다른 비스테로이드성 소염진통제, 저용량 아스피린, 고용량의 메토트렉세이트와 함께 복용하지 마십시오. ACE 저해제, 리튬, 푸로세미드 및 티아지드계 이뇨제, 쿠마린계 항응혈제(와파린 등), 선택적 세로토닌 재흡수억제제와 함께 복용 시 의사 또는 약사와 상의하십시오."
199804594,콘티박스디연질캡슐,콘티박스디,,대화제약(주),https://nedrug.mfds.go.kr/pbp/cmn/itemImageDownload/149723224913900005,레보도파와 함께 복용하지 마십시오. 정주용 지질제와 함께 사용 시 의사 또는 약사와 상의하십시오.
199806429,마이크로실드4액(글루콘산클로르헥시딘),마이크로실드4,글루콘산클로르헥시딘,(주)한국유니팜,,
199806459,오트리빈멘톨0.1%분무제(자일로메타졸린염산염),오트리빈멘톨분무제,자일로메타졸린염산염,헤일리온코리아주식회사,,사용 중에는 음주하지 마십시오.
199806461,라미실외용액(테르비나핀염산염),라미실외용,테르비나핀염산염,지피테라퓨틱스코리아주식회사,,
199806462,니코틴엘TTS10(니코틴),니코틴엘TTS10,니코틴,지피테라퓨틱스코리아주식회사,,"파라세타몰, 카페인, 이미프라민, 옥사제팜, 펜타조신, 프로프라놀롤, 테오필린, 와파린, 에스트로겐, 리그노카인, 페나세틴, 인슐린, 아드레날린성 길항제(프라조신, 라베탈롤 등), 플레카이니드, 아드레날린성 효능제(이소프레날린, 페닐레프린), 프로폭시펜, 푸로세미드 이뇨제, H2길항제, 베타차단제, 테오필린, 타크린, 클로자핀, 로피니롤과 함께 사용 시 의사 또는 약사와 상의하십시오."
199806463,니코틴엘TTS20(니코틴),니코틴엘TTS20,니코틴,지피테라퓨틱스코리아주식회사,,"파라세타몰, 카페인, 이미프라민, 옥사제팜, 펜타조신, 프로프라놀롤, 테오필린, 와파린, 에스트로겐, 리그노카인, 페나세틴, 인슐린, 아드레날린성 길항제(프라조신, 라베탈롤 등), 플레카이니드, 아드레날린성 효능제(이소프레날린, 페닐레프린), 프로폭시펜, 푸로세미드 이뇨제, H2길항제, 베타차단제, 테오필린, 타크린, 클로자핀, 로피니롤과 함께 사용 시 의사 또는 약사와 상의하십시오."
199806465,라미실덤겔1%(테르비나핀),라미실덤,테르비나핀,지피테라퓨틱스코리아주식회사,,
199806464,니코틴엘TTS30(니코틴),니코틴엘TTS30,니코틴,지피테라퓨틱스코리아주식회사,,"파라세타몰, 카페인, 이미프라민, 옥사제팜, 펜타조신, 프로프라놀롤, 테오필린, 와파린, 에스트로겐, 리그노카인, 페나세틴, 인슐린, 아드레날린성 길항제(프라조신, 라베탈롤 등), 플레카이니드, 아드레날린성 효능제(이소프레날린, 페닐레프린), 프로폭시펜, 푸로세미드 이뇨제, H2길항제, 베타차단제, 테오필린, 타크린, 클로자핀, 로피니롤과 함께 사용 시 의사 또는 약사와 상의하십시오."
199806484,드리클로액(염화알루미늄수화물),드리클로,염화알루미늄수화물,헤일리온코리아주식회사,,
199806775,멘소래담로션(Mentholatumlotion),멘소래담,Mentholatumlotion,맨소래덤아시아퍼시픽 주식회사,,
199806820,미뉴렛정,미뉴렛,,한국화이자제약(주),https://nedrug.mfds.go.kr/pbp/cmn/itemImageDownload/147427650557000005,"C형 간염 직접 작용 항바이러스제, 페니토인, 바르비탈류, 프리미돈, 카르바마제핀, 리팜피신, 루피나미드, 아프레피탄트, 보센탄, 에파비렌즈, 옥스카르바제핀, 토피라메이트, 펠바메이트, 그리세오풀빈, 세인트존스풀, -차단제(메토프롤올 등), 벤조디아제핀, 사이클로스포린, 리토나비르, 모다피닐, 플루나리진, 아토르바스타틴, 로수바스타틴, 자몽주스 등과 함께 복용하지 마십시오. 기타 자세한 사항은 허가사항 상세정보를 확인하십시오."
199806891,쓸기담50밀리그램연질캡슐,쓸기담,,삼성제약(주),https://nedrug.mfds.go.kr/pbp/cmn/itemImageDownload/1O597tTUFaU,"이 약을 복용하는 동안 경구용 당뇨병용제(톨부타미드), 콜레스티라민, 콜레스티폴, 약용탄, 마그네슘 및 수산화알루미늄을 함유하는 제산제, 간에서 콜레스테롤 분비를 증가시키는 약물(예 : 에스트로겐 함유 경구용 피임제, 클로피브레이트와 같이 지질감소약물)은 함께 복용하지 마십시오."
199806931,메부라틴정(트리메부틴말레산염)(수출명: MEBURATIN Tablet 100mg),메부라틴,,(주)넥스팜코리아,https://nedrug.mfds.go.kr/pbp/cmn/itemImageDownload/1MZGLmiMse8,
199806985,씨메탈시정,씨메탈시,,초당약품공업(주),https://nedrug.mfds.go.kr/pbp/cmn/itemImageDownload/147427727923900085,"스테로이드제, 항생물질, 항암제, 아졸계 항진균제, 다른 위장약과 함께 복용하지 마십시오.기관지확장제(테오필린 등), 혈액응고저지제(와파린 등), 항전간제(페니토인 등), 벤조디아제핀계 약제(디아제팜, 트리아졸람 등), 삼환계항우울제(이미프라민 등), 협심증·고혈압 치료제(베타-차단제 프로프라놀롤 등), 칼슘길항제(니페디핀 등), 부정맥치료제(멕실레틴 등), 마크로라이드계 항생물질(테트라사이클린 등), 뉴퀴놀론계 항균제(오플록사신 등), 테트라사이클린계 항생물질과 함께 사용 시 의사 또는 약사와 상의하십시오.복용 중에는 알코올성 음료를 피하십시오."
199900216,까스명수에프액,까스명수에프,,삼성제약(주),,
199900221,쓸기담액50밀리그람,쓸기담액50밀리그람,,삼성제약(주),,"경구용 당뇨병용제(톨부타미드), 콜레스티라민, 콜레스티폴, 약용탄, 마그네슘 및 수산화알루미늄을 함유하는 제산제, 담즙(쓸개즙)에서 콜레스테롤을 감소시키는 약물(에스트로겐 함유 경구용 피임제) 또는 혈액의 콜레스테롤을 감소시키는 약물(클로피브레트), 간에 손상을 주는 약물과 함께 복용 시 의사 또는 약사와 상의하십시오."
199900227,피에스크림(리도카인),피에스,리도카인,삼성제약(주),,
199900248,마미송에프크림,마미송에프,,(주)에이프로젠바이오로직스,,
199900298,나바론크림(디클로페낙디에틸암모늄),나바론,디클로페낙디에틸암모늄,(주)에이프로젠바이오로직스,,"루프 이뇨제(푸로세미드 등), 티아자이드계 이뇨제, 지혈을 방해하는 약물(와파린 등), 항혈소판제(아스피린 등), 선택적 세로토닌 재흡수 억제제, 세로토닌 노르에피네프린 재흡수 억제제를 투여하는 환자는 의사 또는 약사와 상의하십시오."
199900351,레날민정,레날민,,일동제약(주),https://nedrug.mfds.go.kr/pbp/cmn/itemImageDownload/1NOwp2F6HcE,레보도파와 함께 복용하지 마십시오.
199900420,성광포스틱스왑액(포비돈요오드),성광포스틱스왑,포비돈요오드,(주)퍼슨,,"과산화수소를 함께 사용하지 마십시오.리튬제제, 클로르헥시딘, 설파디아진 은화합물, 알칼리, 수은을 함유한 제제, 효소성분의 상처치료제를 함께 사용 시 의사 또는 약사와 상의하십시오."
199900422,성광포비딘(포비돈요오드액10%),성광포비딘,포비돈요오드액10%,(주)퍼슨,,"과산화수소를 함께 사용하지 마십시오.리튬제제, 클로르헥시딘, 설파디아진 은화합물, 알칼리, 수은을 함유한 제제, 효소성분의 상처치료제를 함께 사용 시 의사 또는 약사와 상의하십시오."
199900511,대웅이부펜시럽(이부프로펜)(수출명:SOTSTOPsyrup),대웅이부펜,,(주)대웅제약,,"항암요법으로 고용량 메토트렉세이트를 투여중인 환자, 다른 비스테로이드성 소염진통제와 함께 이 약을 복용하지 마십시오.이 약을 복용하기 전에 저용량 아스피린, ACE 저해제 복용자, 리튬, 푸로세미드 및 티아지드계 이뇨제, 저용량 메토트렉세이트, 쿠마린계 항응혈제(와파린 등), 선택적 세로토닌 재흡수억제를 복용하는 환자는 의사 또는 약사와 상의하십시오."
199900528,쎄투연질캡슐,쎄투,,(주)유한양행,https://nedrug.mfds.go.kr/pbp/cmn/itemImageDownload/1P2JYwFsCMu,"인산염, 칼슘염, 경구용 테트라사이클린계 제제, 제산제와 함께 복용하지 마십시오.에스트로겐을 포함한 경구용 피임제, 항알도스테론제, 트리암테렌, 정주용 지질제와 함께 사용 시 의사 또는 약사와 상의하십시오.녹차, 홍차 등 탄닌을 함유하는 차는 복용 중, 복용 전후에는 피하십시오."
199900536,쎄이칼정(수출명:칼슘포르트씨디(CalciumFortCD)),쎄이칼,,(주)유한양행,https://nedrug.mfds.go.kr/pbp/cmn/itemImageDownload/154601167157200123,"인산염, 칼슘염, 경구용 테트라사이클린계 제제, 제산제와 함께 복용하지 마십시오.강심배당체, 항알도스테론제, 트리암테렌과 함께 복용 시 의사 또는 약사와 상의하십시오.녹차, 홍차 등 탄닌을 함유하는 차는 복용 중, 복용 전후에는 피하십시오."
199900554,안타신정,안타신,,코오롱제약(주),https://nedrug.mfds.go.kr/pbp/cmn/itemImageDownload/147427394179500082,테트라사이클린계 항생제와 함께 복용하지 마십시오.
199900675,코벤시럽,코벤,,대우제약(주),,"MAO 저해제를 복용하는 환자는 이 약을 복용하지 마십시오.진정제, 신경안정제를 함께 복용 시 의사 또는 약사와 상의하십시오.알코올성 음료를 피하십시오."
199900790,무디스크림1%(테르비나핀염산염),무디스,테르비나핀염산염,알리코제약(주),,
199900834,멘자펜정,멘자펜,,동성제약(주),https://nedrug.mfds.go.kr/pbp/cmn/itemImageDownload/1Pvn3im1ewN,"다른 해열진통제, 아세트아미노펜을 포함하는 다른 제품, 감기약, 진해거담제, 항히스타민제, 바르비탈계 약물, 삼환계 항우울제, 알코올과 함께 복용하지 마십시오.복용 중에는 음주하지 마십시오."
199900926,훼스탈골드정,훼스탈골드,,(주)한독,https://nedrug.mfds.go.kr/pbp/cmn/itemImageDownload/1Pw_G-1BxpW,
199901047,"태극나렉신정(나프록센나트륨)
(수출명 : NAPRONEW TABLET)",태극나렉신,,태극제약(주),https://nedrug.mfds.go.kr/pbp/cmn/itemImageDownload/1OlGSH7jtfn,"다른 비스테로이드성 소염진통제 및 나프록센 유도체, 아스피린, 고용량의 메토트렉세이트와 함께 복용하지 마십시오.히단토인계 항간질제, 설파제, 설포닐요소계 혈당강하제, 프로프라놀롤 및 다른 β-차단제, ACE 저해제(억제제)(캅토프릴 등), 루프계 이뇨제 및 티아지드계 이뇨제, 프로베네시드, 리튬, 저용량 메토트렉세이트, 쿠마린계 항응혈제(혈액응고저지제)(와파린 등), 지도부딘, 뉴퀴놀론계 항생물질(에녹사신 등)과 함께 복용 시 의사 또는 약사와 상의하십시오."
199901056,파인스겔(피록시캄),파인스,피록시캄,태극제약(주),,
199901100,로실크림(테르비나핀염산염),로실,테르비나핀염산염,(주)제뉴파마,,
199901190,헤모콤액(폴리말토오스수산화제이철착염),헤모콤,폴리말토오스수산화제이철착염,일양약품(주),,"인산염, 칼슘염, 경구용 테트라사이클린계 항생제, 제산제와 함께 복용하지 마십시오.철 함유제제(철분제, MRI용 간장 조영제 등), 항알도스테론제, 트리암테렌, 디포스폰산 염류, 티록신, 세프디니르 제제, 퀴놀론계, 페니실라민, 콜레스티라민, 췌장엑스 및 비타민 E와 같은 제제, 200 ㎎ 이상의 아스코르빈산(비타민 C)과 함께 복용 시 의사 또는 약사와 상의하십시오.녹차, 홍차 등 탄닌을 함유하는 차 및 우유ㆍ유제품은 복용 중, 복용 전후에는 피하십시오."
199901295,신신티눈밴드(수출명:PARCHEparaCALLOSGHLInternacionalS.A),신신티눈밴드,,신신제약(주),,"메토트렉세이트, 설포닐우레아, 다른 국소 적용 약물을 함께 사용 시 의사 또는 약사와 상의하십시오."
199901296,케토크린플라스타(케토프로펜),케토크린플라스타,케토프로펜,신신제약(주),,
199901332,유니자임정,유니자임,,(주)동구바이오제약,https://nedrug.mfds.go.kr/pbp/cmn/itemImageDownload/147427748827800025,"위장진통제, 진경제와 함께 복용하지 마십시오. 칼륨함유제제, 감초함유제제, 글리시리진산 또는 그 염류 함유제제, 루프계 이뇨제(푸로세미드, 에타크린산) 또는 티아지드계 이뇨제(트리클로르메티아지드)와 함께 복용 시 의사 또는 약사와 상의하십시오."
199901375,아루펜정400밀리그람(이부프로펜),아루펜정400밀리그람,이부프로펜,삼남제약(주),https://nedrug.mfds.go.kr/pbp/cmn/itemImageDownload/147618960468200132,"다른 비스테로이드성 소염진통제, 저용량 아스피린, 고용량의 메토트렉세이트와 함께 복용하지 마십시오. ACE 저해제, 리튬, 푸로세미드 및 티아지드계 이뇨제, 쿠마린계 항응혈제(와파린 등), 선택적 세로토닌 재흡수억제제와 함께 복용 시 의사 또는 약사와 상의하십시오."
199901404,쎄토마연질캡슐,쎄토마,,경남제약(주),https://nedrug.mfds.go.kr/pbp/cmn/itemImageDownload/147427510622200039,"인산염, 칼슘염, 경구용 테트라사이클린계 제제, 제산제와 함께 복용하지 마십시오. 에스트로겐을 포함한 경구용 피임제, 항알도스테론제, 트리암테렌, 정주용 지질제와 함께 사용시 의사 또는 약사와 상의하십시오. 녹차, 홍차 등 탄닌을 함유하는 차는 복용 중, 복용 전후에는 피하십시오."
199901457,마그오캡슐250mg(산화마그네슘),마그오,산화마그네슘,(주)한국파마,https://nedrug.mfds.go.kr/pbp/cmn/itemImageDownload/1O2N2RQumDr,"테트라사이클린계 항생물질과 함께 복용하지 마십시오. 다량의 우유, 칼슘제제와 함께 복용 시 의사 또는 약사와 상의하십시오."
199901458,마그오캡슐500mg(산화마그네슘),마그오,산화마그네슘,(주)한국파마,https://nedrug.mfds.go.kr/pbp/cmn/itemImageDownload/1Mxwka5v3o7,"이 약을 복용하는 동안 테트라사이클린계 항생물질을 복용하지 마십시오. 다량의 우유, 칼슘제제와 함께 복용 시 의사 또는 약사와 상의하십시오."
199901480,윈스틴연질캡슐,윈스틴,,삼진제약(주),https://nedrug.mfds.go.kr/pbp/cmn/itemImageDownload/147809054104100158,"인산염, 칼슘염, 경구용 테트라사이클린계 제제, 제산제와 함께 복용하지 마십시오.에스트로겐을 포함한 경구용 피임제, 항알도스테론제, 트리암테렌, 정주용 지질제와 함께 사용시 의사 또는 약사와 상의하십시오.녹차, 홍차 등 탄닌을 함유하는 차는 복용 중, 복용 전후에는 피하십시오."
199901507,콘로인캡슐(콘드로이틴설페이트나트륨),콘로인,콘드로이틴설페이트나트륨,삼진제약(주),https://nedrug.mfds.go.kr/pbp/cmn/itemImageDownload/151317992996500142,
199901519,레피즈캡슐(니푸록사지드),레피즈,니푸록사지드,삼진제약(주),https://nedrug.mfds.go.kr/pbp/cmn/itemImageDownload/151317992996500094,"설사 중 생야채, 과일, 녹색채소, 매운 음식과 얼린 음식 및 음료를 피하고 가능한 익힌 음식(고기, 쌀)을 섭취하십시오."
199901559,트리겔현탁액,트리,,대원제약(주),,"디곡신, 캅토프릴, 시메티딘, 라니티딘, 파모티딘, 테오필린, 프로프라놀롤, 아테놀롤, 황산철, 클로르프로마진, 아세틸살리실산, 나프록센, 메토프롤롤, 레보도파, 테트라사이클린, 시프로플록사신, 오플록사신, 토데옥시콜린산, 불화나트륨, 이소니아지드, 에녹사신, 노르플록사신, 레보티록신, 쿠마린유도체와 함께 사용 시 의사 또는 약사와 상의하십시오. 복용 직후에는 음료수를 마시지 마십시오."
199902599,미래나프록센나트륨정,미래나프록센나트륨,,미래바이오제약(주),https://nedrug.mfds.go.kr/pbp/cmn/itemImageDownload/147427572144400009,"다른 비스테로이드성 소염진통제 및 나프록센 유도체, 아스피린, 고용량의 메토트렉세이트와 함께 복용하지 마십시오. 히단토인계 항간질제, 설파제, 설포닐요소계 혈당강하제, 프로프라놀롤 및 다른 -차단제, ACE 저해제(억제제)(캅토프릴 등), 루프계 이뇨제 및 티아지드계 이뇨제, 프로베네시드, 리튬, 저용량 메토트렉세이트, 쿠마린계 항응혈제(혈액응고저지제)(와파린 등), 지도부딘, 뉴퀴놀론계 항생물질(에녹사신 등)과 함께 복용 시 의사 또는 약사와 상의하십시오."
199902612,골사민캡슐(결정글루코사민황산염)(수출명 : NEOCOMIN),골사민,,신일제약(주),https://nedrug.mfds.go.kr/pbp/cmn/itemImageDownload/1OfoK-mSlPY,"이 약을 복용하기 전에 와파린, 테트라사이클린, 페니실린, 클로람페니콜과 함께 복용 시 의사 또는 약사와 상의하십시오."
199902656,목틴캡슐200밀리그램(아세틸시스테인),목틴,아세틸시스테인,한미약품(주),https://nedrug.mfds.go.kr/pbp/cmn/itemImageDownload/1NOwp2F6DbL,"경구용 항생제(아목시실린, 세푸록심, 독시사이클린, 에리트로마이신, 티암페니콜)와 함께 복용 시 적어도 2시간 간격을 두고 복용하십시오."
199902693,무조날크림(테르비나핀염산염),무조날,테르비나핀염산염,한미약품(주),,
199902697,바이버크림(아시클로버),바이버,아시클로버,한미약품(주),,프로베네시드를 투여한 환자는 의사 또는 약사와 상의하십시오.
199902702,목시딜액5%(미녹시딜),목시딜,미녹시딜,한미약품(주),,"이 약을 사용하는 동안 다른 두피용 약물, 외용 코르티코이드, 레티노이드, 바셀린, 디트라놀 또는 경피흡수를 촉진시킨다고 알려진 약물, 구아네티틴 등의 혈관확장제를 함께 사용하지 마십시오."
199902726,훼로맥스액(폴리말토오스수산화제이철착염),훼로맥스,폴리말토오스수산화제이철착염,한미약품(주),,"인산염, 칼슘염, 경구용 테트라사이클린계 항생제, 제산제와 함께 복용하지 마십시오.철 함유제제(철분제, MRI용 간장 조영제 등), 항알도스테론제, 트리암테렌, 디포스폰산 염류, 티록신, 세프디니르 제제, 퀴놀론계, 페니실라민, 콜레스티라민, 췌장엑스 및 비타민 E와 같은 제제, 200 ㎎ 이상의 아스코르빈산(비타민 C)과 함께 복용 시 의사 또는 약사와 상의하십시오.녹차, 홍차 등 탄닌을 함유하는 차 및 우유ㆍ유제품은 복용 중, 복용 전후에는 피하십시오."
199902738,에스로반연고(무피로신),에스로반,무피로신,제이더블유신약(주),,
199902745,비엠겔9.6%(리도카인),비엠,리도카인,제이더블유신약(주),,
199902902,가레오액(디히드록시디부틸에테르),가레오,디히드록시디부틸에테르,조아제약(주),,"레세르핀유도체, 이담제를 함께 복용 시 의사 또는 약사와 상의하십시오."
199903179,씨씨본정(침강탄산칼슘과립),씨씨본,침강탄산칼슘과립,(주)휴온스,https://nedrug.mfds.go.kr/pbp/cmn/itemImageDownload/1PhXIZMjtHH,"테트라시아클린계 항생물질과 함께 복용하지 마십시오. 비타민D, 티아지드계 이뇨제, 다른 약물을 함께 복용하는 경우 의사 또는 약사와 상의하십시오. 다량의 우유와 함께 복용 시 우유 알칼리 증후군(고칼슘혈증, 고질소혈증, 알카리증 등)이 나타날 수 있으므로 의사 또는 약사와 상의하십시오."
199903457,써버쿨액,써버쿨,,(주)녹십자,,
199903649,세브론캡슐(아세틸시스테인),세브론,아세틸시스테인,(주)서울제약,https://nedrug.mfds.go.kr/pbp/cmn/itemImageDownload/1Oo7XeTdk3D,"경구용 항생제(아목시실린, 세푸록심, 독시사이클린, 에리트로마이신, 티암페니콜)와 함께 복용 시 적어도 2시간 간격을 두고 복용하십시오."
199903754,시스틴500연질캡슐(L-시스틴),시스틴500,L-시스틴,(주)알피바이오,https://nedrug.mfds.go.kr/pbp/cmn/itemImageDownload/1Pvn3im1Za1,다른 정주용 지질제와 함께 복용 시 의사 또는 약사와 상의하십시오.
199904088,그린포비돈세정액(포비돈요오드),그린포비돈세,포비돈요오드,(주)그린제약,,"과산화수소와 함께 사용하지 마십시오.리튬제제, 클로르헥시딘, 설파디아진ㆍ은화합물, 알칼리, 수은을 함유한 제제, 효소성분의 상처치료제와 함께 사용 시 의사 또는 약사와 상의하십시오."
199904095,디펜겔(디클로페낙나트륨),디펜,디클로페낙나트륨,신일제약(주),,"루프 이뇨제(푸로세미드 등), 티아자이드계 이뇨제, 지혈을 방해하는 약물(와파린 등), 항혈소판제(아스피린 등), 선택적 세로토닌 재흡수 억제제, 세로토닌 노르에피네프린 재흡수 억제제를 투여하는 환자는 의사 또는 약사와 상의하십시오."
199906839,시카플루이드점안겔(카보머),시카플루이드점안,카보머,삼일제약(주),,
199906850,카네스텐크림(클로트리마졸),카네스텐,클로트리마졸,바이엘코리아(주),,이 약 사용 시 국소적용한 암포테리신 B 및 폴리엔계 항생물질의 작용을 약화시킬 수 있습니다.
199906999,스테리-가스EO카트리지,스테리-가스EO카트리지,,솔벤텀코리아주식회사,,
199907094,코솝점안액,코솝,,한국산텐제약(주),,"탄산탈수효소억제제, 베타차단제, 클로니딘, 칼슘채널차단제, 카테콜아민 고갈제, 디기탈리스, 아미오다론을 포함한 부정맥용제, CYP2D6 억제제, 에피네프린, 디피베프린염산염, 부교감신경흥분제, 마약, MAO억제제 등과 함께 투여 시 의사 또는 약사와 상의하십시오."
199907226,로세릴네일라카(아모롤핀염산염),로세릴네일라카,아모롤핀염산염,갈더마코리아(주),,
199907300,케토크린카타플라스마(케토프로펜)(수출용),케토크린카타플라스마,,신신제약(주),,
199907335,한미알마게이트정500밀리그램(알마게이트),한미알마게이트,알마게이트,한미약품(주),https://nedrug.mfds.go.kr/pbp/cmn/itemImageDownload/1NCzXnoXErT,"이 약을 복용하는 동안 테트라사이클린계 항생제는 복용하지 마십시오.이 약을 복용하기 전에 비스테로이드소염(항염)진통제, 궤양치료제, 디기탈리스 제제, 클로르프로마진, 란소프라졸, 프레드니솔론, 페니실린, 퀴놀론, 철(Fe)염 제제, 살리실산염을 복용하는 환자는 의사 또는 약사와 상의하십시오."
199907419,정장생캡슐(바실루스리케니포르미스균),정장생,바실루스리케니포르미스균,아주약품(주),https://nedrug.mfds.go.kr/pbp/cmn/itemImageDownload/1Pvn4v0yM1T,"시프로플록사신, 이미페넴, 실라스타틴나트륨을 함께 투여 시 의사 또는 약사와 상의하십시오."
200000218,볼그레액(철아세틸트랜스페린),볼그레,철아세틸트랜스페린,(주)종근당,,"인산염, 칼슘염, 경구용 테트라사이클린계 항생제, 제산제와 함께 복용하지 마십시오.이 약을 복용하기 전에 철 함유제제(철분제, MRI용 간장 조영제 등), 항알도스테론제, 트리암테렌, 퀴놀론계, 페니실라민, 네오마이신, 콜레스티라민, 췌장엑스 및 비타민 E, 디포스폰산 염류, 티록신, 세프디니르 제제, 200 mg 이상의 아스코르빈산(비타민 C)을 복용 시 의사 또는 약사와 상의하십시오.녹차, 홍차 등 탄닌을 함유하는 차 및 우유ㆍ유제품은 복용 중, 복용 전후에는 피하십시오."
200000411,볼두민액5%(미녹시딜),볼두민,미녹시딜,제이더블유중외제약(주),,"이 약을 사용하는 동안 다른 두피용 약물, 외용 코르티코이드, 레티노이드, 바셀린, 디트라놀 또는 경피흡수를 촉진시킨다고 알려진 약물, 구아네티틴 등의 혈관확장제를 함께 사용하지 마십시오."
200000431,복합쓸기담연질캡슐,복합쓸기담,,삼성제약(주),https://nedrug.mfds.go.kr/pbp/cmn/itemImageDownload/147427645812600088,
200000559,후루케어캡슐200밀리그램(아세틸시스테인),후루케어,아세틸시스테인,일동제약(주),https://nedrug.mfds.go.kr/pbp/cmn/itemImageDownload/1Oo7XeTdjvB,"경구용 항생제(아목시실린, 세푸록심, 독시사이클린, 에리트로마이신, 티암페니콜)와 함께 복용 시 적어도 2시간 간격을 두고 복용하십시오."
200000561,아리코트에스크림,아리코트에스,,일동제약(주),,
200000568,케노펜플라스타(케토프로펜),케노펜플라스타,케토프로펜,일동제약(주),,
200000569,훼리탑캡슐(글루콘산제이철나트륨착염),훼리탑,글루콘산제이철나트륨착염,일동제약(주),https://nedrug.mfds.go.kr/pbp/cmn/itemImageDownload/1Mw7xKyRzY4,"인산염, 칼슘염, 경구용 테트라사이클린계 항생제, 제산제와 함께 복용하지 마십시오.철 함유제제(철분제, MRI용 간장 조영제 등), 항알도스테론제, 트리암테렌, 디포스폰산 염류, 티록신, 세프디니르 제제, 퀴놀론계, 페니실라민, 콜레스티라민, 췌장엑스 및 비타민 E와 같은 제제, 200 ㎎ 이상의 아스코르빈산(비타민 C)과 함께 복용 시 의사 또는 약사와 상의하십시오.녹차, 홍차 등 탄닌을 함유하는 차 및 우유ㆍ유제품은 복용 중, 복용 전후에는 피하십시오."
200000801,복합우루사연질캡슐,복합우루사,,(주)대웅제약,https://nedrug.mfds.go.kr/pbp/cmn/itemImageDownload/1PEPKBUcd9F,정주용 지질제와 함께 복용 시 의사 또는 약사와 상의하십시오.
200000744,아웃콜에프캡슐,아웃콜에프,,정우신약(주),https://nedrug.mfds.go.kr/pbp/cmn/itemImageDownload/147427965508800010,"진해(기침을 그치게 함)거담제(가래약), 다른 감기약, 해열진통제, 진정제, 항히스타민제를 함유하는 내복약(비염용 경구제, 멀미약, 알레르기용약), 플루클록사실린과 함께 복용하지 마십시오. MAO 억제제(항우울제, 항정신병제, 감정조절제, 항파킨슨제 등)를 복용하고 있거나 복용을 중단한 후 2주 이내의 사람은 이 약을 복용하지 마십시오. 바르비탈계 약물, 삼환계 항우울제, 알코올, 칼륨함유제제, 감초함유제제, 글리시리진산 또는 그 염류함유제제, 루프계 이뇨제(푸로세미드, 에타크린산) 또는 티아지드계 이뇨제(트리클로르메티아지드)와 함께 복용 시 의사 또는 약사와 상의하십시오. 복용 중에는 음주하지 마십시오."
200000930,닥스펜정(덱시부프로펜),닥스펜,덱시부프로펜,(주)바이넥스,https://nedrug.mfds.go.kr/pbp/cmn/itemImageDownload/1Mxwka5v0n7,"다른 비스테로이드성 소염진통제, 아스피린, 고용량의 메토트렉세이트와 함께 복용하지 마십시오. 이 약을 복용하기 전에 코르티코스테로이드, 알코올, 디곡신, 페니토인, 프로베네시드, 설핀피라존, 설포닐우레아제, ACE 억제제 또는 안지오텐신Ⅱ 수용체 길항제, 이뇨제, 리튬, 쿠마린계 항응고제(와르파린 등), 바클로펜, 면역억제제(시클로스포린, 타크로리무스, 시롤리무스), 혈전용해제, 티클로피딘, 항혈전제, 혈중 칼륨농도를 증가시키는 약물(예, 칼륨 저류형 이뇨제, ACE 억제제, 안지오텐신-Ⅱ 수용체 길항제, 시클로스포린과 타크로리무스와 같은 면역억제제, 트리메토프림, 헤파린 등), CYP2C8, CYP2C9의 유도제(예, 리팜피신, 페노바르비탈), 저용량(15 mg/주 미만)의 메토트렉세이트, 항혈소판제 및 선택적 세로토닌 재흡수 억제제, 저용량 아스피린과 함께 복용 시 의사 또는 약사와 상의하십시오."
200000947,알러펜점안액(케토티펜푸마르산염),알러펜,케토티펜푸마르산염,삼일제약(주),,다른 점안제와 함께 사용할 경우 적어도 5분 이상 시간차를 두고 투여하십시오.
200000999,타스펜8시간이알서방정650밀리그람(아세트아미노펜)(수출명:도로돈이알정),타스펜8시간이알서방정650밀리그람,,대우제약(주),https://nedrug.mfds.go.kr/pbp/cmn/itemImageDownload/1NXVKYFvlH3,"다른 소염(항염)진통제, 아세트아미노펜을 포함하는 다른 제품, 바르비탈계 약물, 삼환계 항우울제, 알코올과 함께 이 약을 복용하지 마십시오.이 약을 복용하기 전에 와파린, 리튬, 티아지드계 이뇨제를 복용한 환자는 의사 또는 약사와 상의하십시오."
200001087,후시딘겔(퓨시드산수화물),후시딘,퓨시드산수화물,동화약품(주),,
200001099,쎄레코트크림,쎄레코트,,동화약품(주),,
200001102,샤이닝정,샤이닝,,동화약품(주),https://nedrug.mfds.go.kr/pbp/cmn/itemImageDownload/1OmrseGd9Bt,"아세트아미노펜을 포함하는 다른 제품, 바르비탈계 약물, 삼환계 항우울약 및 알코올을 투여한 환자, 항전간제, 리팜피신, 플루클록사실린과 함께 이 약을 복용하지 마십시오. 항히스타민제, 퀴니딘, 아만타딘, 디소피라미드, 메토클로프라미드와 같은 항도파민약, -효능약, 프로판텔린, 클로람페니콜, 경구용 항응고약, 지도부딘과 함께 복용 시 의사 또는 약사와 상의하십시오."
200001146,새크라손크림,새크라손,,알리코제약(주),,
200001147,스몰크림(프레드니솔론발레로아세테이트),스몰,프레드니솔론발레로아세테이트,알리코제약(주),,
200001184,로다인정(로라타딘),로다인,로라타딘,동성제약(주),https://nedrug.mfds.go.kr/pbp/cmn/itemImageDownload/1P3diGKSDEH,"이 약을 복용하는 동안 시메티딘, 에리트로마이신, 케토코나졸, 퀴니딘, 플루코나졸, 플루옥세틴, 간 대사를 억제하는 약물을 함께 복용하지 마십시오."
200001172,디퓨탭서방정(이부프로펜),디퓨탭서방,이부프로펜,동성제약(주),https://nedrug.mfds.go.kr/pbp/cmn/itemImageDownload/1P2JYwFs7FN,"다른 비스테로이드성 소염진통제, 저용량 아스피린, 고용량의 메토트렉세이트와 함께 복용하지 마십시오. ACE 저해제, 리튬, 푸로세미드 및 티아지드계 이뇨제, 쿠마린계 항응혈제(와파린 등), 선택적 세로토닌 재흡수억제제와 함께 복용 시 의사 또는 약사와 상의하십시오."
200001186,이엠지연질캡슐,이엠지,,동성제약(주),https://nedrug.mfds.go.kr/pbp/cmn/itemImageDownload/147427698198900109,"인산염, 칼슘염, 경구용 테트라사이클린계 제제, 제산제와 함께 복용하지 마십시오. 에스트로겐을 포함한 경구용 피임제, 항알도스테론제, 트리암테렌, 정주용 지질제와 함께 사용시 의사 또는 약사와 상의하십시오. 녹차, 홍차 등 탄닌을 함유하는 차는 복용 중, 복용 전후에는 피하십시오."
200001305,복합탈시드추어블정,복합탈시드추어블,,(주)한독,https://nedrug.mfds.go.kr/pbp/cmn/itemImageDownload/1MlqnR4B5ot,
200001364,프러스지크림,프러스지,,안국약품(주),,
200001368,애니펜정300밀리그램(덱시부프로펜),애니펜,덱시부프로펜,안국약품(주),https://nedrug.mfds.go.kr/pbp/cmn/itemImageDownload/1P2JYwFs5Aa,"다른 비스테로이드성 소염진통제, 아스피린, 고용량의 메토트렉세이트와 함께 복용하지 마십시오. 이 약을 복용하기 전에 코르티코스테로이드, 알코올, 디곡신, 페니토인, 프로베네시드, 설핀피라존, 설포닐우레아제, ACE 억제제 또는 안지오텐신Ⅱ 수용체 길항제, 이뇨제, 리튬, 쿠마린계 항응고제(와르파린 등), 바클로펜, 면역억제제(시클로스포린, 타크로리무스, 시롤리무스), 혈전용해제, 티클로피딘, 항혈전제, 혈중 칼륨농도를 증가시키는 약물(예, 칼륨 저류형 이뇨제, ACE 억제제, 안지오텐신-Ⅱ 수용체 길항제, 시클로스포린과 타크로리무스와 같은 면역억제제, 트리메토프림, 헤파린 등), CYP2C8, CYP2C9의 유도제(예, 리팜피신, 페노바르비탈), 저용량(15 mg/주 미만)의 메토트렉세이트, 항혈소판제 및 선택적 세로토닌 재흡수 억제제, 저용량 아스피린과 함께 복용 시 의사 또는 약사와 상의하십시오."
200001369,로키겔(리도카인),로키,리도카인,태극제약(주),,
200001377,코애드정,코애드,,태극제약(주),https://nedrug.mfds.go.kr/pbp/cmn/itemImageDownload/1NcjsrU2ZZz,"아세트아미노펜을 포함하는 다른 제품, MAO억제제(항우울제, 항정신병제, 감정조절제, 항파킨슨제 등), 진해거담제, 다른 감기약, 해열진통제, 진정제, 항히스타민제를 함유하는 내복약(비염용 경구제, 멀미약, 알레르기용약)과 함께 복용하지 마십시오. MAO억제제(항우울제, 항정신병제, 감정조절제, 항파킨슨제 등) 복용을 중단한 후 2주 이내의 사람은 이 약을 복용하지 마십시오. 당뇨약, 통풍약, 관절염약, 항응고제, 스테로이드제, 바르비탈계 약물, 삼환계 항우울제, 알코올과 함께 복용 시 의사 또는 약사와 상의하십시오. 복용 중에는 음주하지 마십시오."
200001378,바루돈현탁액,바루돈,,태극제약(주),,"디곡신, 캅토프릴, 시메티딘, 라니티딘, 파모티딘, 테오필린, 프로프라놀롤, 아테놀롤, 황산철, 클로르프로마진, 아세틸살리실산, 나프록센, 메토프롤롤과 레보도파, 테트라사이클린, 시프로플록사신, 오플록사신, 케토데옥시콜린산, 불화나트륨, 이소니아지드, 에녹사신, 노르플록사신, 레보티록신, 쿠마린유도체와 함께 복용 시 의사 또는 약사와 상의하십시오.복용 직후에는 음료수를 마시지 마십시오."
200001493,프리넥캡슐,프리넥,,일양약품(주),https://nedrug.mfds.go.kr/pbp/cmn/itemImageDownload/147759724843300006,"MAO 억제제(항우울제, 항정신병제, 감정조절제, 항파킨슨제 등), 다른 진해거담제, 감기약, 항히스타민제를 함유하는 내복약(비염용 경구제, 멀미약, 알레르기용약), 진정제와 함께 복용하지 마십시오. MAO 억제제(항우울제, 항정신병제, 감정조절제, 항파킨슨제 등) 복용을 중단한 후 2주 이내의 사람은 이 약을 복용하지 마십시오."
200001515,알레드정(세티리진염산염),알레드,세티리진염산염,일양약품(주),https://nedrug.mfds.go.kr/pbp/cmn/itemImageDownload/1OiAjxwzCtv,"테오필린, 리토나비어와 함께 복용하지 마십시오. 과량의 알코올과 함께 복용하지 마십시오."
200001516,컴비덤지크림,컴비덤지,,일양약품(주),,
200001564,크로베겐에이크림,크로베겐에이,,환인제약(주),,
200001595,세르나크림,세르나,,진양제약(주),,
200001622,헤모니아에프시럽(폴리사카리드철착염),헤모니아에프,폴리사카리드철착염,(주)동구바이오제약,,"인산염, 칼슘염, 경구용 테트라사이클린계 항생제, 제산제와 함께 복용하지 마십시오.철 함유제제(철분제, MRI용 간장 조영제 등), 항알도스테론제, 트리암테렌, 디포스폰산 염류, 티록신, 세프디니르 제제, 퀴놀론계, 페니실라민, 콜레스티라민, 췌장엑스 및 비타민 E와 같은 제제, 200 ㎎ 이상의 아스코르빈산(비타민 C)과 함께 복용 시 의사 또는 약사와 상의하십시오.녹차, 홍차 등 탄닌을 함유하는 차 및 우유ㆍ유제품은 복용 중, 복용 전후에는 피하십시오."
200001634,세진정(세티리진염산염),세진,세티리진염산염,(주)동구바이오제약,https://nedrug.mfds.go.kr/pbp/cmn/itemImageDownload/1PvwOFqgmjC,"테오필린, 리토나비어와 함께 복용하지 마십시오. 과량의 알코올과 함께 복용하지 마십시오."
200001638,헤모니아캡슐(폴리사카리드철착염),헤모니아,폴리사카리드철착염,(주)동구바이오제약,https://nedrug.mfds.go.kr/pbp/cmn/itemImageDownload/1OlOLWGgcOx,"인산염, 칼슘염, 경구용 테트라사이클린계 항생제, 제산제와 함께 복용하지 마십시오. 철 함유제제(철분제, MRI용 간장 조영제 등), 항알도스테론제, 트리암테렌, 디포스폰산 염류, 티록신, 세프디니르 제제, 퀴놀론계, 페니실라민, 콜레스티라민, 췌장엑스 및 비타민 E와 같은 제제와 함께 복용 시 의사 또는 약사와 상의하십시오. 녹차, 홍차 등 탄닌을 함유하는 차 및 우유ㆍ유제품은 복용 중, 복용 전후에는 피하십시오."
200001712,삼남로페라마이드캡슐(로페라미드염산염),삼남로페라마이드,로페라미드염산염,삼남제약(주),https://nedrug.mfds.go.kr/pbp/cmn/itemImageDownload/147427718028200185,"퀴니딘, 리토나비르와 함께 복용 시 의사 또는 약사와 상의하십시오."
200001713,세티진정(세티리진염산염),세티진,세티리진염산염,삼남제약(주),https://nedrug.mfds.go.kr/pbp/cmn/itemImageDownload/1OZiugAPfQ2,"이 약을 복용하는 동안 테오필린, 리토나비어, 과량의 알코올과 함께 복용하지 마십시오."
200001729,쎄레손크림,쎄레손,,경남제약(주),,
200001731,티눈스립에이액,티눈스립에이,,경남제약(주),,
200001760,베타딘액(포비돈요오드),베타딘,포비돈요오드,(주)한국파마,,"과산화수소를 함께 사용하지 마십시오.리튬제제, 클로르헥시딘, 설파디아진 은화합물, 알칼리, 수은을 함유한 제제, 효소성분의 상처치료제를 함께 사용 시 의사 또는 약사와 상의하십시오."
200001761,베타딘세정액(포비돈요오드),베타딘세,포비돈요오드,(주)한국파마,,"과산화수소와 함께 사용하지 마십시오.리튬제제, 클로르헥시딘, 설파디아진ㆍ은화합물, 알칼리, 수은을 함유한 제제, 효소성분의 상처치료제와 함께 사용 시 의사 또는 약사와 상의하십시오."
200001771,쎌스톤크림,쎌스톤,,(주)한국파마,,
200001775,지노베타딘질세정액(포비돈요오드),지노베타딘질세,포비돈요오드,(주)한국파마,,"과산화수소를 함께 사용하지 마십시오.리튬제제, 클로르헥시딘, 설파디아진 은화합물, 알칼리, 수은을 함유한 제제, 효소성분의 상처치료제를 함께 사용 시 의사 또는 약사와 상의하십시오."
200001880,라미렉스크림(테르비나핀염산염)(수출명:Lafine Cream),라미렉스,,한국유나이티드제약(주),,
200001947,소아용뮤코론시럽(카르보시스테인),소아용뮤코론,카르보시스테인,부광약품(주),,"항생물질, 트리메토퀴놀염산염을 함유하는 시럽제와 함께 복용 시 의사 또는 약사와 상의하십시오."
200001948,뮤코론5%시럽(카르보시스테인),뮤코론,카르보시스테인,부광약품(주),,"항생물질, 트리메토퀴놀염산염을 함유하는 시럽제와 함께 복용 시 의사 또는 약사와 상의하십시오."
200001951,뱅드롱액,뱅드롱,,부광약품(주),,"다른 진토제, 감기약, 해열진통제, 항히스타민제, 진정제, 진해거담제와 함께 복용하지 마십시오."
200002301,한신한스콜에스캡슐,한신한스콜에스,,(주)한국신약,https://nedrug.mfds.go.kr/pbp/cmn/itemImageDownload/147427790536200022,"진해거담제, 다른 감기약, 해열진통제, 진정제, 항히스타민제를 함유하는 내복약(비염용 경구제, 멀미약, 알레르기용약)과 함께 복용하지 마십시오. 당뇨약, 통풍약, 관절염약, 항응고제, 스테로이드제, 바르비탈계 약물, 삼환계 항우울제 및 알코올을 투여한 환자, 칼륨함유제제, 감초함유제제, 글리시리진산 또는 그 염류 함유제제, 루프계 이뇨제(푸로세미드, 에타크린산) 또는 티아지드계 이뇨제(트리클로르메티아지드), 플루클록사실린과 함께 복용 시 의사 또는 약사와 상의하십시오. 복용 중에는 음주하지 마십시오."
200002328,베루본에스정,베루본에스,,오스틴제약(주),https://nedrug.mfds.go.kr/pbp/cmn/itemImageDownload/147427708320500126,"위장진통제, 진경제와 함께 복용하지 마십시오.복용 중에는 음주하지 마십시오."
200002385,클리신정(클로닉신리시네이트)(수출명:CLICIN Tab),클리신,,오스틴제약(주),https://nedrug.mfds.go.kr/pbp/cmn/itemImageDownload/147427504480900056,"이 약을 복용하는 동안 다른 비스테로이드성 소염진통제, ACE 억제제 또는 안지오텐신Ⅱ 수용체 길항제, 아스피린, 이뇨제, 리튬, 메토트렉세이트, 쿠마린계 항응고제(와파린 등), 시클로스포린 및 타크로리무스, 항혈소판제 및 선택적 세로토닌 재흡수 억제제(SSRI), 코르티코스테로이드를 함께 복용하지 마십시오.이 약을 복용하기 전에 미소프로스톨 등으로 소화성궤양 치료를 병행하고 있는 환자는 의사 또는 약사와 상의하십시오."
200002386,세미론정,세미론,,오스틴제약(주),https://nedrug.mfds.go.kr/pbp/cmn/itemImageDownload/1OYGJmTIrkr,
200002388,카라밴크림,카라밴,,오스틴제약(주),,
200002391,오스틴퓨시드산나트륨연고(수출명: FURCIDATE Ointment 10g),오스틴퓨시드산나트륨,,오스틴제약(주),,
200002422,안티비오캡슐300mg(락토바실루스아시도필루스균)(수출용),안티비오,,한화제약(주),https://nedrug.mfds.go.kr/pbp/cmn/itemImageDownload/1Orz9gcUHNm,
200002423,안티비오과립300밀리그램(락토바실루스아시도필루스균)(수출용),안티비오,,한화제약(주),,
200002439,"케바논첩부제(케토프로펜)(수출명:PlasterJoint,PolyArtritoPlast,KEPAX)",케바논첩부제,,대화제약(주),,
200002441,데마코트에스크림,데마코트에스,,대화제약(주),,
200002457,에너골드액,에너골드,,고려제약(주),,
200002463,베타엠크림,베타엠,,고려제약(주),,
200002466,산타몬플러스액,산타몬플러스,,고려제약(주),,"인산염, 칼슘염, 경구용 테트라사이클린계 항생제, 제산제와 함께 복용하지 마십시오. 항알도스테론제, 트리암테렌, 퀴놀론계, 페니실라민, 클로람페니콜, 콜레스티라민, 췌장엑스 및 비타민 E와 같은 제제, 200 ㎎ 이상의 아스코르빈산(비타민 C)과 함께 복용 시 의사 또는 약사와 상의하십시오. 녹차, 홍차 등 탄닌을 함유하는 차 및 우유ㆍ유제품은 복용 중, 복용 전후에는 피하십시오."
200002714,트립라인정,트립라인,,하이플생명과학(주),https://nedrug.mfds.go.kr/pbp/cmn/itemImageDownload/147765863312600192,항응고제를 함께 사용 시 의사 또는 약사와 상의하십시오.
200002729,자니틴정(니자티딘),자니틴,니자티딘,경동제약(주),https://nedrug.mfds.go.kr/pbp/cmn/itemImageDownload/1Oi0vWfEyjN,"이 약을 복용하는 동안 다른 위장약, 스테로이드제, 항생물질, 항암제, 아졸계 항진균제, 고용량(3,900 mg)의 아스피린, 게피티니브, 프룰리플록사신 또는 아타나자비어를 복용하지 마십시오.복용 중에는 음주하지 마십시오.카페인, 초콜렛, 튀긴 음식을 복용 중에는 피하십시오."
200002774,베데스타-지크림,베데스타-지,,한국넬슨제약(주),,
200002782,헬스리바액,헬스리바,,(주)테라젠이텍스,,
200002783,기노엘연질캡슐(L-시스틴),기노엘,L-시스틴,(주)테라젠이텍스,https://nedrug.mfds.go.kr/pbp/cmn/itemImageDownload/1NSBhKkKwgv,
200002787,세르비아캡슐(엔테로코쿠스페슘스트레인세르넬레68균),세르비아,엔테로코쿠스페슘스트레인세르넬레68균,(주)테라젠이텍스,https://nedrug.mfds.go.kr/pbp/cmn/itemImageDownload/1Obpxy772SA,"테트라사이클린, 암피실린, 클로람페니콜, 세팔로리딘과 함께 사용 시 의사 또는 약사와 상의하십시오."
200002813,엘스킨크림,엘스킨,,에스케이케미칼(주),,
200002833,베타겐지크림,베타겐지,,(주)팜젠사이언스,,
200002975,에어로민캡슐,에어로민,,신일제약(주),https://nedrug.mfds.go.kr/pbp/cmn/itemImageDownload/147427693190900108,"이 약을 복용하는 동안 다른 진해거담제, 감기약, 항히스타민제를 함유하는 내복약(비염(코염)용 경구제, 멀미약, 알레르기용약), 진정제를 복용하지 마십시오. 복용 중에는 음주하지 마십시오."
200002985,액소도스정,액소도스,,신일제약(주),https://nedrug.mfds.go.kr/pbp/cmn/itemImageDownload/150903246627300082,"혈압강하제, 알코올, 중추신경억제제(수면제, 진정제, 안정제), MAO 억제제, 교감신경흥분제, 삼환계 항우울약, 구아네티딘, 브레틸리움, 베타나이드, 데브리소퀸, 메칠도파, 교감신경성약(충혈제거제, 식욕억제제, 암페타민류의 신경자극제), 및 아드레날린 저해제(억제제)와 함께 복용하지 마십시오."
200002990,크마론지크림,크마론지,,신일제약(주),,
200003005,코티-스포린연고(수출명:CorcinotaffOint.),코티-스포린,,신일제약(주),,
200003007,케어스킨로션 2.5%(히드로코르티손),케어스킨,히드로코르티손,신일제약(주),,
200003008,케어스킨로션1%(히드로코르티손),케어스킨,히드로코르티손,신일제약(주),,
200003011,이지정(디시클로민염산염),이지,디시클로민염산염,신일제약(주),https://nedrug.mfds.go.kr/pbp/cmn/itemImageDownload/147427738395000021,"페노티아진계 약물, 삼환계 항우울약, MAO억제제, 마약성진통제, 부정맥용제, 벤조디아제핀계 약물과 함께 복용 시 의사 또는 약사와 상의하십시오."
200003101,쎄코론지크림,쎄코론지,,한미약품(주),,
200003092,한미아스피린장용정100밀리그램,한미아스피린장용,,한미약품(주),https://nedrug.mfds.go.kr/pbp/cmn/itemImageDownload/1Pmc2gejIbM,"다른 비스테로이드성 소염진통제 및 살리실산 제제, 일주일 동안 메토트렉세이트 15밀리그람(15mg/주) 이상의 용량은 이 약과 병용 투여 시 출혈이 증가되거나 신기능이 감소될 수 있으므로 함께 사용하지 않습니다. 항응고제, 이부프로펜, 나프록센 등 일부 비스테로이드성 소염진통제, 혈전용해제, 다른 혈소판응집억제제, 지혈제, 당뇨병치료제(인슐린제제, 톨부타미드 등), 요산배설촉진제(벤즈브로마론, 프로베네시드), 티아지드계 이뇨제, 리튬제제, 선택적 세포토닌 재흡수 억제제, 디곡신, 전신 작용 부신피질호르몬 제제(애디슨병 대체요법용 히드로코티손 제외), 안지오텐신 전환 효소 억제제, 발프로산 제제를 복용하는 사람은 의사 또는 약사와 상의하십시오. 알칼리제제(예: 탄산수소나트륨, 탄산마그네슘) 또는 습기가 차기 쉬운 제제와 함께 섞지 마십시오. 알코올과 병용 투여 시 위장관 점막 손상이 증가하고, 이 약과 알코올의 상승효과로 인해 출혈시간이 연장될 수 있습니다."
200003107,코스펜에이시럽,코스펜에이,,한미약품(주),,"MAO 억제제, 혈압강하제, 알코올, 중추신경억제제(수면제, 진정제, 안정제), 교감신경흥분제, 삼환계 항우울약, 구아네티딘, 브레틸리움, 베타나이드, 데브리소퀸, 메틸도파, 교감신경성약(충혈제거제, 식욕억제제, 암페타민류의 신경자극제), 및 아드레날린억제제와 함께 복용하지 마십시오."
200003108,파워겔(리도카인),파워,리도카인,한미약품(주),,
200003117,노원질좌제100밀리그램(노녹시놀9),노원질,노녹시놀9,한미약품(주),,
200003152,세스틴크림,세스틴,,(주)한국파비스제약,,
200003154,에치탑캡슐,에치탑,,(주)한국파비스제약,https://nedrug.mfds.go.kr/pbp/cmn/itemImageDownload/1Mv12iojCkF,"이 약을 복용하는 동안에는 다른 진해거담제, 감기약, 항히스타민제를 함유하는 내복약(비염용 경구제, 멀미약, 알레르기용약), 진정제를 복용하지 마십시오. MAO억제제(항우울제, 항정신병제, 감정조절제, 항파킨슨제 등)를 복용하거 있거나 복용을 중단한 후 2주 이내의 사람은 이 약을 복용하지 마십시오. 복용 중에는 음주하지 마십시오,"
200003320,하이마린연질캡슐,하이마린,,광동제약(주),https://nedrug.mfds.go.kr/pbp/cmn/itemImageDownload/148725967500800099,레보도파와 함께 복용하지 마십시오.정주용 지질제와 함께 복용 시 의사 또는 약사와 상의하십시오.
200003399,로마졸크림(클로트리마졸),로마졸,클로트리마졸,(주)씨엠지제약,,이 약 사용 시 국소적용한 암포테리신 B 및 폴리엔계 항생물질의 작용을 약화시킬 수 있습니다.
200003409,리메부틴정(트리메부틴말레산염),리메부틴,트리메부틴말레산염,(주)씨엠지제약,https://nedrug.mfds.go.kr/pbp/cmn/itemImageDownload/147427723389300085,
200003434,레스톤크림,레스톤,,(주)씨엠지제약,,
200003464,알피렌연질캡슐,알피렌,,알파제약(주),https://nedrug.mfds.go.kr/pbp/cmn/itemImageDownload/147427795990100078,"이 약을 복용하는 동안 인산염, 칼슘염, 경구용 테트라사이클린계 제제, 제산제를 함께 복용하지 마십시오. 에스트로겐을 포함한 경구용 피임제, 항알도스테론제, 트리암테렌, 정주용 지질제와 함께 사용 시 의사 또는 약사와 상의하십시오. 녹차, 홍차 등 탄닌을 함유하는 차는 복용 중, 복용 전후에는 피하십시오."
200003481,노스카연고,노스카,,조아제약(주),,
200003482,손바렌연고(요소),손바렌,요소,조아제약(주),,"코르티코이드, 디트라놀, 5-플루오로우라실과 함께 사용 시 의사 또는 약사와 상의하십시오."
200003483,조아스트롱조인트겔(케토프로펜),조아스트롱조인트,케토프로펜,조아제약(주),,
200003488,콜콜에스캡슐,콜콜에스,,조아제약(주),https://nedrug.mfds.go.kr/pbp/cmn/itemImageDownload/147427753862000102,"진해(기침을 그치게 함)거담제(가래약), 다른 감기약, 해열진통제, 진정제, 항히스타민제를 함유하는 내복약(비염(코염)용 경구제, 멀미약, 알레르기용약)과 함께 복용하지 마십시오. MAO억제제(항우울제, 항정신병제, 감정조절제, 항파킨슨제 등)를 복용하고 있거나 복용을 중단한 후 2주 이내의 사람은 이 약을 복용하지 마십시오. 당뇨약, 통풍약, 관절염약, 항응고제, 스테로이드제, 바르비탈계 약물, 삼환계 항우울제, 알코올, 칼륨함유제제, 감초함유제제, 글리시리진산 또는 그 염류 함유제제, 루프계 이뇨제(푸로세미드, 에타크린산) 또는 티아지드계 이뇨제(트리클로르메티아지드), 플루클록사실린과 함께 복용 시 의사 또는 약사와 상의하십시오. 복용 중에는 음주하지 마십시오."
200003489,다펜캡슐(이부프로펜)(수출용),다펜,,조아제약(주),https://nedrug.mfds.go.kr/pbp/cmn/itemImageDownload/1Oi0vWfEyhP,"다른 비스테로이드성 소염진통제(NSAIDs)와 함께 복용하지 마십시오. 심근경색이나 뇌졸중 예방목적으로 저용량 아스피린을 복용하는 사람은 의사 또는 약사와 상의하십시오. ACE 저해제, 리튬, 푸로세미드 및 치아짓계 이뇨제, 메토트렉세이트, 쿠마린계 항응혈제(와파린 등), 선택적 세로토닌 재흡수억제제(SSRI)와 함께 복용 시 의사 또는 약사와 상의하십시오. 이 약을 복용하는 동안 수유하지 마십시오."
200003491,크린지크림,크린지,,조아제약(주),,
200003493,맥타정,맥타,,조아제약(주),https://nedrug.mfds.go.kr/pbp/cmn/itemImageDownload/147427753862000099,레보도파와 함께 복용하지 마십시오.에스트로겐을 포함한 경구용 피임제와 함께 복용 시 의사 또는 약사와 상의하십시오.
200003496,엘라스겔(수출용),엘라스,,조아제약(주),,
200003806,마그페롤연질캡슐,마그페롤,,지엘팜텍(주),https://nedrug.mfds.go.kr/pbp/cmn/itemImageDownload/151732680805000078,"인산염, 칼슘염, 경구용 테트라사이클린계 제제, 제산제와 함께 복용하지 마십시오.에스트로겐을 포함한 경구용 피임제, 항알도스테론제, 트리암테렌, 정주용 지질제와 함께 사용시 의사 또는 약사와 상의하십시오.녹차, 홍차 등 탄닌을 함유하는 차는 복용 중, 복용 전후에는 피하십시오."
200003982,아몰지에이크림,아몰지에이,,초당약품공업(주),,
200004038,리피클연질캡슐,리피클,,알보젠코리아(주),https://nedrug.mfds.go.kr/pbp/cmn/itemImageDownload/147809045897300021,
200004060,녹십자아시클로버크림,녹십자아시클로버,,(주)녹십자,,프로베네시드를 투여한 환자는 의사 또는 약사와 상의하십시오.
200004086,노바손크림,노바손,,(주)녹십자,,
200004251,스팅겔(디클로페낙나트륨),스팅,디클로페낙나트륨,(주)서울제약,,"비스테로이드성 소염진통제(NSAIDs), 지혈을 방해하는 약물(예: 와파린), 항혈소판제(예: 아스피린), 선택적 세로토닌 재흡수 억제제(SSRI) 및 세로토닌 노르에피네프린 재흡수 억제제(SNRI)와 함께 복용 시 의사 또는 약사와 상담하십시오."
200004264,기가에이연질캡슐,기가에이,,(주)알피바이오,https://nedrug.mfds.go.kr/pbp/cmn/itemImageDownload/154653006580000100,"MAO 억제제(항우울제, 항정신병제, 감정조절제, 항파킨슨제 등), 다른 진해(기침을 그치게 함)·거담제(가래약), 감기약, 항히스타민제를 함유하는 내복약(비염(코염)용 경구제, 멀미약, 알레르기용약), 진정제와 함께 복용하지 마십시오."
200004284,알부론액(폴리말토오스수산화제이철착염),알부론,폴리말토오스수산화제이철착염,한림제약(주),,"인산염, 칼슘염, 경구용 테트라사이클린계 항생제, 제산제와 함께 복용하지 마십시오.철 함유제제(철분제, MRI용 간장 조영제 등), 항알도스테론제, 트리암테렌, 디포스폰산 염류, 티록신, 세프디니르 제제, 퀴놀론계, 페니실라민, 콜레스티라민, 췌장엑스 및 비타민 E와 같은 제제, 200 ㎎ 이상의 아스코르빈산(비타민 C)과 함께 복용 시 의사 또는 약사와 상의하십시오.녹차, 홍차 등 탄닌을 함유하는 차 및 우유ㆍ유제품은 복용 중, 복용 전후에는 피하십시오."
200004479,감바로과립,감바로,,한솔신약(주),,"진해거담제, 다른 감기약, 해열진통제, 진정제, 항히스타민제를 함유하는 내복약(비염용 경구제, 멀미약, 알레르기용약)과 함께 복용하지 마십시오. 이뇨제, 당뇨약, 통풍약, 관절염약, 항응고제, 스테로이드제, 칼륨함유제제, 감초함유제제, 글리시리진산 또는 그 염류 함유제제, 루프계 이뇨제(푸로세미드, 에타크린산) 또는 티아지드계 이뇨제(트리클로르메티아지드)와 함께 복용 시 의사 또는 약사와 상의하십시오. 복용 중에는 음주하지 마십시오."
200004608,아우스에프캡슐(수출용),아우스에프,,한국코러스(주),https://nedrug.mfds.go.kr/pbp/cmn/itemImageDownload/147428190319900059,레보도파와 함께 복용하지 마십시오.에스트로겐이 포함된 경구용 피임제와 함께 복용 시 의사 또는 약사와 상의하십시오.
200004617,하이눈점안액,하이눈,,유니메드제약(주),,
200004646,유니텐점안액(케토티펜푸마르산염),유니텐,케토티펜푸마르산염,유니메드제약(주),,
200004835,그린태고액1%(알킬디아미노에틸글리신염산염액),그린태고,알킬디아미노에틸글리신염산염액,(주)그린제약,,다른 소독제와 함께 사용하지 마십시오.
200004836,솔트액,솔트,,(주)그린제약,,
200004840,그린클로르헥시딘크림(클로르헥시딘글루콘산염액),그린클로르헥시딘,클로르헥시딘글루콘산염액,(주)그린제약,,
200004875,아시토바캡슐300mg(락토바실루스아시도필루스균),아시토바,락토바실루스아시도필루스균,대한뉴팜(주),https://nedrug.mfds.go.kr/pbp/cmn/itemImageDownload/1PKRMnktmm4,
200005321,타스나정(탄산수소나트륨),타스나,탄산수소나트륨,(주)넥스팜코리아,https://nedrug.mfds.go.kr/pbp/cmn/itemImageDownload/1PUAjlx9I7l,"이 약의 소화관내·체액의 pH 상승에 의해 병용약물의 흡수·배설에 영향을 줄 수 있으므로 신중히 투여합니다.다량의 우유, 칼슘제제와 함께 복용 시 우유 알칼리 증후군(고칼슘혈증, 고질소혈증, 알카리증 등)이 나타날 수 있으므로 의사 또는 약사와 상의하십시오."
200005087,아시돌연질캡슐1마이크로그램(알파칼시돌),아시돌,알파칼시돌,한국프라임제약(주),https://nedrug.mfds.go.kr/pbp/cmn/itemImageDownload/1OmrseGd9Id,"이 약을 복용하는 동안 마그네슘 함유제제, 비타민 D와 그 유도체, 칼슘 함유제제 또는 티아지드계 이뇨제를 함께 복용하지 마십시오.이 약을 복용하기 전에 디기탈리스, 콜레스티라민 같은 수지나 사하제인 미네랄 오일, 페니토인과 글루코코르티코이드, 콜레스티폴, 수크랄페이트 또는 알루미늄이 다량 함유된 제산제, 에스트로겐(에치닐에스트라디올, 노르에티스테론), 바르비탈계 약물 또는 항전간제를 복용 중인 환자는 의사 또는 약사와 상의하십시오."
200005559,1.큐앤큐포비돈거즈볼-중(포비돈요오드)2.큐앤큐포비돈거즈볼-대(포비돈요오드),1.큐앤큐포비돈거즈볼-중2.큐앤큐포비돈거즈볼-대,포비돈요오드,큐앤큐팜(주),,"과산화수소와 함께 사용하지 마십시오.리튬제제, 클로르헥시딘, 설파디아진ㆍ은화합물, 알칼리, 수은을 함유한 제제, 효소성분의 상처치료제와 함께 사용 시 의사 또는 약사와 상의하십시오."
200008588,카네스텐산제(클로트리마졸),카네스텐산제,클로트리마졸,바이엘코리아(주),,암포테리신 B 및 폴리엔계 항생물질을 함께 복용(사용)하는 경우 의사 또는 약사와 상의하십시오.
200008589,카네스텐1질정(클로트리마졸),카네스텐1질,클로트리마졸,바이엘코리아(주),https://nedrug.mfds.go.kr/pbp/cmn/itemImageDownload/1Pm1vy6QJ9U,이 약을 사용하는 동안 경구용 타크로리무스와 함께 사용하지 마십시오.
200008590,카네스텐질정(클로트리마졸),카네스텐질,클로트리마졸,바이엘코리아(주),https://nedrug.mfds.go.kr/pbp/cmn/itemImageDownload/1O3VwdlngtY,이 약을 사용하는 동안 경구용 타크로리무스와 함께 사용하지 마십시오.
200008591,바이엘아스피린정500밀리그람,바이엘아스피린정500밀리그람,,바이엘코리아(주),https://nedrug.mfds.go.kr/pbp/cmn/itemImageDownload/154600751326600088,"메토트렉세이트 15밀리그람(15 mg/주) 이상의 용량, 다른 비스테로이드성 소염진통제 및 살리실산 제제와 함께 사용하지 마십시오. 항응고제, 혈전용해제 또는 다른 혈소판응집억제제, 지혈제 및 당뇨병치료제(인슐린제제, 톨부타미드 등), 요산배설촉진제(벤즈브로마론, 프로베네시드), 저용량의 메토트렉세이트, 아세틸살리실산(아스피린), 리튬제제, 이부프로펜, 선택적 세로토닌 재흡수 억제제, 디곡신, 전신 작용 부신피질호르몬 제제(애디슨병 대체요법용 히드로코티손 제외), 안지오텐신 전환 효소 억제제, 발프로산을 복용하는 환자는 의사 또는 약사와 상의하십시오."
200009525,로와콜연질캡슐,로와콜,,(주)한국팜비오,https://nedrug.mfds.go.kr/pbp/cmn/itemImageDownload/147428048275900010,"경구용 항응고제, 간에 의해서 대사, 배설되는 약물과 함께 복용 시 의사 또는 약사와 상의하십시오."
200009624,"아셈지크림(수출명:라밴덤크림,비겐덤크림)",아셈지,,(주)에이프로젠바이오로직스,,
200009333,에이리스정,에이리스,,한국화이자제약(주),https://nedrug.mfds.go.kr/pbp/cmn/itemImageDownload/147921230658400088,"C형 간염 직접 작용 항바이러스제(옴비타스비르, 파리타프레비르, 리토나비르 복합제 등), 페니토인, 바르비탈류, 프리미돈, 카르바마제핀, 리팜피신, 루피나미드, 아프레피탄트, 보센탄, 에파비렌즈, 옥스카르바제핀, 토피라메이트, 펠바메이트, 그리세오풀빈과 세인트존스풀, 고지혈증약물, 항생제와 함께 복용하지 마십시오.자몽주스와 함께 복용하지 마십시오."
200009522,머시론정,머시론,,알보젠코리아(주),https://nedrug.mfds.go.kr/pbp/cmn/itemImageDownload/1MpYN6WeYa0,"C형 간염 직접 작용 항바이러스제, 페니토인, 히단토인, 바르비탈계 약물, 프리미돈, 카르바마제핀, 리팜피신, 리파부틴, 옥스카르바제핀, 토피라메이트, 펠바메이트, 그리세오풀빈, 루피나미드, 아프레피탄트, 일부 HIV 프로테아제 저해제(예 : 리토나비르),비뉴클레오시드유사체 역전사효소억제제(에파비렌즈), 성요한풀 함유 제품 및 자몽주스와 함께 복용하지 마십시오.상세한 상호작용 약물은 허가사항 상세정보를 확인하십시오."
200100102,볼그레캡슐(철-아세틸트랜스페린),볼그레,철-아세틸트랜스페린,(주)종근당,https://nedrug.mfds.go.kr/pbp/cmn/itemImageDownload/154601161228500025,"인산염, 칼슘염, 경구용 테트라사이클린계 항생제, 제산제와 함께 복용하지 마십시오.이 약을 복용하기 전에 철 함유제제(철분제, MRI용 간장 조영제 등), 항알도스테론제, 트리암테렌, 퀴놀론계, 페니실라민, 네오마이신, 콜레스티라민, 췌장엑스 및 비타민 E, 디포스폰산 염류, 티록신, 세프디니르 제제, 200 mg 이상의 아스코르빈산(비타민 C)을 복용 시 의사 또는 약사와 상의하십시오.녹차, 홍차 등 탄닌을 함유하는 차 및 우유ㆍ유제품은 복용 중, 복용 전후에는 피하십시오."
200100163,뮤코브이시럽(암브록솔염산염),뮤코브이,암브록솔염산염,이연제약(주),,"에리트로마이신, 세팔렉신, 옥시테트라사이클린, 아목시실린, 세퓨록심, 독시사이클린 등의 항생물질과 함께 복용 시 의사 또는 약사와 상의하십시오."
200100244,비나폴로엑스트라연질캡슐,비나폴로엑스트라,,(주)유유제약,https://nedrug.mfds.go.kr/pbp/cmn/itemImageDownload/1Pvn3im1elo,"이 약을 복용하는 동안 레보도파를 함께 복용하지 마십시오.에스트로겐을 포함한 경구용 피임제, 정주용 지질제와 함께 사용 시 의사 또는 약사와 상의하십시오."
200100323,팍스정(덱시부프로펜),팍스,덱시부프로펜,(주)에이프로젠바이오로직스,https://nedrug.mfds.go.kr/pbp/cmn/itemImageDownload/1O597tTU9c_,"아스피린, 다른 비스테로이드성 소염진통제, 고용량의 메토트렉세이트와 함께 복용하지 마십시오. 이 약을 복용하기 전에 코르티코스테로이드, 알코올, 디곡신, 페니토인, 프로베네시드, 설핀피라존, 설포닐우레아제, ACE 억제제 또는 안지오텐신Ⅱ 수용체 길항제, 이뇨제, 리튬, 쿠마린계 항응고제(와르파린 등), 바클로펜, 면역억제제(시클로스포린, 타크로리무스, 시롤리무스), 혈전용해제, 티클로피딘, 항혈전제, 혈중 칼륨농도를 증가시키는 약물(예, 칼륨 저류형 이뇨제, ACE 억제제, 안지오텐신-Ⅱ 수용체 길항제, 시클로스포린과 타크로리무스와 같은 면역억제제, 트리메토프림, 헤파린 등), CYP2C8, CYP2C9의 유도제(예, 리팜피신, 페노바르비탈), 저용량(15 mg/주 미만)의 메토트렉세이트, 항혈소판제 및 선택적 세로토닌 재흡수 억제제, 저용량 아스피린과 함께 복용 시 의사 또는 약사와 상의하십시오."
200100417,덱사펜정(덱시부프로펜),덱사펜,덱시부프로펜,하나제약(주),https://nedrug.mfds.go.kr/pbp/cmn/itemImageDownload/1PPb53M-tRh,"아스피린, 다른 비스테로이드성 소염진통제, 고용량의 메토트렉세이트와 함께 복용하지 마십시오. 이 약을 복용하기 전에 코르티코스테로이드, 알코올, 디곡신, 페니토인, 프로베네시드, 설핀피라존, 설포닐우레아제, ACE 억제제 또는 안지오텐신Ⅱ 수용체 길항제, 이뇨제, 리튬, 쿠마린계 항응고제(와르파린 등), 바클로펜, 면역억제제(시클로스포린, 타크로리무스, 시롤리무스), 혈전용해제, 티클로피딘, 항혈전제, 혈중 칼륨농도를 증가시키는 약물(예, 칼륨 저류형 이뇨제, ACE 억제제, 안지오텐신-Ⅱ 수용체 길항제, 시클로스포린과 타크로리무스와 같은 면역억제제, 트리메토프림, 헤파린 등), CYP2C8, CYP2C9의 유도제(예, 리팜피신, 페노바르비탈), 저용량(15 mg/주 미만)의 메토트렉세이트, 항혈소판제 및 선택적 세로토닌 재흡수 억제제, 저용량 아스피린과 함께 복용 시 의사 또는 약사와 상의하십시오."
200100431,셀트리온트리메부틴말레산염정,셀트리온트리메부틴말레산염,,(주)셀트리온제약,https://nedrug.mfds.go.kr/pbp/cmn/itemImageDownload/1NOwp2F6Frk,
200100454,성광알파헥시딘가글액(글루콘산클로르헥시딘액),성광알파헥시딘가글,글루콘산클로르헥시딘액,(주)퍼슨,,
200100459,위푸린산,위푸린,,정우신약(주),,
200100545,제일한방파프에이카타플라스마,제일한방파프에이카타플라스마,,제일헬스사이언스(주),,
200100576,뉴란타액(수출명:NewlantineSuspension),뉴란타,,(주)대웅제약,,테트라사이클린계 항생제와 함께 복용하지 마십시오.
200100584,쎄레마일드연고,쎄레마일드,,(주)유한양행,,
200100586,유한비타민씨정1000mg,유한비타민씨,,(주)유한양행,https://nedrug.mfds.go.kr/pbp/cmn/itemImageDownload/147427738395000126,"과도한 음주나 흡연을 삼가하십시오.이 약을 복용하기 전에 경구(먹는)용 항응고제(쿠마린계 약물), 살리실산염, 아스피린, 철분제, 페니토인 및 일부 항전간(간질)제, 에스트로겐이 포함된 경구(먹는)용 피임약, 테트라싸이클린계 항생제, 플루페나진, 오르리스타트, 바르비탈산 유도체, 코르티코스테로이드제를 복용 중인 환자는 의사 또는 약사와 상의하십시오."
200100592,코푸정에스,코푸정에스,,(주)유한양행,https://nedrug.mfds.go.kr/pbp/cmn/itemImageDownload/147427738395000117,"MAO 억제제(항우울제, 항정신병제, 감정조절제, 항파킨슨제 등), 다른 진해거담제, 감기약, 항히스타민제, 진정제, 알코올 등과 함께 복용하지 마십시오.복용 중에는 음주하지 마십시오."
200100614,코미정,코미,,코오롱제약(주),https://nedrug.mfds.go.kr/pbp/cmn/itemImageDownload/1O87NhauB-5,"MAO 저해제, 진정제, 신경안정제와 함께 사용하지 마십시오."
200100673,프리카바에프캡슐(수출명:FreecofCapsules),프리카바에프,,(주)마더스제약,https://nedrug.mfds.go.kr/pbp/cmn/itemImageDownload/147427748827800158,"다른 진해거담제, 감기약, 항히스타민제, 진정제, 알코올과 함께 복용하지 마십시오."
200100718,정장생과립(바실루스리케니포르미스균),정장생,바실루스리케니포르미스균,아주약품(주),,"시플록사신, 이미페넴, 시라스틴나트륨과 함께 복용하지 마십시오."
200100780,동화덴스톨캡슐,동화덴스톨,,동화약품(주),https://nedrug.mfds.go.kr/pbp/cmn/itemImageDownload/1OolGzblOlI,이 약을 복용하기 전에 다른 약물을 복용하고 있는 경우 의사 또는 약사와 상의하십시오.
200100794,코비안에스시럽,코비안에스,,삼아제약(주),,"MAO 저해제를 복용하는 환자는 이 약을 복용하지 마십시오. 진정제, 신경안정제를 함께 복용 시 의사 또는 약사와 상의하십시오. 알코올성 음료를 피하십시오."
200100795,코비안에스정,코비안에스,,삼아제약(주),https://nedrug.mfds.go.kr/pbp/cmn/itemImageDownload/147427748827800116,"MAO 저해제, 진정제, 신경안정제와 함께 사용하지 마십시오. 복용 중에는 알코올성 음료를 피하십시오."
200100837,콜민-에이정,콜민-에이,,영진약품(주),https://nedrug.mfds.go.kr/pbp/cmn/itemImageDownload/1Pvn3im1pgz,"MAO 저해제 치료를 받고 있는 환자, 진정제, 신경안정제를 투여받고 있는 환자는 이 약을 복용하지 마십시오. 복용 중에는 알코올성 음료를 피하십시오."
200100900,크리벤트점안액(크로몰린나트륨),크리벤트,크로몰린나트륨,삼천당제약(주),,
200100920,제올라에스액,제올라에스,,태극제약(주),,
200100997,에쟈스민정(로라타딘),에쟈스민,로라타딘,(주)제뉴파마,https://nedrug.mfds.go.kr/pbp/cmn/itemImageDownload/1PF7kny81eQ,"이 약을 복용하는 동안 시메티딘, 에리트로마이신, 케토코나졸, 퀴니딘, 플루코나졸, 플루옥세틴, 간 대사를 억제하는 약물을 함께 복용하지 마십시오."
200101022,제이타딘정(로라타딘),제이타딘,로라타딘,(주)비보존제약,https://nedrug.mfds.go.kr/pbp/cmn/itemImageDownload/1On2ryplKuH,"이 약을 복용하는 동안 시메티딘, 에리트로마이신, 케토코나졸, 퀴니딘, 플루코나졸, 플루옥세틴, 간 대사를 억제하는 약물을 함께 복용하지 마십시오."
200100915,애니펜정150밀리그램(덱시부프로펜),애니펜,덱시부프로펜,안국약품(주),https://nedrug.mfds.go.kr/pbp/cmn/itemImageDownload/1Q15VuDmtPU,"아스피린, 다른 비스테로이드성 소염진통제, 고용량의 메토트렉세이트와 함께 복용하지 마십시오. 이 약을 복용하기 전에 코르티코스테로이드, 알코올, 디곡신, 페니토인, 프로베네시드, 설핀피라존, 설포닐우레아제, ACE 억제제 또는 안지오텐신Ⅱ 수용체 길항제, 이뇨제, 리튬, 쿠마린계 항응고제(와르파린 등), 바클로펜, 면역억제제(시클로스포린, 타크로리무스, 시롤리무스), 혈전용해제, 티클로피딘, 항혈전제, 혈중 칼륨농도를 증가시키는 약물(예, 칼륨 저류형 이뇨제, ACE 억제제, 안지오텐신-Ⅱ 수용체 길항제, 시클로스포린과 타크로리무스와 같은 면역억제제, 트리메토프림, 헤파린 등), CYP2C8, CYP2C9의 유도제(예, 리팜피신, 페노바르비탈), 저용량(15 mg/주 미만)의 메토트렉세이트, 항혈소판제 및 선택적 세로토닌 재흡수 억제제, 저용량 아스피린과 함께 복용 시 의사 또는 약사와 상의하십시오."
200100922,로노펜정(덱시부프로펜),로노펜,덱시부프로펜,태극제약(주),https://nedrug.mfds.go.kr/pbp/cmn/itemImageDownload/1OmQimQ2ns6,"아스피린, 다른 비스테로이드성 소염진통제, 고용량의 메토트렉세이트와 함께 복용하지 마십시오. 이 약을 복용하기 전에 코르티코스테로이드, 알코올, 디곡신, 페니토인, 프로베네시드, 설핀피라존, 설포닐우레아제, ACE 억제제 또는 안지오텐신Ⅱ 수용체 길항제, 이뇨제, 리튬, 쿠마린계 항응고제(와르파린 등), 바클로펜, 면역억제제(시클로스포린, 타크로리무스, 시롤리무스), 혈전용해제, 티클로피딘, 항혈전제, 혈중 칼륨농도를 증가시키는 약물(예, 칼륨 저류형 이뇨제, ACE 억제제, 안지오텐신-Ⅱ 수용체 길항제, 시클로스포린과 타크로리무스와 같은 면역억제제, 트리메토프림, 헤파린 등), CYP2C8, CYP2C9의 유도제(예, 리팜피신, 페노바르비탈), 저용량(15 mg/주 미만)의 메토트렉세이트, 항혈소판제 및 선택적 세로토닌 재흡수 억제제, 저용량 아스피린과 함께 복용 시 의사 또는 약사와 상의하십시오."
200100960,펜타우드정(덱시부프로펜),펜타우드,덱시부프로펜,(주)제뉴파마,https://nedrug.mfds.go.kr/pbp/cmn/itemImageDownload/1P2JYwFs5ey,"아스피린, 다른 비스테로이드성 소염진통제, 고용량의 메토트렉세이트와 함께 복용하지 마십시오. 이 약을 복용하기 전에 코르티코스테로이드, 알코올, 디곡신, 페니토인, 프로베네시드, 설핀피라존, 설포닐우레아제, ACE 억제제 또는 안지오텐신Ⅱ 수용체 길항제, 이뇨제, 리튬, 쿠마린계 항응고제(와르파린 등), 바클로펜, 면역억제제(시클로스포린, 타크로리무스, 시롤리무스), 혈전용해제, 티클로피딘, 항혈전제, 혈중 칼륨농도를 증가시키는 약물(예, 칼륨 저류형 이뇨제, ACE 억제제, 안지오텐신-Ⅱ 수용체 길항제, 시클로스포린과 타크로리무스와 같은 면역억제제, 트리메토프림, 헤파린 등), CYP2C8, CYP2C9의 유도제(예, 리팜피신, 페노바르비탈), 저용량(15 mg/주 미만)의 메토트렉세이트, 항혈소판제 및 선택적 세로토닌 재흡수 억제제, 저용량 아스피린과 함께 복용 시 의사 또는 약사와 상의하십시오."
200101016,데코라펜정(덱시부프로펜),데코라펜,덱시부프로펜,(주)비보존제약,https://nedrug.mfds.go.kr/pbp/cmn/itemImageDownload/1Orz9gcUHRQ,"아스피린, 다른 비스테로이드성 소염진통제, 고용량의 메토트렉세이트와 함께 복용하지 마십시오. 이 약을 복용하기 전에 코르티코스테로이드, 알코올, 디곡신, 페니토인, 프로베네시드, 설핀피라존, 설포닐우레아제, ACE 억제제 또는 안지오텐신Ⅱ 수용체 길항제, 이뇨제, 리튬, 쿠마린계 항응고제(와르파린 등), 바클로펜, 면역억제제(시클로스포린, 타크로리무스, 시롤리무스), 혈전용해제, 티클로피딘, 항혈전제, 혈중 칼륨농도를 증가시키는 약물(예, 칼륨 저류형 이뇨제, ACE 억제제, 안지오텐신-Ⅱ 수용체 길항제, 시클로스포린과 타크로리무스와 같은 면역억제제, 트리메토프림, 헤파린 등), CYP2C8, CYP2C9의 유도제(예, 리팜피신, 페노바르비탈), 저용량(15 mg/주 미만)의 메토트렉세이트, 항혈소판제 및 선택적 세로토닌 재흡수 억제제, 저용량 아스피린과 함께 복용 시 의사 또는 약사와 상의하십시오."
200101037,메빌정,메빌,,명인제약(주),https://nedrug.mfds.go.kr/pbp/cmn/itemImageDownload/147427748827800064,테트라사이클린계 항생제와 함께 복용하지 마십시오.
200101057,용각산쿨과립,용각산쿨,,(주)보령,,"다른 진해거담제, 감기약, 항히스타민제, 진정제, 알코올과 함께 복용하지 마십시오. 칼륨함유제제, 감초함유제제, 글리시리진산 또는 그 염류 함유제제, 루프계 이뇨제(푸로세미드, 에타크린산) 또는 티아지드계 이뇨제(트리클로르메티아지드)와 함께 사용 시 의사 또는 약사와 상의하십시오. 복용 중에는 음주하지 마십시오."
200101204,어의고첩카타플라스마(수출용),어의고첩카타플라스마,,신신제약(주),,
200101249,바이메드캡슐(사카로마이세스보울라르디균),바이메드,사카로마이세스보울라르디균,(주)테라젠이텍스,https://nedrug.mfds.go.kr/pbp/cmn/itemImageDownload/1MwjLoFp3yM,
200101315,벤포렉스캡슐,벤포렉스,,(주)다림바이오텍,https://nedrug.mfds.go.kr/pbp/cmn/itemImageDownload/1On2ryplKtR,레보도파와 함께 복용 시 의사 또는 약사와 상의하십시오.
200101554,화인코프에이캡슐,화인코프에이,,삼진제약(주),https://nedrug.mfds.go.kr/pbp/cmn/itemImageDownload/147929935910500154,"MAO억제제(항우울제, 항정신병제, 감정조절제, 항파킨슨제 등), 다른 진해거담제, 감기약, 항히스타민제를 함유하는 내복약(비염용 경구제, 멀미약, 알레르기용약), 진정제와 함께 복용하지 마십시오. MAO억제제(항우울제, 항정신병제, 감정조절제, 항파킨슨제 등) 복용을 중단한 후 2주 이내의 사람은 이 약을 복용하지 마십시오. 복용 중에는 음주하지 마십시오."
200101555,포나민정,포나민,,삼진제약(주),https://nedrug.mfds.go.kr/pbp/cmn/itemImageDownload/151853651029800012,"아세트아미노펜을 포함하는 다른 제품, 바르비탈계 약물, 삼환계 항우울약 및 알코올을 투여한 환자, 항전간제, 리팜피신과 함께 복용하지 마십시오. 항히스타민제, 퀴니딘, 아만타딘, 디소피라미드, 메토클로프라미드와 같은 항도파민약, -효능약, 프로판텔린, 클로람페니콜, 경구용 항응고약, 지도부딘, 플루클록사실린과 함께 복용 시 의사 또는 약사와 상의하십시오."
200101633,트리겔정,트리,,대원제약(주),https://nedrug.mfds.go.kr/pbp/cmn/itemImageDownload/147427743488900178,"테트라사이클린계 항생제는 함께 복용하지 마십시오. 이 약을 복용하기 전에 디곡신, 캅토프릴, 시메티딘, 라니티딘, 파모티딘, 테오필린, 프로프라놀롤, 아테놀롤, 황산철, 클로르프로마진, 아세틸살리실산, 나프록센, 메토프롤롤, 레보도파, 시프로플록사신, 오플록사신, 케토데옥시콜린산, 불화나트륨, 이소니아지드, 에녹사신, 노르플록사신, 레보티록신, 쿠마린유도체, 철, 클로르프로마진과 함께 사용 시 의사 또는 약사와 상의하십시오. 탄산음료는 복용 전에는 피하십시오."
200101683,덱스핀정(덱시부프로펜디.씨),덱스핀,덱시부프로펜디.씨,한국유나이티드제약(주),https://nedrug.mfds.go.kr/pbp/cmn/itemImageDownload/1Orz9gcUHl6,"아스피린, 다른 비스테로이드성 소염진통제, 고용량의 메토트렉세이트와 함께 복용하지 마십시오. 이 약을 복용하기 전에 코르티코스테로이드, 알코올, 디곡신, 페니토인, 프로베네시드, 설핀피라존, 설포닐우레아제, ACE 억제제 또는 안지오텐신Ⅱ 수용체 길항제, 이뇨제, 리튬, 쿠마린계 항응고제(와르파린 등), 바클로펜, 면역억제제(시클로스포린, 타크로리무스, 시롤리무스), 혈전용해제, 티클로피딘, 항혈전제, 혈중 칼륨농도를 증가시키는 약물(예, 칼륨 저류형 이뇨제, ACE 억제제, 안지오텐신-Ⅱ 수용체 길항제, 시클로스포린과 타크로리무스와 같은 면역억제제, 트리메토프림, 헤파린 등), CYP2C8, CYP2C9의 유도제(예, 리팜피신, 페노바르비탈), 저용량(15 mg/주 미만)의 메토트렉세이트, 항혈소판제 및 선택적 세로토닌 재흡수 억제제, 저용량 아스피린과 함께 복용 시 의사 또는 약사와 상의하십시오."
200101738,훼로바-유서방정(건조황산제일철),훼로바-유서방,건조황산제일철,부광약품(주),https://nedrug.mfds.go.kr/pbp/cmn/itemImageDownload/1Pvn3im1lhW,"이 약을 복용하는 동안 인산염, 칼슘염, 경구용 테트라사이클린계 항생제, 제산제와 함께 복용하지 마십시오.철 함유제제(철제, MRI용 간장 조영제 등), 항알도스테론제, 트리암테렌, 디포스폰산 염류, 티록신, 세프디니르 제제, 살리실산, 페닐부타존, 옥시펜부타존, 퀴놀론계, 페니실라민, 콜레스티라민, 췌장엑스 및 비타민 E와 같은 제제, 200 mg 이상의 아스코르빈산(비타민 C)과 함께 복용 시 의사 또는 약사와 상의하십시오.녹차, 홍차 등 탄닌을 함유하는 차 및 우유ㆍ유제품은 복용 중, 복용 전후에는 피하십시오."
200102013,엔터폴캡슐(니푸록사지드),엔터폴,니푸록사지드,오스틴제약(주),https://nedrug.mfds.go.kr/pbp/cmn/itemImageDownload/147427965508800091,"이 약을 복용하는 동안 설사 중에는 생야채, 과일, 녹색채소, 매운 음식과 얼린 음식 및 음료를 피하고 가능한 익힌 음식(고기, 쌀)을 섭취하십시오."
200102101,혜민고카타플라스마,혜민고카타플라스마,,대화제약(주),,
200101870,세리노즈정(세티리진염산염),세리노즈,세티리진염산염,에이치엘비제약(주),https://nedrug.mfds.go.kr/pbp/cmn/itemImageDownload/147427975564100013,"이 약을 복용하는 동안 테오필린, 리토나비어, 과량의 알코올과 함께 복용하지 마십시오."
200102543,"무코신일정(메틸-N,S-디아세틸시스테인)",무코신일,메틸-N|S-디아세틸시스테인,신일제약(주),https://nedrug.mfds.go.kr/pbp/cmn/itemImageDownload/1OXxDYVu5UD,기침 및 가래를 제거하는 제제(아트로핀 류)와 함께 복용하지 마십시오.
200102565,코린시럽,코린,,신일제약(주),,"MAO 저해제를 복용하는 환자는 이 약을 복용하지 마십시오.진정제, 신경안정제를 함께 복용 시 의사 또는 약사와 상의하십시오.알코올성 음료를 피하십시오."
200102113,하벤-키즈시럽,하벤-키즈,,주식회사제뉴원사이언스,,"아세트아미노펜을 포함하는 다른 제품, MAO억제제(항우울제, 항정신병제, 감정조절제, 항파킨슨제 등), 진해거담제, 다른 감기약, 해열진통제, 진정제, 항히스타민제를 함유하는 내복약(비염용 경구제, 멀미약, 알레르기용약)과 함께 복용하지 마십시오.당뇨약, 통풍약, 관절염약, 항응고제, 스테로이드제, 바르비탈계 약물, 삼환계 항우울제, 알코올과 함께 복용 시 의사 또는 약사와 상의하십시오.복용 중에는 음주하지 마십시오."
200102591,쎄쎄500산,쎄쎄500,,한미약품(주),,에스트로겐을 포함한 경구용 피임제와 함께 복용 시 의사 또는 약사와 상의하십시오.
200102527,노텍정(세티리진염산염),노텍,세티리진염산염,미래바이오제약(주),https://nedrug.mfds.go.kr/pbp/cmn/itemImageDownload/147428322126600002,"이 약을 복용하는 동안 테오필린, 리토나비어, 과량의 알코올과 함께 복용하지 마십시오."
200102618,락티손에이취씨현탁액1%(히드로코르티손),락티손에이취씨,히드로코르티손,제이더블유신약(주),,
200102561,리치칼슘연질캡슐(알파칼시돌),리치칼슘,알파칼시돌,신일제약(주),https://nedrug.mfds.go.kr/pbp/cmn/itemImageDownload/1OmrseGd9Kt,"이 약을 복용하는 동안 마그네슘 함유제제, 비타민 D와 그 유도체, 칼슘 함유제제 또는 티아지드계 이뇨제를 복용하지 마십시오.디기탈리스, 콜레스티라민 같은 수지나 사하제인 미네랄 오일, 페니토인과 글루코코르티코이드, 콜레스티폴, 수크랄페이트 또는 알루미늄이 다량 함유된 제산제, 에스트로겐(에티닐에스트라디올, 노르에티스테론), 바르비탈계 약물 또는 항전간제를 복용 중인 환자는 의사 또는 약사와 상의하십시오."
200102641,제이더블유신약페닐에프린액(페닐레프린염산염),제이더블유신약페닐에프린,페닐레프린염산염,제이더블유신약(주),,MAO 억제제와 함께 사용하지 마십시오.
200102577,아세핀정(아세트아미노펜제피세립),아세핀,아세트아미노펜제피세립,신일제약(주),https://nedrug.mfds.go.kr/pbp/cmn/itemImageDownload/151317992996500074,"다른 소염진통제, 아세트아미노펜을 포함하는 다른 제품, 바르비탈계 약물, 삼환계 항우울제와 함께 복용하지 마십시오. 와파린, 리튬, 티아지드계 이뇨제, 알코올, 플루클록사실린과 함께 복용 시 의사 또는 약사와 상의하십시오."
200102658,타렌스탑캡슐,타렌스탑,,(주)한국파비스제약,https://nedrug.mfds.go.kr/pbp/cmn/itemImageDownload/1N_ONkylBsx,"위장진통제, 진경제와 함께 복용하지 마십시오.복용 중에는 음주하지 마십시오."
200102667,코드랍정,코드랍,,(주)한국파비스제약,https://nedrug.mfds.go.kr/pbp/cmn/itemImageDownload/147427985925200020,"MAO 억제제, 혈압강하제, 알코올, 중추신경억제제(수면제, 진정제, 안정제), 교감신경흥분제, 삼환계 항우울약, 구아네티딘, 브레틸리움, 베타나이드, 데브리소퀸, 메틸도파, 교감신경성약(충혈제거제, 식욕억제제, 암페타민류의 신경자극제), 및 아드레날린 억제제와 함께 복용하지 마십시오."
200102653,스카이정,스카이,,(주)한국파비스제약,https://nedrug.mfds.go.kr/pbp/cmn/itemImageDownload/147427759009500084,"아세트아미노펜을 포함하는 다른 제품, 바르비탈계 약물, 삼환계 항우울약 및 알코올을 복용한 사람은 이 약을 복용하지 마십시오. 와파린, 리튬, 티아지드계 이뇨제, 사환계 항우울약, 항히스타민제, 항정신병약, 퀴니딘, 아만타딘, 디소피라미드 및 기타 항콜린약물(티오트로피움, 이프라트로피움, 아트로핀 유사 화합물), 메토클로프라미드와 같은 항도파민약, -효능약, 프로판텔린, 클로람페니콜, 프로베네시드, 지도부딘, 콜레스티라민, 플루클록사실린과 함께 복용 시 의사 또는 약사와 상의하십시오."
200102769,"트리페린정(수출명: RHIGEST Tab., Col Col Co Tablet)",트리페린,,알파제약(주),https://nedrug.mfds.go.kr/pbp/cmn/itemImageDownload/151706763859300038,"MAO 억제제, 혈압강하제, 알코올, 중추신경억제제(수면제, 진정제, 안정제), 교감신경흥분제, 삼환계 항우울약, 구아네티딘, 브레틸리움, 베타나이드, 데브리소퀸, 메틸도파, 교감신경성약(충혈제거제, 식욕억제제, 암페타민류의 신경자극제), α 및 β 아드레날린 억제제와 함께 복용하지 마십시오."
200102657,스노핀정275밀리그램(나프록센나트륨),스노핀,나프록센나트륨,(주)한국파비스제약,https://nedrug.mfds.go.kr/pbp/cmn/itemImageDownload/1O597tTUFPo,"다른 비스테로이드성 소염진통제 및 나프록센 유도체, 아스피린, 고용량의 메토트렉세이트와 함께 복용하지 마십시오. 히단토인계 항간질제, 설파제, 설포닐요소계 혈당강하제, 프로프라놀롤 및 다른 -차단제, ACE 저해제(억제제)(캅토프릴 등), 루프계 이뇨제 및 티아지드계 이뇨제, 프로베네시드, 리튬, 저용량 메토트렉세이트, 쿠마린계 항응혈제(혈액응고저지제)(와파린 등), 지도부딘, 뉴퀴놀론계 항생물질(에녹사신 등)과 함께 복용 시 의사 또는 약사와 상의하십시오."
200102787,쥬르택액(세티리진염산염),쥬르택,세티리진염산염,조아제약(주),,"테오필린, 리토나비어와 함께 복용하지 마십시오. 이 약을 복용 중에는 수유하지 마십시오. 알코올과 함께 복용하지 마십시오."
200102790,빅센액(L-아스파르트산-L-아르기닌수화물)(수출명 : Manpos),빅센,,조아제약(주),,"항정신병약, 수면제와 함께 복용하지 마십시오."
200102905,구주로라타딘정10밀리그람(수출명:로히스타정),구주로라타딘정10밀리그람,,구주제약(주),https://nedrug.mfds.go.kr/pbp/cmn/itemImageDownload/1Mxwka5v1g7,"이 약을 복용하는 동안 시메티딘, 에리트로마이신, 케토코나졸, 퀴니딘, 플루코나졸, 플루옥세틴, 간 대사를 억제하는 약물을 함께 복용하지 마십시오."
200102920,파워폴연질캡슐(수출명: POWERPOLL),파워폴,,구주제약(주),https://nedrug.mfds.go.kr/pbp/cmn/itemImageDownload/1Pvn3im1ehy,정주용 지질제와 함께 사용 시 의사 또는 약사와 상의하십시오.
200103013,시노카엔캡슐,시노카엔,,현대약품(주),https://nedrug.mfds.go.kr/pbp/cmn/itemImageDownload/153495248483200062,"MAO 억제제(항우울제, 항정신병제, 감정조절제, 항파킨슨제), 다른 비염용 경구제, 항히스타민제를 함유하는 내복약(감기약, 진해거담제, 멀미약, 알레르기용약)과 함께 복용하지 마십시오.복용 중에는 음주하지 마십시오."
200103049,하이스탈정,하이스탈,,명문제약(주),https://nedrug.mfds.go.kr/pbp/cmn/itemImageDownload/147427768615900104,"위장진통, 진경제와 함께 복용하지 마십시오. 칼륨함유제제, 감초함유제제, 글리시리진산 혹은 그 염류 함유제제, 루프계 이뇨제(푸로세미드, 에타크린산) 또는 티아지드계 이뇨제(트리클로르메치아지드)와 함께 복용 시 의사 또는 약사와 상의하십시오."
200103238,한방수카타플라스마,한방수카타플라스마,,(주)녹십자,,
200103360,"아이필점안액(수출명:나졸라점안액, 나파존점안액)",아이필,,한림제약(주),,
200103537,베아로제정,베아로제,,한솔신약(주),https://nedrug.mfds.go.kr/pbp/cmn/itemImageDownload/1NNuh6mJpHd,다른 약물과 함께 복용 시 의사 또는 약사와 상의하십시오.
200103884,팜코라민정(수출용),팜코라민,,한국프라임제약(주),https://nedrug.mfds.go.kr/pbp/cmn/itemImageDownload/147427863758000093,레보도파와 함께 복용하지 마십시오.에스트로겐을 포함한 경구용 피임제와 함께 복용 시 의사 또는 약사와 상의하십시오.
200103343,팬스타정(덱시부프로펜),팬스타,덱시부프로펜,(주)서울제약,https://nedrug.mfds.go.kr/pbp/cmn/itemImageDownload/147427965508800112,"아스피린, 다른 비스테로이드성 소염진통제, 고용량의 메토트렉세이트와 함께 복용하지 마십시오. 이 약을 복용하기 전에 코르티코스테로이드, 알코올, 디곡신, 페니토인, 프로베네시드, 설핀피라존, 설포닐우레아제, ACE 억제제 또는 안지오텐신Ⅱ 수용체 길항제, 이뇨제, 리튬, 쿠마린계 항응고제(와르파린 등), 바클로펜, 면역억제제(시클로스포린, 타크로리무스, 시롤리무스), 혈전용해제, 티클로피딘, 항혈전제, 혈중 칼륨농도를 증가시키는 약물(예, 칼륨 저류형 이뇨제, ACE 억제제, 안지오텐신-Ⅱ 수용체 길항제, 시클로스포린과 타크로리무스와 같은 면역억제제, 트리메토프림, 헤파린 등), CYP2C8, CYP2C9의 유도제(예, 리팜피신, 페노바르비탈), 저용량(15 mg/주 미만)의 메토트렉세이트, 항혈소판제 및 선택적 세로토닌 재흡수 억제제, 저용량 아스피린과 함께 복용 시 의사 또는 약사와 상의하십시오."
200103882,프리메정(덱시부프로펜디.씨),프리메,덱시부프로펜디.씨,한국프라임제약(주),https://nedrug.mfds.go.kr/pbp/cmn/itemImageDownload/147427985925200054,"아스피린, 다른 비스테로이드성 소염진통제, 고용량의 메토트렉세이트와 함께 복용하지 마십시오. 이 약을 복용하기 전에 코르티코스테로이드, 알코올, 디곡신, 페니토인, 프로베네시드, 설핀피라존, 설포닐우레아제, ACE 억제제 또는 안지오텐신Ⅱ 수용체 길항제, 이뇨제, 리튬, 쿠마린계 항응고제(와르파린 등), 바클로펜, 면역억제제(시클로스포린, 타크로리무스, 시롤리무스), 혈전용해제, 티클로피딘, 항혈전제, 혈중 칼륨농도를 증가시키는 약물(예, 칼륨 저류형 이뇨제, ACE 억제제, 안지오텐신-Ⅱ 수용체 길항제, 시클로스포린과 타크로리무스와 같은 면역억제제, 트리메토프림, 헤파린 등), CYP2C8, CYP2C9의 유도제(예, 리팜피신, 페노바르비탈), 저용량(15 mg/주 미만)의 메토트렉세이트, 항혈소판제 및 선택적 세로토닌 재흡수 억제제, 저용량 아스피린과 함께 복용 시 의사 또는 약사와 상의하십시오."
200103947,크린팝카타플라스마,크린팝카타플라스마,,대화제약(주),,
200103968,헤모렉스크림(프라목신염산염),헤모렉스,프라목신염산염,대화제약(주),,"혈압강하제, 항우울약과 함께 복용 시 의사 또는 약사와 상의하십시오."
200108686,"레스피비엔액 (옥시메타졸린염산염), 레스피비엔액 프레쉬민트 (옥시메타졸린염산염)","레스피비엔액 , 레스피비엔액 프레쉬민트",옥시메타졸린염산염,제일헬스사이언스(주),,"MAO저해제, 삼환계 항우울제, 마프로틸린을 함께 사용(복용)하지 마십시오."
200108738,피지오머비강세척액 스프레이 노즐(멸균등장해수)/피지오머비강세척액 젯 노즐(멸균등장해수),피지오머비강세척액 스프레이 노즐/피지오머비강세척액 젯 노즐,멸균등장해수,(주)유유제약,,
200104079,뿌레콜에프캡슐,뿌레콜에프,,경방신약(주),https://nedrug.mfds.go.kr/pbp/cmn/itemImageDownload/148864205722200169,"아세트아미노펜을 포함하는 다른 제품, MAO억제제(항우울제, 항정신병제, 감정조절제, 항파킨슨제 등), 진해(기침을 그치게 함)거담제(가래약), 다른 감기약, 해열진통제, 진정제, 항히스타민제를 함유하는 내복약(비염용 경구제, 멀미약, 알레르기용약)과 함께 복용하지 마십시오. MAO 억제제 복용을 중단한 후 2주 이내의 사람은 이 약을 복용하지 마십시오. 당뇨약, 통풍약, 관절염약, 항응고제, 스테로이드제, 바르비탈계 약물, 삼환계 항우울제, 알코올을 투여한 환자, 칼륨함유제제, 감초함유제제, 글리시리진산 또는 그 염류 함유제제, 루프계 이뇨제(푸로세미드, 에타크린산) 또는 티아지드계 이뇨제(트리클로르메티아지드)와 함께 복용 시 의사 또는 약사와 상의하십시오."
200108429,아스피린프로텍트정100밀리그람,아스피린프로텍트정100밀리그람,,바이엘코리아(주),https://nedrug.mfds.go.kr/pbp/cmn/itemImageDownload/147427668455400184,"비스테로이드성 소염진통제, 고용량의 메토트렉세이트(15mg/주 이상)은 이 약과 병용 투여 시 출혈이 증가되거나 신기능이 감소될 수 있으므로 함께 사용하지 않습니다. 항응고제, 혈전용해제, 다른 혈소판응집억제제, 지혈제, 당뇨병치료제(인슐린제제, 톨부타미드 등), 요산배설촉진제(벤즈브로마론, 프로베네시드), 저용량의 메토트렉세이트, 리튬제제, 이부프로펜, 나프록센 등 일부 비스테로이드성 소염진통제, 선택적 세로닌 재흡수 억제제, 디곡신, 전신 작용 부신피질호르몬 제제(애디슨병 대체요법용 히드로코티손 제외), 안지오텐신 전환 효소 억제제, 발프로산 제제를 복용하는 사람은 의사 또는 약사와 상의하십시오. 알칼리제제(예: 탄산수소나트륨, 탄산마그네슘) 또는 습기가 차기 쉬운 제제와 함께 섞지 마십시오. 알코올과 병용 투여 시 위장관 점막 손상이 증가하고, 이 약과 알코올의 상승효과로 인해 출혈시간이 연장될 수 있습니다."
200109391,젤존팝카타플라스마(플루르비프로펜),젤존팝카타플라스마,플루르비프로펜,(주)오현파마코푸레이션,,
200108778,볼타렌에멀겔(디클로페낙디에틸암모늄),볼타렌에멀,디클로페낙디에틸암모늄,헤일리온코리아주식회사,,"루프 이뇨제(푸로세미드 등), 티아자이드계 이뇨제, 지혈을 방해하는 약물(와파린 등), 항혈소판제(아스피린 등), 선택적 세로토닌 재흡수 억제제, 세로토닌 노르에피네프린 재흡수 억제제를 투여하는 환자는 의사 또는 약사와 상의하십시오."
200109392,기공활혈고(수입명:CHIKUNGHUOSHIUEHKAO),기공활혈고,,(주)오현파마코푸레이션,,
200109402,조아팝(플루르비프로펜),조아팝,플루르비프로펜,(주)오현파마코푸레이션,,
200109516,득생만통고,득생만통고,,(주)오현파마코푸레이션,,
200109567,크라비트점안액(레보플록사신 수화물),크라비트,레보플록사신 수화물,한국산텐제약(주),,
200109572,콘투락투벡스겔,콘투락투벡스,,(주)메디팁,,
200200157,모드코프시럽,모드코프,,(주)종근당,,"다른 진해거담제, 감기약, 항히스타민제, 진정제, 알코올과 함께 복용하지 마십시오. MAO억제제를 복용하고 있거나 복용을 중단한 후 2주 이내의 사람은 이 약을 복용하지 마십시오."
200109769,애드빌정(이부프로펜),애드빌,이부프로펜,헤일리온코리아주식회사,https://nedrug.mfds.go.kr/pbp/cmn/itemImageDownload/1NCzXnoXE_k,"다른 비스테로이드성 소염진통제(NSAIDs), 고용량 메토트렉세이트와 함께 복용하지 마십시오. 저용량 아스피린, 저용량의 메토트렉세이트, ACE 저해제, 리튬, 푸로세미드 및 티아지드계 이뇨제, 쿠마린계 항응혈제(와파린 등), 선택적 세로토닌 재흡수억제제와 함께 사용 시 의사 또는 약사와 상의하십시오."
200200304,대한관류용멸균증류수,대한관류용멸균증류수,,대한약품공업(주),,
200200323,타겐에프연질캡슐(빌베리건조엑스),타겐에프,빌베리건조엑스,국제약품(주),https://nedrug.mfds.go.kr/pbp/cmn/itemImageDownload/1Pvn3im1ZIl,
200200330,바시락크림(아시클로버),바시락,아시클로버,일동제약(주),,프로베네시드를 투여한 환자는 의사 또는 약사와 상의하십시오.
200200406,이바내정,이바내,,정우신약(주),https://nedrug.mfds.go.kr/pbp/cmn/itemImageDownload/1NeFqpW1gmR,레보도파와 함께 복용하지 마십시오.
200200414,생장환에스정,생장환에스,,정우신약(주),https://nedrug.mfds.go.kr/pbp/cmn/itemImageDownload/154333333086600032,다른 설사약과 함께 복용하지 마십시오.
200200450,페노스탑플라스타(플루르비프로펜),페노스탑플라스타,플루르비프로펜,(주)대웅제약,,
200200471,모아훼린캡슐(폴리사카리드철착염),모아훼린,폴리사카리드철착염,(주)유한양행,https://nedrug.mfds.go.kr/pbp/cmn/itemImageDownload/1NOwp2F6S34,"인산염, 칼슘염, 경구용 테트라사이클린계 항생제, 제산제와 함께 복용하지 마십시오.철 함유제제(철분제, MRI용 간장 조영제 등), 항알도스테론제, 트리암테렌, 디포스폰산 염류, 티록신, 세프디니르 제제, 퀴놀론계, 페니실라민, 콜레스티라민, 췌장엑스 및 비타민 E와 같은 제제, 200 ㎎ 이상의 아스코르빈산(비타민 C)과 함께 복용 시 의사 또는 약사와 상의하십시오.녹차, 홍차 등 탄닌을 함유하는 차 및 우유ㆍ유제품은 복용 중, 복용 전후에는 피하십시오."
200200502,프로틴정(니자티딘),프로틴,니자티딘,(주)바이넥스,https://nedrug.mfds.go.kr/pbp/cmn/itemImageDownload/1Pvn3im1nF7,"이 약을 복용하는 동안 다른 위장약, 스테로이드제, 항생물질, 항암제, 아졸계 항진균제, 고용량(3,900 mg)의 아스피린, 게피티니브, 프룰리플록사신 또는 아타나자비어를 복용하지 마십시오.복용 중에는 음주하지 마십시오.카페인, 초콜렛, 튀긴 음식을 복용 중에는 피하십시오."
200200561,포리겔정,포리,,(주)마더스제약,https://nedrug.mfds.go.kr/pbp/cmn/itemImageDownload/153546406078900059,"테트라사이클린계 항생제와 함께 복용하지 마십시오.디곡신, 캅토프릴, 시메티딘, 라니티딘, 파모티딘, 테오필린, 프로프라놀롤, 아테놀롤, 황산철, 클로르프로마진, 아세틸살리실산, 나프록센, 메토프롤롤, 레보도파, 테트라사이클린, 시프로플록사신, 오플록사신, 케토데옥시콜린산, 불화나트륨, 이소니아지드, 에녹사신, 노르플록사신, 레보티록신, 쿠마린유도체, 철, 클로르프로마진과 함께 복용 시 의사 또는 약사와 상의하십시오.복용 중에는 탄산음료를 피하십시오."
200200585,에디펜점안액(케토티펜푸마르산염),에디펜,케토티펜푸마르산염,대우제약(주),,
200200614,리버올라액,리버올라,,(주)유한양행,,
200200757,리노콜드시럽,리노콜드,,(주)에이프로젠바이오로직스,,"MAO 저해제를 복용하는 환자는 이 약을 복용하지 마십시오.진정제, 신경안정제를 함께 복용 시 의사 또는 약사와 상의하십시오.알코올성 음료를 피하십시오."
200200662,세토펜8시간이알서방정(아세트아미노펜),세토펜8시간이알서방,아세트아미노펜,삼아제약(주),https://nedrug.mfds.go.kr/pbp/cmn/itemImageDownload/1Oikd3yeZ51,"바르비탈계 약물, 삼환계 항우울제, 알코올, 다른 소염(항염)진통제와 함께 이 약을 복용하지 마십시오. 와파린, 플루클록사실린과 함께 복용 시 의사 또는 약사와 상의하십시오."
200200773,캄비손소프트크림,캄비손소프트,,(주)한독,,
200200774,로푸록스겔(시클로피록스),로푸록스,시클로피록스,(주)한독,,
200200734,영진아스피린장용정,영진아스피린장용,,영진약품(주),https://nedrug.mfds.go.kr/pbp/cmn/itemImageDownload/1O5i42zbqkw,"다른 비스테로이드성 소염진통제 및 살리실산 제제, 일주일 동안 메토트렉세이트 15밀리그람(15mg/주) 이상의 용량은 이 약과 병용 투여 시 출혈이 증가되거나 신기능이 감소될 수 있으므로 함께 사용하지 않습니다. 항응고제, 이부프로펜, 나프록센 등 일부 비스테로이드성 소염진통제, 혈전용해제, 다른 혈소판응집억제제, 지혈제, 당뇨병치료제(인슐린제제, 톨부타미드 등), 요산배설촉진제(벤즈브로마론, 프로베네시드), 티아지드계 이뇨제, 리튬제제, 선택적 세포토닌 재흡수 억제제, 디곡신, 전신 작용 부신피질호르몬 제제(애디슨병 대체요법용 히드로코티손 제외), 안지오텐신 전환 효소 억제제, 발프로산 제제를 복용하는 사람은 의사 또는 약사와 상의하십시오. 알칼리제제(예: 탄산수소나트륨, 탄산마그네슘) 또는 습기가 차기 쉬운 제제와 함께 섞지 마십시오. 알코올과 병용 투여 시 위장관 점막 손상이 증가하고, 이 약과 알코올의 상승효과로 인해 출혈시간이 연장될 수 있습니다."
200200843,이소나졸크림(이소코나졸질산염)(수출명:Tanagen Cream),이소나졸,,태극제약(주),,
200200844,파티마겔2.5%(가수과산화벤조일),파티마,가수과산화벤조일,태극제약(주),,다른 국소 여드름약(비타민A 유도체 함유 여드름약 포함)과 함께 사용하지 마십시오.
200200852,다이제스트정,다이제스트,,(주)마더스제약,https://nedrug.mfds.go.kr/pbp/cmn/itemImageDownload/1N_tI6JB9dY,
200200858,알나졸정400밀리그램(알벤다졸),알나졸,알벤다졸,태극제약(주),https://nedrug.mfds.go.kr/pbp/cmn/itemImageDownload/1Nzk8HFukQd,"이 약을 복용하는 동안 테오필린, 시메티딘, 프라지콴텔, 덱사메타손, 리토나비르, 페니토인, 카르바마제핀, 페노바르비탈을 함께 복용하지 마십시오."
200200886,벤타손연고(무피로신),벤타손,무피로신,(주)제뉴파마,,
200201014,프로엑스피액,프로엑스피,,일양약품(주),,레보도파와 함께 복용하지 마십시오.
200201134,바이콜시럽,바이콜,,(주)동구바이오제약,,"MAO 저해제를 복용하는 환자는 이 약을 복용하지 마십시오. 진정제, 신경안정제를 함께 복용 시 의사 또는 약사와 상의하십시오. 알코올성 음료를 피하십시오."
200201239,아르펜정,아르펜,,경남제약(주),https://nedrug.mfds.go.kr/pbp/cmn/itemImageDownload/1Pvn3im1dNG,"다른 비스테로이드성 소염진통제, 고용량의 메토트렉세이트와 함께 복용하지 마십시오. 프로베네시드, 설핀피라존, 디곡신, 페니토인, 바클로펜, 항고혈압제, 이뇨제, ACE억제제, 푸로세미드, 저용량 아스피린, 리튬, 저용량 메토트렉세이트, 경구용 항응혈제(와파린 등), 선택적 세로토닌 재흡수억제제와 함께 복용 시 의사 또는 약사와 상의하십시오."
200201403,포타겔현탁액(디옥타헤드랄스멕타이트),포타,디옥타헤드랄스멕타이트,대원제약(주),,약은 흡착성이 있어 타 약물과 함께 복용할 경우 흡수율이나 흡수시간에 영향을 미칠 수 있으므로 간격을 두고 복용하는 것이 바람직합니다.
200201329,디프로펜정300밀리그램(덱시부프로펜디.씨.),디프로펜,덱시부프로펜디.씨.,한국유니온제약(주),https://nedrug.mfds.go.kr/pbp/cmn/itemImageDownload/1Orz9gcUHlO,"아스피린, 다른 비스테로이드성 소염진통제, 고용량의 메토트렉세이트와 함께 복용하지 마십시오. 이 약을 복용하기 전에 코르티코스테로이드, 알코올, 디곡신, 페니토인, 프로베네시드, 설핀피라존, 설포닐우레아제, ACE 억제제 또는 안지오텐신Ⅱ 수용체 길항제, 이뇨제, 리튬, 쿠마린계 항응고제(와르파린 등), 바클로펜, 면역억제제(시클로스포린, 타크로리무스, 시롤리무스), 혈전용해제, 티클로피딘, 항혈전제, 혈중 칼륨농도를 증가시키는 약물(예, 칼륨 저류형 이뇨제, ACE 억제제, 안지오텐신-Ⅱ 수용체 길항제, 시클로스포린과 타크로리무스와 같은 면역억제제, 트리메토프림, 헤파린 등), CYP2C8, CYP2C9의 유도제(예, 리팜피신, 페노바르비탈), 저용량(15 mg/주 미만)의 메토트렉세이트, 항혈소판제 및 선택적 세로토닌 재흡수 억제제, 저용량 아스피린과 함께 복용 시 의사 또는 약사와 상의하십시오."
200201481,하드칼츄어블정,하드칼츄어블,,부광약품(주),https://nedrug.mfds.go.kr/pbp/cmn/itemImageDownload/151369795248800028,"인산염, 칼슘염, 경구용 테트라사이클린계 제제, 제산제를 함께 복용하지 마십시오.강심배당체, 항알도스테론제, 트리암테렌를 함께 사용 시 의사 또는 약사와 상의하십시오.녹차, 홍차 등 탄닌을 함유하는 차는 복용 중, 복용 전후에는 피하십시오."
200201482,타세놀8시간이알서방정(아세트아미노펜),타세놀8시간이알서방,아세트아미노펜,부광약품(주),https://nedrug.mfds.go.kr/pbp/cmn/itemImageDownload/1Pvn4v0yLpz,"바르비탈계 약물, 삼환계 항우울제, 알코올, 다른 소염(항염)진통제와 함께 이 약을 복용하지 마십시오. 와파린, 플루클록사실린과 함께 복용 시 의사 또는 약사와 상의하십시오."
200201549,알부라민연질캡슐,알부라민,,에이치엘비제약(주),https://nedrug.mfds.go.kr/pbp/cmn/itemImageDownload/147809054104100182,"레보도파와 함께 복용하지 마십시오. 에스트로겐을 포함한 경구용 피임제, 정주용 지질제와 함께 사용 시 의사 또는 약사와 상의하십시오."
200201551,더마쎄지크림,더마쎄지,,에이치엘비제약(주),,
200201554,에이치엘비알벤다졸400정,에이치엘비알벤다졸400,,에이치엘비제약(주),https://nedrug.mfds.go.kr/pbp/cmn/itemImageDownload/1NgH462H54O,"이 약을 복용하는 동안 테오필린, 시메티딘, 프라지콴텔, 덱사메타손, 리토나비르, 페니토인, 카르바마제핀, 페노바르비탈을 함께 복용하지 마십시오."
200201559,에이치엘비피록시캄겔(피록시캄),에이치엘비피록시캄,피록시캄,에이치엘비제약(주),,
200201595,헤파타인액,헤파타인,,에이치엘비제약(주),,
200201695,맥스펜정(덱시부프로펜),맥스펜,덱시부프로펜,오스틴제약(주),https://nedrug.mfds.go.kr/pbp/cmn/itemImageDownload/1Orz9gcUHmE,"아스피린, 다른 비스테로이드성 소염진통제, 고용량의 메토트렉세이트와 함께 복용하지 마십시오. 이 약을 복용하기 전에 코르티코스테로이드, 알코올, 디곡신, 페니토인, 프로베네시드, 설핀피라존, 설포닐우레아제, ACE 억제제 또는 안지오텐신Ⅱ 수용체 길항제, 이뇨제, 리튬, 쿠마린계 항응고제(와르파린 등), 바클로펜, 면역억제제(시클로스포린, 타크로리무스, 시롤리무스), 혈전용해제, 티클로피딘, 항혈전제, 혈중 칼륨농도를 증가시키는 약물(예, 칼륨 저류형 이뇨제, ACE 억제제, 안지오텐신-Ⅱ 수용체 길항제, 시클로스포린과 타크로리무스와 같은 면역억제제, 트리메토프림, 헤파린 등), CYP2C8, CYP2C9의 유도제(예, 리팜피신, 페노바르비탈), 저용량(15 mg/주 미만)의 메토트렉세이트, 항혈소판제 및 선택적 세로토닌 재흡수 억제제, 저용량 아스피린과 함께 복용 시 의사 또는 약사와 상의하십시오."
200201703,덱사톱크림(덱사메타손프로피오네이트),덱사톱,덱사메타손프로피오네이트,오스틴제약(주),,
200201706,쿨그린겔(케토프로펜)(수출용),쿨그린,,오스틴제약(주),,
200201707,오스틴아시클로버크림,오스틴아시클로버,,오스틴제약(주),,프로베네시드를 투여한 환자는 의사 또는 약사와 상의하십시오.
200201710,쎈다실크림1%(테르비나핀염산염),쎈다실,테르비나핀염산염,오스틴제약(주),,
200201771,덴타포스캡슐,덴타포스,,고려제약(주),https://nedrug.mfds.go.kr/pbp/cmn/itemImageDownload/1MwjLoFp4cQ,
200201778,더마크린에취씨로션1%(히드로코르티손),더마크린에취씨,히드로코르티손,고려제약(주),,
200201776,하벤목에스캡슐,하벤목에스,,고려제약(주),https://nedrug.mfds.go.kr/pbp/cmn/itemImageDownload/147427790536200124,"진해거담제, 다른 감기약, 해열진통제, 진정제, 항히스타민제를 함유하는 내복약(비염용 경구제, 멀미약, 알레르기용약)과 함께 복용하지 마십시오. 바르비탈계 약물, 삼환계 항우울제, 알코올, 플루클록사실린과 함께 복용 시 의사 또는 약사와 상의하십시오. 복용 중에는 음주하지 마십시오."
200201781,아스노캡슐,아스노,,고려제약(주),https://nedrug.mfds.go.kr/pbp/cmn/itemImageDownload/147426395116500121,"다른 진해거담제, 감기약, 항히스타민제를 함유하는 내복약(비염용 경구제, 멀미약, 알레르기용약), 진정제와 함께 복용하지 마십시오. MAO억제제(항우울제, 항정신병제, 감정조절제, 항파킨슨제 등)를 복용하고 있거나 복용을 중단한 후 2주 이내의 사람은 이 약을 복용하지 마십시오. 복용 중에는 음주하지 마십시오."
200201784,쎄락틸정300밀리그람(덱시부프로펜디.씨.),쎄락틸정300밀리그람,덱시부프로펜디.씨.,고려제약(주),https://nedrug.mfds.go.kr/pbp/cmn/itemImageDownload/1Orz9gcUHX2,"아스피린, 다른 비스테로이드성 소염진통제, 고용량의 메토트렉세이트와 함께 복용하지 마십시오. 이 약을 복용하기 전에 코르티코스테로이드, 알코올, 디곡신, 페니토인, 프로베네시드, 설핀피라존, 설포닐우레아제, ACE 억제제 또는 안지오텐신Ⅱ 수용체 길항제, 이뇨제, 리튬, 쿠마린계 항응고제(와르파린 등), 바클로펜, 면역억제제(시클로스포린, 타크로리무스, 시롤리무스), 혈전용해제, 티클로피딘, 항혈전제, 혈중 칼륨농도를 증가시키는 약물(예, 칼륨 저류형 이뇨제, ACE 억제제, 안지오텐신-Ⅱ 수용체 길항제, 시클로스포린과 타크로리무스와 같은 면역억제제, 트리메토프림, 헤파린 등), CYP2C8, CYP2C9의 유도제(예, 리팜피신, 페노바르비탈), 저용량(15 mg/주 미만)의 메토트렉세이트, 항혈소판제 및 선택적 세로토닌 재흡수 억제제, 저용량 아스피린과 함께 복용 시 의사 또는 약사와 상의하십시오."
200201831,애스펜정(덱시부프로펜),애스펜,덱시부프로펜,영일제약(주),https://nedrug.mfds.go.kr/pbp/cmn/itemImageDownload/1N1ddmFmE8k,"아스피린, 다른 비스테로이드성 소염진통제, 고용량의 메토트렉세이트와 함께 복용하지 마십시오. 이 약을 복용하기 전에 코르티코스테로이드, 알코올, 디곡신, 페니토인, 프로베네시드, 설핀피라존, 설포닐우레아제, ACE 억제제 또는 안지오텐신Ⅱ 수용체 길항제, 이뇨제, 리튬, 쿠마린계 항응고제(와르파린 등), 바클로펜, 면역억제제(시클로스포린, 타크로리무스, 시롤리무스), 혈전용해제, 티클로피딘, 항혈전제, 혈중 칼륨농도를 증가시키는 약물(예, 칼륨 저류형 이뇨제, ACE 억제제, 안지오텐신-Ⅱ 수용체 길항제, 시클로스포린과 타크로리무스와 같은 면역억제제, 트리메토프림, 헤파린 등), CYP2C8, CYP2C9의 유도제(예, 리팜피신, 페노바르비탈), 저용량(15 mg/주 미만)의 메토트렉세이트, 항혈소판제 및 선택적 세로토닌 재흡수 억제제, 저용량 아스피린과 함께 복용 시 의사 또는 약사와 상의하십시오."
200201841,헥시덱스-4액(클로르헥시딘글루콘산염액),헥시덱스-4,클로르헥시딘글루콘산염액,하이플생명과학(주),,"혈청, 농 등의 유기물질, 비누류는 이 약의 살균작용을 약화시키므로 충분히 씻어 제거한 후 사용하십시오."
200201906,위소탄-에프정,위소탄-에프,,한국넬슨제약(주),https://nedrug.mfds.go.kr/pbp/cmn/itemImageDownload/147427753862000165,테트라사이클린계 항생제와 함께 복용하지 마십시오.
200201969,페브로민-에이시럽,페브로민-에이,,(주)테라젠이텍스,,"MAO 저해제를 복용하는 환자는 이 약을 복용하지 마십시오.진정제, 신경안정제를 함께 복용 시 의사 또는 약사와 상의하십시오.알코올성 음료를 피하십시오."
200201855,올바펜정,올바펜,,하이플생명과학(주),https://nedrug.mfds.go.kr/pbp/cmn/itemImageDownload/1PThtYEQ92C,"다른 해열진통제, 감기약, 진정제와 함께 복용하지 마십시오. 복용 중에는 음주하지 마십시오. 당뇨약, 통풍약, 관절염약, 항응고제, 스테로이드제, 바르비탈계 약물, 삼환계 항우울제, 알코올, 플루클록사실린과 함께 복용 시 의사 또는 약사와 상의하십시오."
200202001,아크로빈크림(아시클로버),아크로빈,아시클로버,에스케이케미칼(주),,프로베네시드를 투여한 환자는 의사 또는 약사와 상의하십시오.
200202126,하루펜플라스타(케토프로펜),하루펜플라스타,케토프로펜,신일제약(주),,
200202172,알러콘점안액(케토티펜푸마르산염),알러콘,케토티펜푸마르산염,한미약품(주),,
200202198,무조날외용액1%(테르비나핀염산염),무조날외용,테르비나핀염산염,한미약품(주),,
200202148,그리펜-에스정(덱시부프로펜),그리펜-에스,덱시부프로펜,신일제약(주),https://nedrug.mfds.go.kr/pbp/cmn/itemImageDownload/1O1hVd7OUkf,"아스피린, 다른 비스테로이드성 소염진통제, 고용량의 메토트렉세이트와 함께 복용하지 마십시오. 이 약을 복용하기 전에 코르티코스테로이드, 알코올, 디곡신, 페니토인, 프로베네시드, 설핀피라존, 설포닐우레아제, ACE 억제제 또는 안지오텐신Ⅱ 수용체 길항제, 이뇨제, 리튬, 쿠마린계 항응고제(와르파린 등), 바클로펜, 면역억제제(시클로스포린, 타크로리무스, 시롤리무스), 혈전용해제, 티클로피딘, 항혈전제, 혈중 칼륨농도를 증가시키는 약물(예, 칼륨 저류형 이뇨제, ACE 억제제, 안지오텐신-Ⅱ 수용체 길항제, 시클로스포린과 타크로리무스와 같은 면역억제제, 트리메토프림, 헤파린 등), CYP2C8, CYP2C9의 유도제(예, 리팜피신, 페노바르비탈), 저용량(15 mg/주 미만)의 메토트렉세이트, 항혈소판제 및 선택적 세로토닌 재흡수 억제제, 저용량 아스피린과 함께 복용 시 의사 또는 약사와 상의하십시오."
200202212,나무졸크림(테르비나핀염산염),나무졸,테르비나핀염산염,제이더블유신약(주),,
200202266,에치시드정,에치시드,,(주)바스칸바이오제약,https://nedrug.mfds.go.kr/pbp/cmn/itemImageDownload/153676681538000036,테트라사이클린계 항생제와 함께 복용하지 마십시오.
200202349,파워라센액,파워라센,,광동제약(주),,레보도파와 함께 복용하지 마십시오.
200202423,탈스탑캡슐,탈스탑,,조아제약(주),https://nedrug.mfds.go.kr/pbp/cmn/itemImageDownload/1Pvn3im1f5f,"위장진통제, 진경제와 함께 복용하지 마십시오. 복용 중에는 음주하지 마십시오."
200202342,하디콜정,하디콜,,광동제약(주),https://nedrug.mfds.go.kr/pbp/cmn/itemImageDownload/147428302565600150,"진해(기침을 그치게 함)거담제(가래약), 다른 감기약, 해열진통제, 진정제, 항히스타민제를 함유하는 내복약(비염용 경구제, 멀미약, 알레르기용약)과 함께 복용하지 마십시오. MAO억제제(항우울제, 항정신병제, 감정조절제, 항파킨슨제 등)를 복용하고 있거나 복용을 중단한 후 2주 이내의 사람은 이 약을 복용하지 마십시오. 당뇨약, 통풍약, 관절염약, 항응고제, 스테로이드제, 바르비탈계 약물, 삼환계 항우울제, 알코올, 칼륨함유제제, 감초함유제제, 글리시리진산 또는 그 염류 함유제제, 루프계 이뇨제(푸로세미드, 에타크린산) 또는 티아지드계 이뇨제(트리클로르메티아지드), 플루클록사실린과 함께 복용 시 의사 또는 약사와 상의하십시오. 복용 중에는 음주하지 마십시오."
200202573,미투-에스연질캡슐,미투-에스,,영풍제약(주),https://nedrug.mfds.go.kr/pbp/cmn/itemImageDownload/1Oi0VcHL09O,"인산염, 칼슘염, 경구용 테트라사이클린계 제제, 제산제, 레보도파와 함께 복용하지 마십시오. 에스트로겐을 포함한 경구용 피임제, 항알도스테론제, 트리암테렌, 정주용 지질제와 함께 사용 시 의사 또는 약사와 상의하십시오. 녹차, 홍차 등 탄닌을 함유하는 차는 복용 중, 복용 전후에는 피하십시오."
200202720,레스톨캡슐,레스톨,,명문제약(주),https://nedrug.mfds.go.kr/pbp/cmn/itemImageDownload/147427858033600025,
200202736,포스톤G액,포스톤G,,초당약품공업(주),,레보도파와 함께 복용하지 마십시오.
200202755,에스프로펜정(덱시부프로펜),에스프로펜,덱시부프로펜,(주)유영제약,https://nedrug.mfds.go.kr/pbp/cmn/itemImageDownload/1Orz9gcUHqk,"아스피린, 다른 비스테로이드성 소염진통제, 고용량의 메토트렉세이트와 함께 복용하지 마십시오. 이 약을 복용하기 전에 코르티코스테로이드, 알코올, 디곡신, 페니토인, 프로베네시드, 설핀피라존, 설포닐우레아제, ACE 억제제 또는 안지오텐신Ⅱ 수용체 길항제, 이뇨제, 리튬, 쿠마린계 항응고제(와르파린 등), 바클로펜, 면역억제제(시클로스포린, 타크로리무스, 시롤리무스), 혈전용해제, 티클로피딘, 항혈전제, 혈중 칼륨농도를 증가시키는 약물(예, 칼륨 저류형 이뇨제, ACE 억제제, 안지오텐신-Ⅱ 수용체 길항제, 시클로스포린과 타크로리무스와 같은 면역억제제, 트리메토프림, 헤파린 등), CYP2C8, CYP2C9의 유도제(예, 리팜피신, 페노바르비탈), 저용량(15 mg/주 미만)의 메토트렉세이트, 항혈소판제 및 선택적 세로토닌 재흡수 억제제, 저용량 아스피린과 함께 복용 시 의사 또는 약사와 상의하십시오."
200202847,티메롤8시간이알서방정(아세트아미노펜),티메롤8시간이알서방,아세트아미노펜,(주)서울제약,https://nedrug.mfds.go.kr/pbp/cmn/itemImageDownload/1MwjLoFp4yk,"바르비탈계 약물, 삼환계 항우울제, 알코올, 다른 소염(항염)진통제와 함께 이 약을 복용하지 마십시오. 와파린, 리튬, 티아지드계 이뇨제, 플루클록사실린과 함께 복용 시 의사 또는 약사와 상의하십시오."
200202873,엔시드8시간이알서방정650mg(아세트아미노펜),엔시드8시간이알서방,아세트아미노펜,한림제약(주),https://nedrug.mfds.go.kr/pbp/cmn/itemImageDownload/1Oikd3yeYOi,"바르비탈계 약물, 삼환계 항우울제, 알코올, 다른 소염(항염)진통제와 함께 이 약을 복용하지 마십시오. 와파린, 리튬, 티아지드계 이뇨제, 플루클록사실린과 함께 복용 시 의사 또는 약사와 상의하십시오."
200202928,제스부틴정(트리메부틴말레산염),제스부틴,트리메부틴말레산염,(주)알피바이오,https://nedrug.mfds.go.kr/pbp/cmn/itemImageDownload/151456099314400115,
200202997,고닐고포르테경고제,고닐고포르테경고제,,유니메드제약(주),,
200203587,탑사인카타플라스마(펠비낙),탑사인카타플라스마,펠비낙,대화제약(주),,
200203626,구미포비돈요오드액,구미포비돈요오드,,구미제약(주),,"과산화수소를 함께 사용하지 마십시오.리튬제제, 클로르헥시딘, 설파디아진 은화합물, 알칼리, 수은을 함유한 제제, 효소성분의 상처치료제를 함께 사용 시 의사 또는 약사와 상의하십시오."
200204177,알마트린정,알마트린,,성원애드콕제약(주),https://nedrug.mfds.go.kr/pbp/cmn/itemImageDownload/1Pvn3im1bkt,테트라사이클린계 항생제와 함께 복용하지 마십시오.
200204181,네오퀸크림4%(히드로퀴논),네오퀸,히드로퀴논,(주)나노팜,,
200204369,트리엠정100밀리그램(트리메부틴말레산염),트리엠,트리메부틴말레산염,(주)휴온스,https://nedrug.mfds.go.kr/pbp/cmn/itemImageDownload/1OlGSH7jtOd,
200204384,클로닉정125밀리그램(클로닉신리시네이트),클로닉,클로닉신리시네이트,화일약품(주),https://nedrug.mfds.go.kr/pbp/cmn/itemImageDownload/1N2lHOy4OVa,"이 약을 복용하는 동안 다른 비스테로이드성 소염진통제, ACE 억제제 또는 안지오텐신Ⅱ 수용체 길항제, 아스피린, 이뇨제, 리튬, 메토트렉세이트, 쿠마린계 항응고제(와파린 등), 시클로스포린 및 타크로리무스, 항혈소판제 및 선택적 세로토닌 재흡수 억제제(SSRI), 코르티코스테로이드를 함께 복용하지 마십시오.이 약을 복용하기 전에 미소프로스톨 등으로 소화성궤양 치료를 병행하고 있는 환자는 의사 또는 약사와 상의하십시오."
200204388,나프록신정(나프록센나트륨),나프록신,나프록센나트륨,화일약품(주),https://nedrug.mfds.go.kr/pbp/cmn/itemImageDownload/1MpNPEsu-T7,"다른 비스테로이드성 소염진통제 및 나프록센 유도체, 아스피린, 고용량의 메토트렉세이트와 함께 복용하지 마십시오. 히단토인계 항간질제, 설파제, 설포닐요소계 혈당강하제, 프로프라놀롤 및 다른 -차단제, ACE 저해제(억제제)(캅토프릴 등), 루프계 이뇨제 및 티아지드계 이뇨제, 프로베네시드, 리튬, 저용량 메토트렉세이트, 쿠마린계 항응혈제(혈액응고저지제)(와파린 등), 지도부딘, 뉴퀴놀론계 항생물질(에녹사신 등)과 함께 복용 시 의사 또는 약사와 상의하십시오."
200209700,오트리빈0.05%비강분무액(자일로메타졸린염산염),오트리빈비강분무,자일로메타졸린염산염,헤일리온코리아주식회사,,사용 중에는 음주하지 마십시오.
200210173,로세릴크림(아모롤핀염산염),로세릴,아모롤핀염산염,갈더마코리아(주),,
200210275,포텐시에이터액(엘-아스파르트산-엘-아르기닌),포텐시에이터,엘-아스파르트산-엘-아르기닌,(주)재우스팜,,"항정신병약, 수면제와 함께 복용하지 마십시오."
200210297,케프로펜첩부제(케토프로펜),케프로펜첩부제,케토프로펜,(주)오현파마코푸레이션,,
200210298,다나펜카타플라스마(플루르비프로펜),다나펜카타플라스마,플루르비프로펜,(주)재우스팜,,
200210300,득생활혈산통고,득생활혈산통고,,(주)재우스팜,,
200210304,판토가캅셀,판토가캅셀,,(주)메디팁,https://nedrug.mfds.go.kr/pbp/cmn/itemImageDownload/1O0bxj5FRxh,설폰아미드 제제와 함께 사용 시 의사 또는 약사와 상의하십시오.
200210575,탄툼베르데네뷸라이저(벤지다민염산염),탄툼베르데네뷸라이저,벤지다민염산염,삼아제약(주),,해열진통제를 사용하는 경우 의사 또는 약사와 상의하십시오.
200210726,베세틴액(포비돈요오드),베세틴,포비돈요오드,현대약품(주),,"과산화수소를 함께 사용하지 마십시오.리튬제제, 클로르헥시딘, 설파디아진 은화합물, 알칼리, 수은을 함유한 제제, 효소성분의 상처치료제를 함께 사용 시 의사 또는 약사와 상의하십시오."
200210727,베세틴스크럽세액(포비돈요오드),베세틴스크럽세,포비돈요오드,현대약품(주),,"과산화수소와 함께 사용하지 마십시오.리튬제제, 클로르헥시딘, 설파디아진ㆍ은화합물, 알칼리, 수은을 함유한 제제, 효소성분의 상처치료제와 함께 사용 시 의사 또는 약사와 상의하십시오."
200210778,우르솔연질캡슐,우르솔,,영풍제약(주),https://nedrug.mfds.go.kr/pbp/cmn/itemImageDownload/1NlB7wTa8TW,"경구용 당뇨병 용제(톨부타미드), 콜레스티라민, 콜레스티폴, 약용탄, 마그네슘 및 수산화알루미늄을 함유하는 제산제, 담즙(쓸개즙)에서 콜레스테롤을 감소시키는 약물(예: 에스트로겐 함유 경구용 피임제) 또는 혈액의 콜레스테롤을 감소시키는 약물(예: 클로피브레트), 간에 손상을 주는 약물과 함께 복용하지 마십시오."
200210839,인프라센액,인프라센,,구주제약(주),,레보도파와 함께 복용하지 마십시오.
200300069,바이오파워캡슐,바이오파워,,(주)한풍제약,https://nedrug.mfds.go.kr/pbp/cmn/itemImageDownload/151672201851600056,레보도파와 함께 복용하지 마십시오.
200300092,투스딘골드캡슐,투스딘골드,,(주)종근당,https://nedrug.mfds.go.kr/pbp/cmn/itemImageDownload/154601161228500061,이 약을 복용하기 전에 다른 약물을 복용하고 있는 경우 의사 또는 약사와 상의하십시오.
200300095,젠빅연질캡슐,젠빅,,(주)종근당,https://nedrug.mfds.go.kr/pbp/cmn/itemImageDownload/147428018612500061,"인산염, 칼슘염, 경구용 테트라사이클린계 제제, 제산제와 함께 복용하지 마십시오.에스트로겐을 포함한 경구용 피임제, 항알도스테론제, 트리암테렌, 정주용 지질제와 함께 사용시 의사 또는 약사와 상의하십시오.녹차, 홍차 등 탄닌을 함유하는 차는 복용 중, 복용 전후에는 피하십시오."
200300100,엘도란트캡슐(에르도스테인),엘도란트,에르도스테인,(주)종근당,https://nedrug.mfds.go.kr/pbp/cmn/itemImageDownload/1Og9J5dfYnf,기침약을 복용중인 사람은 의사 또는 약사와 상의하십시오.
200300192,덴드리스캡슐,덴드리스,,제이더블유중외제약(주),https://nedrug.mfds.go.kr/pbp/cmn/itemImageDownload/146031062325400197,이 약을 복용하기 전에 다른 약물을 복용하고 있는 경우 의사 또는 약사와 상의하십시오.
200300245,대한관류용멸균생리식염수,대한관류용멸균생리식염수,,대한약품공업(주),,
200300251,엘펙트캡슐(에르도스테인),엘펙트,에르도스테인,국제약품(주),https://nedrug.mfds.go.kr/pbp/cmn/itemImageDownload/1Og9J5dfYtr,기침약을 복용중인 사람은 의사 또는 약사와 상의하십시오.
200300269,알도스텐캡슐300밀리그램(에르도스테인),알도스텐,에르도스테인,일동제약(주),https://nedrug.mfds.go.kr/pbp/cmn/itemImageDownload/1Og9J5dfYsR,기침약을 복용중인 사람은 의사 또는 약사와 상의하십시오.
200300281,훼리탑에프캡슐,훼리탑에프,,일동제약(주),https://nedrug.mfds.go.kr/pbp/cmn/itemImageDownload/1NxP24YNxf2,"인산염, 칼슘염, 경구용 테트라사이클린계 항생제, 제산제와 함께 복용하지 마십시오. 항알도스테론제, 트리암테렌과 함께 복용 시 의사 또는 약사와 상의하십시오. 녹차, 홍차등 탄닌을 함유하는 차 및 우유ㆍ유제품은 복용 중, 복용 전후에는 피하십시오."
200300337,성광티눈액,성광티눈,,(주)퍼슨,,
200300338,니라마이드산,니라마이드,,(주)퍼슨,,
200300340,성광헥시클렌액(클로르헥시딘글루콘산염 액),성광헥시클렌,클로르헥시딘글루콘산염 액,(주)퍼슨,,"혈청, 농 등의 유기물질, 비누류는 이 약의 살균작용을 약화시키므로 충분히 씻어 제거한 후 사용하십시오."
200300406,닥터베아제정,닥터베아제,,(주)대웅제약,https://nedrug.mfds.go.kr/pbp/cmn/itemImageDownload/148647963523800122,
200300450,아티펜점안액(케토티펜푸마르산염),아티펜,케토티펜푸마르산염,(주)바이넥스,,
200300463,이알디캡슐(에르도스테인),이알디,에르도스테인,(주)바이넥스,https://nedrug.mfds.go.kr/pbp/cmn/itemImageDownload/1Og9J5dfYmp,기침약을 복용중인 사람은 의사 또는 약사와 상의하십시오.
200300470,포리부틴정150mg(트리메부틴말레산염),포리부틴,트리메부틴말레산염,삼일제약(주),https://nedrug.mfds.go.kr/pbp/cmn/itemImageDownload/1P2JYwFsBha,
200300547,후시딘히드로크림,후시딘히드로,,동화약품(주),,
200300579,도스틴캡슐(에르도스테인),도스틴,에르도스테인,삼아제약(주),https://nedrug.mfds.go.kr/pbp/cmn/itemImageDownload/1Og9J5dfYya,기침약을 복용중인 사람은 의사 또는 약사와 상의하십시오.
200300583,다이톱현탁액(디옥타헤드랄스멕타이트),다이톱,디옥타헤드랄스멕타이트,삼아제약(주),,약은 흡착성이 있어 타 약물과 함께 복용할 경우 흡수율이나 흡수시간에 영향을 미칠 수 있으므로 간격을 두고 복용하는 것이 바람직합니다.
200300598,덴티엔플러스캡슐,덴티엔플러스,,(주)일화,https://nedrug.mfds.go.kr/pbp/cmn/itemImageDownload/150669967673500016,
200300623,알비정400mg(알벤다졸),알비,알벤다졸,알리코제약(주),https://nedrug.mfds.go.kr/pbp/cmn/itemImageDownload/1Mp3yEn23rq,"테오필린, 시메티딘, 프라지콴텔, 덱사메타손, 리토나비르, 페니토인, 카르바마제핀, 페노바르비탈과 함께 복용하지 마십시오."
200300640,쎄레론지크림(수출명: GENTAX B Cream),쎄레론지,,동성제약(주),,
200300655,진셀몬에스이정,진셀몬에스이,,영진약품(주),https://nedrug.mfds.go.kr/pbp/cmn/itemImageDownload/1Pvn4v0yM9L,"이 약을 복용하는 동안 인산염, 칼슘염, 경구용 테트라사이클린계 제제, 제산제, 레보도파를 함께 복용하지 마십시오.강심배당체, 에스트로겐을 포함한 경구용 피임제, 항알도스테론제, 트리암테렌과 함께 복용 시 의사 또는 약사와 상의하십시오.녹차, 홍차 등 탄닌을 함유하는 차는 복용 중, 복용 전후에는 피하십시오."
200300737,후리졸정(알벤다졸),후리졸,알벤다졸,(주)에이프로젠바이오로직스,https://nedrug.mfds.go.kr/pbp/cmn/itemImageDownload/1NOwp2F64g3,"이 약을 복용하는 동안 테오필린, 시메티딘, 프라지콴텔, 덱사메타손, 리토나비르, 페니토인, 카르바마제핀, 페노바르비탈을 함께 복용하지 마십시오."
200300703,하이비날골드정,하이비날골드,,(주)한독,https://nedrug.mfds.go.kr/pbp/cmn/itemImageDownload/147428124064400085,"인산염, 칼슘염, 경구용 테트라사이클린계 제제, 제산제, 레보도파와 함께 복용하지 마십시오. 에스트로겐을 포함한 경구용 피임제, 항알도스테론제, 트리암테렌과 함께 복용 시 의사 또는 약사와 상의하십시오. 녹차, 홍차 등 탄닌을 함유하는 차는 복용 중, 복용 전후에는 피하십시오."
200300741,에스코판정,에스코판,,(주)에이프로젠바이오로직스,https://nedrug.mfds.go.kr/pbp/cmn/itemImageDownload/147428028353000132,"스코폴리아엑스를 함유하는 제제, 위장진통·진경제와 함께 복용하지 마십시오."
200300752,케프란점안액(케토티펜푸마르산염)(수출명:케토레그점안액),케프란,,삼천당제약(주),,
200300769,엔디스캡슐(에르도스테인),엔디스,에르도스테인,삼천당제약(주),https://nedrug.mfds.go.kr/pbp/cmn/itemImageDownload/1Og9J5dfYys,기침약을 복용중인 사람은 의사 또는 약사와 상의하십시오.
200300808,발렌시아연질캡슐,발렌시아,,태극제약(주),https://nedrug.mfds.go.kr/pbp/cmn/itemImageDownload/147809062320700184,"레보도파, 에스트로겐을 포함한 경구용 피임약, 정주용 지질제와 함께 사용 시 의사 또는 약사와 상의하십시오."
200300813,박트리안연고(무피로신),박트리안,무피로신,태극제약(주),,
200300817,무라졸크림(테르비나핀염산염),무라졸,테르비나핀염산염,태극제약(주),,
200300822,"하이로손크림(히드로코르티손)(수출명:Hydrocortisone1%CreamMaxStrength,HydrocortisoneCream)",하이로손,,태극제약(주),,
200300825,무라졸외용액(테르비나핀염산염),무라졸외용,테르비나핀염산염,태극제약(주),,
200300836,엘린플러스크림,엘린플러스,,태극제약(주),,
200300913,이가탄에프캡슐,이가탄에프,,명인제약(주),https://nedrug.mfds.go.kr/pbp/cmn/itemImageDownload/150885962952100111,이 약을 복용하기 전에 다른 약물을 복용하고 있는 경우 의사 또는 약사와 상의하십시오.
200300929,이가덱스캡슐,이가덱스,,(주)보령,https://nedrug.mfds.go.kr/pbp/cmn/itemImageDownload/1Ml1y5tPwUZ,
200300953,덴타민캡슐,덴타민,,일양약품(주),https://nedrug.mfds.go.kr/pbp/cmn/itemImageDownload/1Pvn3im1dgJ,
200300961,헤모콤플러스연질캡슐(수출명: COMHEMO),헤모콤플러스,,일양약품(주),https://nedrug.mfds.go.kr/pbp/cmn/itemImageDownload/147428018612500076,"인산염, 칼슘염, 경구용 테트라사이클린계 항생제, 제산제와 함께 복용하지 마십시오.항알도스테론제, 트리암테렌, 200 ㎎ 이상의 아스코르브산(비타민 C), 정주용 지질제와 함께 사용 시 의사 또는 약사와 상의하십시오.녹차, 홍차 등 탄닌을 함유하는 차 및 우유ㆍ유제품은 복용 중, 복용 전후에는 피하십시오."
200300976,테라400정,테라400,,일양약품(주),https://nedrug.mfds.go.kr/pbp/cmn/itemImageDownload/147428033089000017,레보도파와 함께 복용하지 마십시오.
200301033,엘부날캡슐(에르도스테인),엘부날,에르도스테인,진양제약(주),https://nedrug.mfds.go.kr/pbp/cmn/itemImageDownload/1Og9J5dfYsj,기침약을 복용중인 사람은 의사 또는 약사와 상의하십시오.
200301037,페노크린첩부제(플루르비프로펜),페노크린첩부제,플루르비프로펜,신신제약(주),,
200301038,신신펠비낙첩부제,신신펠비낙첩부제,,신신제약(주),,
200301069,마이부틴정(트리메부틴말레산염),마이부틴,트리메부틴말레산염,(주)동구바이오제약,https://nedrug.mfds.go.kr/pbp/cmn/itemImageDownload/1OlGSH7jtDN,
200301080,코디케어로션2.5%(히드로코르티손),코디케어,히드로코르티손,(주)동구바이오제약,,
200301138,비올씨정,비올씨,,경남제약(주),https://nedrug.mfds.go.kr/pbp/cmn/itemImageDownload/154653003766800163,레보도파와 함께 복용하지 마십시오.
200301181,포부틴정(트리메부틴말레산염),포부틴,트리메부틴말레산염,한국유니온제약(주),https://nedrug.mfds.go.kr/pbp/cmn/itemImageDownload/1OMgytrjiob,
200301252,엘스테인캡슐(에르도스테인),엘스테인,에르도스테인,대원제약(주),https://nedrug.mfds.go.kr/pbp/cmn/itemImageDownload/1Mxwka5v1Ov,기침약을 복용중인 사람은 의사 또는 약사와 상의하십시오.
200301473,트리플에이연고,트리플에이,,오스틴제약(주),,
200301477,알파칼연질캡슐(알파칼시돌),알파칼,알파칼시돌,오스틴제약(주),https://nedrug.mfds.go.kr/pbp/cmn/itemImageDownload/1OmrseGd9Lj,"이 약을 복용하는 동안 마그네슘 함유제제, 비타민 D와 그 유도체, 칼슘 함유제제 또는 티아지드계 이뇨제를 복용하지 마십시오.디기탈리스, 콜레스티라민 같은 수지나 사하제인 미네랄 오일, 페니토인과 글루코코르티코이드, 콜레스티폴, 수크랄페이트 또는 알루미늄이 다량 함유된 제산제, 에스트로겐(에티닐에스트라디올, 노르에티스테론), 바르비탈계 약물 또는 항전간제를 복용 중인 환자는 의사 또는 약사와 상의하십시오."
200301486,"람노스캡슐(락토바실루스카제이변종람노수스)(수출명1: 올바이오캡슐, 수출명2: 안티비오포르테캡슐)",람노스,,한화제약(주),https://nedrug.mfds.go.kr/pbp/cmn/itemImageDownload/151326603582900087,"주로 익힌 고기 및 밥을 먹고 설사시 식사를 계속하는 경우 생음식, 과일, 야채, 매운음식 및 냉동된 음식 또는 음료는 먹지 마십시오."
200301499,마그네스정,마그네스,,대화제약(주),https://nedrug.mfds.go.kr/pbp/cmn/itemImageDownload/1NOwp2F69jq,"인산염, 칼슘염 제제, 경구용 테트라사이클린계 제제, 제산제, 레보도파와 함께 복용하지 마십시오. 항알도스테론제, 트리암테렌과 함께 복용 시 의사 또는 약사와 상의하십시오. 녹차, 홍차 등 탄닌을 함유하는 차는 복용 중, 복용 전후에는 피하십시오."
200301501,플록펜첩부제(플루르비프로펜),플록펜첩부제,플루르비프로펜,대화제약(주),,
200301506,큐업액,큐업,,고려제약(주),,
200301507,엘도스탐캡슐(에르도스테인),엘도스탐,에르도스테인,코오롱제약(주),https://nedrug.mfds.go.kr/pbp/cmn/itemImageDownload/1Ob3ehS4L6e,기침약을 복용중인 사람은 의사 또는 약사와 상의하십시오.
200301508,레보골드액,레보골드,,고려제약(주),,
200301589,파이에온정,파이에온,,하이플생명과학(주),https://nedrug.mfds.go.kr/pbp/cmn/itemImageDownload/1M_kb4Aa6Al,"다른 설사약, 알레르기용약, 항히스타민제를 함유하는 약(멀미약, 감기약, 진해거담제)과 함께 복용하지 마십시오. 다른 한방제제(특히 대황함유제제)와 함께 복용 시 의사 또는 약사와 상의하십시오."
200301610,엘도랄정(에르도스테인),엘도랄,에르도스테인,경동제약(주),https://nedrug.mfds.go.kr/pbp/cmn/itemImageDownload/1Og9J5dfYtZ,기침약을 복용중인 사람은 의사 또는 약사와 상의하십시오.
200301618,에도스텐캡슐(에르도스테인),에도스텐,에르도스테인,한국넬슨제약(주),https://nedrug.mfds.go.kr/pbp/cmn/itemImageDownload/1Og9J5dfYvp,기침약을 복용중인 사람은 의사 또는 약사와 상의하십시오.
200301635,나이베라크림,나이베라,,(주)테라젠이텍스,,
200301784,투어펜플라스타(플루르비프로펜),투어펜플라스타,플루르비프로펜,신일제약(주),,
200301795,뉴젠비싸이모정,뉴젠비싸이모,,(주)셀릭스,https://nedrug.mfds.go.kr/pbp/cmn/itemImageDownload/1NOwp2F6LXQ,레보도파와 함께 복용하지 마십시오.
200301797,히아로겔(히알루론산나트륨),히아로,히알루론산나트륨,한미약품(주),,
200301805,소하자임플러스정,소하자임플러스,,한미약품(주),https://nedrug.mfds.go.kr/pbp/cmn/itemImageDownload/1PUpxpJsIVr,"위장진통, 진경제와 함께 복용하지 마십시오. 칼륨함유제제, 감초함유제제, 글리시리진산 혹은 그 염류 함유제제, 루프계 이뇨제(푸로세미드, 에타크린산) 또는 티아지드계 이뇨제(트리클로르메티아지드)와 함께 복용 시 의사 또는 약사와 상의하십시오."
200301808,코푸스탑플러스연질캡슐,코푸스탑플러스,,한미약품(주),https://nedrug.mfds.go.kr/pbp/cmn/itemImageDownload/147427785474000057,"이 약을 복용하는 동안 다른 진해거담제, 감기약, 항히스타민제를 함유하는 내복약(비염용 경구제, 멀미약, 알레르기용약), 진정제를 복용하지 마십시오. MAO억제제(항우울제, 항정신병제, 감정조절제, 항파킨슨제 등)를 복용하고 있거나 복용을 중단한 후 2주 이내의 사람은 이 약을 복용하지 마십시오. 복용 중에는 음주하지 마십시오."
200301809,스피드펜연질캡슐200밀리그램(이부프로펜),스피드펜,이부프로펜,한미약품(주),https://nedrug.mfds.go.kr/pbp/cmn/itemImageDownload/1OMmsDi9MxE,"고용량 메토트렉세이트, 다른 비스테로이드성 소염진통제와 함께 이 약을 복용하지 마십시오. 이 약을 복용하기 전에 저용량 아스피린, ACE 저해제 복용자, 리튬, 푸로세미드 및 티아지드계 이뇨제, 저용량 메토트렉세이트, 쿠마린계 항응혈제(와파린 등), 선택적 세로토닌 재흡수억제제를 복용하는 환자는 의사 또는 약사와 상의하십시오."
200301818,써스펜8시간이알서방정650밀리그램(아세트아미노펜),써스펜8시간이알서방,아세트아미노펜,한미약품(주),https://nedrug.mfds.go.kr/pbp/cmn/itemImageDownload/1Oikd3yeYQ3,"바르비탈계 약물, 삼환계 항우울제, 알코올, 다른 소염(항염)진통제 함께 이 약을 복용하지 마십시오. 와파린, 플루클록사실린, 티아지드계 이뇨제를 복용한 환자는 의사 또는 약사와 상의하십시오."
200301833,엘도인캡슐300밀리그램(에르도스테인),엘도인,에르도스테인,한미약품(주),https://nedrug.mfds.go.kr/pbp/cmn/itemImageDownload/1Og9J5dfYr1,기침약을 복용중인 사람은 의사 또는 약사와 상의하십시오.
200301846,아루진정,아루진,,(주)한국파비스제약,https://nedrug.mfds.go.kr/pbp/cmn/itemImageDownload/147428307461400010,"다른 설사약, 알레르기용약, 항히스타민제를 함유하는 약(멀미약, 감기약, 진해거담제)과 함께 복용하지 마십시오. 다른 한방제제(특히 대황함유제제)와 함께 복용 시 의사 또는 약사와 상의하십시오."
200301855,리버칼연질캡슐,리버칼,,(주)한국파비스제약,https://nedrug.mfds.go.kr/pbp/cmn/itemImageDownload/1NOwp2F6MNh,정주용 지질제와 함께 복용 시 의사 또는 약사와 상의하십시오.
200301913,하디코프에프정,하디코프에프,,광동제약(주),https://nedrug.mfds.go.kr/pbp/cmn/itemImageDownload/1OeD8xwOrPi,"진해(기침을 그치게 함)거담제(가래약), 다른 감기약, 해열진통제, 진정제, 항히스타민제를 함유하는 내복약(비염용 경구제, 멀미약, 알레르기용약)과 함께 복용하지 마십시오. MAO억제제(항우울제, 항정신병제, 감정조절제, 항파킨슨제 등)를 복용하고 있거나 복용을 중단한 후 2주 이내의 사람은 이 약을 복용하지 마십시오. 당뇨약, 통풍약, 관절염약, 항응고제, 스테로이드제, 바르비탈계 약물, 삼환계 항우울제, 알코올, 플루클록사실린과 함께 복용 시 의사 또는 약사와 상의하십시오. 복용 중에는 음주하지 마십시오."
200301956,이덴트플러스캡슐,이덴트플러스,,(주)씨엠지제약,https://nedrug.mfds.go.kr/pbp/cmn/itemImageDownload/151611575397700069,
200301985,뉴로친연질캡슐,뉴로친,,(주)씨엠지제약,https://nedrug.mfds.go.kr/pbp/cmn/itemImageDownload/147428018612500085,레보도파와 함께 복용하지 마십시오. 에스트로겐을 포함한 경구용 피임제와 함께 복용 시 의사 또는 약사와 상의하십시오.
200301992,베로신지크림,베로신지,,알파제약(주),,
200301993,로젤민연질캡슐(수출명:EROJELLMIN),로젤민,,알파제약(주),https://nedrug.mfds.go.kr/pbp/cmn/itemImageDownload/1Mp3yEn24Bo,"레보도파와 함께 복용하지 마십시오. 에스트로겐을 포함한 경구용 피임제, 정주용 지질제와 함께 사용 시 의사 또는 약사와 상의하십시오."
200301994,벤스나졸크림(테르비나핀염산염),벤스나졸,테르비나핀염산염,알파제약(주),,
200302005,조아토닉캡슐(수출용),조아토닉,,조아제약(주),https://nedrug.mfds.go.kr/pbp/cmn/itemImageDownload/151611729131700038,레보도파와 함께 복용하지 마십시오.에스트로겐이 포함된 경구용 피임제와 함께 복용 시 의사 또는 약사와 상의하십시오.
200302004,에카펜씨정,에카펜씨,,조아제약(주),https://nedrug.mfds.go.kr/pbp/cmn/itemImageDownload/147428322126600173,"진해(기침을 그치게 함)거담제(가래약), 다른 감기약, 해열진통제, 진정제, 항히스타민제를 함유하는 내복약(비염용 경구제, 멀미약, 알레르기용약)과 함께 복용하지 마십시오. 당뇨약, 통풍약, 관절염약, 항응고제, 스테로이드제, 바르비탈계 약물, 삼환계 항우울제, 알코올, 플루클록사실린과 함께 복용 시 의사 또는 약사와 상의하십시오. 복용 중에는 음주하지 마십시오."
200302007,마로엘정,마로엘,,조아제약(주),https://nedrug.mfds.go.kr/pbp/cmn/itemImageDownload/1Pjy9AR10uU,제산제와 함께 복용하지 마십시오. 우유 섭취 후 1시간 이내는 복용을 피하십시오.
200302008,윈다졸정(알벤다졸),윈다졸,알벤다졸,조아제약(주),https://nedrug.mfds.go.kr/pbp/cmn/itemImageDownload/147428209769800083,"이 약을 복용하는 동안 테오필린, 시메티딘, 프라지콴텔, 덱사메타손, 리토나비르, 페니토인, 카르바마제핀, 페노바르비탈을 함께 복용하지 마십시오."
200302062,한방통치고카타플라스마,한방통치고카타플라스마,,(주)티디에스팜,,
200302065,플루펜카타플라스마(플루르비프로펜),플루펜카타플라스마,플루르비프로펜,(주)티디에스팜,,
200302067,뉴펜스탑카타플라스마(펠비낙),뉴펜스탑카타플라스마,펠비낙,(주)티디에스팜,,
200302155,파모콤푸츄정,파모콤푸츄,,지엘팜텍(주),https://nedrug.mfds.go.kr/pbp/cmn/itemImageDownload/1N78w75cuxs,"다른 위장약과 함께 복용하지 마십시오. 아테놀올, 메토프로롤, 프로프라놀롤, 클로로퀸, 싸이클린계 항생제, 디클루니살, 디곡신, 이인산염, 펙소페나딘, 철(염), 플루오로퀴놀론계 항생제, 불화나트륨, 글루코코르티코이드, 인도메타신, 케토코나졸, 란소프라졸, 페노티아진계 항전간제, 페니실라민, 인산염, 티록신(약물의 소화 흡수 감소)과 함께 복용 시 2시간 이상의 간격을 두고 복용하십시오. 살리실산과 함께 복용 시 의사 또는 약사와 상의하십시오."
200302177,엘바민정,엘바민,,초당약품공업(주),https://nedrug.mfds.go.kr/pbp/cmn/itemImageDownload/147428277917100086,레보도파와 함께 복용하지 마십시오. 에스트로겐을 포함한 경구용 피임제와 함께 복용 시 의사 또는 약사와 상의하십시오.
200302217,제놀쿨카타플라스마,제놀쿨카타플라스마,,(주)녹십자,,
200302218,명심고카타플라스마,명심고카타플라스마,,(주)녹십자,,
200302266,두배락캡슐(바실루스리케니포르미스균),두배락,바실루스리케니포르미스균,(주)서울제약,https://nedrug.mfds.go.kr/pbp/cmn/itemImageDownload/1Pvn3im1fD5,"시프로플록사신, 이미페넴, 실라스타틴나트륨을 함께 투여 시 의사 또는 약사와 상의하십시오."
200302275,"세브론시럽(아세틸시스테인)(수출명:뮤시스틴시럽,스파탐시럽)",세브론,,(주)서울제약,,"경구용 항생제(아목시실린, 세푸록심, 독시사이클린, 에리트로마이신, 티암페니콜)와 함께 복용 시 적어도 2시간의 간격을 두고 복용하십시오.이 약의 용액에 다른 약물의 첨가는 피하십시오."
200302278,세브론에이시럽,세브론에이,,(주)서울제약,,"경구용 항생물질(아목시실린, 세푸록심, 독시사이클린, 에리스로마이신, 티암페니콜)과 함께 복용 시 적어도 2시간의 간격을 두고 복용하십시오. 알코올, 중추신경억제제와 함께 복용 시 졸음을 유발할 수 있습니다. 클로르페니라민과 함께 사용 시 의사 또는 약사와 상의하십시오."
200302303,포티텐점안액(케토티펜푸마르산염),포티텐,케토티펜푸마르산염,한림제약(주),,
200302371,에스빌연질캡슐(덱시부프로펜),에스빌,덱시부프로펜,(주)알피바이오,https://nedrug.mfds.go.kr/pbp/cmn/itemImageDownload/1P2JYwFsBPX,"아스피린, 다른 비스테로이드성 소염진통제, 고용량의 메토트렉세이트와 함께 복용하지 마십시오. 이 약을 복용하기 전에 코르티코스테로이드, 알코올, 디곡신, 페니토인, 프로베네시드, 설핀피라존, 설포닐우레아제, ACE 억제제 또는 안지오텐신Ⅱ 수용체 길항제, 이뇨제, 리튬, 쿠마린계 항응고제spd(와르파린 등), 바클로펜, 면역억제제(시클로스포린, 타크로리무스, 시롤리무스), 혈전용해제, 티클로피딘, 항혈전제, 혈중 칼륨농도를 증가시키는 약물(예, 칼륨 저류형 이뇨제, ACE 억제제, 안지오텐신-Ⅱ 수용체 길항제, 시클로스포린과 타크로리무스와 같은 면역억제제, 트리메토프림, 헤파린 등), CYP2C8, CYP2C9의 유도제(예, 리팜피신, 페노바르비탈), 저용량(15 mg/주 미만)의 메토트렉세이트, 항혈소판제 및 선택적 세로토닌 재흡수 억제제, 저용량 아스피린과 함께 복용 시 의사 또는 약사와 상의하십시오."
200302415,플라톱플라스타(케토프로펜),플라톱플라스타,케토프로펜,(주)경보제약,,
200302454,클로안에프점안액(수출명:참술점안액)(수출용),클로안에프,,유니메드제약(주),,
200302457,유니펙탄캡슐(에르도스테인),유니펙탄,에르도스테인,유니메드제약(주),https://nedrug.mfds.go.kr/pbp/cmn/itemImageDownload/1Og9J5dfYn5,기침약을 복용중인 사람은 의사 또는 약사와 상의하십시오.
200302512,"그린티눈액(수출명 : 1. Green Tinun Solution, 2. Collopaint Wart Solution)",그린티눈,,(주)그린제약,,
200302514,그린헥시딘액5%(클로르헥시딘글루콘산염액),그린헥시딘,클로르헥시딘글루콘산염액,(주)그린제약,,"혈청, 농 등의 유기물질, 비누류는 이 약의 살균작용을 약화시키므로 충분히 씻어 제거한 후 사용하십시오."
200302521,탐부틴정200밀리그램(트리메부틴말레산염),탐부틴,트리메부틴말레산염,대한뉴팜(주),https://nedrug.mfds.go.kr/pbp/cmn/itemImageDownload/147426395116500166,
200302728,니타딘정(니자티딘),니타딘,니자티딘,(주)넥스팜코리아,https://nedrug.mfds.go.kr/pbp/cmn/itemImageDownload/1PWvmOITHuh,"이 약을 복용하는 동안 다른 위장약, 스테로이드제, 항생물질, 항암제, 아졸계 항진균제, 고용량(3,900 mg)의 아스피린, 게피티니브, 프룰리플록사신 또는 아타나자비어를 복용하지 마십시오. 복용 중에는 음주하지 마십시오. 카페인, 초콜렛, 튀긴 음식을 복용 중에는 피하십시오."
200302791,탑스에프카타플라스마(케토프로펜),탑스에프카타플라스마,케토프로펜,대화제약(주),,
200302817,구미포비스왑스틱(포비돈요오드)(수출명:포비딕),구미포비스왑스틱,,구미제약(주),,"과산화수소를 함께 사용하지 마십시오.리튬제제, 클로르헥시딘, 설파디아진 은화합물, 알칼리, 수은을 함유한 제제, 효소성분의 상처치료제를 함께 사용 시 의사 또는 약사와 상의하십시오."
200302822,큐앤큐포비돈스틱스왑(포비돈요오드),큐앤큐포비돈스틱스왑,포비돈요오드,큐앤큐팜(주),,"과산화수소와 함께 사용하지 마십시오.리튬제제, 클로르헥시딘, 설파디아진ㆍ은화합물, 알칼리, 수은을 함유한 제제, 효소성분의 상처치료제와 함께 사용 시 의사 또는 약사와 상의하십시오."
200303231,더모케어로오숀2.5%(히드로코르티손),더모케어로오숀,히드로코르티손,(주)나노팜,,
200303256,아시콜크림(아시클로버),아시콜,아시클로버,주식회사제뉴원사이언스,,프로베네시드를 투여한 환자는 의사 또는 약사와 상의하십시오.
200303258,스무스케어로션2.5%(히드로코르티손),스무스케어,히드로코르티손,주식회사제뉴원사이언스,,
200303259,터나빈크림(테르비나핀염산염),터나빈,테르비나핀염산염,주식회사제뉴원사이언스,,산성에서 칸디다균의 증식이 잘 되므로 산성 비누를 사용하지 마십시오.
200303260,케토에스겔(케토프로펜),케토에스,케토프로펜,주식회사제뉴원사이언스,,
200303264,루스트라크림4%(히드로퀴논),루스트라,히드로퀴논,주식회사제뉴원사이언스,,
200303274,댄스탑외용액(케토코나졸),댄스탑외용,케토코나졸,주식회사제뉴원사이언스,,"동종의 항진균제(미코나졸, 에코나졸, 이소코나졸 등)와 함께 사용 시 의사 또는 약사와 상의하십시오."
200307641,알파간피점안액0.15%(브리모니딘타르타르산염),알파간피,브리모니딘타르타르산염,한국애브비(주),,"중추신경억제제(알코올, 바르비탈류, 아편류, 안정제, 마취제), 베타차단제(안과용, 전신용), 혈압강하제, 강심배당체, 삼환계 항우울제, 아드레날린 수용체 효능제 또는 길항제(이소프레날린, 프라조신)과 함께 투여 시 의사 또는 약사와 상의하십시오."
200307875,듀라프렙외용액,듀라프렙외용,,솔벤텀코리아주식회사,,
200307984,박티그라멸균거즈(클로르헥시딘아세트산염),박티그라멸균거즈,클로르헥시딘아세트산염,스미스앤드네퓨(주),,"비누나 다른 음이온성 물질, 요오드화 칼륨, 산화성 상처 세척제와 함께 사용하지 마십시오."
200308326,더생우쿵카오경고제,더생우쿵카오경고제,,(주)재우스팜,,
200308396,폴락스산(폴리에틸렌글리콜4000),폴락스,폴리에틸렌글리콜4000,안국약품(주),,이뇨제와 함께 사용 시 의사 또는 약사와 상의하십시오.
200308600,미키크림,미키,,(주)에이프로젠바이오로직스,,
200308603,제니폴연질캡슐,제니폴,,영풍제약(주),https://nedrug.mfds.go.kr/pbp/cmn/itemImageDownload/152285649754900026,"레보도파, 에스트로겐을 포함한 경구용 피임약, 정주용 지질제와 함께 사용 시 의사 또는 약사와 상의하십시오."
200308774,뮤코다인캡슐200mg(아세틸시스테인),뮤코다인,아세틸시스테인,(주)테라젠이텍스,https://nedrug.mfds.go.kr/pbp/cmn/itemImageDownload/147426395116500174,"경구용 항생제(아목시실린, 세푸록심, 독시사이클린, 에리트로마이신, 티암페니콜)와 함께 복용 시 적어도 2시간 간격을 두고 복용하십시오."
200400009,에도날캡슐(에르도스테인),에도날,에르도스테인,신풍제약(주),https://nedrug.mfds.go.kr/pbp/cmn/itemImageDownload/1Og9J5dfYzi,기침약을 복용중인 사람은 의사 또는 약사와 상의하십시오.
200400116,모드콜시럽,모드콜,,(주)종근당,,"진해(기침을 그치게 함)거담제(가래약), 다른 감기약, 해열진통제, 진정제, 항히스타민제를 함유하는 내복약(비염(코염)용 경구제, 멀미약, 알레르기용약)과 함께 복용하지 마십시오. 바르비탈계 약물, 삼환계 항우울제, 알코올, 당뇨약, 통풍약, 관절염약, 항응고제, 스테로이드제와 함께 복용 시 의사 또는 약사와 상의하십시오. 복용 중에는 음주하지 마십시오."
200400118,락토웰장용캡슐(바실루스서브틸리스균·엔테로코쿠스페슘균배양물),락토웰장용,바실루스서브틸리스균|엔테로코쿠스페슘균배양물,(주)종근당,https://nedrug.mfds.go.kr/pbp/cmn/itemImageDownload/1Pvn3im1aaA,
200400135,덱시로펜정(덱시부프로펜),덱시로펜,덱시부프로펜,동광제약(주),https://nedrug.mfds.go.kr/pbp/cmn/itemImageDownload/1Q1Ev4cHwNC,"아스피린, 다른 비스테로이드성 소염진통제, 고용량의 메토트렉세이트와 함께 복용하지 마십시오. 이 약을 복용하기 전에 코르티코스테로이드, 알코올, 디곡신, 페니토인, 프로베네시드, 설핀피라존, 설포닐우레아제, ACE 억제제 또는 안지오텐신Ⅱ 수용체 길항제, 이뇨제, 리튬, 쿠마린계 항응고제(와르파린 등), 바클로펜, 면역억제제(시클로스포린, 타크로리무스, 시롤리무스), 혈전용해제, 티클로피딘, 항혈전제, 혈중 칼륨농도를 증가시키는 약물(예, 칼륨 저류형 이뇨제, ACE 억제제, 안지오텐신-Ⅱ 수용체 길항제, 시클로스포린과 타크로리무스와 같은 면역억제제, 트리메토프림, 헤파린 등), CYP2C8, CYP2C9의 유도제(예, 리팜피신, 페노바르비탈), 저용량(15 mg/주 미만)의 메토트렉세이트, 항혈소판제 및 선택적 세로토닌 재흡수 억제제, 저용량 아스피린과 함께 복용 시 의사 또는 약사와 상의하십시오."
200400151,엘도틴캡슐(에르도스테인),엘도틴,에르도스테인,이연제약(주),https://nedrug.mfds.go.kr/pbp/cmn/itemImageDownload/1Og9J5dfYyI,기침약과 함께 복용 시 의사 또는 약사와 상의하십시오.
200400201,오로친에스정,오로친에스,,(주)유유제약,https://nedrug.mfds.go.kr/pbp/cmn/itemImageDownload/1NQDCuOtpqM,"다른 설사약, 알레르기용약, 항히스타민제를 함유하는 약(멀미약, 감기약, 진해(기침을 그치게 함)거담제(가래약))과 함께 복용하지 마십시오.다른 한방제제(특히 대황함유제제)와 함께 복용 시 의사 또는 약사와 상의하십시오."
200400233,에도인캡슐(에르도스테인),에도인,에르도스테인,삼성제약(주),https://nedrug.mfds.go.kr/pbp/cmn/itemImageDownload/1NfityciGFx,기침약을 복용중인 사람은 의사 또는 약사와 상의하십시오.
200400364,한올트리메부틴말레산염정,한올트리메부틴말레산염,,한올바이오파마(주),https://nedrug.mfds.go.kr/pbp/cmn/itemImageDownload/148609534390200179,
200400325,아로나민씨플러스정,아로나민씨플러스,,일동제약(주),https://nedrug.mfds.go.kr/pbp/cmn/itemImageDownload/154609810414600033,"인산염, 칼슘염, 경구용 테트라사이클린계 제제, 제산제, 레보도파와 함께 사용하지 마십시오. 이 약을 복용하기 전에 에스트로겐을 포함한 경구용 피임제, 항알도스테론제, 트리암테렌과 함께 사용 시 의사 또는 약사와 상의하십시오. 녹차, 홍차 등 탄닌을 함유하는 차는 복용 중, 복용 전후에는 피하십시오."
200400462,리버골드에프연질캡슐,리버골드에프,,(주)대웅제약,https://nedrug.mfds.go.kr/pbp/cmn/itemImageDownload/147428312450900173,
200400500,"삐콤씨에이스정
(수출명:유한삐콤씨에이스정)",삐콤씨에이스,,(주)유한양행,https://nedrug.mfds.go.kr/pbp/cmn/itemImageDownload/147428089523200034,"인산염, 칼슘염, 경구용 테트라사이클린계 제제, 제산제, 레보도파와 함께 복용하지 마십시오. 에스트로겐을 포함한 경구용 피임제, 항알도스테론제, 트리암테렌과 함께 복용 시 의사 또는 약사와 상의하십시오.녹차, 홍차 등 탄닌을 함유하는 차는 복용 중, 복용 전후에는 피하십시오."
200400463,이지엔6애니연질캡슐(이부프로펜),이지엔6애니,이부프로펜,(주)대웅제약,https://nedrug.mfds.go.kr/pbp/cmn/itemImageDownload/1NVEnjhkQ3O,"다른 비스테로이드성 소염진통제와 함께 이 약을 복용하지 마십시오. 이 약을 복용하기 전에 저용량 아스피린, ACE 저해제, 리튬, 푸로세미드 및 티아지드계 이뇨제, 저용량 메토트렉세이트, 쿠마린계 항응혈제(와파린 등), 선택적 세로토닌 재흡수억제제와 함께 복용 시 의사 또는 약사와 상의하십시오."
200400485,"이지엔6프로연질캡슐(덱시부프로펜)(수출명:DAUFENSoftCapsule,SPEEDFEN)",이지엔6프로,,(주)대웅제약,https://nedrug.mfds.go.kr/pbp/cmn/itemImageDownload/1PEPKBUcd7s,"이 약을 복용하는 동안 다른 비스테로이드성 소염진통제, 아스피린, 고용량의 메토트렉세이트를 사용하지 마십시오.이 약을 복용하기 전에 코르티코스테로이드, 알코올, 디곡신, 페니토인, 프로베네시드, 설핀피라존, 설포닐우레아제, ACE 억제제 또는 안지오텐신Ⅱ 수용체 길항제, 이뇨제, 리튬, 쿠마린계 항응고제(와르파린 등), 바클로펜, 면역억제제(시클로스포린, 타크로리무스, 시롤리무스), 혈전용해제, 티클로피딘, 항혈전제, 혈중 칼륨농도를 증가시키는 약물(예, 칼륨 저류형 이뇨제, ACE 억제제, 안지오텐신-Ⅱ 수용체 길항제, 시클로스포린과 타크로리무스와 같은 면역억제제, 트리메토프림, 헤파린 등), CYP2C8, CYP2C9의 유도제(예, 리팜피신, 페노바르비탈), 저용량(15 mg/주 미만)의 메토트렉세이트, 항혈소판제 및 선택적 세로토닌 재흡수 억제제를 함께 사용 시 의사 또는 약사와 상의하십시오."
200400550,에카씬정,에카씬,,(주)바이넥스,https://nedrug.mfds.go.kr/pbp/cmn/itemImageDownload/1OFm45_SsCb,"진해거담제, 다른 감기약, 해열진통제, 진정제, 항히스타민제를 함유하는 내복약(비염용 경구제, 멀미약, 알레르기용약)과 함께 복용하지 마십시오. 바르비탈계 약물, 삼환계 항우울제 및 알코올과 함께 복용 시 의사 또는 약사와 상의하십시오. 복용 중에는 음주하지 마십시오."
200400641,세리펙에스정,세리펙에스,,(주)마더스제약,https://nedrug.mfds.go.kr/pbp/cmn/itemImageDownload/1OmrseGd99v,"염산페닐프로판올아민을 함유하는 다른 내복약(감기약, 비염용약, 진해거담약), 다른 비염용 경구제, 항히스타민제를 함유하는 내복약(감기약, 진해거담약, 진훈제, 알레르기용약)과 함께 복용하지 마십시오.칼륨함유제제, 감초함유제제, 글리시리진산 혹은 그 염류 함유제제, 루프계이뇨제(푸로세미드, 에타크린산), 티아지드계 이뇨제(트리클로르메티아지드)와 함께 복용 시 의사 또는 약사와 상의하십시오."
200400644,아나탁심정(나프록센나트륨),아나탁심,나프록센나트륨,(주)마더스제약,https://nedrug.mfds.go.kr/pbp/cmn/itemImageDownload/147428185705700160,"다른 비스테로이드성 소염진통제 및 나프록센 유도체, 아스피린, 고용량의 메토트렉세이트와 함께 복용하지 마십시오. 히단토인계 항간질제, 설파제, 설포닐요소계 혈당강하제, 프로프라놀롤 및 다른 -차단제, ACE 저해제(억제제)(캅토프릴 등), 루프계 이뇨제 및 티아지드계 이뇨제, 프로베네시드, 리튬, 저용량 메토트렉세이트, 쿠마린계 항응혈제(혈액응고저지제)(와파린 등), 지도부딘, 뉴퀴놀론계 항생물질(에녹사신 등)과 함께 복용 시 의사 또는 약사와 상의하십시오."
200400668,에르딘캡슐(에르도스테인),에르딘,에르도스테인,대우제약(주),https://nedrug.mfds.go.kr/pbp/cmn/itemImageDownload/1Og9J5dfYon,기침약을 복용중인 사람은 의사 또는 약사와 상의하십시오.
200400752,티알부틴정(트리메부틴말레산염),티알부틴,트리메부틴말레산염,조아제약(주),https://nedrug.mfds.go.kr/pbp/cmn/itemImageDownload/1OtGiHsZjxv,
200400766,페리닥터캡슐,페리닥터,,동화약품(주),https://nedrug.mfds.go.kr/pbp/cmn/itemImageDownload/147428181019400161,"인산염, 칼슘염, 경구용 테트라사이클린계 항생제, 제산제와 함께 복용하지 마십시오. 이 약을 복용하기 전에 철 함유제제(철분제, MRI용 간장 조영제 등), 항알도스테론제, 트리암테렌, 퀴놀론계, 페니실라민, 콜레스티라민, 췌장엑스, 비타민 E, 디포스폰산 염류, 티록신, 세프디니르 제제, 200 mg 이상의 아스코르빈산(비타민 C)을 함께 복용 시 의사 또는 약사와 상의하십시오. 녹차, 홍차 등 탄닌을 함유하는 차 및 우유ㆍ유제품은 복용 중, 복용 전후에는 피하십시오."
200400785,다이오친에프정,다이오친에프,,삼아제약(주),https://nedrug.mfds.go.kr/pbp/cmn/itemImageDownload/1Pvn3im1cZb,"MAO 억제제(항우울제, 항정신병제, 감정조절제, 항파킨슨제 등), 다른 비염용 경구제, 항히스타민제를 함유하는 내복약(감기약, 진해거담제, 멀미약, 알레르기용약), 디펜히드라민을 함유하는 제제(피부에 적용하는 제제 포함)와 함께 사용하지 마십시오. 칼륨함유제제, 감초함유제제, 글리시리진산 혹은 그 염류 함유제제, 루프계이뇨제(푸로세미드, 에타크린산), 티아지드계 이뇨제(트리클로르메티아지드)와 함께 복용 시 의사 또는 약사와 상의하십시오.복용 중에는 음주하지 마십시오."
200400830,엘도신캡슐(에르도스테인),엘도신,에르도스테인,알리코제약(주),https://nedrug.mfds.go.kr/pbp/cmn/itemImageDownload/1Og9J5dfYmF,기침약을 복용중인 사람은 의사 또는 약사와 상의하십시오.
200400925,훼로바프리미엄캡슐,훼로바프리미엄,,부광약품(주),https://nedrug.mfds.go.kr/pbp/cmn/itemImageDownload/149140683129300048,"인산염, 칼슘염, 경구용 테트라사이클린계 항생제, 제산제와 함께 복용하지 마십시오.이 약을 복용하기 전에 철 함유제제(철분제, MRI용 간장 조영제 등), 항알도스테론제, 트리암테렌, 퀴놀론계, 페니실라민, 콜레스티라민, 췌장엑스 및 비타민 E와 같은 물질, 디포스폰산 염류, 티록신, 세프디니르 제제, 200 mg 이상의 아스코르빈산(비타민 C)을 함께 복용 시 의사 또는 약사와 상의하십시오.녹차, 홍차 등 탄닌을 함유하는 차 및 우유ㆍ유제품은 복용 중, 복용 전후에는 피하십시오."
200400951,엘도스타캡슐(에르도스테인),엘도스타,에르도스테인,(주)에이프로젠바이오로직스,https://nedrug.mfds.go.kr/pbp/cmn/itemImageDownload/1Og9J5dfYzQ,기침약을 복용중인 사람은 의사 또는 약사와 상의하십시오.
200401046,로얄코티크림,로얄코티,,(주)에이프로젠바이오로직스,,
200401051,이보드람연고,이보드람,,(주)에이프로젠바이오로직스,,
200401058,훼르친캡슐,훼르친,,(주)에이프로젠바이오로직스,https://nedrug.mfds.go.kr/pbp/cmn/itemImageDownload/147428181019400194,"인산염, 칼슘염, 경구용 테트라사이클린계 항생제, 제산제와 함께 복용하지 마십시오.이 약을 복용하기 전에 철 함유제제(철분제, MRI용 간장 조영제 등), 항알도스테론제, 트리암테렌, 퀴놀론계, 페니실라민, 콜레스티라민, 췌장엑스 및 비타민 E와 같은 물질, 디포스폰산 염류, 티록신, 세프디니르 제제, 200 mg 이상의 아스코르빈산(비타민 C)을 함께 복용 시 의사 또는 약사와 상의하십시오.녹차, 홍차 등 탄닌을 함유하는 차 및 우유ㆍ유제품은 복용 중, 복용 전후에는 피하십시오."
200401121,프라렉신크림(프라목신염산염),프라렉신,프라목신염산염,태극제약(주),,"혈압강하제, 항우울약과 함께 복용 시 의사 또는 약사와 상의하십시오."
200401126,프라믹신연고(수출명:안티바이오틱오인트먼트플러스패인릴리이버),프라믹신,,태극제약(주),,
200401131,모바린액5%(미녹시딜),모바린,미녹시딜,(주)일화,,"이 약을 사용하는 동안 다른 두피용 약물, 외용 코르티코이드, 레티노이드, 바셀린, 디트라놀 또는 경피흡수를 촉진시킨다고 알려진 약물, 구아네티틴 등의 혈관확장제를 함께 사용하지 마십시오."
200401143,지스톤크림,지스톤,,태극제약(주),,
200401149,하이로손로션2.5%(히드로코르티손),하이로손,히드로코르티손,태극제약(주),,
200401210,진트로이에프정(트리메부틴말레산염),진트로이에프,트리메부틴말레산염,(주)비보존제약,https://nedrug.mfds.go.kr/pbp/cmn/itemImageDownload/1OrgEjHwC8G,
200401223,제이카인프리미움겔(리도카인),제이카인프리미움,리도카인,(주)비보존제약,,
200401237,제이카인크림(리도카인),제이카인,리도카인,(주)비보존제약,,
200401219,데코라펜연질캡슐(덱시부프로펜),데코라펜,덱시부프로펜,(주)비보존제약,https://nedrug.mfds.go.kr/pbp/cmn/itemImageDownload/147428109443000164,"아스피린, 다른 비스테로이드성 소염진통제, 고용량의 메토트렉세이트와 함께 복용하지 마십시오. 이 약을 복용하기 전에 코르티코스테로이드, 알코올, 디곡신, 페니토인, 프로베네시드, 설핀피라존, 설포닐우레아제, ACE 억제제 또는 안지오텐신Ⅱ 수용체 길항제, 이뇨제, 리튬, 쿠마린계 항응고제(와르파린 등), 바클로펜, 면역억제제(시클로스포린, 타크로리무스, 시롤리무스), 혈전용해제, 티클로피딘, 항혈전제, 혈중 칼륨농도를 증가시키는 약물(예, 칼륨 저류형 이뇨제, ACE 억제제, 안지오텐신-Ⅱ 수용체 길항제, 시클로스포린과 타크로리무스와 같은 면역억제제, 트리메토프림, 헤파린 등), CYP2C8, CYP2C9의 유도제(예, 리팜피신, 페노바르비탈), 저용량(15 mg/주 미만)의 메토트렉세이트, 항혈소판제 및 선택적 세로토닌 재흡수 억제제, 저용량 아스피린과 함께 복용 시 의사 또는 약사와 상의하십시오."
200401293,슈멕톤현탁액(디옥타헤드랄스멕타이트)(수출명:DOSMECTINE),슈멕톤,,일양약품(주),,
200401295,테라빅정,테라빅,,일양약품(주),https://nedrug.mfds.go.kr/pbp/cmn/itemImageDownload/147428023057800016,"인산염, 칼슘염, 경구용 테트라사이클린계 제제, 제산제, 레보도파와 함께 복용하지 마십시오. 에스트로겐을 포함한 경구용 피임제, 항알도스테론제, 트리암테렌과 함께 복용 시 의사 또는 약사와 상의하십시오. 녹차, 홍차 등 탄닌을 함유하는 차는 복용 중, 복용 전후에는 피하십시오."
200401307,아진팜정,아진팜,,일양약품(주),https://nedrug.mfds.go.kr/pbp/cmn/itemImageDownload/147428089523200044,
200401318,헤모레이디캡슐,헤모레이디,,(주)마더스제약,https://nedrug.mfds.go.kr/pbp/cmn/itemImageDownload/1P-zfAdlXl2,"인산염, 칼슘염, 경구용 테트라사이클린계 항생제, 제산제와 함께 복용하지 마십시오.이 약을 복용하기 전에 철 함유제제(철분제, MRI용 간장 조영제 등), 항알도스테론제, 트리암테렌, 퀴놀론계, 페니실라민, 콜레스티라민, 췌장엑스 및 비타민 E와 같은 물질, 디포스폰산 염류, 티록신, 세프디니르 제제, 200 mg 이상의 아스코르빈산(비타민 C)을 함께 복용 시 의사 또는 약사와 상의하십시오.녹차, 홍차 등 탄닌을 함유하는 차 및 우유ㆍ유제품은 복용 중, 복용 전후에는 피하십시오."
200401321,속코정,속코,,일양약품(주),https://nedrug.mfds.go.kr/pbp/cmn/itemImageDownload/147428089523200037,"MAO 억제제, 수면제, 진정제, 정신병치료제 또는 중추신경억제성 항히스타민, 비충혈(코막힘)제거제, 식욕억제제, 암페타민과 유사한 신경자극약 같은 교감신경흥분제, 브레틸리움, 베타니딘, 구아네티딘, 데브리소퀴닌, 메틸도파, 베타 또는 알파-아드레날린성 차단제를 포함하는 교감신경 활성을 억제하는 약물, 플루클록사실린과 함께 사용하지 마십시오. 복용 중에는 알코올성 음료를 피하십시오."
200401419,천우동의고카타플라스마(수출용),천우동의고카타플라스마,,천우신약(주),,
200401422,신신찜파스,신신찜파스,,신신제약(주),,
200401423,진생고카타플라스마,진생고카타플라스마,,신신제약(주),,
200401424,인타신첩부제(인도메타신),인타신첩부제,인도메타신,신신제약(주),,
200401445,엘로틴캡슐(에르도스테인),엘로틴,에르도스테인,(주)동구바이오제약,https://nedrug.mfds.go.kr/pbp/cmn/itemImageDownload/1Og9J5dfYoV,기침약을 복용중인 사람은 의사 또는 약사와 상의하십시오.
200401475,"뮤코존정(메칠-N,S-디아세틸시스테인)",뮤코존,메칠-N|S-디아세틸시스테인,(주)동구바이오제약,https://nedrug.mfds.go.kr/pbp/cmn/itemImageDownload/147428065594600053,기침 및 가래를 제거하는 제제(아트로핀 류)와 함께 복용하지 마십시오.
200402065,오스틴엘시스틴연질캡슐500밀리그램,오스틴엘시스틴,,오스틴제약(주),https://nedrug.mfds.go.kr/pbp/cmn/itemImageDownload/154661657839800015,
200402069,삼메틴정(트리메부틴말레산염),삼메틴,트리메부틴말레산염,오스틴제약(주),https://nedrug.mfds.go.kr/pbp/cmn/itemImageDownload/1ObKPNYiU_q,
200402122,"디젠정(수출명:Digestal,Dailase)",디젠,,대화제약(주),https://nedrug.mfds.go.kr/pbp/cmn/itemImageDownload/154333326985900069,위장진통ㆍ진경제와 함께 복용하지 마십시오.
200402284,에도스캡슐(에르도스테인),에도스,에르도스테인,영일제약(주),https://nedrug.mfds.go.kr/pbp/cmn/itemImageDownload/1Og9J5dfY-O,기침약과 함께 복용 시 의사 또는 약사와 상의하십시오.
200402297,리보렌에스연질캡슐,리보렌에스,,영일제약(주),https://nedrug.mfds.go.kr/pbp/cmn/itemImageDownload/1Oi0VcHL096,정주용 지질제와 함께 복용 시 의사 또는 약사와 상의하십시오.
200402328,엘도스틴캡슐(에르도스테인),엘도스틴,에르도스테인,(주)파마킹,https://nedrug.mfds.go.kr/pbp/cmn/itemImageDownload/1Og9J5dfY_G,기침약을 복용중인 사람은 의사 또는 약사와 상의하십시오.
200402458,엘펙탄캡슐(에르도스테인),엘펙탄,에르도스테인,(주)팜젠사이언스,https://nedrug.mfds.go.kr/pbp/cmn/itemImageDownload/1Og9J5dfYz8,기침약을 복용중인 사람은 의사 또는 약사와 상의하십시오.
200402508,엘테인캡슐(에르도스테인),엘테인,에르도스테인,하나제약(주),https://nedrug.mfds.go.kr/pbp/cmn/itemImageDownload/1Pqda2Ed3Hb,기침약을 복용중인 사람은 의사 또는 약사와 상의하십시오.
200402546,이모나캡슐,이모나,,미래바이오제약(주),https://nedrug.mfds.go.kr/pbp/cmn/itemImageDownload/1Pvn3im1l4V,
200402560,다우제큐정,다우제큐,,미래바이오제약(주),https://nedrug.mfds.go.kr/pbp/cmn/itemImageDownload/147428307461400161,
200402581,리게논-큐연질캡슐,리게논-큐,,신일제약(주),https://nedrug.mfds.go.kr/pbp/cmn/itemImageDownload/147427269602400139,정주용 지질제와 함께 복용 시 의사 또는 약사와 상의하십시오.
200402580,콤비올에이정,콤비올에이,,신일제약(주),https://nedrug.mfds.go.kr/pbp/cmn/itemImageDownload/147428239002400162,"아세트아미노펜을 포함하는 다른 제품, MAO억제제(항우울제, 항정신병제, 감정조절제, 항파킨슨제 등), 진해거담제, 다른 감기약, 해열진통제, 진정제, 항히스타민제를 함유하는 내복약(비염용 경구제, 멀미약, 알레르기용약)과 함께 복용하지 마십시오.당뇨약, 통풍약, 관절염약, 항응고제, 스테로이드제, 바르비탈계 약물, 삼환계 항우울제, 알코올과 함께 복용 시 의사 또는 약사와 상의하십시오.복용 중에는 음주하지 마십시오."
200402585,알레스탑-에스정,알레스탑-에스,,신일제약(주),https://nedrug.mfds.go.kr/pbp/cmn/itemImageDownload/154599016029800071,"다른 설사약, 알레르기용약, 항히스타민제를 함유하는 약(멀미약, 감기약, 진해(기침을 그치게 함)거담제가래약)과 함께 복용하지 마십시오.다른 한방제제(특히 대황함유제제)와 함께 복용 시 의사 또는 약사와 상의하십시오."
200402651,하티손로션1%(히드로코르티손),하티손,히드로코르티손,한미약품(주),,
200402652,하티손로션2.5%(히드로코르티손),하티손,히드로코르티손,한미약품(주),,
200402711,케펜겔(케토프로펜),케펜,케토프로펜,(주)한국파비스제약,,
200402713,안티센크림,안티센,,(주)한국파비스제약,,
200402786,광동동의한방고카타플라스마,광동동의한방고카타플라스마,,광동제약(주),,
200402789,케토플러스카타플라스마(케토프로펜),케토플러스카타플라스마,케토프로펜,광동제약(주),,
200402806,페리비타캡슐,페리비타,,광동제약(주),https://nedrug.mfds.go.kr/pbp/cmn/itemImageDownload/1NOwp2F6JOx,"인산염, 칼슘염, 경구용 테트라사이클린계 항생제, 제산제와 함께 복용하지 마십시오.이 약을 복용하기 전에 철 함유제제(철분제, MRI용 간장 조영제 등), 항알도스테론제, 트리암테렌, 퀴놀론계, 페니실라민, 콜레스티라민, 췌장엑스 및 비타민 E와 같은 물질, 디포스폰산 염류, 티록신, 세프디니르 제제, 200 mg 이상의 아스코르빈산(비타민 C)을 함께 복용 시 의사 또는 약사와 상의하십시오.녹차, 홍차 등 탄닌을 함유하는 차 및 우유ㆍ유제품은 복용 중, 복용 전후에는 피하십시오."
200402856,콜스롤연질캡슐,콜스롤,,(주)씨엠지제약,https://nedrug.mfds.go.kr/pbp/cmn/itemImageDownload/151456099314300032,"레보도파, 에스트로겐을 포함한 경구용 피임약, 정주용 지질제와 함께 사용 시 의사 또는 약사와 상의하십시오."
200402912,엘도린캡슐(에르도스테인),엘도린,에르도스테인,영풍제약(주),https://nedrug.mfds.go.kr/pbp/cmn/itemImageDownload/1Og9J5dfY-g,기침약을 복용중인 사람은 의사 또는 약사와 상의하십시오.
200402947,타이펜8시간이알서방정,타이펜8시간이알서방,,영풍제약(주),https://nedrug.mfds.go.kr/pbp/cmn/itemImageDownload/1Pvn3im1ZuJ,"다른 소염(항염)진통제, 아세트아미노펜을 포함하는 다른 제품, 바르비탈계 약물, 삼환계 항우울제, 플루클록사실린, 알코올과 함께 이 약을 복용하지 마십시오. 이 약을 복용하기 전에 와파린, 리튬, 티아지드계 이뇨제를 복용한 환자는 의사 또는 약사와 상의하십시오."
200402984,한풍제통고플러스카타플라스마,한풍제통고플러스카타플라스마,,(주)한풍제약,,
200403011,파프케이플러스카타플라스마(케토프로펜),파프케이플러스카타플라스마,케토프로펜,(주)티디에스팜,,
200403019,한방파프자생고에이카타플라스마,한방파프자생고에이카타플라스마,,(주)티디에스팜,,
200403020,한방동의고카타플라스마,한방동의고카타플라스마,,(주)티디에스팜,,
200403030,노무졸크림(테르비나핀염산염),노무졸,테르비나핀염산염,원광제약(주),,
200403042,헤모테인캡슐,헤모테인,,구주제약(주),https://nedrug.mfds.go.kr/pbp/cmn/itemImageDownload/1NOwp2F6CB4,"인산염, 칼슘염, 경구용 테트라사이클린계 항생제, 제산제와 함께 복용하지 마십시오. 이 약을 복용하기 전에 철 함유제제(철분제, MRI용 간장 조영제 등), 항알도스테론제, 트리암테렌, 퀴놀론계, 페니실라민, 콜레스티라민, 췌장엑스 및 비타민 E와 같은 물질, 디포스폰산 염류, 티록신, 세프디니르 제제, 200 mg 이상의 아스코르빈산(비타민 C)을 함께 복용 시 의사 또는 약사와 상의하십시오. 녹차, 홍차 등 탄닌을 함유하는 차 및 우유ㆍ유제품은 복용 중, 복용 전후에는 피하십시오."
200403052,메부틴정(트리메부틴말레산염)(수출명: Supertrim Tab.),메부틴,,구주제약(주),https://nedrug.mfds.go.kr/pbp/cmn/itemImageDownload/1OlGSH7jtK7,
200403090,뮤코메드캡슐(에르도스테인),뮤코메드,에르도스테인,구주제약(주),https://nedrug.mfds.go.kr/pbp/cmn/itemImageDownload/1Og9J5dfYqB,기침약을 복용중인 사람은 의사 또는 약사와 상의하십시오.
200403167,아페린정,아페린,,(주)휴온스,https://nedrug.mfds.go.kr/pbp/cmn/itemImageDownload/1NUvcxOCsGD,"아세트아미노펜을 포함하는 다른 제품, MAO 억제제(항우울제, 항정신병제, 감정조절제, 항파킨슨제 등), 진해거담제, 다른 감기약, 해열진통제, 진정제, 항히스타민제를 함유하는 내복약(비염용 경구제, 멀미약, 알레르기용약), 디펜히드라민을 함유하는 제제(피부에 적용하는 제제 포함), 플루클록사실린은 사용하지 마십시오. 바르비탈계 약물, 삼환계 항우울제 및 알코올을 투여한 환자는 의사 또는 약사와 상의하십시오. 복용 중에는 음주하지 마십시오."
200403246,에르도스캡슐(에르도스테인),에르도스,에르도스테인,명문제약(주),https://nedrug.mfds.go.kr/pbp/cmn/itemImageDownload/1Og9J5dfYuz,기침약을 복용중인 사람은 의사 또는 약사와 상의하십시오.
200403327,콜레논연질캡슐(수출명 : Dreamway Soft Capsule),콜레논,,알보젠코리아(주),https://nedrug.mfds.go.kr/pbp/cmn/itemImageDownload/147809045897300123,"레보도파, 에스트로겐을 포함한 경구용 피임약, 정주용 지질제와 함께 사용 시 의사 또는 약사와 상의하십시오."
200403333,에센비정,에센비,,알보젠코리아(주),https://nedrug.mfds.go.kr/pbp/cmn/itemImageDownload/151853646956200015,
200403428,새로딘시럽(로라타딘),새로딘,로라타딘,삼익제약(주),,"시메티딘, 에리트로마이신, 케토코나졸, 퀴니딘, 플루코나졸, 플루옥세틴과 함께 복용하지 마십시오."
200403625,푸푸에프연질캡슐,푸푸에프,,(주)알피바이오,https://nedrug.mfds.go.kr/pbp/cmn/itemImageDownload/1Pb3fw5iUPt,"다른 진해거담제, 감기약, 항히스타민제를 함유하는 내복약(비염용 경구제, 멀미약, 알레르기용약), 진정제와 함께 복용하지 마십시오. 복용 중에는 음주하지 마십시오."
200403634,헤모퀸탑연질캡슐,헤모퀸탑,,(주)알피바이오,https://nedrug.mfds.go.kr/pbp/cmn/itemImageDownload/147427814578200116,"인산염, 칼슘염, 경구용 테트라사이클린계 제제, 제산제, 레보도파와 함께 복용하지 마십시오.항알도스테론제, 트리암테렌, 정주용 지질제와 함께 사용 시 의사 또는 약사와 상의하십시오.녹차, 홍차 등 탄닌을 함유하는 차는 복용 중, 복용 전후에는 피하십시오."
200403642,두캅스에이연질캡슐,두캅스에이,,(주)알피바이오,https://nedrug.mfds.go.kr/pbp/cmn/itemImageDownload/1PEPKBUclc5,"다른 진해거담제, 감기약, 항히스타민제를 함유하는 내복약(비염용 경구제, 멀미약, 알레르기용약), 진정제와 함께 복용하지 마십시오. 복용 중에는 음주하지 마십시오."
200403671,에이스펜연질캡슐(나프록센),에이스펜,나프록센,(주)알피바이오,https://nedrug.mfds.go.kr/pbp/cmn/itemImageDownload/1Of5opuN53O,"다른 비스테로이드성 소염진통제 및 나프록센 유도체와 함께 복용하지 마십시오. 히단토인계 항간질제, 설파제, 설포닐요소계 혈당강하제, 프로프라놀롤 및 다른 -차단제, ACE 저해제(캅토프릴 등), 루프계 및 티아지드계 이뇨제, 프로베네시드, 아스피린, 리튬, 메토트렉세이트, 쿠마린계 항응혈제(와파린 등), 지도부딘, 뉴퀴놀론계 항생물질(에녹사신 등)과 함께 복용 시 의사 또는 약사와 상의하십시오."
200403678,훼너지캡슐,훼너지,,(주)팜젠사이언스,https://nedrug.mfds.go.kr/pbp/cmn/itemImageDownload/147428248730900110,"인산염, 칼슘염, 경구용 테트라사이클린계 항생제, 제산제와 함께 복용하지 마십시오.이 약을 복용하기 전에 철 함유제제(철분제, MRI용 간장 조영제 등), 항알도스테론제, 트리암테렌, 퀴놀론계, 페니실라민, 콜레스티라민, 췌장엑스 및 비타민 E와 같은 물질, 디포스폰산 염류, 티록신, 세프디니르 제제, 200 mg 이상의 아스코르빈산(비타민 C)을 함께 복용 시 의사 또는 약사와 상의하십시오.녹차, 홍차 등 탄닌을 함유하는 차 및 우유ㆍ유제품은 복용 중, 복용 전후에는 피하십시오."
200403710,엘도코프캡슐(에르도스테인),엘도코프,에르도스테인,(주)경보제약,https://nedrug.mfds.go.kr/pbp/cmn/itemImageDownload/1Og9J5dfYtH,기침약을 복용중인 사람은 의사 또는 약사와 상의하십시오.
200403718,덴티몬캡슐,덴티몬,,(주)경보제약,https://nedrug.mfds.go.kr/pbp/cmn/itemImageDownload/147428312450900098,이 약을 복용하기 전에 다른 약물을 복용하고 있는 경우 의사 또는 약사와 상의하십시오.
200403719,리버포유연질캡슐,리버포유,,(주)경보제약,https://nedrug.mfds.go.kr/pbp/cmn/itemImageDownload/147428307461400098,정주용 지질제와 함께 복용 시 의사 또는 약사와 상의하십시오.
200403777,벤다졸정(알벤다졸),벤다졸,알벤다졸,한국코러스(주),https://nedrug.mfds.go.kr/pbp/cmn/itemImageDownload/1OlTcytjZV9,"이 약을 복용하는 동안 테오필린, 시메티딘, 프라지콴텔, 덱사메타손, 리토나비르, 페니토인, 카르바마제핀, 페노바르비탈을 함께 복용하지 마십시오."
200403808,비오알정(엔테로코쿠스페칼리스BIO-4R균)(수출용),비오알,,유니메드제약(주),https://nedrug.mfds.go.kr/pbp/cmn/itemImageDownload/153987595863800030,
200403841,음양고카타플라스마,음양고카타플라스마,,주식회사제뉴원사이언스,,
200403844,알부타민연질캡슐,알부타민,,알리코제약(주),https://nedrug.mfds.go.kr/pbp/cmn/itemImageDownload/1NOwp2F63uL,"레보도파와 함께 복용하지 마십시오. 에스트로겐을 포함한 경구용 피임제, 정주용 지질제와 함께 사용 시 의사 또는 약사와 상의하십시오."
200403873,콜레스텐연질캡슐,콜레스텐,,대한뉴팜(주),https://nedrug.mfds.go.kr/pbp/cmn/itemImageDownload/1On2ryplIVd,"레보도파, 에스트로겐을 포함한 경구용 피임약, 정주용 지질제와 함께 사용 시 의사 또는 약사와 상의하십시오."
200403886,콜다운연질캡슐,콜다운,,대한뉴팜(주),https://nedrug.mfds.go.kr/pbp/cmn/itemImageDownload/147428124064400073,
200404048,비도스캡슐(에르도스테인),비도스,에르도스테인,한국프라임제약(주),https://nedrug.mfds.go.kr/pbp/cmn/itemImageDownload/1Og9J5dfYw-,기침약을 복용중인 사람은 의사 또는 약사와 상의하십시오.
200404205,메부라틴정150밀리그람(트리메부틴말레산염)(수출명:MEBURATIN Tablet 150mg),메부라틴정150밀리그람,,(주)넥스팜코리아,https://nedrug.mfds.go.kr/pbp/cmn/itemImageDownload/1OlGSH7jtZJ,
200404238,메타플러스첩부제(인도메타신),메타플러스첩부제,인도메타신,대화제약(주),,
200404292,큐앤큐헥시딘스크랍,큐앤큐헥시딘스크랍,,큐앤큐팜(주),,
200404437,엘도펙트캡슐300밀리그램(에르도스테인),엘도펙트,에르도스테인,환인제약(주),https://nedrug.mfds.go.kr/pbp/cmn/itemImageDownload/1Pvn3im1kzv,기침약을 복용중인 사람은 의사 또는 약사와 상의하십시오.
200404625,나녹시딜액2%(미녹시딜),나녹시딜,미녹시딜,(주)나노팜,,"다른 두피용 약물, 외용 코르티코이드, 레티노이드, 바셀린, 디트라놀 또는 경피흡수 촉진 약물과 함께 사용하지 마십시오.혈관확장제(구아네티틴 등)와 함께 사용시 의사 또는 약사와 상의하십시오."
200404657,엘도브론캡슐300밀리그램(에르도스테인),엘도브론,에르도스테인,주식회사제뉴원사이언스,https://nedrug.mfds.go.kr/pbp/cmn/itemImageDownload/1NXa2J_KdPd,기침약을 복용중인 사람은 의사 또는 약사와 상의하십시오.
200404626,나녹시딜액5%(미녹시딜),나녹시딜,미녹시딜,(주)나노팜,,"이 약을 사용하는 동안 다른 두피용 약물, 외용 코르티코이드, 레티노이드, 바셀린, 디트라놀 또는 경피흡수를 촉진시킨다고 알려진 약물, 구아네티틴 등의 혈관확장제를 함께 사용하지 마십시오."
200404685,케이엠시프겔,케이엠시프,,경진제약(주),,
200404692,제뉴원트리메부틴말레산염정,제뉴원트리메부틴말레산염,,주식회사제뉴원사이언스,https://nedrug.mfds.go.kr/pbp/cmn/itemImageDownload/1Ng1bQNO9T9,
200404710,하이트리크림,하이트리,,주식회사제뉴원사이언스,,
200404779,엘도캡슐(에르도스테인),엘도,에르도스테인,(주)휴온스,https://nedrug.mfds.go.kr/pbp/cmn/itemImageDownload/1Og9J5dfYrt,기침약을 복용중인 사람은 의사 또는 약사와 상의하십시오.
200404781,헤파비트에프연질캡슐,헤파비트에프,,(주)바스칸바이오제약,https://nedrug.mfds.go.kr/pbp/cmn/itemImageDownload/1NlqFJEgBEs,정주용 지질제와 함께 복용 시 의사 또는 약사와 상의하십시오.
200409934,뉴브이로토이엑스점안액,뉴브이로토이,,(주)보령,,
200410068,오트리빈베이비내추럴비강분무액(염화나트륨),오트리빈베이비내추럴비강분무,염화나트륨,헤일리온코리아주식회사,,
200410130,애바가드외용액,애바가드외용,,솔벤텀코리아주식회사,,저해작용(불활성화)이 나타날 우려가 있으므로 이 약과 비누는 동시 또는 연속적인 사용을 피하십시오. 음이온성 유도체와 배합하지 마십시오.
200410514,오현파마활혈진통고,오현파마활혈진통고,,(주)오현파마코푸레이션,,
200410651,더존오팔레센스10%(카바마이드퍼옥사이드),더존오팔레센스,카바마이드퍼옥사이드,에스티인터내셔널주식회사,,"치료중 담배, 커피 및 쥬스를 금하는 것이 바람직합니다."
200410715,칼테오-40정(Calteo-40Tablets),칼테오-40,Calteo-40Tablets,(주)파마택코리아,https://nedrug.mfds.go.kr/pbp/cmn/itemImageDownload/150471242485800199,"인산염, 칼슘염, 경구용 테트라사이클린계 제제, 제산제는 함께 복용하지 마십시오. 강심배당체, 항알도스테론제, 트리암테렌을 함께 복용 시 의사 또는 약사와 상의하십시오. 녹차, 홍차 등 탄닌을 함유하는 차는 복용 중, 복용 전후에는 피하십시오."
200410902,에르건캡슐(에르도스테인),에르건,에르도스테인,건일바이오팜주식회사,https://nedrug.mfds.go.kr/pbp/cmn/itemImageDownload/1Pq3L4XIS7C,기침약을 복용중인 사람은 의사 또는 약사와 상의하십시오.
200411048,엘도텍캡슐(에르도스테인),엘도텍,에르도스테인,오스틴제약(주),https://nedrug.mfds.go.kr/pbp/cmn/itemImageDownload/1Og9J5dfY-6,기침약을 복용중인 사람은 의사 또는 약사와 상의하십시오.
200500106,리버쿨환,리버쿨,,(주)한풍제약,,
200500107,치지래과립,치지래,,(주)한풍제약,,
200500150,훼러진플러스캡슐,훼러진플러스,,(주)종근당,https://nedrug.mfds.go.kr/pbp/cmn/itemImageDownload/147428181019400180,"인산염, 칼슘염, 경구용 테트라사이클린계 항생제, 제산제와 함께 복용하지 마십시오.이 약을 복용하기 전에 철 함유제제(철분제, MRI용 간장 조영제 등), 항알도스테론제, 트리암테렌, 퀴놀론계, 페니실라민, 콜레스티라민, 췌장엑스 및 비타민 E와 같은 물질, 디포스폰산 염류, 티록신, 세프디니르 제제, 200 mg 이상의 아스코르빈산(비타민 C)을 함께 복용 시 의사 또는 약사와 상의하십시오.녹차, 홍차 등 탄닌을 함유하는 차 및 우유ㆍ유제품은 복용 중, 복용 전후에는 피하십시오."
200500162,펙손정120밀리그램(펙소페나딘염산염),펙손,펙소페나딘염산염,(주)종근당,https://nedrug.mfds.go.kr/pbp/cmn/itemImageDownload/1OlTcytjZBG,"케토코나졸이나 에리트로마이신, 알루미늄, 수산화마그네슘을 함유한 제산제, P-gp 유도제를 함께 사용 시 의사 또는 약사와 상의하십시오. 자몽주스, 오렌지 및 사과주스와 같은 과일주스와 함께 복용 시 이 약의 효과를 감소시킬 수 있으므로 물과 함께 복용하는 것을 권장합니다."
200500186,칼디텍츄어블정,칼디텍츄어블,,동광제약(주),https://nedrug.mfds.go.kr/pbp/cmn/itemImageDownload/147428142941300172,"인산염, 칼슘염, 경구용 테트라사이클린계제제, 제산제와 함께 복용하지 마십시오. 녹차, 홍차 등 탄닌을 함유하는 차는 복용 중, 복용 전후에는 피하십시오."
200500295,중외펠비낙첩부제,중외펠비낙첩부제,,제이더블유중외제약(주),,
200500298,노펜첩부제(플루르비프로펜),노펜첩부제,플루르비프로펜,제이더블유중외제약(주),,
200500434,더마큐연고,더마큐,,일동제약(주),,
200500504,마이락스산(폴리에틸렌글리콜3350),마이락스,폴리에틸렌글리콜3350,(주)한국파비스제약,,다른 약물과 함께 복용 시 2시간 안에 다른 약과 함께 복용하지 마십시오
200500534,제일한방파프수카타플라스마,제일한방파프수카타플라스마,,제일헬스사이언스(주),,
200500569,웰리드연질캡슐,웰리드,,(주)유한양행,https://nedrug.mfds.go.kr/pbp/cmn/itemImageDownload/1Pvn3im1eFO,"인산염, 칼슘염, 경구용 테트라사이클린계 제제, 제산제와 함께 복용하지 마십시오.에스트로겐을 포함한 경구용 피임제, 항알도스테론제, 트리암테렌과 함께 복용 시 의사 또는 약사와 상의하십시오.녹차, 홍차 등 탄닌을 함유하는 차는 복용 중, 복용 전후에는 피하십시오."
200500570,타나센정,타나센,,(주)유한양행,https://nedrug.mfds.go.kr/pbp/cmn/itemImageDownload/147428292906000164,"아세트아미노펜을 포함하는 다른 제품, 플루클록사실린과 함께 복용하지 마십시오. 바르비탈계 약물, 삼환계 항우울제, 알코올을 투여한 환자, 리튬, 티아지드계 이뇨제, 페나세틴과 함께 복용 시 의사 또는 약사와 상의하십시오."
200500575,쎌업연질캡슐,쎌업,,(주)유한양행,https://nedrug.mfds.go.kr/pbp/cmn/itemImageDownload/147428288104000112,"인산염, 칼슘염, 경구용 테트라사이클린계 제제, 제산제, 레보도파와 함께 복용하지 마십시오.에스트로겐을 포함한 경구용 피임제, 항알도스테론제, 트리암테렌, 정주용 지질제와 함께 사용 시 의사 또는 약사와 상의하십시오.녹차, 홍차 등 탄닌을 함유하는 차는 복용 중, 복용 전후에는 피하십시오."
200500605,슈카민정,슈카민,,(주)바이넥스,https://nedrug.mfds.go.kr/pbp/cmn/itemImageDownload/147428258513600119,"진해거담제, 다른 감기약, 해열진통제, 진정제, 항히스타민제를 함유하는 내복약(비염용 경구제, 멀미약, 알레르기용약)과 함께 복용하지 마십시오. MAO억제제(항우울제, 항정신병제, 감정조절제, 항파킨슨제 등)를 복용하고 있거나 복용을 중단한 후 2주 이내의 사람은 이 약을 복용하지 마십시오. 당뇨약, 통풍약, 관절염약, 항응고제, 스테로이드제, 바르비탈계 약물, 삼환계 항우울제, 알코올과 함께 복용 시 의사 또는 약사와 상의하십시오. 복용 중에는 음주하지 마십시오."
200500704,프라스칼-디정750밀리그람,프라스칼-디정750밀리그람,,아주약품(주),https://nedrug.mfds.go.kr/pbp/cmn/itemImageDownload/148725720033000146,"인산염, 칼슘염, 경구용 테트라사이클린계 제제, 제산제와 함께 복용하지 마십시오. 강심배당체, 항알도스테론제, 트리암테렌과 함께 복용 시 의사 또는 약사와 상의하십시오. 녹차, 홍차 등 탄닌을 함유하는 차는 복용 중, 복용 전후에는 피하십시오."
200500806,나프노펜정(나프록센나트륨),나프노펜,나프록센나트륨,(주)일화,https://nedrug.mfds.go.kr/pbp/cmn/itemImageDownload/1PIMRzfJr_V,"다른 비스테로이드성 소염진통제, 나프록센 유도체, 고용량의 메토트렉세이트와 함께 복용하지 마십시오. 히단토인계 항간질제, 설파제, 설포닐요소계 혈당강하제, 프로프라놀롤 및 다른 -차단제, ACE억제제(캅토프릴 등), 루프계 이뇨제 및 티아지드계 이뇨제, 프로베네시드, 아스피린, 리튬, 저용량의 메토트렉세이트, 쿠마린계 혈액응고저지제(와파린 등), 지도부딘, 뉴퀴놀론계 항생물질(에녹사신 등)과 함께 복용 시 의사 또는 약사와 상의하십시오."
200500864,졸리민정,졸리민,,동성제약(주),https://nedrug.mfds.go.kr/pbp/cmn/itemImageDownload/1Pvn3im1f0_,"아세트아미노펜을 포함하는 다른 제품, 다른 해열진통제, 감기약, 진정약과 함께 복용하지 마십시오.바르비탈계 약물, 삼환계 항우울제 및 알코올을 투여한 환자는 의사 또는 약사와 상의하십시오."
200500882,덴티나인캡슐,덴티나인,,영진약품(주),https://nedrug.mfds.go.kr/pbp/cmn/itemImageDownload/147428277917100196,
200500923,이덴큐캡슐,이덴큐,,(주)에이프로젠바이오로직스,https://nedrug.mfds.go.kr/pbp/cmn/itemImageDownload/147428326813400021,이 약을 복용하기 전에 다른 약물을 복용하고 있는 경우 의사 또는 약사와 상의하십시오.
200500887,진셀몬큐텐정,진셀몬큐텐,,영진약품(주),https://nedrug.mfds.go.kr/pbp/cmn/itemImageDownload/148609560593700054,"인산염, 칼슘염, 경구용 테트라사이클린계 제제, 제산제, 레보도파와 함께 복용하지 마십시오.에스트로겐을 포함한 경구용 피임제, 강심배당체, 항알도스테론제, 트리암테렌과 함께 복용 시 의사 또는 약사와 상의하십시오.녹차, 홍차 등 탄닌을 함유하는 차는 복용 중, 복용 전후에는 피하십시오."
200500986,바른솔크림,바른솔,,(주)에이프로젠바이오로직스,,다른 소독제 또는 방부제와 함께 사용하지 마십시오.계면활성제 및 기타 음이온성 약물과 배합해서 사용하지 마십시오.
200501005,아인쿨점안액(수출명:아이쿨점안액),아인쿨,,삼천당제약(주),,
200501029,안국아시클로버크림,안국아시클로버,,안국약품(주),,프로베네시드를 투여한 환자는 의사 또는 약사와 상의하십시오.
200501060,벤트락스겔(수출명 : SUNTRAX GEL),벤트락스,,태극제약(주),,
200501062,이벤탁연고(트리암시놀론아세토니드),이벤탁,트리암시놀론아세토니드,태극제약(주),,
200501095,알로탈정,알로탈,,태극제약(주),https://nedrug.mfds.go.kr/pbp/cmn/itemImageDownload/147428243808800147,"스테로이드제, 항생물질, 항암제, 아졸계 항진균제, 다른 위장약과 함께 복용하지 마십시오.기관지확장제(테오필린 등), 혈액응고저지제(와파린 등), 항전간제(페니토인 등), 벤조디아제핀계 약제(디아제팜, 트리아졸람 등), 삼환계항우울제(이미프라민 등), 협심증·고혈압 치료제(베타-차단제 프로프라놀롤 등), 칼슘길항제(니페디핀 등), 부정맥치료제(멕실레틴 등), 마크로라이드계 항생물질(테트라사이클린 등), 뉴퀴놀론계 항균제(오플록사신 등), 테트라사이클린계 항생물질과 함께 사용 시 의사 또는 약사와 상의하십시오.복용 중에는 알코올성 음료를 피하십시오."
200501103,코엔큐연질캡슐(수출명 : CAROLBIC SOFT CAPSULE),코엔큐,,태극제약(주),https://nedrug.mfds.go.kr/pbp/cmn/itemImageDownload/147809062320700100,"인산염, 칼슘염, 경구용 테트라사이클린계 제제, 제산제와 함께 복용하지 마십시오. 에스트로겐을 포함한 경구용 피임제, 항알도스테론제, 트리암테렌과 함께 복용 시 의사 또는 약사와 상의하십시오. 녹차, 홍차 등 탄닌을 함유하는 차는 복용 중, 복용 전후에는 피하십시오."
200501134,"스카벡스겔(수출명:SCARCONVEX, OFSCAR, SCAROBEX)",스카벡스,,(주)제뉴파마,,
200501175,맨담펠비낙첩부제,맨담펠비낙첩부제,,(주)보령,,
200501177,맨담디클론첩부제(디클로페낙디에틸암모늄),맨담디클론첩부제,디클로페낙디에틸암모늄,(주)보령,,"루프 이뇨제(푸로세미드 등), 티아자이드계 이뇨제, 지혈을 방해하는 약물(와파린 등), 항혈소판제(아스피린 등), 선택적 세로토닌 재흡수 억제제, 세로토닌 노르에피네프린 재흡수 억제제를 투여하는 환자는 의사 또는 약사와 상의하십시오."
200501190,훼로모아캡슐,훼로모아,,영풍제약(주),https://nedrug.mfds.go.kr/pbp/cmn/itemImageDownload/1MqVySVqRR0,"인산염, 칼슘염, 경구용 테트라사이클린계 항생제, 제산제와 함께 복용하지 마십시오.이 약을 복용하기 전에 철 함유제제(철분제, MRI용 간장 조영제 등), 항알도스테론제, 트리암테렌, 퀴놀론계, 페니실라민, 콜레스티라민, 췌장엑스 및 비타민 E와 같은 물질, 디포스폰산 염류, 티록신, 세프디니르 제제, 200 mg 이상의 아스코르빈산(비타민 C)을 함께 복용 시 의사 또는 약사와 상의하십시오.녹차, 홍차 등 탄닌을 함유하는 차 및 우유ㆍ유제품은 복용 중, 복용 전후에는 피하십시오."
200501200,뉴유스킨에이크림,뉴유스킨에이,,(주)보령,,
200501213,조인업첩부제(플루르비프로펜),조인업첩부제,플루르비프로펜,일양약품(주),,
200501216,크린탈정(아세트아미노펜),크린탈,아세트아미노펜,일양약품(주),https://nedrug.mfds.go.kr/pbp/cmn/itemImageDownload/147428316988100073,"다른 소염진통제, 아세트아미노펜을 포함하는 다른 제품, 바르비탈계 약물, 삼환계 항우울제와 함께 복용하지 마십시오.와파린, 리튬, 티아지드계 이뇨제와 함께 복용 시 의사 또는 약사와 상의하십시오."
200501224,혈강고카타플라스마,혈강고카타플라스마,,일양약품(주),,
200501234,투헬스연질캡슐,투헬스,,일양약품(주),https://nedrug.mfds.go.kr/pbp/cmn/itemImageDownload/1Pvn3im1ovU,"인산염, 칼슘염, 경구용 테트라사이클린계 제제, 제산제, 레보도파와 함께 복용하지 마십시오. 에스트로겐을 포함한 경구용 피임제, 항알도스테론제, 트리암테렌, 정주용 지질제와 함께 사용 시 의사 또는 약사와 상의하십시오. 녹차, 홍차 등 탄닌을 함유하는 차는 복용 중, 복용 전후에는 피하십시오."
200501321,신신파스아렉스,신신파스아렉스,,신신제약(주),,
200501323,신신티눈액,신신티눈,,신신제약(주),,
200501354,더모백겔,더모백,,시믹씨엠오코리아주식회사,,
200501357,쎄레스틴크림,쎄레스틴,,(주)동구바이오제약,,
200501369,디카맥스1000정,디카맥스1000,,(주)다림바이오텍,https://nedrug.mfds.go.kr/pbp/cmn/itemImageDownload/1PZp2vQMjQL,"인산염, 칼슘염, 경구용 테트라사이클린계 제제, 제산제는 함께 복용하지 마십시오.강심배당체, 항알도스테론제, 트리암테렌과 함께 사용 시 의사 또는 약사와 상의하십시오.녹차, 홍차 등 탄닌을 함유하는 차는 복용 중, 복용 전후에는 피하십시오."
200501415,경남그린웰연질캡슐,경남그린웰,,경남제약(주),https://nedrug.mfds.go.kr/pbp/cmn/itemImageDownload/147428258513600026,"인산염, 칼슘염, 경구용 테트라사이클린계 제제, 제산제, 레보도파 제제와 함께 복용하지 마십시오. 에스트로겐을 포함한 경구용 피임제, 항알도스테론제, 트리암테렌과 함께 복용 시 의사 또는 약사와 상의하십시오. 녹차, 홍차 등 탄닌을 함유하는 차는 복용 중, 복용 전후에는 피하십시오."
200501497,벨라제정(브로멜라인),벨라제,브로멜라인,한국유니온제약(주),https://nedrug.mfds.go.kr/pbp/cmn/itemImageDownload/1N2BCpgVQQZ,"항응고제, 혈소판응집억제제와 함께 복용하지 마십시오.항생제(테트라싸이클린 등)와 함께 복용 시 의사 또는 약사와 상의하십시오."
200501511,벨라제정45mg(브로멜라인),벨라제,브로멜라인,한국유니온제약(주),https://nedrug.mfds.go.kr/pbp/cmn/itemImageDownload/147428166497500049,"항응고제, 혈소판응집억제제와 함께 복용하지 마십시오. 항생제(테트라싸이클린 등)와 함께 복용 시 의사 또는 약사와 상의하십시오."
200501559,니자티드정(니자티딘),니자티드,니자티딘,(주)한국파마,https://nedrug.mfds.go.kr/pbp/cmn/itemImageDownload/147765867288000094,"이 약을 복용하는 동안 다른 위장약, 스테로이드제, 항생물질, 항암제, 아졸계 항진균제, 고용량(3,900 mg)의 아스피린, 게피티니브, 프룰리플록사신 또는 아타나자비어를 복용하지 마십시오.복용 중에는 음주하지 마십시오.카페인, 초콜렛, 튀긴 음식을 복용 중에는 피하십시오."
200501573,레디페린-에프캡슐,레디페린-에프,,삼진제약(주),https://nedrug.mfds.go.kr/pbp/cmn/itemImageDownload/151672211034800118,"인산염, 칼슘염, 경구용 테트라사이클린계 항생제, 제산제와 함께 복용하지 마십시오.이 약을 복용하기 전에 철 함유제제(철분제, MRI용 간장 조영제 등), 항알도스테론제, 트리암테렌, 퀴놀론계, 페니실라민, 콜레스티라민, 췌장엑스 및 비타민 E와 같은 물질, 디포스폰산 염류, 티록신, 세프디니르 제제, 200 mg 이상의 아스코르빈산(비타민 C)을 함께 복용 시 의사 또는 약사와 상의하십시오.녹차, 홍차 등 탄닌을 함유하는 차 및 우유ㆍ유제품은 복용 중, 복용 전후에는 피하십시오."
200501578,웰타민연질캡슐,웰타민,,삼진제약(주),https://nedrug.mfds.go.kr/pbp/cmn/itemImageDownload/1Pvn3im1d8E,"인산염, 칼슘염, 경구용 테트라사이클린계 제제, 제산제와 함께 복용하지 마십시오.에스트로겐을 포함한 경구용 피임제, 항알도스테론제, 트리암테렌과 함께 복용 시 의사 또는 약사와 상의하십시오.녹차, 홍차 등 탄닌을 함유하는 차는 복용 중, 복용 전후에는 피하십시오."
200501637,홈타민에이연질캡슐(수출용),홈타민에이,,한국유나이티드제약(주),https://nedrug.mfds.go.kr/pbp/cmn/itemImageDownload/151672211034800178,"이 약을 복용하는 동안 인산염, 칼슘염, 경구용 테트라사이클린계 제제, 제산제, 레보도파를 함께 복용하지 마십시오. 에스트로겐을 포함한 경구용 피임제, 항알도스테론제, 트리암테렌과 함께 복용 시 의사 또는 약사와 상의하십시오. 녹차, 홍차 등 탄닌을 함유하는 차는 복용 중, 복용 전후에는 피하십시오."
200501661,뉴란스플러스정,뉴란스플러스,,부광약품(주),https://nedrug.mfds.go.kr/pbp/cmn/itemImageDownload/151914121291300050,"인산염, 칼슘염, 경구용 테트라사이클린계 제제, 제산제, 레보도파와 함께 복용하지 마십시오. 에스트로겐을 포함한 경구용 피임제, 항알도스테론제, 트리암테렌과 함께 복용 시 의사 또는 약사와 상의하십시오. 녹차, 홍차 등 탄닌을 함유하는 차는 복용 중, 복용 전후에는 피하십시오."
200501812,다나핀크림(부테나핀염산염),다나핀,부테나핀염산염,오스틴제약(주),,
200501892,하벤파워에스캡슐,하벤파워에스,,고려제약(주),https://nedrug.mfds.go.kr/pbp/cmn/itemImageDownload/147428288104000152,"진해거담제, 다른 감기약, 해열진통제, 진정제, 항히스타민제를 함유하는 내복약(비염용 경구제, 멀미약, 알레르기용약)과 함께 복용하지 마십시오. MAO억제제(항우울제, 항정신병제, 감정조절제, 항파킨슨제 등)를 복용하고 있거나 복용을 중단한 후 2주 이내의 사람은 이 약을 복용하지 마십시오. 당뇨약, 통풍약, 관절염약, 항응고제, 스테로이드제, 바르비탈계 약물, 삼환계 항우울제 및 알코올과 함께 복용 시 의사 또는 약사와 상의하십시오. 복용 중에는 음주하지 마십시오."
200502014,두스카정,두스카,,한국넬슨제약(주),https://nedrug.mfds.go.kr/pbp/cmn/itemImageDownload/147428288104000140,제산제와 함께 복용하지 마십시오. 우유 섭취 후 1시간 이내는 복용을 피하십시오.
200502037,팜젠아세틸시스테인과립200밀리그램,팜젠아세틸시스테인,,(주)팜젠사이언스,,"경구용 항생물질(아목시실린, 세푸록심, 독시사이클린, 에리트로마이신, 티암페니콜)과 함께 복용 시 적어도 2시간 간격을 두고 복용하십시오. 이 약의 용액에 다른 약물의 첨가는 피하십시오."
200502050,웰러드연질캡슐,웰러드,,(주)팜젠사이언스,https://nedrug.mfds.go.kr/pbp/cmn/itemImageDownload/150609481508200033,"레보도파, 에스트로겐을 포함한 경구용 피임약, 정주용 지질제와 함께 사용 시 의사 또는 약사와 상의하십시오."
200502054,쿨리브정,쿨리브,,(주)팜젠사이언스,https://nedrug.mfds.go.kr/pbp/cmn/itemImageDownload/1OUz3s18F5t,제산제와 함께 복용하지 마십시오. 우유 섭취 후 1시간 이내는 복용을 피하십시오.
200502066,안티라제정(수출명: Strikase),안티라제,,(주)한국비엠아이,https://nedrug.mfds.go.kr/pbp/cmn/itemImageDownload/1Pvn3im1gDg,항응고제와 함께 복용 시 의사 또는 약사와 상의하십시오.
200502126,시알딘정,시알딘,,미래바이오제약(주),https://nedrug.mfds.go.kr/pbp/cmn/itemImageDownload/1NQk_pnrA6n,"스테로이드제, 항생물질, 항암제, 아졸계 항진균제, 다른 위장약과 함께 복용하지 마십시오.기관지확장제(테오필린 등), 혈액응고저지제(와파린 등), 항전간제(페니토인 등), 벤조디아제핀계 약제(디아제팜, 트리아졸람 등), 삼환계항우울제(이미프라민 등), 협심증·고혈압 치료제(베타-차단제 프로프라놀롤 등), 칼슘길항제(니페디핀 등), 부정맥치료제(멕실레틴 등), 마크로라이드계 항생물질(테트라사이클린 등), 뉴퀴놀론계 항균제(오플록사신 등), 테트라사이클린계 항생물질과 함께 사용 시 의사 또는 약사와 상의하십시오.복용 중에는 알코올성 음료를 피하십시오."
200502086,타이리콜8시간이알서방정(아세트아미노펜),타이리콜8시간이알서방,아세트아미노펜,하나제약(주),https://nedrug.mfds.go.kr/pbp/cmn/itemImageDownload/1Oikd3yeYRi,"다른 소염(항염)진통제, 아세트아미노펜을 포함하는 다른 제품, 바르비탈계 약물, 삼환계 항우울제, 알코올과 함께 이 약을 복용하지 마십시오. 이 약을 복용하기 전에 와파린, 플루클록사실린을 복용한 환자는 의사 또는 약사와 상의하십시오."
200502133,쾌이락큐정,쾌이락큐,,미래바이오제약(주),https://nedrug.mfds.go.kr/pbp/cmn/itemImageDownload/147428292906000087,제산제와 함께 복용하지 마십시오. 우유 섭취 후 1시간 이내는 복용을 피하십시오.
200502128,다아펜정,다아펜,,미래바이오제약(주),https://nedrug.mfds.go.kr/pbp/cmn/itemImageDownload/147427256788200077,"아세트아미노펜을 포함하는 다른 제품, 다른 해열진통제, 다른 비스테로이드성 소염진통제, 감기약, 진정약, 바르비탈계 약물, 삼환계 항우울제와 함께 복용하지 마십시오. 와파린, 리튬, 티아지드계 이뇨제, 레보도파와 함께 복용 시 의사 또는 약사와 상의하십시오."
200502139,브로자임정(브로멜라인),브로자임,브로멜라인,미래바이오제약(주),https://nedrug.mfds.go.kr/pbp/cmn/itemImageDownload/1NcKioYQErF,항생제(테트라싸이클린 등)와 함께 복용하는 경우 의사 또는 약사와 상의하십시오.
200502148,바로콜-에프캡슐,바로콜-에프,,미래바이오제약(주),https://nedrug.mfds.go.kr/pbp/cmn/itemImageDownload/1N0L6J0YIiR,"아세트아미노펜을 포함하는 다른 제품, MAO억제제(항우울제, 항정신병제, 감정조절제, 항파킨슨제 등), 진해거담제, 다른 감기약, 해열진통제, 진정제, 항히스타민제를 함유하는 내복약(비염용 경구제, 멀미약, 알레르기용약)과 함께 복용하지 마십시오.당뇨약, 통풍약, 관절염약, 항응고제, 스테로이드제, 바르비탈계 약물, 삼환계 항우울제, 알코올과 함께 복용 시 의사 또는 약사와 상의하십시오.복용 중에는 음주하지 마십시오."
200502310,리렉사정(수출용),리렉사,,(주)바스칸바이오제약,https://nedrug.mfds.go.kr/pbp/cmn/itemImageDownload/148682304213600123,"아세트아미노펜을 포함하는 다른 제품과 함께 복용하지 마십시오. 바르비탈계 약물, 삼환계 항우울제 및 알코올을 투여한 환자가 이 약을 함께 복용 시 의사 또는 약사와 상의하십시오."
200502450,편해정,편해,,알파제약(주),https://nedrug.mfds.go.kr/pbp/cmn/itemImageDownload/147428176100000187,"아세트아미노펜을 포함하는 다른 제품과 함께 복용하지 마십시오.바르비탈계 약물, 삼환계 항우울제, 리튬, 티아지드계 이뇨제, 알코올을 투여한 환자, 유사 해열진통제(페나세틴)와 함께 복용 시 의사 또는 약사와 상의하십시오."
200502455,센도스연질캡슐,센도스,,알파제약(주),https://nedrug.mfds.go.kr/pbp/cmn/itemImageDownload/147428288104000073,"레보도파와 함께 복용하지 마십시오. 에스트로겐을 포함한 경구용 피임제, 정주용 지질제와 함께 사용 시 의사 또는 약사와 상의하십시오."
200502474,브로다제장용정(브로멜라인),브로다제장용,브로멜라인,영풍제약(주),https://nedrug.mfds.go.kr/pbp/cmn/itemImageDownload/1PJHlmoJLBd,항응고제 또는 혈소판응집억제제와 함께 사용하지 마십시오. 항생제(테트라싸이클린 등)와 함께 사용 시 의사 또는 약사와 상의하십시오.
200502519,케로펜플라스타(케토프로펜),케로펜플라스타,케토프로펜,(주)티디에스팜,,
200502601,마이다정,마이다,,(주)휴온스,https://nedrug.mfds.go.kr/pbp/cmn/itemImageDownload/1Pvn3im1bRs,"제산제 또는 우유 섭취 후 1시간 이내에 이 약을 복용하지 마십시오. 다른 약물을 복용하고 있는 사람은 이 약을 복용하기 전에 의사, 치과의사, 약사와 상의하십시오."
200502646,덴티에프캡슐,덴티에프,,지엘팜텍(주),https://nedrug.mfds.go.kr/pbp/cmn/itemImageDownload/151672201851500035,이 약을 복용하기 전에 다른 약물을 복용하고 있는 경우 의사 또는 약사와 상의하십시오.
200502661,제나콤정(알벤다졸),제나콤,알벤다졸,명문제약(주),https://nedrug.mfds.go.kr/pbp/cmn/itemImageDownload/1Md8mOUAcHG,"이 약을 복용하는 동안 테오필린, 시메티딘, 프라지콴텔, 덱사메타손, 리토나비르, 페니토인, 카르바마제핀, 페노바르비탈을 함께 복용하지 마십시오."
200502663,부로멜라장용정(브로멜라인),부로멜라장용,브로멜라인,명문제약(주),https://nedrug.mfds.go.kr/pbp/cmn/itemImageDownload/1OmM2OP_0Xe,"항응고제, 혈소판응집억제제와 함께 복용하지 마십시오.항생제(테트라싸이클린 등)와 함께 복용 시 의사 또는 약사와 상의하십시오."
200502669,로콜연질캡슐,로콜,,명문제약(주),https://nedrug.mfds.go.kr/pbp/cmn/itemImageDownload/147428171237500176,"레보도파, 에스트로겐을 포함한 경구용 피임약, 정주용 지질제와 함께 사용 시 의사 또는 약사와 상의하십시오."
200502688,비타비스정,비타비스,,케이엠에스제약(주),https://nedrug.mfds.go.kr/pbp/cmn/itemImageDownload/148665493852900030,
200502779,제놀원카타플라스마,제놀원카타플라스마,,(주)녹십자,,
200502775,그린콜샷에스시럽,그린콜샷에스,,(주)녹십자,,"아세트아미노펜을 포함하는 다른 제품, MAO억제제(항우울제, 항정신병제, 감정조절제, 항파킨슨제 등), 진해(기침을 그치게 함)거담제(가래약), 다른 감기약, 해열진통제, 진정제, 항히스타민제를 함유하는 내복약(비염용 경구제, 멀미약, 알레르기용약)과 함께 복용하지 마십시오. 바르비탈계 약물, 삼환계 항우울제 및 알코올을 투여한 환자는 의사 또는 약사와 상의하십시오. 복용 중에는 음주하지 마십시오."
200502837,노보민시럽,노보민,,삼익제약(주),,"다른 진토제, 감기약, 해열진통제, 항히스타민제, 진정제, 진해거담제와 함께 복용하지 마십시오.복용 중에는 알코올성 음료를 피하십시오."
200502842,두배락산(바실루스리케니포르미스균),두배락,바실루스리케니포르미스균,(주)서울제약,,"시프로플록사신, 이미페넴, 실라스타틴나트륨과 함께 사용 시 의사 또는 약사와 상의하십시오."
200502887,"이지드롭점안액(수출명:아티피셜티어즈점안액, 제티어점안액, 게리케어아티피셜티어즈점안액)",이지드롭,,한림제약(주),,
200502895,"시너스비액(옥시메타졸린염산염)(수출명:오리지날릴리프비액,엑스트라모이스처라이징비액,사이너스비액)",시너스비,,한림제약(주),,디펜히드라민 및 그 염류 함유 제제(피부에 적용하는 제제 포함)와 함께 사용하지 마십시오. 사용 중에는 음주하지 마십시오.
200502922,새솔크림,새솔,,(주)시어스제약,,다른 소독제 또는 방부제와 함께 사용하지 마십시오.계면활성제 및 기타 음이온성 약물과 배합해서 사용하지 마십시오.
200503125,덴카바캡슐,덴카바,,알리코제약(주),https://nedrug.mfds.go.kr/pbp/cmn/itemImageDownload/1Pvn3im1oz_,
200503139,테르나졸크림(테르비나핀염산염),테르나졸,테르비나핀염산염,(주)휴비스트제약,,
200503288,진수고카타플라스마,진수고카타플라스마,,알리코제약(주),,
200503336,케토엑스투카타플라스마(케토프로펜),케토엑스투카타플라스마,케토프로펜,대화제약(주),,
200503344,푸로펜카타플라스마(플루르비프로펜),푸로펜카타플라스마,플루르비프로펜,대화제약(주),,
200503608,진크피현탁액(피리티온아연 액),진크피,피리티온아연 액,(주)나노팜,,
200503636,케이팝한방파프카타플라스마,케이팝한방파프카타플라스마,,주식회사제뉴원사이언스,,
200503609,나녹시딜액3%(미녹시딜),나녹시딜,미녹시딜,(주)나노팜,,"이 약을 사용하는 동안 다른 두피용 약물, 외용 코르티코이드, 레티노이드, 바셀린, 디트라놀 또는 경피흡수를 촉진시킨다고 알려진 약물, 구아네티틴 등의 혈관확장제를 함께 사용하지 마십시오."
200510975,비판텐연고(덱스판테놀),비판텐,덱스판테놀,바이엘코리아(주),,
200511290,리포직점안겔(카보머),리포직점안,카보머,(주)바슈헬스코리아,,
200503635,케이녹시액5%(미녹시딜),케이녹시,미녹시딜,주식회사제뉴원사이언스,,"헤어스타일링제는 이 약이 마른 후 사용하시고, 저녁에 사용할 때는 이 약의 건조를 위해 취침 2~4시간 전에 사용하십시오. 외용 코르티코이드, 레티노이드, 바셀린, 디트라놀, 경피흡수 촉진 약물과 함께 사용하지 마십시오. 이 약을 사용하기 전에 구아네티딘 등 혈관확장제를 계속 투여 중인 환자는 의사 또는 약사와 상의하십시오."
200511292,뮤로128점안액5%(염화나트륨),뮤로128,염화나트륨,(주)바슈헬스코리아,,
200503637,에카민씨정,에카민씨,,주식회사제뉴원사이언스,https://nedrug.mfds.go.kr/pbp/cmn/itemImageDownload/1O597tTU9bs,"아세트아미노펜을 포함하는 다른 제품, MAO억제제(항우울제, 항정신병제, 감정조절제, 항파킨슨제 등), 진해(기침을 그치게 함)거담제(가래약), 다른 감기약, 해열진통제, 진정제, 항히스타민제를 함유하는 내복약(비염용 경구제, 멀미약, 알레르기용약)과 함께 복용하지 마십시오. 바르비탈계 약물, 삼환계 항우울제 및 알코올을 투여한 환자는 의사 또는 약사와 상의하십시오. 당뇨약, 통풍약, 관절염약, 항응고제, 스테로이드제 등 다른 약물을 투여 받고 있는 사람은 의사 또는 약사와 상의하십시오. 복용 중에는 음주하지 마십시오."
200511293,오큐바이트프리저비전정,오큐바이트프리저비전,,(주)바슈헬스코리아,https://nedrug.mfds.go.kr/pbp/cmn/itemImageDownload/1OhHsk7U_kz,"인산염, 칼슘염, 경구용 테트라사이클린계 제제, 제산제와 함께 복용하지 마십시오. 에스트로겐을 포함한 경구용 피임제, 항알도스테론제, 트리암테렌과 함께 복용 시 의사 또는 약사와 상의하십시오. 녹차, 홍차 등 탄닌을 함유하는 차는 복용 중, 복용 전후에는 피하십시오."
200511037,니코틴엘로젠즈민트향트로키1밀리그램(니코틴타르타르산염수화물),니코틴엘로젠즈민트향트로키,니코틴타르타르산염수화물,지피테라퓨틱스코리아주식회사,https://nedrug.mfds.go.kr/pbp/cmn/itemImageDownload/1PpUznSAv3_,"파라세타몰, 카페인, 이미프라민, 옥사제팜, 펜타조신, 프로프라놀롤, 테오필린, 와파린, 에스트로겐, 리그노카인, 페나세틴, 인슐린, 아드레날린성 길항제(프라조신, 라베탈롤 등), 플레카이니드, 아드레날린성 효능제(이소프레날린, 페닐레프린), 프로폭시펜, 푸로세미드 이뇨제, H2길항제, 베타차단제, 테오필린, 타크린, 클로자핀, 로피니롤과 함께 사용 시 의사 또는 약사와 상의하십시오."
200511325,노자임캡슐(판크레아틴장용성제피정),노자임,판크레아틴장용성제피정,(주)한국팜비오,https://nedrug.mfds.go.kr/pbp/cmn/itemImageDownload/147428214555500148,
200511327,단아팬에프카타플라스마(인도메타신),단아팬에프카타플라스마,인도메타신,(주)오현파마코푸레이션,,
200511435,더존오팔레센스에프15%(메론향),더존오팔레센스에프,메론향,에스티인터내셔널주식회사,,"담배, 커피 및 쥬스를 피하십시오."
200511463,알소프트액,알소프트,,(주)사라야코리아,,"혈청, 농 등의 유기물질, 비누류는 이 약의 살균작용을 약화시키므로 충분히 씻어 제거한 후 사용하십시오."
200511465,코로로에스피가글액(클로르헥시딘글루콘산염액),코로로에스피가글,클로르헥시딘글루콘산염액,(주)사라야코리아,,
200511943,1.셀레나제100마이크로그램퍼오랄액(아셀렌산나트륨오수화물)2.셀레나제티퍼오랄액(아셀렌산나트륨오수화물),1.셀레나제퍼오랄액2.셀레나제티퍼오랄,아셀렌산나트륨오수화물,비오신코리아(주),,비타민 C와 같은 환원제는 함께 복용하지 마십시오. 비타민 C를 복용하려면 이 약과 약 4시간의 간격을 두고 따로 복용해야 합니다.
200512041,카비드츄어블정,카비드츄어블,,알보젠코리아(주),https://nedrug.mfds.go.kr/pbp/cmn/itemImageDownload/1Ph13Ec21pD,"인산염, 칼슘염, 경구용 테트라사이클린계 제제, 제산제는 함께 복용하지 마십시오.강심배당체, 항알도스테론제, 트리암테렌과 함께 사용 시 의사 또는 약사와 상의하십시오.녹차, 홍차 등 탄닌을 함유하는 차는 복용 중, 복용 전후에는 피하십시오."
200512200,펙소나딘정120밀리그램(펙소페나딘염산염),펙소나딘,펙소페나딘염산염,한미약품(주),https://nedrug.mfds.go.kr/pbp/cmn/itemImageDownload/1OlTcytjZO6,"케토코나졸이나 에리트로마이신, 알루미늄, 수산화마그네슘을 함유한 제산제, P-gp유도제를 함께 사용 시 의사 또는 약사와 상의하십시오. 자몽주스, 오렌지 및 사과주스와 같은 과일주스와 함께 복용 시 이 약의 효과를 감소시킬 수 있으므로 물과 함께 복용하는 것을 권장합니다."
200512334,유니쎈타액,유니쎈타,,유니메드제약(주),,레보도파와 함께 복용하지 마십시오.
200512347,둘코락스좌약(비사코딜),둘코락스좌약,비사코딜,오펠라헬스케어코리아(주),,다른 완하제와 함께 투여 시 의사 또는 약사와 상의하십시오.
200600050,"프렌즈아이드롭점안액(순),프렌즈아이드롭점안액(쿨),프렌즈아이드롭점안액(쿨하이),프렌즈아이드롭점안액(순)(1회용)","프렌즈아이드롭점안액,프렌즈아이드롭점안액,프렌즈아이드롭점안액,프렌즈아이드롭",1회용,제이더블유중외제약(주),,
200512203,솔루펜연질캡슐(덱시부프로펜),솔루펜,덱시부프로펜,현대약품(주),https://nedrug.mfds.go.kr/pbp/cmn/itemImageDownload/1P2JYwFs8N_,"이 약을 복용하는 동안 다른 비스테로이드성 소염진통제, 아스피린, 고용량의 메토트렉세이트를 사용하지 마십시오. 이 약을 복용하기 전에 코르티코스테로이드, 알코올, 디곡신, 페니토인, 프로베네시드, 설핀피라존, 설포닐우레아제, ACE 억제제 또는 안지오텐신Ⅱ 수용체 길항제, 이뇨제, 리튬, 쿠마린계 항응고제(와르파린 등), 바클로펜, 면역억제제(시클로스포린, 타크로리무스, 시롤리무스), 혈전용해제, 티클로피딘, 항혈전제, 혈중 칼륨농도를 증가시키는 약물(예, 칼륨 저류형 이뇨제, ACE 억제제, 안지오텐신-Ⅱ 수용체 길항제, 시클로스포린과 타크로리무스와 같은 면역억제제, 트리메토프림, 헤파린 등), CYP2C8, CYP2C9의 유도제(예, 리팜피신, 페노바르비탈), 저용량(15 mg/주 미만)의 메토트렉세이트, 항혈소판제 및 선택적 세로토닌 재흡수 억제제를 함께 사용 시 의사 또는 약사와 상의하십시오."
200600083,프로디펜첩부제(플루르비프로펜),프로디펜첩부제,플루르비프로펜,일동제약(주),,
200600106,무조메큐액,무조메큐,,(주)퍼슨,,
200600110,제일탑첩부제(플루르비프로펜),제일탑첩부제,플루르비프로펜,제일헬스사이언스(주),,
200600134,판테민정(판테틴),판테민,판테틴,(주)바이넥스,https://nedrug.mfds.go.kr/pbp/cmn/itemImageDownload/147428258513600131,
200600191,동성미녹시딜액3%,동성미녹시딜,,동성제약(주),,"이 약을 사용하는 동안 다른 두피용 약물, 외용 코르티코이드, 레티노이드, 바셀린, 디트라놀 또는 경피흡수를 촉진시킨다고 알려진 약물, 구아네티틴 등의 혈관확장제를 함께 사용하지 마십시오."
200600233,마이렉스정,마이렉스,,태극제약(주),https://nedrug.mfds.go.kr/pbp/cmn/itemImageDownload/1NAT_bwba0W,"퀴니딘, 인산염, 칼슘염 제제, 경구용테트라사이클린계 제제, 제산제, 레보도파와 함께 복용하지 마십시오.항알도스테론제, 트리암테렌과 함께 복용 시 의사 또는 약사와 상의하십시오.녹차, 홍차 등 탄닌을 함유하는 차는 복용 중, 복용 전후에는 피하십시오."
200600194,동성미녹시딜액5%,동성미녹시딜,,동성제약(주),,"이 약을 사용하는 동안 다른 두피용 약물, 외용 코르티코이드, 레티노이드, 바셀린, 디트라놀 또는 경피흡수를 촉진시킨다고 알려진 약물, 구아네티틴 등의 혈관확장제를 함께 사용하지 마십시오."
200600308,신신냉파프카타플라스마,신신냉파프카타플라스마,,신신제약(주),,
200600379,프라맥스크림(프라목신염산염),프라맥스,프라목신염산염,에이치엘비제약(주),,"혈압강하제, 항우울약과 함께 복용 시 의사 또는 약사와 상의하십시오."
200600412,리버베타연질캡슐(수출명:ganliver),리버베타,,(주)서흥,https://nedrug.mfds.go.kr/pbp/cmn/itemImageDownload/154151885634000024,
200600506,테르나핀겔(테르비나핀),테르나핀,테르비나핀,위더스제약(주),,
200600572,"제놀골드플라스타(케토프로펜)(수출, 군납명:케넨서플라스타)",제놀골드플라스타,,(주)녹십자,,
200600573,훼리너프캡슐,훼리너프,,(주)녹십자,https://nedrug.mfds.go.kr/pbp/cmn/itemImageDownload/1NOwp2F6C4P,"인산염, 칼슘염, 경구용 테트라사이클린계 항생제, 제산제와 함께 복용하지 마십시오.항알도스테론제, 트리암테렌과 함께 복용 시 의사 또는 약사와 상의하십시오.녹차, 홍차 등 탄닌을 함유하는 차는 복용 중, 복용 전후에는 피하십시오."
200600575,제놀탑에스카타플라스마(케토프로펜),제놀탑에스카타플라스마,케토프로펜,(주)녹십자,,
200600587,스카리스겔(수출용),스카리스,,(주)서울제약,,
200600665,엘시콤정,엘시콤,,유니메드제약(주),https://nedrug.mfds.go.kr/pbp/cmn/itemImageDownload/147428277917100107,레보도파와 함께 복용하지 마십시오.
200600720,인플라정,인플라,,(주)넥스팜코리아,https://nedrug.mfds.go.kr/pbp/cmn/itemImageDownload/152760234663200037,항응고제와 함께 사용 시 의사 또는 약사와 상의하십시오.
200604265,"람노스과립 (수출명1: Allbio granules, 수출명2: Antibio Forte granules) (락토바실루스카제이변종람노수스)",람노스,락토바실루스카제이변종람노수스,한화제약(주),,"주로 익힌 고기 및 밥을 먹고 설사시 식사를 계속하는 경우 생음식, 과일, 야채, 매운음식 및 냉동된 음식 또는 음료는 먹지 마십시오."
200604321,시노코프캡슐,시노코프,,현대약품(주),https://nedrug.mfds.go.kr/pbp/cmn/itemImageDownload/151577162254600173,"MAO 억제제(항우울제, 항정신병제, 감정조절제, 항파킨슨제 등), 다른 진해(기침을 그치게 함)·거담제(가래약), 감기약, 항히스타민제를 함유하는 내복약(비염(코염)용 경구제, 멀미약, 알레르기용약), 진정제, 디펜히드라민을 함유하는 제제(피부에 적용하는 제제 포함)와 함께 사용하지 마십시오. MAO 억제제(항우울제, 항정신병제, 감정조절제, 항파킨슨제 등) 복용을 중단한 후 2주 이내의 사람은 이 약을 복용하지 마십시오. 복용 중에는 음주하지 마십시오."
200600735,에폴민카타플라스마(디클로페낙에폴아민),에폴민카타플라스마,디클로페낙에폴아민,대화제약(주),,"이 약을 사용하는 동안 디클로페낙 제제 혹은 비스테로이드 소염제(항염증제)를 국소적으로 적용하거나 복용하지 마십시오. 루프 이뇨제(푸로세미드 등), 티아자이드계 이뇨제, 지혈을 방해하는 약물(와파린 등), 항혈소판제(아스피린 등), 선택적 세로토닌 재흡수 억제제 및 세로토닌 노르에피네프린 재흡수 억제제를 투여하는 환자는 의사 또는 약사와 상의하십시오."
200605374,브이텐연질캡슐,브이텐,,(주)유한양행,https://nedrug.mfds.go.kr/pbp/cmn/itemImageDownload/147428307461400176,"인산염, 칼슘염, 경구용 테트라사이클린계 제제, 제산제와 함께 복용하지 마십시오.에스트로겐을 포함한 경구용 피임제, 항알도스테론제, 트리암테렌, 정주용 지질제와 함께 사용 시 의사 또는 약사와 상의하십시오.녹차, 홍차 등 탄닌을 함유하는 차는 복용 중, 복용 전후에는 피하십시오."
200603856,니코틴엘껌2밀리그램(니코틴),니코틴엘껌,니코틴,지피테라퓨틱스코리아주식회사,https://nedrug.mfds.go.kr/pbp/cmn/itemImageDownload/1PpUznSAv5v,"파라세타몰, 카페인, 이미프라민, 옥사제팜, 펜타조신, 프로프라놀롤, 테오필린, 와파린, 에스트로겐, 리그노카인, 페나세틴, 인슐린, 아드레날린성 길항제(프라조신, 라베탈롤 등), 플레카이니드, 아드레날린성 효능제(이소프레날린, 페닐레프린), 프로폭시펜, 푸로세미드 이뇨제, H2길항제, 베타차단제, 테오필린, 타크린, 클로자핀, 로피니롤과 함께 사용 시 의사 또는 약사와 상의하십시오."
200606295,개비스콘페퍼민트현탁액,개비스콘페퍼민트,,(유)옥시레킷벤키저,,"테트라사이클린, 디곡신, 플루오로퀴놀론, 철염(Iron salt), 케토코나졸, 신경이완제, 티록신, 페니실라민, 베타차단제(아테놀올, 메토프로롤, 프로프라놀롤), 글루코코르티코이드, 클로로퀸, 에스트라무스틴 및 디포스포네이트와 함께 복용 시 의사 또는 약사와 상의하십시오."
200605371,래피콜에이캡슐,래피콜에이,,(주)유한양행,https://nedrug.mfds.go.kr/pbp/cmn/itemImageDownload/151611733843800078,"이뇨제, 진해거담제, 다른 감기약, 해열진통제, 진정제, 항히스타민제를 함유하는 내복약(비염용 경구제, 멀미약, 알레르기용약)과 함께 복용하지 마십시오. 바르비탈계 약물, 삼환계 항우울제, 알코올, 칼륨함유제제, 감초함유제제, 글리시리진산 또는 그 염류 함유제제, 루프계 이뇨제(푸로세미드, 에타크린산) 또는 티아지드계 이뇨제(트리클로르메티아지드), 당뇨약, 통풍약, 관절염약, 항응고제, 스테로이드제와 함께 복용 시 의사 또는 약사와 상의하십시오. 복용 중에는 음주하지 마십시오."
200606537,헤모포스정,헤모포스,,제이더블유중외제약(주),https://nedrug.mfds.go.kr/pbp/cmn/itemImageDownload/1NOwp2F66J3,"인산염, 칼슘염, 경구용 테트라사이클린계 제제, 제산제와 함께 복용하지 마십시오. 항알도스테론제, 트리암테렌과 함께 사용 시 의사 또는 약사와 상의하십시오. 녹차, 홍차 등 탄닌을 함유하는 차는 복용 중, 복용 전후에는 피하십시오."
200606413,이브듀오시럽(이부프로펜),이브듀오,이부프로펜,삼아제약(주),,"다른 비스테로이드성 소염진통제, 저용량 아스피린, 고용량의 메토트렉세이트와 함께 복용하지 마십시오. ACE 저해제, 리튬, 푸로세미드 및 티아지드계 이뇨제, 쿠마린계 항응혈제(와파린 등), 선택적 세로토닌 재흡수억제제, 정주용 지질제와 함께 사용 시 의사 또는 약사와 상의하십시오."
200606546,에이프로젠무피로신연고,에이프로젠무피로신,,(주)에이프로젠바이오로직스,,
200606621,박테로신연고(무피로신)(수출명: KM MUPIROCIN Oint),박테로신,,주식회사제뉴원사이언스,,
200606745,노비프록스액(시클로피록스올아민),노비프록스,시클로피록스올아민,태극제약(주),,
200607004,칼디플러스정,칼디플러스,,하나제약(주),https://nedrug.mfds.go.kr/pbp/cmn/itemImageDownload/148648204204900054,"인산염, 칼슘염, 경구용 테트라사이클린계 제제, 제산제와 함께 복용하지 마십시오. 강심배당체, 항알도스테론제, 트리암테렌과 함께 사용 시 의사 또는 약사와 상의하십시오. 녹차, 홍차 등 탄닌을 함유하는 차는 복용 중, 복용 전후에는 피하십시오."
200607006,미래트리메부틴정(트리메부틴말레산염),미래트리메부틴,트리메부틴말레산염,미래바이오제약(주),https://nedrug.mfds.go.kr/pbp/cmn/itemImageDownload/1Pvn3im1lJh,
200607484,애니클렌액,애니클렌,,(주)퍼슨,,비누를 사용할 경우에는 사전에 충분히 씻어낸 후에 사용하십시오.
200607734,트루비타정,트루비타,,(주)유한양행,https://nedrug.mfds.go.kr/pbp/cmn/itemImageDownload/147427795990100174,"인산염, 칼슘염, 경구용 테트라사이클린계 제제, 제산제, 레보도파와 함께 복용하지 마십시오.에스트로겐을 포함한 경구(먹는)용 피임제, 항알도스테론제, 트리암테렌, 강심배당체와 함께 복용 시 의사 또는 약사와 상의하십시오.녹차, 홍차 등 탄닌을 함유하는 차는 복용 중, 복용 전후에는 피하십시오."
200607735,콘택골드캡슐,콘택골드,,(주)유한양행,https://nedrug.mfds.go.kr/pbp/cmn/itemImageDownload/147427262812300123,"다른 비염용 경구제, 항히스타민제를 함유하는 내복약(감기약, 진해거담제, 멀미약, 알레르기용약 등)과 함께 복용하지 마십시오. 복용 중에는 음주하지 마십시오."
200607736,덴타자임캡슐,덴타자임,,(주)유한양행,https://nedrug.mfds.go.kr/pbp/cmn/itemImageDownload/147428312450900074,이 약을 복용하기 전에 다른 약물을 복용하고 있는 경우 의사 또는 약사와 상의하십시오.
200607742,안티푸라민조인트플라스타(펠비낙),안티푸라민조인트플라스타,펠비낙,(주)유한양행,,
200607745,비스칸엔산(바실루스리케니포르미스균),비스칸엔,바실루스리케니포르미스균,(주)바이넥스,,"시프로플록사신, 이미페넴, 실라스타틴나트륨과 함께 사용 시 의사 또는 약사와 상의하십시오."
200607786,유그린에프연고(요소),유그린에프,요소,동성제약(주),,"코르티코이드, 디트라놀, 5-플루오로우라실을 함께 사용 시 의사 또는 약사와 상의하십시오."
200607813,"옥시졸나잘액(옥시메타졸린염산염)(수출명:오리지날릴리프액,엑스트라모이스처라이징비액,사이너스비액)",옥시졸나잘,,태극제약(주),,사용 중에는 음주하지 마십시오.
200607815,베이덤연고(우레아),베이덤,우레아,태극제약(주),,"코르티코이드, 디트라놀, 5-플루오로우라실과 함께 사용 시 의사 또는 약사와 상의하십시오."
200607819,무라졸덤겔(테르비나핀),무라졸덤,테르비나핀,태극제약(주),,
200607838,코큐민연질캡슐,코큐민,,(주)비보존제약,https://nedrug.mfds.go.kr/pbp/cmn/itemImageDownload/147427863758000149,"인산염, 칼슘염, 경구용 테트라사이클린계 제제, 제산제와 함께 복용하지 마십시오. 에스트로겐을 포함한 경구(먹는)용 피임제, 항알도스테론제, 트리암테렌과 함께 복용 시 의사 또는 약사와 상의하십시오. 녹차, 홍차 등 탄닌을 함유하는 차는 복용 중, 복용 전후에는 피하십시오."
200607841,엑스칠플러스연고,엑스칠플러스,,시믹씨엠오코리아주식회사,,"dl-메틸에페드린염산염, 스코폴리아 엑스 및 글리시리진산 함유 좌제 또는 연고제, 크림제, 혈압강하제, 항우울약과 함께 사용 시 의사 또는 약사와 상의하십시오."
200607863,보령알벤다졸정,보령알벤다졸,,(주)보령,https://nedrug.mfds.go.kr/pbp/cmn/itemImageDownload/147428239002400132,"이 약을 복용하는 동안 테오필린, 시메티딘, 프라지콴텔, 덱사메타손, 리토나비르, 페니토인, 카르바마제핀, 페노바르비탈을 함께 복용하지 마십시오."
200607843,콜그린에이캡슐,콜그린에이,,명인제약(주),https://nedrug.mfds.go.kr/pbp/cmn/itemImageDownload/1NOwp2F6KyL,"아세트아미노펜을 포함하는 다른 제품, MAO억제제(항우울제, 항정신병제, 감정조절제, 항파킨슨제 등), 진해(기침을 그치게 함)거담제(가래약), 다른 감기약, 해열진통제, 진정제, 항히스타민제를 함유하는 내복약(비염용 경구제, 멀미약, 알레르기용약)과 함께 복용하지 마십시오. 바르비탈계 약물, 삼환계 항우울제 및 알코올을 투여한 환자, 이뇨제와 함께 복용 시 의사 또는 약사와 상의하십시오."
200607867,아미노피정,아미노피,,일양약품(주),https://nedrug.mfds.go.kr/pbp/cmn/itemImageDownload/1Pvn3im1e6z,레보도파와 함께 복용하지 마십시오.에스트로겐을 포함한 경구용피임제와 함께 복용 시 의사 또는 약사와 상의하십시오.
200607870,일양아이콤연질캡슐,일양아이콤,,일양약품(주),https://nedrug.mfds.go.kr/pbp/cmn/itemImageDownload/147427863758000146,정주용 지질제와 함께 사용 시 의사 또는 약사와 상의하십시오.
200607885,신신케토크린24플라스타(케토프로펜),신신케토크린24플라스타,케토프로펜,신신제약(주),,
200607886,라이센드플러스액,라이센드플러스,,신신제약(주),,
200607893,켈로벡스겔,켈로벡스,,(주)다림바이오텍,,
200607903,셀지민정,셀지민,,경남제약(주),https://nedrug.mfds.go.kr/pbp/cmn/itemImageDownload/147428268052300107,"인산염, 칼슘염, 경구용 테트라사이클린계 제제, 제산제, 레보도파와 함께 복용하지 마십시오. 에스트로겐을 포함한 경구용 피임제, 항알도스테론제, 트리암테렌과 함께 복용 시 의사 또는 약사와 상의하십시오. 녹차, 홍차 등 탄닌을 함유하는 차는 복용 중, 복용 전후에는 피하십시오."
200607914,지알마겔현탁액(알마게이트),지알마,알마게이트,(주)그린제약,,"이 약을 복용하는 동안 테트라사이클린계 항생제는 복용하지 마십시오.이 약을 복용하기 전에 비스테로이드소염(항염)진통제, 궤양치료제, 디기탈리스 제제, 클로르프로마진, 란소프라졸, 프레드니솔론, 페니실린, 퀴놀론, 철(Fe)염 제제, 살리실산염을 복용하는 환자는 의사 또는 약사와 상의하십시오."
200607950,동의고카타플라스마(수출명:coolrunning),동의고카타플라스마,,(주)종근당,,
200607969,산타몬플러스캡슐,산타몬플러스,,고려제약(주),https://nedrug.mfds.go.kr/pbp/cmn/itemImageDownload/1NOwp2F6KHU,"인산염, 칼슘염, 경구용 테트라사이클린계 항생제, 제산제, 레보도파와 함께 복용하지 마십시오.항알도스테론제, 트리암테렌과 함께 복용 시 의사 또는 약사와 상의하십시오.녹차, 홍차 등 탄닌을 함유하는 차는 복용 중, 복용 전후에는 피하십시오."
200608044,트라보겐크림(이소코나졸질산염),트라보겐,이소코나졸질산염,레오파마(유),,
200608046,아젤리아크림(아젤라산(미분화)),아젤리아,아젤라산,레오파마(유),,
200608158,큐텐훌연질캡슐,큐텐훌,,신일제약(주),https://nedrug.mfds.go.kr/pbp/cmn/itemImageDownload/147427801142800017,"인산염, 칼슘염, 경구용 테트라사이클린계 제제, 제산제, 레보도파와 함께 복용하지 마십시오.에스트로겐을 포함한 경구용 피임제, 항알도스테론제, 트리암테렌, 정주용 지질제와 함께 사용 시 의사 또는 약사와 상의하십시오.녹차, 홍차 등 탄닌을 함유하는 차는 복용 중, 복용 전후에는 피하십시오."
200608160,맥시부펜시럽(덱시부프로펜),맥시부펜,덱시부프로펜,한미약품(주),,"다른 비스테로이드성 소염진통제, 아스피린, 고용량의 메토트렉세이트와 함께 사용하지 마십시오. 글루코코르티코이드, 알코올, 디곡신, 페니토인, 프로베네시드, 설핀피라존, 설포닐우레아제, 이뇨제, 항고혈압제, ACE 억제제, 푸로세미드, 리튬, 저용량의 메토트렉세이트, 쿠마린계 항응혈제(와파린 등)와 함께 사용 시 의사 또는 약사와 상담하십시오."
200608182,광동큐디액,광동큐디,,광동제약(주),,레보도파와 함께 복용하지 마십시오. 에스트로겐을 포함한 경구용 피임제와 함께 사용 시 의사 또는 약사와 상의하십시오.
200608208,비타씬-플러스정,비타씬-플러스,,조아제약(주),https://nedrug.mfds.go.kr/pbp/cmn/itemImageDownload/147427805977300183,레보도파와 함께 복용하지 마십시오. 에스트로겐을 포함한 경구용 피임제와 함께 복용 시 의사 또는 약사와 상의하십시오.
200608328,레드콜연질캡슐,레드콜,,(주)알피바이오,https://nedrug.mfds.go.kr/pbp/cmn/itemImageDownload/1MdYV-PxYnO,"진해거담제, 다른 감기약, 해열진통제, 진정제, 항히스타민제를 함유하는 내복약(비염용 경구제, 멀미약, 알레르기용약)과 함께 복용하지 마십시오. 바르비탈계 약물, 삼환계 항우울제, 알코올, 당뇨약, 통풍약, 관절염약, 항응고제, 스테로이드제 등과 함께 복용 시 의사 또는 약사와 상의하십시오. 복용 중에는 음주하지 마십시오."
200608329,그린콜연질캡슐,그린콜,,(주)알피바이오,https://nedrug.mfds.go.kr/pbp/cmn/itemImageDownload/1NOwp2F6N8C,"진해거담제, 다른 감기약, 해열진통제, 진정제, 항히스타민제를 함유하는 내복약(비염용 경구제, 멀미약, 알레르기용약)과 함께 복용하지 마십시오. MAO억제제(항우울제, 항정신병제, 감정조절제, 항파킨슨제 등)를 복용하고 있거나 복용을 중단한 후 2주 이내의 사람은 이 약을 복용하지 마십시오. 당뇨약, 통풍약, 관절염약, 항응고제, 스테로이드제, 바르비탈계 약물, 삼환계 항우울제, 알코올과 함께 복용 시 의사 또는 약사와 상의하십시오. 복용 중에는 음주하지 마십시오."
200608330,블루콜연질캡슐(수출용),블루콜,,(주)알피바이오,https://nedrug.mfds.go.kr/pbp/cmn/itemImageDownload/147427824984200181,"진해거담제, 다른 감기약, 해열진통제, 진정제, 항히스타민제를 함유하는 내복약(비염용 경구제, 멀미약, 알레르기용약)과 함께 복용하지 마십시오. 당뇨약, 통풍약, 관절염약, 항응고제, 스테로이드제와 함께 복용 시 의사 또는 약사와 상의하십시오. 복용 중에는 음주하지 마십시오."
200608453,케이프록스액(시클로피록스올아민),케이프록스,시클로피록스올아민,주식회사제뉴원사이언스,,
200610627,사리돈에이정,사리돈에이,,바이엘코리아(주),https://nedrug.mfds.go.kr/pbp/cmn/itemImageDownload/147800419473500177,"다른 소염진통제, 바르비탈계 약물, 삼환계 항우울제, 알코올과 함께 복용하지 마십시오. 리튬, 티아지드계 이뇨제와 함께 복용 시 의사 또는 약사와 상의하십시오."
200610734,스티몰액(시트룰린말산염),스티몰,시트룰린말산염,(주)한국팜비오,,
200610741,케로팝첩부제(케토프로펜),케로팝첩부제,케토프로펜,(주)재우스팜,,
200610742,인도포르테카타플라스마(인도메타신),인도포르테카타플라스마,인도메타신,(주)재우스팜,,
200610765,지르텍정(세티리진염산염),지르텍,세티리진염산염,한국유씨비제약(주),https://nedrug.mfds.go.kr/pbp/cmn/itemImageDownload/1Pe072ka2fV,"테오필린, 리토나비르와 함께 복용하지 마십시오. 과량의 알코올과 함께 복용하지 마십시오."
200610785,애드빌리퀴겔연질캡슐(이부프로펜),애드빌리퀴,이부프로펜,헤일리온코리아주식회사,https://nedrug.mfds.go.kr/pbp/cmn/itemImageDownload/1OWL9GRaJ12,"항암요법으로 고용량 메토트렉세이트를 투여중인 환자, 다른 비스테로이드성 소염진통제와 함께 이 약을 복용하지 마십시오. 이 약을 복용하기 전에 저용량 아스피린, ACE 저해제, 리튬, 푸로세미드 및 티아지드계 이뇨제, 저용량 메토트렉세이트, 쿠마린계 항응혈제(와파린 등), 선택적 세로토닌 재흡수억제제를 복용하는 환자는 의사 또는 약사와 상의하십시오."
200610975,대웅알벤다졸정,대웅알벤다졸,,(주)대웅제약,https://nedrug.mfds.go.kr/pbp/cmn/itemImageDownload/1Mva4bz2ZqB,"이 약을 복용하는 동안 테오필린, 시메티딘, 프라지콴텔, 덱사메타손, 리토나비르, 페니토인, 카르바마제핀, 페노바르비탈을 함께 복용하지 마십시오."
200611367,그린포비돈스틱스왑(포비돈요오드),그린포비돈스틱스왑,포비돈요오드,(주)그린제약,,"과산화수소를 함께 사용하지 마십시오.리튬제제, 클로르헥시딘, 설파디아진 은화합물, 알칼리, 수은을 함유한 제제, 효소성분의 상처치료제를 함께 사용 시 의사 또는 약사와 상의하십시오."
200611395,라시도필캡슐,라시도필,,(주)한국팜비오,https://nedrug.mfds.go.kr/pbp/cmn/itemImageDownload/1Pvn3im1fm7,
200612120,아이케어점안액,아이케어,,(주)바이넥스,,
200612147,팝업플라스타(플루르비프로펜),팝업플라스타,플루르비프로펜,(주)에이프로젠바이오로직스,,
200612303,터나빈겔(테르비나핀),터나빈,테르비나핀,주식회사제뉴원사이언스,,
200612567,칼시롤정,칼시롤,,성원애드콕제약(주),https://nedrug.mfds.go.kr/pbp/cmn/itemImageDownload/147428248730900101,"인산염, 칼슘염, 경구용 테트라사이클린계 제제, 제산제와 함께 복용하지 마십시오. 강심배당체, 항알도스테론, 트리암테렌과 함께 복용 시 의사 또는 약사와 상의하십시오. 녹차, 홍차 등 탄닌을 함유하는 차는 복용 중, 복용 전후에는 피하십시오."
200612692,베라스톤크림,베라스톤,,명문제약(주),,
200612693,헥시클렌브러쉬액(클로르헥시딘글루콘산염 액),헥시클렌브러쉬,클로르헥시딘글루콘산염 액,(주)퍼슨,,"혈청, 농 등의 유기물질, 비누류는 이 약의 살균작용을 약화시키므로 충분히 씻어 제거한 후 사용하십시오."
200612696,포비크린브러쉬액(포비돈요오드),포비크린브러쉬,포비돈요오드,(주)퍼슨,,"과산화수소와 함께 사용하지 마십시오. 리튬제제, 클로르헥시딘, 설파디아진ㆍ은화합물, 알칼리, 수은을 함유한 제제, 효소성분의 상처치료제와 함께 사용 시 의사 또는 약사와 상의하십시오."
200700547,판피린큐액,판피린큐,,동아제약(주),,"아세트아미노펜을 포함하는 다른 제품, 진해거담제, 다른 감기약, 해열진통제, 진정제, 항히스타민제를 함유하는 내복약(비염용 경구제, 멀미약, 알레르기용약)과 함께 복용하지 마십시오. 바르비탈계 약물, 삼환계 항우울제, 알코올을 복용하는 환자는 의사 또는 약사와 상의하십시오. 복용 중에는 음주하지 마십시오."
200700917,맥스텐정,맥스텐,,오스틴제약(주),https://nedrug.mfds.go.kr/pbp/cmn/itemImageDownload/152216525755800073,
200700800,텐텐츄정,텐텐츄,,한미약품(주),https://nedrug.mfds.go.kr/pbp/cmn/itemImageDownload/1PEPKBUcetR,"인산염, 칼슘염, 경구용 테트라사이클린계 제제, 제산제, 레보도파와 함께 복용하지 마십시오. 에스트로겐을 포함한 경구용 피임제, 강심배당체, 항알도스테론제, 트리암테렌과 함께 복용 시 의사 또는 약사와 상의하십시오. 녹차, 홍차 등 탄닌을 함유하는 차는 복용 중, 복용 전후에는 피하십시오."
200701274,그린솔트에프액,그린솔트에프,,(주)그린제약,,
200701444,"케논에스플라스타(케토프로펜) 수출명: 케논에스플라스타(Kenon-S Plaster), 케토플라스트패취(Ketoplast Patch), 케토밴드(Ketoband), 케토티디디에스 플라스타( Keto-TDDS Plaster), 케토덤플라스타(Ketoderm Plaster)","케논에스플라스타 수출명: 케논에스플라스타, 케토플라스트패취, 케토밴드, 케토티디디에스 플라스타, 케토덤플라스타",Ketoderm Plaster,아이큐어(주),,
200700801,백일후애액2%(미녹시딜),백일후애,미녹시딜,동광제약(주),,"다른 두피용 약물, 외용 코르티코이드, 레티노이드, 바셀린, 디트라놀 또는 경피흡수 촉진 약물과 함께 사용하지 마십시오.혈관확장제(구아네티틴 등)와 함께 사용시 의사 또는 약사와 상의하십시오."
200701561,데오클렌액(염화알루미늄),데오클렌,염화알루미늄,(주)퍼슨,,
200700803,백일후애액5%(미녹시딜),백일후애,미녹시딜,동광제약(주),,"이 약을 사용하는 동안 다른 두피용 약물, 외용 코르티코이드, 레티노이드, 바셀린, 디트라놀 또는 경피흡수를 촉진시킨다고 알려진 약물, 구아네티틴 등의 혈관확장제를 함께 사용하지 마십시오."
200701829,헥시타놀0.5%액,헥시타놀,,(주)퍼슨,,세제나 다른 화학물질과 함께 사용하지 마십시오.
200700876,파날디정(덱시부프로펜),파날디,덱시부프로펜,초당약품공업(주),https://nedrug.mfds.go.kr/pbp/cmn/itemImageDownload/150669962846300145,"이 약을 복용하는 동안 아스피린, 다른 비스테로이드성 소염진통제, 항암요법으로 사용하는 고용량(15 mg/주 이상)의 메토트렉세이트를 사용하지 마십시오. 이 약을 복용하기 전에 코르티코스테로이드, 알코올, 디곡신, 페니토인, 프로베네시드, 설핀피라존, 설포닐우레아제, ACE 억제제, 안지오텐신Ⅱ 수용체 길항제, 이뇨제, 리튬, 쿠마린계 항응고제(와르파린 등), 바클로펜, 면역억제제(시클로스포린, 타크로리무스, 시롤리무스), 혈전용해제, 티클로피딘, 항혈전제, 혈중 칼륨농도를 증가시키는 약물(트리메토프림, 헤파린 등), CYP2C8, CYP2C9의 유도제(예, 리팜피신, 페노바르비탈), 저용량(15 mg/주 미만)의 메토트렉세이트, 항혈소판제 및 선택적 세로토닌 재흡수 억제제, 심근경색이나 뇌졸중 예방목적으로 저용량 아스피린을 복용하는 사람은 의사 또는 약사와 상의하십시오."
200701470,마이딜액5%(미녹시딜),마이딜,미녹시딜,제이더블유신약(주),,"이 약을 사용하는 동안 다른 두피용 약물, 외용 코르티코이드, 레티노이드, 바셀린, 디트라놀 또는 경피흡수를 촉진시킨다고 알려진 약물, 구아네티틴 등의 혈관확장제를 함께 사용하지 마십시오."
200702161,마그스포르테액,마그스포르테,,조아제약(주),,"인산염, 칼슘염, 경구용 테트라사이클린계 제제, 제산제, 레보도파와 함께 복용하지 마십시오. 항알도스테론제, 트리암테렌과 함께 사용 시 의사 또는 약사와 상의하십시오. 녹차, 홍차 등 탄닌을 함유하는 차는 복용 중, 복용 전후에는 피하십시오."
200702162,"큐티스점안액(1회용), 큐티스점안액","큐티스점안액, 큐티스",,한림제약(주),,
200702264,프리아제정,프리아제,,정우신약(주),https://nedrug.mfds.go.kr/pbp/cmn/itemImageDownload/1NOwp2F6IxB,정주용 지질제와 함께 복용 시 의사 또는 약사와 상의하십시오.
200702709,뮤레스캡슐(에르도스테인),뮤레스,에르도스테인,제이더블유신약(주),https://nedrug.mfds.go.kr/pbp/cmn/itemImageDownload/1Og9J5dfYpv,기침약을 복용중인 사람은 의사 또는 약사와 상의하십시오.
200703086,콜민-에이시럽,콜민-에이,,영진약품(주),,"MAO 저해제를 복용하는 환자는 이 약을 복용하지 마십시오. 진정제, 신경안정제를 함께 복용 시 의사 또는 약사와 상의하십시오. 알코올성 음료를 피하십시오."
200702522,목시딜액3%(미녹시딜),목시딜,미녹시딜,한미약품(주),,"이 약을 사용하는 동안 다른 두피용 약물, 외용 코르티코이드, 레티노이드, 바셀린, 디트라놀 또는 경피흡수를 촉진시킨다고 알려진 약물, 구아네티틴 등의 혈관확장제를 함께 사용하지 마십시오."
200703087,푸마훼린연질캡슐,푸마훼린,,(주)유한양행,https://nedrug.mfds.go.kr/pbp/cmn/itemImageDownload/147427819753800160,"인산염, 칼슘염, 경구용 테트라사이클린계 제제, 탄산칼슘, 수산화마그네슘 등이 함유된 제산제, 알로푸리놀과 함께 복용하지 마십시오. 항알도스테론제, 트리암테렌, 200 mg 이상의 아스코르빈산(비타민 C)과 함께 복용 시 의사 또는 약사와 상의하십시오. 녹차, 홍차 등 탄닌을 함유하는 차 및 우유·유제품은 복용 중, 복용 전후에는 피하십시오."
200703089,쎄라손크림(수출용),쎄라손,,한국코러스(주),,
200703429,캐롤에프정(이부프로펜아르기닌),캐롤에프,이부프로펜아르기닌,일동제약(주),https://nedrug.mfds.go.kr/pbp/cmn/itemImageDownload/1NOwp2F6HaN,"이 약을 복용하는 동안 바크로펜, 메토트렉세이트과 함께 복용하지 마십시오. 다른 해열진통제, 프로베네시드, 설핀피라존, 디곡신, 페니토인, 항고혈압제, 이뇨제, ACE억제제, 푸로세미드, 아스피린, 리튬, 경구용 항응혈제(와파린 등)를 복용하는 경우 의사 또는 약사와 상의하십시오."
200703212,명랑에스산,명랑에스,,삼남제약(주),,"다른 해열진통제, 감기약, 진정제와 함께 복용하지 마십시오. 복용 중에는 음주하지 마십시오. 당뇨약, 통풍약, 관절염약, 항응고제, 스테로이드제, 바르비탈계 약물, 삼환계 항우울제 및 알코올과 함께 복용 시 의사 또는 약사와 상의하십시오."
200703498,우라니틴액(L-아스파르트산-L-오르니틴),우라니틴,L-아스파르트산-L-오르니틴,조아제약(주),,
200704035,메모론에스연질캡슐,메모론에스,,영일제약(주),https://nedrug.mfds.go.kr/pbp/cmn/itemImageDownload/154653006580000154,"정주용 지질제, 지질성 유제와 함께 사용 시 의사 또는 약사와 상의하십시오."
200703589,써스펜나이트정,써스펜나이트,,한미약품(주),https://nedrug.mfds.go.kr/pbp/cmn/itemImageDownload/1NTjOMJUAqu,"진해(기침을 그치게 함)거담제(가래약), 다른 감기약, 해열진통제, 진정제, 항히스타민제를 함유하는 내복약(비염(코염)용 경구제, 멀미약, 알레르기용약), 고혈압 또는 저혈압 치료 의약품, 페닐레프린염산염, 수도에페드린염산염, 살리실산염과 함께 복용하지 마십시오. 바르비탈계 약물, 삼환계 항우울제 및 알코올과 함께 복용 시 아세트아미노펜의 혈장 반감기를 증가시킬 수 있으므로 주의하십시오."
200704064,지노베타딘질좌제(포비돈요오드),지노베타딘질,포비돈요오드,에이치엘비제약(주),,"과산화수소를 함께 사용하지 마십시오. 리튬제제, 클로르헥시딘, 설파디아진 은화합물, 알칼리, 수은을 함유한 제제, 효소성분의 상처치료제를 함께 사용 시 의사 또는 약사와 상의하십시오."
200703926,니코레트껌2밀리그람(니코틴)(쿨민트향),니코레트껌2밀리그람,쿨민트향,켄뷰코리아판매유한회사,,"파라세타몰, 카페인, 이미프라민, 옥사제팜, 펜타조신, 프로프라놀롤, 테오필린, 와파린, 에스트로겐, 리그노카인, 페나세틴, 인슐린, 아드레날린성 길항제(프라조신, 라베탈롤 등), 플레카이니드, 아드레날린성 효능제(이소프레날린, 페닐레프린), 프로폭시펜, 푸로세미드 이뇨제, H2길항제, 베타차단제, 타크린, 클로자핀, 로피니롤, 올란자핀, 클로미프라민, 플루복사민과 함께 사용 시 의사 또는 약사와 상의하십시오."
200704406,룩스린에프연질캡슐,룩스린에프,,태극제약(주),https://nedrug.mfds.go.kr/pbp/cmn/itemImageDownload/154661654875500096,정주용 지질제와 함께 복용 시 의사 또는 약사와 상의하십시오.
200703932,니코레트껌4밀리그람(니코틴)(쿨민트향),니코레트껌4밀리그람,쿨민트향,켄뷰코리아판매유한회사,,"파라세타몰, 카페인, 이미프라민, 옥사제팜, 펜타조신, 프로프라놀롤, 테오필린, 와파린, 에스트로겐, 리그노카인, 페나세틴, 인슐린, 아드레날린성 길항제(프라조신, 라베탈롤 등), 플레카이니드, 아드레날린성 효능제(이소프레날린, 페닐레프린), 프로폭시펜, 푸로세미드 이뇨제, H2길항제, 베타차단제, 타크린, 클로자핀, 로피니롤, 올란자핀, 클로미프라민, 플루복사민과 함께 사용 시 의사 또는 약사와 상의하십시오."
200704593,로토지파이뉴점안액,로토지파이뉴,,(주)보령,,
200704407,코큐텐비타알부정,코큐텐비타알부,,일양약품(주),https://nedrug.mfds.go.kr/pbp/cmn/itemImageDownload/151853651029700028,"인산염, 칼슘염, 경구용 테트라사이클린계 제제, 제산제, 레보도파와 함께 복용하지 마십시오. 에스트로겐을 포함한 경구(먹는)용 피임제, 항알도스테론제, 트리암테렌과 함께 복용 시 의사 또는 약사와 상의하십시오. 녹차, 홍차 등 탄닌을 함유하는 차는 복용 중, 복용 전후에는 피하십시오."
200704636,조인탑200연질캡슐,조인탑200,,일양약품(주),https://nedrug.mfds.go.kr/pbp/cmn/itemImageDownload/1Pvn3im1oub,레보도파와 함께 복용하지 마십시오. 에스트로겐을 포함한 경구용 피임제와 함께 복용 시 의사 또는 약사와 상의하십시오.
200704813,헤모큐플러스캡슐,헤모큐플러스,,(주)대웅제약,https://nedrug.mfds.go.kr/pbp/cmn/itemImageDownload/149723190197300072,"인산염, 칼슘염, 경구용 테트라사이클린계 항생제, 제산제와 함께 복용하지 마십시오.항알도스테론제, 트리암테렌, 200 ㎎ 이상의 아스코르빈산(비타민 C)과 함께 복용 시 의사 또는 약사와 상의하십시오.녹차, 홍차 등 탄닌을 함유하는 차 및 우유ㆍ유제품은 복용 중, 복용 전후에는 피하십시오."
200704911,무조나크림(테르비나핀염산염),무조나,테르비나핀염산염,한국코러스(주),,
200704918,콜콜코정,콜콜코,,조아제약(주),https://nedrug.mfds.go.kr/pbp/cmn/itemImageDownload/151611729131700032,"혈압강하제, 알코올, 중추신경억제제(수면제, 진정제, 안정제), MAO 억제제, 교감신경흥분제, 삼환계 항우울약, 구아네티딘, 브레틸리움, 베타나이드, 데브리소퀸, 메칠도파, 교감신경성약(충혈제거제, 식욕억제제, 암페타민류의 신경자극제), 및 아드레날린 저해제(억제제)와 함께 복용하지 마십시오."
200705308,티로비스겔(티로트리신),티로비스,티로트리신,(주)한국파비스제약,,
200705433,다나프록센정(나프록센나트륨)(수출용),다나프록센,,한국코러스(주),https://nedrug.mfds.go.kr/pbp/cmn/itemImageDownload/148007720779100183,"다른 비스테로이드성 소염진통제 및 나프록센 유도체, 아스피린, 고용량의 메토트렉세이트와 함께 복용하지 마십시오.히단토인계 항간질제, 설파제, 설포닐요소계 혈당강하제, 프로프라놀롤 및 다른 β-차단제, ACE 저해제(억제제)(캅토프릴 등), 루프계 이뇨제 및 티아지드계 이뇨제, 프로베네시드, 리튬, 저용량 메토트렉세이트, 쿠마린계 항응혈제(혈액응고저지제)(와파린 등), 지도부딘, 뉴퀴놀론계 항생물질(에녹사신 등)과 함께 복용 시 의사 또는 약사와 상의하십시오."
200705581,케프로텍플라스타(케토프로펜),케프로텍플라스타,케토프로펜,현대약품(주),,
200705612,클록스액(시클로피록스올아민),클록스,시클로피록스올아민,제이더블유신약(주),,
200705787,테르졸겔(테르비나핀),테르졸,테르비나핀,(주)한국파마,,
200705800,노펜24첩부제(디클로페낙디에틸암모늄),노펜24첩부제,디클로페낙디에틸암모늄,제이더블유중외제약(주),,"루프 이뇨제(푸로세미드 등), 티아자이드계 이뇨제, 지혈을 방해하는 약물(와파린 등), 항혈소판제(아스피린 등), 선택적 세로토닌 재흡수 억저제 및 세로토닌 노르에피네프린 재흡수 억제제를 투여하는 환자는 의사 또는 약사와 상의하십시오."
200705880,로나실덤겔(테르비나핀),로나실덤,테르비나핀,(주)바이넥스,,
200706027,파워스탑플라스타(플루르비프로펜),파워스탑플라스타,플루르비프로펜,경남제약(주),,
200706340,"플럭스플라스타(플루르비프로펜, 수출명:플럭스(Flux), 플루펜(Flufen), 더마펜(Dermafen),플루르비덤( Flurbiderm), 렉스펜(Rexfen), 아티펜(Artifen))",플럭스플라스타,,아이큐어(주),,
200707045,"펠스타플라스타(펠비낙)(수출명:펠스타(Felster),펠비나(Felbina),펠비덤(Felbiderm),모빌렉스(Mobilex),헥토플라스트(Hectoplast),페낙스(Fenacs))",펠스타플라스타,,아이큐어(주),,
200707111,소프타-맨액,소프타-맨,,비브라운코리아(주),,
200707403,락티손에이취씨현탁액2.5%(히드로코르티손),락티손에이취씨,히드로코르티손,제이더블유신약(주),,
200707521,테스톤지-플러스연질캡슐,테스톤지-플러스,,영풍제약(주),https://nedrug.mfds.go.kr/pbp/cmn/itemImageDownload/1Pvn3im1ede,"이 약을 복용하는 동안 레보도파를 함께 복용하지 마십시오.에스트로겐을 포함한 경구용 피임제, 정주용 지질제와 함께 사용 시 의사 또는 약사와 상의하십시오."
200707533,아이피아연질캡슐,아이피아,,경남제약(주),https://nedrug.mfds.go.kr/pbp/cmn/itemImageDownload/154653003766800175,정주용 지질제와 함께 복용 시 의사 또는 약사와 상의하십시오.
200707923,덴티하이캡슐,덴티하이,,(주)서흥,https://nedrug.mfds.go.kr/pbp/cmn/itemImageDownload/151611733843800000,이 약을 복용하기 전에 다른 약물을 복용하고 있는 경우 의사 또는 약사와 상의하십시오.
200707958,웰시연질캡슐,웰시,,(주)테라젠이텍스,https://nedrug.mfds.go.kr/pbp/cmn/itemImageDownload/147427805977300198,정주용 지질제와 함께 복용 시 의사 또는 약사와 상의하십시오.
200708039,포리스탈정(트리메부틴말레산염),포리스탈,트리메부틴말레산염,명문제약(주),https://nedrug.mfds.go.kr/pbp/cmn/itemImageDownload/1OlGSH7jtTP,
200708081,덴파사캡슐,덴파사,,동아제약(주),https://nedrug.mfds.go.kr/pbp/cmn/itemImageDownload/1MrFeLzYHro,이 약을 복용하기 전에 다른 약물을 복용하고 있는 경우 의사 또는 약사와 상의하십시오.
200708107,디알클리어점안액(카르복시메틸셀룰로오스나트륨)(1회용),디알클리어,1회용,삼천당제약(주),,
200708277,포스펜탑첩부제(펠비낙),포스펜탑첩부제,펠비낙,대화제약(주),,
200708723,제이스카겔,제이스카,,(주)비보존제약,,
200708954,눈모아연질캡슐,눈모아,,(주)아이월드제약,https://nedrug.mfds.go.kr/pbp/cmn/itemImageDownload/1NOwp2F6IE9,정주용 지질제와 함께 복용 시 의사 또는 약사와 상의하십시오.
200708955,케토진첩부제(케토프로펜),케토진첩부제,케토프로펜,(주)텔콘알에프제약,,
200708968,덴드로프-쿨액(시클로피록스올아민),덴드로프-쿨,시클로피록스올아민,신신제약(주),,
200709062,노콜레스연질캡슐,노콜레스,,조아제약(주),https://nedrug.mfds.go.kr/pbp/cmn/itemImageDownload/1PmHQ3MUMyY,"레보도파, 에스트로겐을 포함한 경구용 피임약, 정주용 지질제와 함께 사용 시 의사 또는 약사와 상의하십시오."
200709256,알파클로닉신리신정,알파클로닉신리신,,알파제약(주),https://nedrug.mfds.go.kr/pbp/cmn/itemImageDownload/1Pvn3im1tWd,"이 약을 복용하는 동안 다른 비스테로이드성 소염진통제, ACE 억제제 또는 안지오텐신Ⅱ 수용체 길항제, 아스피린, 이뇨제, 리튬, 메토트렉세이트, 쿠마린계 항응고제(와파린 등), 시클로스포린 및 타크로리무스, 항혈소판제 및 선택적 세로토닌 재흡수 억제제(SSRI), 코르티코스테로이드를 함께 복용하지 마십시오. 이 약을 복용하기 전에 미소프로스톨 등으로 소화성궤양 치료를 병행하고 있는 환자는 의사 또는 약사와 상의하십시오."
200709423,"케논엘플라스타(케토프로펜)[수출명:케논-엘(Kenon-L),케토덤-엘(Ketoderm-L),케노덤(Kenoderm),페노덤(Fenoderm),케이트란스(Ketrans),케토플라스트-엘(Ketoplast-L)]","케논엘플라스타[수출명:케논-엘,케토덤-엘,케노덤,페노덤,케이트란스,케토플라스트-엘]",,아이큐어(주),,
200709544,임팩타민정,임팩타민,,(주)대웅제약,https://nedrug.mfds.go.kr/pbp/cmn/itemImageDownload/1Oe8SX1EivB,"인산염, 칼슘염, 경구용 테트라사이클린계 제제, 제산제, 레보도파와 함께 복용하지 마십시오. 항알도스테론제, 트리암테렌과 함께 복용 시 의사 또는 약사와 상의하십시오.녹차, 홍차 등 탄닌을 함유하는 차는 복용 중, 복용 전후에는 피하십시오."
200709598,큐앤큐포비돈탈지면볼(중)(포비돈요오드),큐앤큐포비돈탈지면볼,포비돈요오드,큐앤큐팜(주),,"과산화수소와 함께 사용하지 마십시오.리튬제제, 클로르헥시딘, 설파디아진ㆍ은화합물, 알칼리, 수은을 함유한 제제, 효소성분의 상처치료제와 함께 사용 시 의사 또는 약사와 상의하십시오."
200709642,한방파프탑카타플라스마,한방파프탑카타플라스마,,(주)티디에스팜,,
200709806,아이플러스연질캡슐,아이플러스,,명문제약(주),https://nedrug.mfds.go.kr/pbp/cmn/itemImageDownload/1Pvn3im1eng,"정주용 지질제, 지질성 유제와 함께 투여 시 의사 또는 약사와 상의하십시오."
200709833,록소나카타플라스마(록소프로펜나트륨수화물),록소나카타플라스마,록소프로펜나트륨수화물,대화제약(주),,
200709834,록소케어카타플라스마(록소프로펜나트륨),록소케어카타플라스마,록소프로펜나트륨,일양약품(주),,
200709861,엠티정,엠티,,명문제약(주),https://nedrug.mfds.go.kr/pbp/cmn/itemImageDownload/1Oi0vWfEyu6,제산제와 함께 복용하지 마십시오. 우유 섭취 후 1시간 이내는 복용을 피하십시오.
200709963,케펨플라스타(케토프로펜),케펨플라스타,케토프로펜,(주)종근당,,
200709964,발무드겔(테르비나핀),발무드,테르비나핀,(주)동구바이오제약,,
200710117,메디녹실액5%(미녹시딜),메디녹실,미녹시딜,(주)동구바이오제약,,"이 약을 사용하는 동안 다른 두피용 약물, 외용 코르티코이드, 레티노이드, 바셀린, 디트라놀 또는 경피흡수를 촉진시킨다고 알려진 약물, 구아네티틴 등의 혈관확장제를 함께 사용하지 마십시오."
200710124,파워아민연질캡슐,파워아민,,일양약품(주),https://nedrug.mfds.go.kr/pbp/cmn/itemImageDownload/147809058168300078,"레보도파와 함께 복용하지 마십시오.에스트로겐을 포함한 경구용 피임제, 정주용 지질제와 함께 사용 시 의사 또는 약사와 상의하십시오."
200710167,아이비즈연질캡슐,아이비즈,,신일제약(주),https://nedrug.mfds.go.kr/pbp/cmn/itemImageDownload/148422842503300103,정주용 지질제와 함께 복용 시 의사 또는 약사와 상의하십시오.
200710369,아이팜골드연질캡슐,아이팜골드,,(주)씨엠지제약,https://nedrug.mfds.go.kr/pbp/cmn/itemImageDownload/152034060348600113,"정주용 지질제, 지질성 유제와 함께 사용 시 의사 또는 약사와 상의하십시오."
200710519,유라덤크림(우레아),유라덤,우레아,신신제약(주),,"코르티코이드, 디트라놀, 5-플루오로우라실을 함께 사용 시 의사 또는 약사와 상의하십시오."
200710427,콜스탑연질캡슐,콜스탑,,(주)알피바이오,https://nedrug.mfds.go.kr/pbp/cmn/itemImageDownload/147427852405800025,"진해거담제, 다른 감기약, 해열진통제, 진정제, 항히스타민제를 함유하는 내복약(비염용 경구제, 멀미약, 알레르기용약)과 함께 복용하지 마십시오. MAO억제제(항우울제, 항정신병제, 감정조절제, 항파킨슨제 등)를 복용하고 있거나 복용을 중단한 후 2주 이내의 사람은 이 약을 복용하지 마십시오. 바르비탈계 약물, 삼환계 항우울제 및 알코올, 플루클록사실린과 함께 복용 시 의사 또는 약사와 상의하십시오. 복용 중에는 음주하지 마십시오."
200710625,라미실원스외용액(테르비나핀염산염),라미실원스외용,테르비나핀염산염,지피테라퓨틱스코리아주식회사,,
200710724,"케토핀프리점안액(케토티펜푸마르산염)(1회용)(수출명:다티펜점안액), 케토핀프리점안액(케토티펜푸마르산염)(수출명:다티펜점안액)","케토핀프리점안액, 케토핀프리",,(주)옵투스제약,,
200710762,"눈앤점안액0.5%(카르복시메틸셀룰로오스나트륨)(1회용), 눈앤점안액0.5%(카르복시메틸셀룰로오스나트륨)","눈앤점안액, 눈앤",카르복시메틸셀룰로오스나트륨,한미약품(주),,
200710782,탁센연질캡슐(나프록센),탁센,나프록센,(주)녹십자,https://nedrug.mfds.go.kr/pbp/cmn/itemImageDownload/1PwG4UxJ1mq,"다른 비스테로이드성 소염진통제, 나프록센 유도체, 고용량의 메토트렉세이트와 함께 복용하지 마십시오. 히단토인계 항뇌전증약, 설파제, 설포닐요소계 혈당강하제, 프로프라놀롤 및 다른 -차단제, ACE억제제(캅토프릴 등), 루프계 이뇨제 및 티아지드계 이뇨제, 프로베네시드, 아스피린, 리튬, 저용량의 메토트렉세이트, 쿠마린계 혈액응고저지제(와파린 등), 지도부딘, 뉴퀴놀론계 항생물질(에녹사신 등)과 함께 복용 시 의사 또는 약사와 상의하십시오."
200710817,맥시부펜이알정300밀리그램(덱시부프로펜),맥시부펜이알,덱시부프로펜,한미약품(주),https://nedrug.mfds.go.kr/pbp/cmn/itemImageDownload/1NOwp2F6Dtt,"아스피린, 다른 비스테로이드성 소염진통제, 항암요법으로 사용하는 고용량(15 mg/주 이상)의 메토트렉세이트와 함께 복용하지 마십시오. 이 약을 복용하기 전에 코르티코스테로이드, 알코올, 디곡신, 페니토인, 프로베네시드, 설핀피라존, 설포닐우레아제, ACE 억제제, 안지오텐신Ⅱ 수용체 길항제, 이뇨제, 리튬, 쿠마린계 항응고제(와르파린 등), 바클로펜, 면역억제제(시클로스포린, 타크로리무스, 시롤리무스), 혈전용해제, 티클로피딘, 항혈전제, 혈중 칼륨농도를 증가시키는 약물(트리메토프림, 헤파린 등), CYP2C8, CYP2C9의 유도제(예, 리팜피신, 페노바르비탈), 저용량(15 mg/주 미만)의 메토트렉세이트, 항혈소판제 및 선택적 세로토닌 재흡수 억제제, 심근경색이나 뇌졸중 예방목적으로 저용량 아스피린을 복용하는 사람은 의사 또는 약사와 상의하십시오."
200710841,맥스클리어점안액(카르복시메틸셀룰로오스나트륨)(1회용),맥스클리어,1회용,한림제약(주),,
200710962,한방신보감고카타플라스마,한방신보감고카타플라스마,,대화제약(주),,
200711079,"케노펜쿨링카타플라스마
(케토프로펜)",케노펜쿨링카타플라스마,케토프로펜,일동제약(주),,
200711294,아이미루40이엑스점안액,아이미루40이,,라이온코리아주식회사,,
200711295,아이미루콘택트퓨어점안액,아이미루콘택트퓨어,,라이온코리아주식회사,,
200711408,청수고카타플라스마,청수고카타플라스마,,원광제약(주),,
200711759,맨담한방고카타플라스마,맨담한방고카타플라스마,,(주)보령,,
200711800,박트란연고(무피로신),박트란,무피로신,(주)퍼슨,,
200711818,스카덤겔,스카덤,,신신제약(주),,
200711893,바이오콘연질캡슐,바이오콘,,(주)동구바이오제약,https://nedrug.mfds.go.kr/pbp/cmn/itemImageDownload/147809058168300054,"레보도파와 함께 복용하지 마십시오. 에스트로겐을 포함한 경구용 피임제, 정주용 지질제와 함께 사용 시 의사 또는 약사와 상의하십시오."
200712151,맥스카인9.6%겔(리도카인),맥스카인,리도카인,주식회사제뉴원사이언스,,
200712325,포리그론연질캡슐,포리그론,,유니메드제약(주),https://nedrug.mfds.go.kr/pbp/cmn/itemImageDownload/147427703001400036,"정주용 지질제, 지질성 유제와 함께 사용 시 의사 또는 약사와 상의하십시오."
200712375,메디다제정,메디다제,,조아제약(주),https://nedrug.mfds.go.kr/pbp/cmn/itemImageDownload/1N9r98JmPPQ,
200712401,아락실큐정,아락실큐,,부광약품(주),https://nedrug.mfds.go.kr/pbp/cmn/itemImageDownload/1MxVpq4AKtw,제산제와 함께 복용하지 마십시오. 우유 섭취 후 1시간 이내는 복용을 피하십시오.
200712879,무조라실크림(테르비나핀염산염),무조라실,테르비나핀염산염,일동제약(주),,
200712998,마이녹실겔5%(미녹시딜),마이녹실,미녹시딜,현대약품(주),,"다른 두피용 약물, 외용 코르티코이드, 레티노이드, 바셀린, 디트라놀 또는 경피흡수 촉진 약물과 함께 사용하지 마십시오.혈관확장제(구아네티틴 등)와 함께 사용시 의사 또는 약사와 상의하십시오."
200713004,제이웰라민연질캡슐,제이웰라민,,(주)비보존제약,https://nedrug.mfds.go.kr/pbp/cmn/itemImageDownload/154661651930900013,"레보도파와 함께 복용하지 마십시오. 에스트로겐을 포함한 경구용 피임제, 정주용 지질제와 함께 사용 시 의사 또는 약사와 상의하십시오."
200713060,자하생력액,자하생력,,경남제약(주),,레보도파와 함께 복용하지 마십시오.
200713171,엘큐정(엘카르니틴),엘큐,엘카르니틴,(주)서울제약,https://nedrug.mfds.go.kr/pbp/cmn/itemImageDownload/1PRwKpLnwBm,
200713296,위엔젤정,위엔젤,,제이더블유중외제약(주),https://nedrug.mfds.go.kr/pbp/cmn/itemImageDownload/1Nx4Buwxt31,
200713744,제놀한방카타플라스마,제놀한방카타플라스마,,(주)녹십자,,
200713754,큐앤큐포비돈탈지면볼(소),큐앤큐포비돈탈지면볼,,큐앤큐팜(주),,"과산화수소와 함께 사용하지 마십시오.리튬제제, 클로르헥시딘, 설파디아진ㆍ은화합물, 알칼리, 수은을 함유한 제제, 효소성분의 상처치료제와 함께 사용 시 의사 또는 약사와 상의하십시오."
200713763,포비돈브러쉬액(포비돈요오드),포비돈브러쉬,포비돈요오드,구미제약(주),,"과산화수소와 함께 사용하지 마십시오.리튬제제, 클로르헥시딘, 설파디아진ㆍ은화합물, 알칼리, 수은을 함유한 제제, 효소성분의 상처치료제와 함께 사용 시 의사 또는 약사와 상의하십시오."
200800170,벤트플라겔,벤트플라,,태극제약(주),,"다른 혈액응고저지제(예, 쿠마린, 아스피린, 디피리다몰, 덱스트란, 스트렙토키나제 등)와 함께 사용 시 출혈이 증가 할 수 있으므로 의사 또는 약사와 상의하십시오."
200800176,모아리스점안액,모아리스,,태극제약(주),,
200800196,모아쿨점안액,모아쿨,,태극제약(주),,
200800438,마플러스나잘스프레이,마플러스나잘스프레이,,(주)유한양행,,
200801004,엠피록스액(시클로피록스올아민),엠피록스,시클로피록스올아민,맥널티제약(주),,
200800687,마이보라정,마이보라,,동아제약(주),https://nedrug.mfds.go.kr/pbp/cmn/itemImageDownload/147427878780200121,"C형 간염 직접 작용 항바이러스제, 페니토인, 바르비탈류, 프리미돈, 카르바마제핀, 리팜피신, 루피나미드, 아프레피탄트, 보센탄, 에파비렌즈, 옥스카르바제핀, 토피라메이트, 펠바메이트, 그리세오풀빈, 세인트존스풀, -차단제(메토프롤올 등), 벤조디아제핀, 사이클로스포린, 리토나비르, 모다피닐, 플루나리진, 아토르바스타틴, 로수바스타틴, 자몽주스 등과 함께 복용하지 마십시오. 기타 자세한 사항은 허가사항 상세정보를 확인하십시오."
200800688,미니보라30,미니보라30,,동아제약(주),https://nedrug.mfds.go.kr/pbp/cmn/itemImageDownload/147427703001400063,"C형 간염 직접 작용 항바이러스제, 자몽주스, 페니토인, 바르비탈류, 프리미돈, 카르바마제핀, 리팜피신, 루피나미드, 아프레피탄트, 보센탄, 에파비렌즈, 고지혈증약물, 항생제와 함께 복용하지 마십시오."
200801021,아로민필름코팅정,아로민필름코팅,,일동제약(주),https://nedrug.mfds.go.kr/pbp/cmn/itemImageDownload/154653003766800037,
200801080,알바콤정(알벤다졸),알바콤,알벤다졸,일양약품(주),https://nedrug.mfds.go.kr/pbp/cmn/itemImageDownload/1PqCjCpvNJ2,"이 약을 복용하는 동안 테오필린, 시메티딘, 프라지콴텔, 덱사메타손, 리토나비르, 페니토인, 카르바마제핀, 페노바르비탈을 함께 복용하지 마십시오."
200801346,구미헥시크린에이액(글루콘산클로르헥시딘액),구미헥시크린에이,글루콘산클로르헥시딘액,구미제약(주),,"혈청, 농 등의 유기물질, 비누류는 이 약의 살균작용을 약화시키므로 충분히 씻어 제거한 후 사용하십시오."
200801347,구미히비크린에이액(글루콘산클로르헥시딘액),구미히비크린에이,글루콘산클로르헥시딘액,구미제약(주),,"혈청, 농 등의 유기물질, 비누류는 이 약의 살균작용을 약화시키므로 충분히 씻어 제거한 후 사용하십시오."
200801383,네오칼디정,네오칼디,,주식회사제뉴원사이언스,https://nedrug.mfds.go.kr/pbp/cmn/itemImageDownload/1NXa2J_Kcxv,"인산염, 칼슘염, 경구용 테트라사이클린계 제제, 제산제와 함께 복용하지 마십시오.강심배당체, 항알도스테론제, 트리암테렌과 함께 사용 시 의사 또는 약사와 상의하십시오.녹차, 홍차 등 탄닌을 함유하는 차는 복용 중, 복용 전후에는 피하십시오."
200801407,디알프레쉬점안액(카르복시메틸셀룰로오스나트륨)(1회용),디알프레쉬,1회용,(주)옵투스제약,,
200801645,개비스콘더블액션현탁액,개비스콘더블액션,,(유)옥시레킷벤키저,,"테트라사이클린, 디곡신, 플루오로퀴놀론, 철염(Iron salt), 케토코나졸, 신경이완, 티록신, 페니실라민, 베타차단제(아테놀올, 메토프로롤, 프로프라놀롤), 글루코코르티코이드, 클로로퀸, 에스트라무스틴 및 디포스포네이와 함께 복용 시 의사 또는 약사와 상의하십시오."
200801686,구바파정,구바파,,(주)아이월드제약,https://nedrug.mfds.go.kr/pbp/cmn/itemImageDownload/1MtU6vRYsX0,레보도파와 함께 복용하지 마십시오.
200801734,아실로크림,아실로,,(주)넥스팜코리아,,
200801735,네오탄연고,네오탄,,정우신약(주),,
200801836,페릭신정(클로닉신리시네이트),페릭신,클로닉신리시네이트,명문제약(주),https://nedrug.mfds.go.kr/pbp/cmn/itemImageDownload/1Pvn3im1zGT,"이 약을 복용하는 동안 다른 비스테로이드성 소염진통제, ACE 억제제 또는 안지오텐신Ⅱ 수용체 길항제, 아스피린, 이뇨제, 리튬, 메토트렉세이트, 쿠마린계 항응고제(와파린 등), 시클로스포린 및 타크로리무스, 항혈소판제 및 선택적 세로토닌 재흡수 억제제(SSRI), 코르티코스테로이드를 함께 복용하지 마십시오.이 약을 복용하기 전에 미소프로스톨 등으로 소화성궤양 치료를 병행하고 있는 환자는 의사 또는 약사와 상의하십시오."
200801957,바로비크림(아시클로버),바로비,아시클로버,동성제약(주),,프로베네시드를 투여한 환자는 의사 또는 약사와 상의하십시오.
200802213,비타비백정,비타비백,,(주)유한양행,https://nedrug.mfds.go.kr/pbp/cmn/itemImageDownload/152035096572400005,레보도파와 함께 복용하지 마십시오.
200802243,맨담케토쿨카타플라스마(케토프로펜),맨담케토쿨카타플라스마,케토프로펜,(주)보령,,
200802314,골드타민연질캡슐,골드타민,,(주)서흥,https://nedrug.mfds.go.kr/pbp/cmn/itemImageDownload/1MmZCvzwsY1,"인산염, 칼슘염, 경구용 테트라사이클린계 제제, 제산제와 함께 복용하지 마십시오.에스트로겐을 포함한 경구용 피임제, 항알도스테론제, 트리암테렌과 함께 복용 시 의사 또는 약사와 상의하십시오.녹차, 홍차 등 탄닌을 함유하는 차는 복용 중, 복용 전후에는 피하십시오."
200802513,라이켄캡슐500mg(바실루스리케니포르미스균),라이켄,바실루스리케니포르미스균,(주)한국비엠아이,https://nedrug.mfds.go.kr/pbp/cmn/itemImageDownload/1MwjLoFp4x4,"시플록사신, 이미페넴, 시라스틴나트륨과 함께 복용하지 마십시오."
200802547,예스비타연질캡슐,예스비타,,(주)테라젠이텍스,https://nedrug.mfds.go.kr/pbp/cmn/itemImageDownload/147427847082700122,"인산염, 칼슘염, 경구용 테트라사이클린계 제제, 제산제, 레보도파와 함께 복용하지 마십시오. 에스트로겐을 포함한 경구(먹는)용 피임제, 항알도스테론제, 트리암테렌, 강심배당체와 함께 복용 시 의사 또는 약사와 상의하십시오. 녹차, 홍차 등 탄닌을 함유하는 차는 복용 중, 복용 전후에는 피하십시오."
200802686,버물리키드크림,버물리키드,,현대약품(주),,
200802742,터비뉴겔(테르비나핀),터비뉴,테르비나핀,동아제약(주),,
200802773,디카맥스디정,디카맥스디,,(주)다림바이오텍,https://nedrug.mfds.go.kr/pbp/cmn/itemImageDownload/147427847082700097,"인산염, 칼슘염, 경구용 테트라사이클린계 제제, 제산제는 함께 복용하지 마십시오.강심배당체, 항알도스테론제, 트리암테렌과 함께 사용 시 의사 또는 약사와 상의하십시오.녹차, 홍차 등 탄닌을 함유하는 차는 복용 중, 복용 전후에는 피하십시오."
200802778,노스엣액(염화알루미늄),노스엣,염화알루미늄,신신제약(주),,
200802864,디카맥스디플러스정,디카맥스디플러스,,(주)다림바이오텍,https://nedrug.mfds.go.kr/pbp/cmn/itemImageDownload/147427847082700100,"인산염, 칼슘염, 경구용 테트라사이클린계 제제, 제산제와 함께 복용하지 마십시오. 강심배당체, 항알도스테론제, 트리암테렌과 함께 복용 시 의사 또는 약사와 상의하십시오. 녹차, 홍차 등 탄닌을 함유하는 차는 복용 중, 복용 전후에는 피하십시오."
200802919,헤카인크림(리도카인),헤카인,리도카인,동성제약(주),,
200802921,훼리폴캡슐,훼리폴,,아이큐어(주),https://nedrug.mfds.go.kr/pbp/cmn/itemImageDownload/1NS_W1EmQjn,"이 약을 복용하는 동안 인산염, 칼슘염, 경구용 테트라사이클린계 제제, 제산제와 함께 복용하지 마십시오.항알도스테론제, 트리암테렌과 함께 복용 시 의사 또는 약사와 상의하십시오.녹차, 홍차 등 탄닌을 함유하는 차는 복용 중, 복용 전후에는 피하십시오."
200802981,리만50000엠겔,리만50000엠,,(주)한국팜비오,,
200803250,"원타임프레쉬점안액(카르복시메틸셀룰로오스나트륨)(1회용), 원타임프레쉬점안액(카르복시메틸셀룰로오스나트륨)","원타임프레쉬점안액, 원타임프레쉬",카르복시메틸셀룰로오스나트륨,유니메드제약(주),,
200803254,카필러스캡슐,카필러스,,동아제약(주),https://nedrug.mfds.go.kr/pbp/cmn/itemImageDownload/151248841983500042,설폰아미드 제제와 함께 사용 시 의사 또는 약사와 상의하십시오.
200803287,나프졸크림(나프티핀염산염),나프졸,나프티핀염산염,태극제약(주),,다른 국소 적용 약물과 함께 사용 시 의사 또는 약사와 상의하십시오.
200803434,기스톱정(세티리진염산염),기스톱,세티리진염산염,(주)아이월드제약,https://nedrug.mfds.go.kr/pbp/cmn/itemImageDownload/147427835920100128,"테오필린, 리토나비어와 함께 복용하지 마십시오. 과량의 알코올과 함께 복용하지 마십시오."
200803538,제일파프케이카타플라스마(케토프로펜),제일파프케이카타플라스마,케토프로펜,제일헬스사이언스(주),,
200803561,파워씨연질캡슐,파워씨,,알파제약(주),https://nedrug.mfds.go.kr/pbp/cmn/itemImageDownload/149723186783400139,정주용 지질제와 함께 사용 시 의사 또는 약사와 상의하십시오.
200803879,"맥코프시럽(딸기향, 바나나향)",맥코프,딸기향|바나나향,맥널티제약(주),,"다른 진해거담제, 감기약, 항히스타민제, 진정제, 알코올과 함께 복용하지 마십시오. MAO 억제제를 복용하고 있거나 복용을 중단한 후 2주 이내의 사람은 이 약을 복용하지 마십시오."
200804447,아미노포르테정,아미노포르테,,(주)한풍제약,https://nedrug.mfds.go.kr/pbp/cmn/itemImageDownload/147427883772600035,레보도파와 함께 복용하지 마십시오.에스트로겐을 포함한 경구용피임제와 함께 복용 시 의사 또는 약사와 상의하십시오.
200804227,카필러스액5%(미녹시딜),카필러스,미녹시딜,동아제약(주),,"이 약을 사용하는 동안 다른 두피용 약물, 외용 코르티코이드, 레티노이드, 바셀린, 디트라놀 또는 경피흡수를 촉진시킨다고 알려진 약물, 구아네티틴 등의 혈관확장제를 함께 사용하지 마십시오."
200804589,아프타치정(트리암시놀론아세토니드),아프타치,트리암시놀론아세토니드,동화약품(주),https://nedrug.mfds.go.kr/pbp/cmn/itemImageDownload/1On2ryplIX1,
200805092,바이스탑캡슐,바이스탑,,신일제약(주),https://nedrug.mfds.go.kr/pbp/cmn/itemImageDownload/1Pvn3im1eYy,"위장진통제, 진경제와 함께 복용하지 마십시오.복용 중에는 음주하지 마십시오."
200805218,키페낙에스첩부제(플루르비프로펜),키페낙에스첩부제,플루르비프로펜,코스맥스파마(주),,
200805424,시프겔한방파프카타플라스마,시프겔한방파프카타플라스마,,아이큐어(주),,
200805766,위스타산,위스타,,(주)아이월드제약,,
200805785,제이티펜점안액(케토티펜푸마르산염),제이티펜,케토티펜푸마르산염,이연제약(주),,
200805926,엑스프리벤정,엑스프리벤,,(주)다림바이오텍,https://nedrug.mfds.go.kr/pbp/cmn/itemImageDownload/1PXynYEcA81,"인산염, 칼슘염, 경구용 테트라사이클린계 제제, 제산제, 레보도파와 함께 복용하지 마십시오. 항알도스테론제, 트리암테렌과 함께 복용 시 의사 또는 약사와 상의하십시오. 녹차, 홍차 등 탄닌을 함유하는 차는 복용 중, 복용 전후에는 피하십시오."
200806190,씨콜드플러스코프정,씨콜드플러스코프,,(주)대웅제약,https://nedrug.mfds.go.kr/pbp/cmn/itemImageDownload/147427897731800153,"진해거담제, 다른 감기약, 해열진통제, 진정제, 항히스타민제를 함유하는 내복약(비염용 경구제, 멀미약, 알레르기용약)과 함께 복용하지 마십시오. 당뇨약, 통풍약, 관절염약, 항응고제, 바르비탈계 약물, 삼환계 항우울제, 알코올, 스테로이드제, 플루클록사실린과 함께 복용 시 의사 또는 약사와 상의하십시오. 복용 중에는 음주하지 마십시오."
200806356,록센플라스타(록소프로펜나트륨수화물)(수출명: Loxen Plaster),록센플라스타,,아이큐어(주),,
200806365,알러딘정(펙소페나딘염산염),알러딘,펙소페나딘염산염,(주)휴온스,https://nedrug.mfds.go.kr/pbp/cmn/itemImageDownload/1Pw9ua7Ap7d,"케토코나졸이나 에리트로마이신, 알루미늄, 수산화마그네슘을 함유한 제산제, 아팔루타마이드와 같은 P-gp 유도제와 함께 사용 시 의사 또는 약사와 상의하십시오. 자몽주스, 오렌지 및 사과주스와 같은 과일주스와 함께 복용 시 이 약의 효과를 감소시킬 수 있으므로 물과 함께 복용하는 것을 권장합니다."
200806191,씨콜드플러스정,씨콜드플러스,,(주)대웅제약,https://nedrug.mfds.go.kr/pbp/cmn/itemImageDownload/147427897731800146,"MAO억제제(항우울제, 항정신병제, 감정조절제, 항파킨슨제 등), 진해거담제, 다른 감기약, 해열진통제, 진정제, 항히스타민제를 함유하는 내복약(비염용 경구제, 멀미약, 알레르기용약)과 함께 복용하지 마십시오. 당뇨약, 통풍약, 관절염약, 항응고제, 스테로이드제, 바르비탈계 약물, 삼환계 항우울제, 알코올, 플루클록사실린과 함께 복용 시 의사 또는 약사와 상의하십시오. 복용 중에는 음주하지 마십시오."
200806192,씨콜드플러스노즈정,씨콜드플러스노즈,,(주)대웅제약,https://nedrug.mfds.go.kr/pbp/cmn/itemImageDownload/1Pvn3im1iJS,"MAO억제제(항우울제, 항정신병제, 감정조절제, 항파킨슨제 등), 진해거담제, 다른 감기약, 해열진통제, 진정제, 항히스타민제를 함유하는 내복약(비염용 경구제, 멀미약, 알레르기용약)과 함께 복용하지 마십시오. 당뇨약, 통풍약, 관절염약, 항응고제, 스테로이드제, 바르비탈계 약물, 삼환계 항우울제 및 알코올, 플루클록사실린과 함께 복용 시 의사 또는 약사와 상의하십시오. 복용 중에는 음주하지 마십시오."
200806461,"아이리스플러스점안액(1회용), 아이리스플러스점안액","아이리스플러스점안액, 아이리스플러스",,삼천당제약(주),,
200806462,콜콜코프캡슐,콜콜코프,,조아제약(주),https://nedrug.mfds.go.kr/pbp/cmn/itemImageDownload/147427902536400033,"MAO 억제제(항우울제, 항정신병제, 감정조절제, 항파킨슨제 등), 다른 진해거담제, 감기약, 항히스타민제를 함유하는 내복약(비염용 경구제, 멀미약, 알레르기용약), 진정제와 함께 복용하지 마십시오. 복용 중에는 음주하지 마십시오."
200806541,엘-크라넬알파액0.025%(알파트라디올),엘-크라넬알파,알파트라디올,갈더마코리아(주),,
200806637,액티콤연질캡슐,액티콤,,(주)유한양행,https://nedrug.mfds.go.kr/pbp/cmn/itemImageDownload/1NOwp2F6S72,"인산염, 칼슘염, 경구용 테트라사이클린계 제제, 제산제와 함께 복용하지 마십시오.에스트로겐을 포함한 경구용 피임제, 항알도스테론제, 트리암테렌, 정주용 지질제와 함께 사용 시 의사 또는 약사와 상의하십시오.녹차, 홍차 등 탄닌을 함유하는 차는 복용 중, 복용 전후에는 피하십시오."
200806776,속콜큐어캡슐,속콜큐어,,일양약품(주),https://nedrug.mfds.go.kr/pbp/cmn/itemImageDownload/1Nn1XXjswFs,"다른 진해거담제, 감기약, 항히스타민제를 함유하는 내복약(비염용 경구제, 멀미약, 알레르기용약), 진정제와 함께 복용하지 마십시오. 복용 중에는 음주하지 마십시오."
200806797,조인트빅300연질캡슐,조인트빅300,,(주)동구바이오제약,https://nedrug.mfds.go.kr/pbp/cmn/itemImageDownload/147809062320700124,"레보도파와 함께 복용하지 마십시오.에스트로겐을 포함한 경구용 피임제, 정주용 지질제와 함께 사용 시 의사 또는 약사와 상의하십시오."
200806856,조인콘사민연질캡슐,조인콘사민,,(주)테라젠이텍스,https://nedrug.mfds.go.kr/pbp/cmn/itemImageDownload/1Pvn3im1gMV,"레보도파와 함께 복용하지 마십시오.에스트로겐을 포함한 경구용 피임제, 정주용 지질제와 함께 사용 시 의사 또는 약사와 상의하십시오."
200806857,콘드로빅300연질캡슐,콘드로빅300,,(주)동구바이오제약,https://nedrug.mfds.go.kr/pbp/cmn/itemImageDownload/147809062320700016,"레보도파와 함께 복용하지 마십시오. 에스트로겐을 포함한 경구용 피임제, 정주용 지질제와 함께 사용 시 의사 또는 약사와 상의하십시오."
200806882,한방파프바로한방고카타플라스마,한방파프바로한방고카타플라스마,,(주)티디에스팜,,
200806961,맥덴타에프캡슐,맥덴타에프,,맥널티제약(주),https://nedrug.mfds.go.kr/pbp/cmn/itemImageDownload/147427897731800068,이 약을 복용하기 전에 다른 약물을 복용하고 있는 경우 의사 또는 약사와 상의하십시오.
200807058,알싹정(알벤다졸),알싹,알벤다졸,(주)한국파비스제약,https://nedrug.mfds.go.kr/pbp/cmn/itemImageDownload/1OlTcytjZcJ,"이 약을 복용하는 동안 테오필린, 시메티딘, 프라지콴텔, 덱사메타손, 리토나비르, 페니토인, 카르바마제핀, 페노바르비탈을 함께 복용하지 마십시오."
200807207,멜리안정,멜리안,,동아제약(주),https://nedrug.mfds.go.kr/pbp/cmn/itemImageDownload/1Pvn3im1i4P,"C형 간염 직접 작용 항바이러스제, 페니토인, 바르비탈류, 프리미돈, 카르바마제핀, 리팜피신, 루피나미드, 아프레피탄트, 보센탄, 에파비렌즈, 옥스카르바제핀, 토피라메이트, 펠바메이트, 그리세오풀빈, 세인트존스풀, -차단제(메토프롤올 등), 벤조디아제핀, 사이클로스포린, 리토나비르, 모다피닐, 플루나리진, 아토르바스타틴, 로수바스타틴, 자몽주스 등과 함께 복용하지 마십시오. 기타 자세한 사항은 허가사항 상세정보를 확인하십시오."
200807223,스토프정,스토프,,(주)아이월드제약,https://nedrug.mfds.go.kr/pbp/cmn/itemImageDownload/1Pvn3im1y1e,
200807239,아마프로겔3%(케토프로펜),아마프로,케토프로펜,(주)씨엠지제약,,
200807310,슬리펠정25밀리그램(디펜히드라민염산염),슬리펠,디펜히드라민염산염,한미약품(주),https://nedrug.mfds.go.kr/pbp/cmn/itemImageDownload/147427863758000192,"이 약과 동일한 성분의 다른 제제, 다른 최면진정제, MAO억제제, 감기약, 해열진통제, 진해거담약, 항히스타민제를 함유하고 있는 내복약(비염용 내복약, 멀미약, 알러지용약)과 함께 복용하지 마십시오. 복용 중에는 음주하지 마십시오."
200807251,테라플루데이타임건조시럽,테라플루데이타임,,헤일리온코리아주식회사,,"MAO 억제제(항우울제, 항정신병제, 감정조절제, 항파킨슨제 등), 다른 아세트아미노펜 함유제제, 진해거담제, 다른 감기약, 해열진통제, 진정제, 항히스타민제, 다른 교감신경성 약물, 삼환계 항우울제, 항고혈압약(혈관확장제, 베타차단제, 데브리소퀸, 구아네티딘, 레세르핀, 메틸도파 등), 바르비탈계 약물, 메토클로프라미드, 돔페리돈, 콜레스티라민, 와파린, 쿠마린계 항응고제, 클로람페니콜, 지도부딘, 프로베네시드, 디곡신 및 강심배당체, 맥각알칼로이드(에르고타민, 메티세르자이드)와 함께 복용하지 마십시오. 플루클록사실린과 함께 복용 시 의사 또는 약사와 상의하십시오."
200807312,마메이드정,마메이드,,대한뉴팜(주),https://nedrug.mfds.go.kr/pbp/cmn/itemImageDownload/147427868771300193,"다른 약과 동시에 복용하지 않는 것이 좋으며, 복용할 경우 30분~1시간의 간격을 두고 복용하는 것이 권장됩니다."
200807357,테라플루나이트타임건조시럽,테라플루나이트타임,,헤일리온코리아주식회사,,"MAO억제제(항우울제, 항정신병제, 감정조절제, 항파킨슨제 등), 진해거담제, 다른 감기약, 해열진통제, 진정제, 항히스타민제, 다른 교감신경성 약물, 삼환계 항우울제, 항고혈압약(혈관확장제, 베타차단제, 데브리소퀸, 구아네티딘, 레세르핀, 메틸도파 등), 바르비탈계 약물, 메토클로프라미드, 돔페리돈, 콜레스티라민, 와파린, 쿠마린계 항응고제, 클로람페니콜, 지도부딘, 프로베네시드, 디곡신 및 강심배당체, 맥각알칼로이드(에르고타민, 메티세르자이드)와 함께 복용하지 마십시오. 플루클록사실린과 함께 복용 시 의사 또는 약사와 상의하십시오."
200807582,코딜로드정,코딜로드,,(주)아이월드제약,https://nedrug.mfds.go.kr/pbp/cmn/itemImageDownload/147427868771300121,제산제와 함께 복용하지 마십시오. 우유 섭취 후 1시간 이내는 복용을 피하십시오.
200807607,버래물액,버래물,,신신제약(주),,
200807721,헤모렌캡슐,헤모렌,,(주)서흥,https://nedrug.mfds.go.kr/pbp/cmn/itemImageDownload/151689487764000087,"인산염, 칼슘염, 경구용 테트라사이클린계 제제, 제산제와 함께 복용하지 마십시오. 항알도스테론제, 트리암테렌과 함께 복용 시 의사 또는 약사와 상의하십시오. 녹차, 홍차 등 탄닌을 함유하는 차는 복용 중, 복용 전후에는 피하십시오."
200807882,디펙타민연질캡슐(디펜히드라민염산염),디펙타민,디펜히드라민염산염,(주)알피바이오,https://nedrug.mfds.go.kr/pbp/cmn/itemImageDownload/1OgmtypWWYO,"이 약과 동일한 성분의 다른 제제, 다른 최면진정제, MAO억제제, 감기약, 해열진통제, 진해거담약, 항히스타민제를 함유하고 있는 내복약(비염용 내복약, 멀미약, 알러지용약)과 함께 복용하지 마십시오. 복용 중에는 음주하지 마십시오."
200807945,에버칼정,에버칼,,(주)팜젠사이언스,https://nedrug.mfds.go.kr/pbp/cmn/itemImageDownload/1Pvn3im1gUI,"인산염, 칼슘염, 경구용 테트라사이클린계 제제, 제산제와 함께 복용하지 마십시오. 강심배당체, 항알도스테론제, 트리암테렌과 함께 사용 시 의사 또는 약사와 상의하십시오. 녹차, 홍차 등 탄닌을 함유하는 차는 복용 중, 복용 전후에는 피하십시오."
200808028,단자민정(디펜히드라민염산염),단자민,디펜히드라민염산염,고려제약(주),https://nedrug.mfds.go.kr/pbp/cmn/itemImageDownload/147427921494800068,"다른 최면진정제, MAO억제제, 감기약, 해열진통제, 진해거담약, 항히스타민제를 함유하고 있는 내복약(비염용 내복약, 멀미약, 알러지용약)과 함께 복용하지 마십시오. 복용 중에는 음주하지 마십시오."
200808096,가네탑골드연질캡슐,가네탑골드,,일양약품(주),https://nedrug.mfds.go.kr/pbp/cmn/itemImageDownload/1N7lFt9NAm7,레보도파와 함께 복용하지 마십시오.정주용 지질제와 함께 복용 시 의사 또는 약사와 상의하십시오.
200808194,액티브큐텐연질캡슐,액티브큐텐,,(주)씨엠지제약,https://nedrug.mfds.go.kr/pbp/cmn/itemImageDownload/1Oo7XeTdjmj,"인산염, 칼슘염, 경구용 테트라사이클린계 제제, 제산제와 함께 복용하지 마십시오. 에스트로겐을 포함한 경구(먹는)용 피임제, 항알도스테론제, 트리암테렌, 정주용 지질제와 함께 복용 시 의사 또는 약사와 상의하십시오. 녹차, 홍차 등 탄닌을 함유하는 차는 복용 중, 복용 전후에는 피하십시오."
200808195,멀티아민정,멀티아민,,(주)마더스제약,https://nedrug.mfds.go.kr/pbp/cmn/itemImageDownload/147427931156600008,레보도파와 함께 복용하지 마십시오.에스트로겐을 포함한 경구용피임제와 함께 복용 시 의사 또는 약사와 상의하십시오.
200808304,노펜스트롱카타플라스마(케토프로펜),노펜스트롱카타플라스마,케토프로펜,제이더블유중외제약(주),,
200808511,랑스씨씨정,랑스씨씨,,동성제약(주),https://nedrug.mfds.go.kr/pbp/cmn/itemImageDownload/154065480339900018,
200808550,노펜한방파프카타플라스마,노펜한방파프카타플라스마,,제이더블유중외제약(주),,
200808555,리버스액,리버스,,(주)마더스제약,,
200808462,덱시원연질캡슐(덱시부프로펜),덱시원,덱시부프로펜,한국코러스(주),https://nedrug.mfds.go.kr/pbp/cmn/itemImageDownload/1Mq-1T3NO-a,"아스피린, 다른 비스테로이드성 소염진통제, 항암요법으로 사용하는 고용량(15 mg/주 이상)의 메토트렉세이트와 함께 복용하지 마십시오. 이 약을 복용하기 전에 코르티코스테로이드, 알코올, 디곡신, 페니토인, 프로베네시드, 설핀피라존, 설포닐우레아제, ACE 억제제, 안지오텐신Ⅱ 수용체 길항제, 이뇨제, 리튬, 쿠마린계 항응고제(와르파린 등), 바클로펜, 면역억제제(시클로스포린, 타크로리무스, 시롤리무스), 혈전용해제, 티클로피딘, 항혈전제, 혈중 칼륨농도를 증가시키는 약물(트리메토프림, 헤파린 등), CYP2C8, CYP2C9의 유도제(예, 리팜피신, 페노바르비탈), 저용량(15 mg/주 미만)의 메토트렉세이트, 항혈소판제 및 선택적 세로토닌 재흡수 억제제, 심근경색이나 뇌졸중 예방목적으로 저용량 아스피린을 복용하는 사람은 의사 또는 약사와 상의하십시오."
200808755,마노엘정,마노엘,,대한뉴팜(주),https://nedrug.mfds.go.kr/pbp/cmn/itemImageDownload/1NOwp2F680A,제산제와 함께 복용하지 마십시오. 우유 섭취 후 1시간 이내는 복용을 피하십시오.
200808774,덴플러스포르테캡슐,덴플러스포르테,,(주)테라젠이텍스,https://nedrug.mfds.go.kr/pbp/cmn/itemImageDownload/147427931156600158,이 약을 복용하기 전에 다른 약물을 복용하고 있는 경우 의사 또는 약사와 상의하십시오.
200808862,장비오캡슐(바실루스리케니포르미스균),장비오,바실루스리케니포르미스균,(주)씨티씨바이오,https://nedrug.mfds.go.kr/pbp/cmn/itemImageDownload/1MxGLPXNlds,"시프로플록사신, 이미페넴, 실라스타틴나트륨과 함께 사용 시 의사 또는 약사와 상의하십시오."
200809185,헤파플러스연질캡슐,헤파플러스,,(주)테라젠이텍스,https://nedrug.mfds.go.kr/pbp/cmn/itemImageDownload/147427935897900087,레보도파와 함께 복용하지 마십시오.정주용 지질제와 함께 사용 시 의사 또는 약사와 상의하십시오.
200809204,구아내정,구아내,,(주)한풍제약,https://nedrug.mfds.go.kr/pbp/cmn/itemImageDownload/147427926223400074,레보도파와 함께 복용하지 마십시오.
200809293,새사래첩부제(퓨시드산나트륨),새사래첩부제,퓨시드산나트륨,신신제약(주),,
200809299,"티어클린점안액(순-1회용), 티어클린점안액(순), 티어클린점안액(쿨-1회용), 티어클린점안액(쿨), 티어클린점안액(쿨하이)","티어클린점안액, 티어클린점안액, 티어클린점안액, 티어클린점안액, 티어클린",쿨하이,한림제약(주),,
200809301,헤몰빈큐플러스캡슐,헤몰빈큐플러스,,태극제약(주),https://nedrug.mfds.go.kr/pbp/cmn/itemImageDownload/1N7lFt9NAt1,"인산염, 칼슘염, 경구용 테트라사이클린계 항생제, 제산제와 함께 복용하지 마십시오.항알도스테론제, 트리암테렌, 200 ㎎ 이상의 아스코르브산(비타민 C)과 함께 복용 시 의사 또는 약사와 상의하십시오.녹차, 홍차 등 탄닌을 함유하는 차 및 우유ㆍ유제품은 복용 중, 복용 전후에는 피하십시오."
200809274,덱시부펜연질캡슐(덱시부프로펜),덱시부펜,덱시부프로펜,제일헬스사이언스(주),https://nedrug.mfds.go.kr/pbp/cmn/itemImageDownload/1O5i42zbIha,"아스피린, 다른 비스테로이드성 소염진통제, 항암요법으로 사용하는 고용량(15 mg/주 이상)의 메토트렉세이트와 함께 복용하지 마십시오. 이 약을 복용하기 전에 코르티코스테로이드, 알코올, 디곡신, 페니토인, 프로베네시드, 설핀피라존, 설포닐우레아제, ACE 억제제, 안지오텐신Ⅱ 수용체 길항제, 이뇨제, 리튬, 쿠마린계 항응고제(와르파린 등), 바클로펜, 면역억제제(시클로스포린, 타크로리무스, 시롤리무스), 혈전용해제, 티클로피딘, 항혈전제, 혈중 칼륨농도를 증가시키는 약물(트리메토프림, 헤파린 등), CYP2C8, CYP2C9의 유도제(예, 리팜피신, 페노바르비탈), 저용량(15 mg/주 미만)의 메토트렉세이트, 항혈소판제 및 선택적 세로토닌 재흡수 억제제, 심근경색이나 뇌졸중 예방목적으로 저용량 아스피린을 복용하는 사람은 의사 또는 약사와 상의하십시오."
200809325,베나치오액,베나치오,,동아제약(주),,
200809417,록펜텍카타플라스마(록소프로펜나트륨수화물),록펜텍카타플라스마,록소프로펜나트륨수화물,(주)티디에스팜,,
200809617,헤파파워액,헤파파워,,(주)씨엠지제약,,
200809695,한방장수고카타플라스마,한방장수고카타플라스마,,대화제약(주),,
200809786,디카틴정(엘카르니틴),디카틴,엘카르니틴,대한뉴팜(주),https://nedrug.mfds.go.kr/pbp/cmn/itemImageDownload/1OlOLWGgcPO,
200809810,헬씨큐플러스연질캡슐,헬씨큐플러스,,신일제약(주),https://nedrug.mfds.go.kr/pbp/cmn/itemImageDownload/147427931156600128,"인산염, 칼슘염, 경구용 테트라사이클린계 제제, 제산제, 레보도파와 함께 복용하지 마십시오. 강심배당체, 에스트로겐을 포함한 경구용 피임제, 항알도스테론제, 트리암테렌, 정주용 지질제와 함께 사용 시 의사 또는 약사와 상의하십시오. 녹차, 홍차 등 탄닌을 함유하는 차는 복용 중, 복용 전후에는 피하십시오."
200809924,베아비오캡슐(바실루스리케니포르미스균),베아비오,바실루스리케니포르미스균,대웅바이오(주),https://nedrug.mfds.go.kr/pbp/cmn/itemImageDownload/1N6VC5aNSSr,"시프로플록사신, 이미페넴, 실라스타틴나트륨과 함께 사용 시 의사 또는 약사와 상의하십시오."
200809992,리도칸크림(리도카인),리도칸,리도카인,대한뉴팜(주),,
200810573,덱스파놀연고(D-판테놀),덱스파놀,D-판테놀,태극제약(주),,
200810584,볼두민캡슐,볼두민,,제이더블유중외제약(주),https://nedrug.mfds.go.kr/pbp/cmn/itemImageDownload/1NOwp2F66YA,설폰아미드 제제와 함께 사용 시 의사 또는 약사와 상의하십시오.
200810766,엘카탄정(엘카르니틴),엘카탄,엘카르니틴,경남제약(주),https://nedrug.mfds.go.kr/pbp/cmn/itemImageDownload/147427941083600048,정주용 지질제와 함께 사용 시 의사 또는 약사와 상의하십시오.
200810658,에페린플러스정,에페린플러스,,경남제약(주),https://nedrug.mfds.go.kr/pbp/cmn/itemImageDownload/1NOwp2F6KCX,"아세트아미노펜을 포함하는 다른 제품, MAO억제제(항우울제, 항정신병제, 감정조절제, 항파킨슨제 등), 진해거담제, 다른 감기약, 해열진통제, 진정제, 항히스타민제를 함유하는 내복약(비염용 경구제, 멀미약, 알레르기용약)과 함께 복용하지 마십시오.당뇨약, 통풍약, 관절염약, 항응고제, 스테로이드제, 바르비탈계 약물, 삼환계 항우울제, 알코올과 함께 복용 시 의사 또는 약사와 상의하십시오.복용 중에는 음주하지 마십시오."
200810809,"베비맥시럽(딸기향,포도향)",베비맥,딸기향|포도향,맥널티제약(주),,"다른 비염용 경구제, 항히스타민제를 함유하는 내복약(감기약, 진해거담제, 멀미약, 알레르기용약 등)과 함께 복용하지 마십시오. 칼륨함유제제, 감초함유제제, 글리시리진산 또는 그 염류 함유제제, 루프계 이뇨제(푸로세미드, 에타크린산), 티아지드계 이뇨제(트리클로르메티아지드)와 함께 복용 시 의사 또는 약사와 상의하십시오. 복용 중에는 음주하지 마십시오."
200810700,펜잘큐정,펜잘큐,,(주)종근당,https://nedrug.mfds.go.kr/pbp/cmn/itemImageDownload/1P3diGKSCsx,"다른 해열진통제, 감기약, 진정제와 함께 복용하지 마십시오. 바르비탈계 약물, 삼환계 항우울제, 알코올, 이뇨제, 당뇨약, 통풍약, 관절염약, 항응고제, 스테로이드제, 플루클록사실린과 함께 복용 시 의사 또는 약사와 상의하십시오."
200810828,콘티아민연질캡슐,콘티아민,,(주)에이프로젠바이오로직스,https://nedrug.mfds.go.kr/pbp/cmn/itemImageDownload/147427941083600081,"레보도파와 함께 복용하지 마십시오. 에스트로겐을 포함한 경구용 피임제, 정주용 지질제와 함께 사용 시 의사 또는 약사와 상의하십시오."
200810888,에스엠크림9.6%(리도카인),에스엠,리도카인,(주)셀비온,,
200810910,리버베타액,리버베타,,(주)에이프로젠바이오로직스,,
200810951,엘카리나정(엘카르니틴),엘카리나,엘카르니틴,에스에스팜(주),https://nedrug.mfds.go.kr/pbp/cmn/itemImageDownload/152285640712500076,정주용 지질제와 함께 사용 시 의사 또는 약사와 상의하십시오.
200810996,에이올정,에이올,,알보젠코리아(주),https://nedrug.mfds.go.kr/pbp/cmn/itemImageDownload/1OWvYdIR7SH,"다른 약과 동시에 복용하지 않는 것이 좋으며, 복용할 경우 30분~1시간의 간격을 두고 복용하는 것이 권장됩니다."
200811050,데오란트액(염화알루미늄수화물),데오란트,염화알루미늄수화물,태극제약(주),,
200810999,"콜맥에스시럽(딸기향,포도향)",콜맥에스,딸기향|포도향,맥널티제약(주),,"아세트아미노펜을 포함하는 다른 제품, MAO억제제(항우울제, 항정신병제, 감정조절제, 항파킨슨제 등), 진해(기침을 그치게 함)거담제(가래약), 다른 감기약, 해열진통제, 진정제, 항히스타민제를 함유하는 내복약(비염용 경구제, 멀미약, 알레르기용약)과 함께 복용하지 마십시오. 바르비탈계 약물, 삼환계 항우울제 및 알코올, 플루클록사실린과 함께 복용시 의사 또는 약사와 상의하십시오. 복용 중에는 음주하지 마십시오."
200811058,바이코비정,바이코비,,(주)한국파비스제약,https://nedrug.mfds.go.kr/pbp/cmn/itemImageDownload/147427941083600096,레보도파와 함께 복용하지 마십시오.에스트로겐을 포함한 경구용 피임제와 함께 복용 시 의사 또는 약사와 상의하십시오.
200811061,액티프롤정,액티프롤,,태극제약(주),https://nedrug.mfds.go.kr/pbp/cmn/itemImageDownload/147427941083600105,"MAO 억제제, 혈압강하제, 알코올, 중추신경억제제(수면제, 진정제, 안정제), 교감신경흥분제, 삼환계 항우울약, 구아네티딘, 브레틸리움, 베타나이드, 데브리소퀸, 메틸도파, 교감신경성약(충혈제거제, 식욕억제제, 암페타민류의 신경자극제), 및 아드레날린 저해제(억제제)와 함께 복용하지 마십시오."
200811147,모스쿨액,모스쿨,,경남제약(주),,
200811364,임팩타민파워정,임팩타민파워,,(주)대웅제약,https://nedrug.mfds.go.kr/pbp/cmn/itemImageDownload/1NOwp2F690X,"인산염, 칼슘염, 경구용 테트라사이클린계 제제, 제산제, 레보도파와 함께 복용하지 마십시오. 항알도스테론제, 트리암테렌과 함께 복용 시 의사 또는 약사와 상의하십시오. 녹차, 홍차 등 탄닌을 함유하는 차는 복용 중, 복용 전후에는 피하십시오."
200811440,마이딜액3%(미녹시딜),마이딜,미녹시딜,제이더블유신약(주),,"이 약을 사용하는 동안 다른 두피용 약물, 외용 코르티코이드, 레티노이드, 바셀린, 디트라놀 또는 경피흡수를 촉진시킨다고 알려진 약물, 구아네티틴 등의 혈관확장제를 함께 사용하지 마십시오."
200811495,록소나첩부제(록소프로펜나트륨수화물),록소나첩부제,록소프로펜나트륨수화물,대화제약(주),,
200811530,센파워민정,센파워민,,(주)동구바이오제약,https://nedrug.mfds.go.kr/pbp/cmn/itemImageDownload/147427941083600198,레보도파와 함께 복용하지 마십시오.에스트로겐을 포함한 경구용피임제와 함께 복용 시 의사 또는 약사와 상의하십시오.
200811665,조인스탑연질캡슐,조인스탑,,알리코제약(주),https://nedrug.mfds.go.kr/pbp/cmn/itemImageDownload/151688585610000076,"레보도파와 함께 복용하지 마십시오. 에스트로겐을 포함한 경구용 피임제, 정주용 지질제와 함께 사용 시 의사 또는 약사와 상의하십시오."
200811790,풀케어 네일라카 (시클로피록스),풀케어 네일라카,시클로피록스,한국메나리니(주),,
200811798,알부테크연질캡슐,알부테크,,오스틴제약(주),https://nedrug.mfds.go.kr/pbp/cmn/itemImageDownload/147427955462100055,"레보도파와 함께 복용하지 마십시오. 에스트로겐을 포함한 경구용 피임제, 정주용 지질제와 함께 사용 시 의사 또는 약사와 상의하십시오."
200811885,덴트큐캡슐,덴트큐,,코오롱제약(주),https://nedrug.mfds.go.kr/pbp/cmn/itemImageDownload/147426407360700120,
200811904,틴클점안액,틴클,,유니메드제약(주),,
200900041,덱시엔연질캡슐(덱시부프로펜),덱시엔,덱시부프로펜,에스케이케미칼(주),https://nedrug.mfds.go.kr/pbp/cmn/itemImageDownload/1PZ4l5sRYgm,"아스피린, 다른 비스테로이드성 소염진통제, 항암요법으로 사용하는 고용량(15 mg/주 이상)의 메토트렉세이트와 함께 복용하지 마십시오. 이 약을 복용하기 전에 코르티코스테로이드, 알코올, 디곡신, 페니토인, 프로베네시드, 설핀피라존, 설포닐우레아제, ACE 억제제, 안지오텐신Ⅱ 수용체 길항제, 이뇨제, 리튬, 쿠마린계 항응고제(와르파린 등), 바클로펜, 면역억제제(시클로스포린, 타크로리무스, 시롤리무스), 혈전용해제, 티클로피딘, 항혈전제, 혈중 칼륨농도를 증가시키는 약물(트리메토프림, 헤파린 등), CYP2C8, CYP2C9의 유도제(예, 리팜피신, 페노바르비탈), 저용량(15 mg/주 미만)의 메토트렉세이트, 항혈소판제 및 선택적 세로토닌 재흡수 억제제, 심근경색이나 뇌졸중 예방목적으로 저용량 아스피린을 복용하는 사람은 의사 또는 약사와 상의하십시오."
200900207,세티스정(세티리진염산염),세티스,세티리진염산염,한솔신약(주),https://nedrug.mfds.go.kr/pbp/cmn/itemImageDownload/1MbDiGFWGJz,"이 약을 복용하는 동안 테오필린, 리토나비어, 과량의 알코올과 함께 복용하지 마십시오."
200900606,제니텔정(알벤다졸),제니텔,알벤다졸,(주)테라젠이텍스,https://nedrug.mfds.go.kr/pbp/cmn/itemImageDownload/147427955462100091,"이 약을 복용하는 동안 테오필린, 시메티딘, 프라지콴텔, 덱사메타손, 리토나비르, 페니토인, 카르바마제핀, 페노바르비탈을 함께 복용하지 마십시오."
200900682,굿스펜연질캡슐(덱시부프로펜),굿스펜,덱시부프로펜,광동제약(주),https://nedrug.mfds.go.kr/pbp/cmn/itemImageDownload/1Oikd3yeYje,"아스피린, 다른 비스테로이드성 소염진통제, 항암요법으로 사용하는 고용량(15 mg/주 이상)의 메토트렉세이트와 함께 복용하지 마십시오. 이 약을 복용하기 전에 코르티코스테로이드, 알코올, 디곡신, 페니토인, 프로베네시드, 설핀피라존, 설포닐우레아제, ACE 억제제, 안지오텐신Ⅱ 수용체 길항제, 이뇨제, 리튬, 쿠마린계 항응고제(와르파린 등), 바클로펜, 면역억제제(시클로스포린, 타크로리무스, 시롤리무스), 혈전용해제, 티클로피딘, 항혈전제, 혈중 칼륨농도를 증가시키는 약물(트리메토프림, 헤파린 등), CYP2C8, CYP2C9의 유도제(예, 리팜피신, 페노바르비탈), 저용량(15 mg/주 미만)의 메토트렉세이트, 항혈소판제 및 선택적 세로토닌 재흡수 억제제, 심근경색이나 뇌졸중 예방목적으로 저용량 아스피린을 복용하는 사람은 의사 또는 약사와 상의하십시오."
200900740,뮤코펙트정(암브록솔염산염),뮤코펙트,암브록솔염산염,오펠라헬스케어코리아(주),https://nedrug.mfds.go.kr/pbp/cmn/itemImageDownload/1O597tTUEcr,"에리트로마이신, 세팔렉신, 옥시테트라사이클린, 아목시실린, 세퓨록심, 독시사이클린 등의 항생제와 함께 복용 시 의사 또는 약사와 상의하십시오."
200900833,마이칼디정,마이칼디,,명문제약(주),https://nedrug.mfds.go.kr/pbp/cmn/itemImageDownload/147426411393800053,"인산염, 칼슘염, 경구용 테트라사이클린계 제제, 제산제는 함께 복용하지 마십시오. 강심배당체, 항알도스테론제, 트리암테렌과 함께 사용 시 의사 또는 약사와 상의하십시오. 녹차, 홍차 등 탄닌을 함유하는 차는 복용 중, 복용 전후에는 피하십시오."
200901086,그린헥시디놀액,그린헥시디놀,,(주)그린제약,,
200901117,물리나겔,물리나,,에이치엘비제약(주),,
200901146,뉴클로정(클로닉신리시네이트),뉴클로,클로닉신리시네이트,한솔신약(주),https://nedrug.mfds.go.kr/pbp/cmn/itemImageDownload/153002376642900093,"이 약을 복용하는 동안 다른 비스테로이드성 소염진통제, ACE 억제제 또는 안지오텐신Ⅱ 수용체 길항제, 아스피린, 이뇨제, 리튬, 메토트렉세이트, 쿠마린계 항응고제(와파린 등), 시클로스포린 및 타크로리무스, 항혈소판제 및 선택적 세로토닌 재흡수 억제제(SSRI), 코르티코스테로이드를 함께 복용하지 마십시오.이 약을 복용하기 전에 미소프로스톨 등으로 소화성궤양 치료를 병행하고 있는 환자는 의사 또는 약사와 상의하십시오."
200901181,부스코판당의정(부틸스코폴라민브롬화물),부스코판당의,부틸스코폴라민브롬화물,오펠라헬스케어코리아(주),https://nedrug.mfds.go.kr/pbp/cmn/itemImageDownload/1O597tTUEd7,"페노티아진계 약물, 삼환계 또는 사환계 항우울약, MAO 저해제, 항히스타민제, 항정신병약, 퀴니딘, 아만타딘, 디소피라미드와 같은 항콜린성 약물 및 다른 항콜린제(티오트로피움, 이트라트로피움, 아트로핀-유사 화합물), 메토클로프라미드 등의 도파민 길항약, 베타 효능약과 함께 복용 시 의사 또는 약사와 상의하십시오."
200901147,아이비에프정(이부프로펜),아이비에프,이부프로펜,한솔신약(주),https://nedrug.mfds.go.kr/pbp/cmn/itemImageDownload/1Nds9SAaXWZ,"다른 비스테로이드성 소염진통제, 저용량 아스피린, 고용량의 메토트렉세이트와 함께 복용하지 마십시오. ACE 저해제, 리튬, 푸로세미드 및 티아지드계 이뇨제, 쿠마린계 항응혈제(와파린 등), 선택적 세로토닌 재흡수억제제와 함께 복용 시 의사 또는 약사와 상의하십시오."
200901148,엔에이피정(나프록센나트륨),엔에이피,나프록센나트륨,한솔신약(주),https://nedrug.mfds.go.kr/pbp/cmn/itemImageDownload/147426411393800080,"다른 비스테로이드성 소염진통제 및 나프록센 유도체, 아스피린, 고용량의 메토트렉세이트와 함께 복용하지 마십시오. 히단토인계 항간질제, 설파제, 설포닐요소계 혈당강하제, 프로프라놀롤 및 다른 -차단제, ACE 저해제(억제제)(캅토프릴 등), 루프계 이뇨제 및 티아지드계 이뇨제, 프로베네시드, 리튬, 저용량 메토트렉세이트, 쿠마린계 항응혈제(혈액응고저지제)(와파린 등), 지도부딘, 뉴퀴놀론계 항생물질(에녹사신 등)과 함께 복용 시 의사 또는 약사와 상의하십시오."
200901231,알파우루사연질캡슐,알파우루사,,대웅바이오(주),https://nedrug.mfds.go.kr/pbp/cmn/itemImageDownload/152155427194400049,"이 약을 복용하는 동안 경구용 당뇨병용제(톨부타미드), 콜레스티라민, 콜레스티폴, 약용탄, 마그네슘 및 수산화알루미늄을 함유하는 제산제, 간에서 콜레스테롤 분비를 증가시키는 약물(예 : 에스트로겐 함유 경구용 피임제, 클로피브레이트와 같이 지질감소약물)은 함께 복용하지 마십시오."
200901232,코엔드에프캡슐,코엔드에프,,(주)마더스제약,https://nedrug.mfds.go.kr/pbp/cmn/itemImageDownload/150186122556700036,"MAO 억제제(항우울제, 항정신병제, 감정조절제, 항파킨슨제 등), 다른 비염용 경구제, 항히스타민제를 함유하는 내복약(감기약, 진해거담제, 멀미약, 알레르기용약 등)과 함께 복용하지 마십시오. 복용 중에는 음주하지 마십시오."
200901276,써버쿨키드크림,써버쿨키드,,(주)녹십자,,
200901257,부스코판플러스정,부스코판플러스,,오펠라헬스케어코리아(주),https://nedrug.mfds.go.kr/pbp/cmn/itemImageDownload/1O597tTUEcZ,"바르비탈계 약물, 삼환계 항우울제, 알코올, 지도부딘과 함께 복용하지 마십시오. 와파린, 플루클록사실린, 사환계 항우울약, 항히스타민제, 항정신병약, 퀴니딘, 아만타딘, 디소피라미드 및 기타 항콜린약물(예: 티오트로피움, 이프라트로피움, 아트로핀 유사 화합물), 메토클로프라미드, 베타-효능약, 프로판텔린, 클로람페니콜, 프로베네시드, 콜레스티라민과 함께 복용 시 의사 또는 약사와 상의하십시오."
200901319,젠타졸정(알벤다졸),젠타졸,알벤다졸,(주)씨엠지제약,https://nedrug.mfds.go.kr/pbp/cmn/itemImageDownload/147809070403900014,"이 약을 복용하는 동안 테오필린, 시메티딘, 프라지콴텔, 덱사메타손, 리토나비르, 페니토인, 카르바마제핀, 페노바르비탈을 함께 복용하지 마십시오."
200901321,비시드에프정,비시드에프,,오스틴제약(주),https://nedrug.mfds.go.kr/pbp/cmn/itemImageDownload/1PvnDGw41Kn,테트라사이클린계 항생제와 함께 복용하지 마십시오.
200901402,속크린산,속크린,,한솔신약(주),,
200901619,알룬정,알룬,,(주)휴온스,https://nedrug.mfds.go.kr/pbp/cmn/itemImageDownload/1Pvn3im1n26,"다른 약과 동시에 복용하지 않는 것이 좋으며, 복용할 경우 30분~1시간의 간격을 두고 복용하는 것이 권장됩니다."
200901620,미니메이드정(수출용),미니메이드,,(주)넥스팜코리아,https://nedrug.mfds.go.kr/pbp/cmn/itemImageDownload/147426411393800131,"다른 약과 동시에 복용하지 않는 것이 좋으며, 복용할 경우 30분~1시간의 간격을 두고 복용하는 것이 권장됩니다."
200901517,"맥펜시럽(이부프로펜)(새콤한오렌지맛,감귤향)",맥펜,새콤한오렌지맛|감귤향,맥널티제약(주),,"고용량 메토트렉세이트, 다른 비스테로이드성 소염진통제와 함께 이 약을 복용하지 마십시오. 저용량 아스피린, ACE 저해제, 리튬, 푸로세미드 및 치아짓계 이뇨제, 메토트렉세이트, 쿠마린계 항응혈제(와파린 등), 선택적 세로토닌 재흡수억제제(SSRI)와 함께 복용 시 의사 또는 약사와 상의하십시오."
200901683,큐앤큐포비돈요오드탈지면볼(대),큐앤큐포비돈요오드탈지면볼,,큐앤큐팜(주),,"과산화수소와 함께 사용하지 마십시오.리튬제제, 클로르헥시딘, 설파디아진ㆍ은화합물, 알칼리, 수은을 함유한 제제, 효소성분의 상처치료제와 함께 사용 시 의사 또는 약사와 상의하십시오."
200901684,큐앤큐포비돈요오드스크랍(대),큐앤큐포비돈요오드스크랍,,큐앤큐팜(주),,"과산화수소와 함께 사용하지 마십시오. 클로르헥시딘, 설파디아진ㆍ은화합물, 알칼리, 수은을 함유한 제제, 효소성분의 상처치료제와 함께 사용 시 의사 또는 약사와 상의하십시오."
200901703,아토미겔,아토미,,대화제약(주),,
200901738,티어실원스외용액(테르비나핀염산염),티어실원스외용,테르비나핀염산염,삼일제약(주),,
200901761,아이클리어점안액,아이클리어,,화일약품(주),,
200901795,메디파프쿨카타플라스마(펠비낙),메디파프쿨카타플라스마,펠비낙,조아제약(주),,
200901818,리버플란연질캡슐,리버플란,,(주)서흥,https://nedrug.mfds.go.kr/pbp/cmn/itemImageDownload/147426411393800137,레보도파와 함께 복용하지 마십시오.정주용 지질제와 함께 복용 시 의사 또는 약사와 상의하십시오.
200901934,엘탑정(엘카르니틴),엘탑,엘카르니틴,(주)마더스제약,https://nedrug.mfds.go.kr/pbp/cmn/itemImageDownload/1O6_eSOFVjK,
200902108,다이제스토정,다이제스토,,화일약품(주),https://nedrug.mfds.go.kr/pbp/cmn/itemImageDownload/1OflX036cmW,
200902331,베베락스액,베베락스,,(주)퍼슨,,
200902395,우르스정,우르스,,(주)에이프로젠바이오로직스,https://nedrug.mfds.go.kr/pbp/cmn/itemImageDownload/1Pvn3im1hKk,제산제와 함께 복용하지 마십시오. 우유 섭취 후 1시간 이내는 복용을 피하십시오.
200901979,제뉴원이부펜시럽(이부프로펜),제뉴원이부펜,이부프로펜,주식회사제뉴원사이언스,,"다른 비스테로이드성 소염진통제(NSAIDs)와 함께 복용하지 마십시오. ACE 저해제, 리튬, 푸로세미드 및 치아짓계 이뇨제, 메토트렉세이트, 쿠마린계 항응혈제, 선택적 세로토닌 재흡수억제제와 함께 복용 시 의사 또는 약사와 상의하십시오."
200902301,그날엔정,그날엔,,경동제약(주),https://nedrug.mfds.go.kr/pbp/cmn/itemImageDownload/151706776344700043,"다른 해열진통제, 감기약, 진정제, 멀미약과 함께 복용하지 마십시오. 프로베네시드, 설핀피라존, 디곡신, 페니토인, 바크로펜, 이뇨제, 항고혈압제, ACE 저해제(억제제), 푸로세미드, 아스피린, 리튬, 메토트렉세이트, 경구용 항응혈제(와파린 등)를 함께 복용 시 의사 또는 약사와 상의하십시오."
200902450,메가토스씨정,메가토스씨,,태극제약(주),https://nedrug.mfds.go.kr/pbp/cmn/itemImageDownload/1Pvn3im1i0N,"인산염, 칼슘염, 경구용 테트라사이클린계 제제, 제산제, 레보도파와 함께 복용하지 마십시오. 에스트로겐을 포함한 경구용 피임제, 항알도스테론제, 트리암테렌, 정주용 지질제와 함께 사용 시 의사 또는 약사와 상의하십시오. 녹차, 홍차 등 탄닌을 함유하는 차는 복용 중, 복용 전후에는 피하십시오."
200902364,이프렌에스연질캡슐(덱시부프로펜),이프렌에스,덱시부프로펜,삼진제약(주),https://nedrug.mfds.go.kr/pbp/cmn/itemImageDownload/1Pvn3im1kjs,"아스피린, 다른 비스테로이드성 소염진통제, 항암요법으로 사용하는 고용량(15 mg/주 이상)의 메토트렉세이트와 함께 복용하지 마십시오. 이 약을 복용하기 전에 코르티코스테로이드, 알코올, 디곡신, 페니토인, 프로베네시드, 설핀피라존, 설포닐우레아제, ACE 억제제, 안지오텐신Ⅱ 수용체 길항제, 이뇨제, 리튬, 쿠마린계 항응고제(와르파린 등), 바클로펜, 면역억제제(시클로스포린, 타크로리무스, 시롤리무스), 혈전용해제, 티클로피딘, 항혈전제, 혈중 칼륨농도를 증가시키는 약물(트리메토프림, 헤파린 등), CYP2C8, CYP2C9의 유도제(예, 리팜피신, 페노바르비탈), 저용량(15 mg/주 미만)의 메토트렉세이트, 항혈소판제 및 선택적 세로토닌 재흡수 억제제, 심근경색이나 뇌졸중 예방목적으로 저용량 아스피린을 복용하는 사람은 의사 또는 약사와 상의하십시오."
200902499,위드원엘과립,위드원엘,,시믹씨엠오코리아(주),,다른 사하약(하제)과 함께 사용하지 마십시오.
200902501,알보큐액(폴리크레줄렌액50%),알보큐,폴리크레줄렌액50%,(주)퍼슨,,"이 약을 사용하는 동안 다른 외용제와 병행하여 사용하지 마십시오. 콘돔, 질내 피임용 격막과 같은 라텍스 또는 고무제품을 약화시킬 수 있으므로 사용에 주의하십시오."
200902556,판코타제정,판코타제,,태극제약(주),https://nedrug.mfds.go.kr/pbp/cmn/itemImageDownload/1NRID60LgJy,
200902679,로토씨큐브아쿠아차지아이점안액,로토씨큐브아쿠아차지아이,,(주)보령,,
200902769,그린노즈에스캡슐,그린노즈에스,,맥널티제약(주),https://nedrug.mfds.go.kr/pbp/cmn/itemImageDownload/147426416757400032,"다른 비염용 경구제, 항히스타민제를 함유하는 내복약(감기약, 진해거담제, 멀미약, 알레르기용약 등)과 함께 복용하지 마십시오."
200902884,이젠이캡슐,이젠이,,경진제약(주),https://nedrug.mfds.go.kr/pbp/cmn/itemImageDownload/1Pvn3im1jr9,
200902891,득생장수고,득생장수고,,(주)오현파마코푸레이션,,
200902909,모드나캡슐,모드나,,초당약품공업(주),https://nedrug.mfds.go.kr/pbp/cmn/itemImageDownload/147426416757400059,"진해거담제, 다른 감기약, 해열진통제, 진정제, 항히스타민제를 함유하는 내복약(비염용 경구제, 멀미약, 알레르기용약)과 함께 복용하지 마십시오. 당뇨약, 통풍약, 관절염약, 항응고제, 스테로이드제, 칼륨함유제제, 감초함유제제, 글리시리진산 또는 그 염류 함유제제, 루프계 이뇨제(푸로세미드, 에타크린산) 또는 티아지드계 이뇨제(트리클로르메티아지드) 등과 함께 복용 시 의사 또는 약사와 상의하십시오. 복용 중에는 음주하지 마십시오."
200902984,한솔아시클로버크림,한솔아시클로버,,한솔신약(주),,프로베네시드를 투여한 환자는 의사 또는 약사와 상의하십시오.
200902986,노바론크림(테르비나핀염산염),노바론,테르비나핀염산염,한솔신약(주),,
200902987,쎄레톤크림,쎄레톤,,한솔신약(주),,
200903043,리버파워포르테연질캡슐,리버파워포르테,,아이큐어(주),https://nedrug.mfds.go.kr/pbp/cmn/itemImageDownload/147426416757400080,레보도파와 함께 복용하지 마십시오.정주용 지질제와 함께 사용 시 의사 또는 약사와 상의하십시오.
200903081,유닉신정(클로닉신리시네이트),유닉신,클로닉신리시네이트,태극제약(주),https://nedrug.mfds.go.kr/pbp/cmn/itemImageDownload/1OG0K12c1s8,"이 약을 복용하는 동안 다른 비스테로이드성 소염진통제, ACE 억제제 또는 안지오텐신Ⅱ 수용체 길항제, 아스피린, 이뇨제, 리튬, 메토트렉세이트, 쿠마린계 항응고제(와파린 등), 시클로스포린 및 타크로리무스, 항혈소판제 및 선택적 세로토닌 재흡수 억제제(SSRI), 코르티코스테로이드를 함께 복용하지 마십시오.이 약을 복용하기 전에 미소프로스톨 등으로 소화성궤양 치료를 병행하고 있는 환자는 의사 또는 약사와 상의하십시오."
200903210,헤파피스연질캡슐,헤파피스,,(주)에이프로젠바이오로직스,https://nedrug.mfds.go.kr/pbp/cmn/itemImageDownload/1Pvn3im1kzL,레보도파와 함께 복용하지 마십시오.정주용 지질제와 함께 복용 시 의사 또는 약사와 상의하십시오.
200903224,아로마에프캡슐,아로마에프,,태극제약(주),https://nedrug.mfds.go.kr/pbp/cmn/itemImageDownload/149723205468400093,
200903392,제로민연질캡슐(디펜히드라민염산염),제로민,디펜히드라민염산염,한솔신약(주),https://nedrug.mfds.go.kr/pbp/cmn/itemImageDownload/147426416757400164,"이 약과 동일한 성분을 함유한 다른 제제, 다른 최면진정제, MAO 억제제, 감기약, 해열진통제, 진해거담제, 항히스타민제를 함유하고 있는 내복약(비염용 내복약, 멀미약, 알러지용약)과 함께 복용하지 마십시오. 복용 중에는 음주하지 마십시오."
200903482,릴리펜덱시연질캡슐(덱시부프로펜),릴리펜덱시,덱시부프로펜,(주)동구바이오제약,https://nedrug.mfds.go.kr/pbp/cmn/itemImageDownload/146031002845800195,"아스피린, 다른 비스테로이드성 소염진통제, 항암요법으로 사용하는 고용량(15 mg/주 이상)의 메토트렉세이트와 함께 복용하지 마십시오. 이 약을 복용하기 전에 코르티코스테로이드, 알코올, 디곡신, 페니토인, 프로베네시드, 설핀피라존, 설포닐우레아제, ACE 억제제, 안지오텐신Ⅱ 수용체 길항제, 이뇨제, 리튬, 쿠마린계 항응고제(와르파린 등), 바클로펜, 면역억제제(시클로스포린, 타크로리무스, 시롤리무스), 혈전용해제, 티클로피딘, 항혈전제, 혈중 칼륨농도를 증가시키는 약물(트리메토프림, 헤파린 등), CYP2C8, CYP2C9의 유도제(예, 리팜피신, 페노바르비탈), 저용량(15 mg/주 미만)의 메토트렉세이트, 항혈소판제 및 선택적 세로토닌 재흡수 억제제, 심근경색이나 뇌졸중 예방목적으로 저용량 아스피린을 복용하는 사람은 의사 또는 약사와 상의하십시오."
200903577,테르비쿨크림,테르비쿨,,신일제약(주),,
200903579,카이로정,카이로,,한솔신약(주),https://nedrug.mfds.go.kr/pbp/cmn/itemImageDownload/1NNuh6mJov1,"아세트아미노펜을 포함하는 다른 제품, 바르비탈계 약물, 삼환계 항우울약 및 알코올을 투여한 환자, 항전간제, 리팜피신, 플루클록사실린과 함께 이 약을 복용하지 마십시오. 항히스타민제, 퀴니딘, 아만타딘, 디소피라미드, 메토클로프라미드와 같은 항도파민약, -효능약, 프로판텔린, 클로람페니콜, 경구용 항응고약, 지도부딘과 함께 복용 시 의사 또는 약사와 상의하십시오."
200903669,테르비플러스크림,테르비플러스,,신일제약(주),,
200903668,에스빈연질캡슐(덱시부프로펜),에스빈,덱시부프로펜,한솔신약(주),https://nedrug.mfds.go.kr/pbp/cmn/itemImageDownload/1MtU6vRYsQB,"아스피린, 다른 비스테로이드성 소염진통제, 항암요법으로 사용하는 고용량(15 mg/주 이상)의 메토트렉세이트와 함께 복용하지 마십시오. 이 약을 복용하기 전에 코르티코스테로이드, 알코올, 디곡신, 페니토인, 프로베네시드, 설핀피라존, 설포닐우레아제, ACE 억제제, 안지오텐신Ⅱ 수용체 길항제, 이뇨제, 리튬, 쿠마린계 항응고제(와르파린 등), 바클로펜, 면역억제제(시클로스포린, 타크로리무스, 시롤리무스), 혈전용해제, 티클로피딘, 항혈전제, 혈중 칼륨농도를 증가시키는 약물(트리메토프림, 헤파린 등), CYP2C8, CYP2C9의 유도제(예, 리팜피신, 페노바르비탈), 저용량(15 mg/주 미만)의 메토트렉세이트, 항혈소판제 및 선택적 세로토닌 재흡수 억제제, 심근경색이나 뇌졸중 예방목적으로 저용량 아스피린을 복용하는 사람은 의사 또는 약사와 상의하십시오."
200903737,쿨드림연질캡슐(디펜히드라민염산염),쿨드림,디펜히드라민염산염,(주)녹십자,https://nedrug.mfds.go.kr/pbp/cmn/itemImageDownload/147426422478000023,"이 약과 동일한 성분을 함유한 다른 제제, 다른 최면진정제, MAO억제제, 감기약, 해열진통제, 진해거담제, 항히스타민제를 함유하고 있는 내복약(비염용 내복약, 멀미약, 알러지용약)과 함께 복용하지 마십시오. 복용 중에는 음주하지 마십시오."
200903775,베아틴정,베아틴,,하나제약(주),https://nedrug.mfds.go.kr/pbp/cmn/itemImageDownload/1OQdQ5pDQBK,
200903837,마이녹실에스캡슐,마이녹실에스,,현대약품(주),https://nedrug.mfds.go.kr/pbp/cmn/itemImageDownload/151706772283900015,설폰아미드 제제와 함께 사용 시 의사 또는 약사와 상의하십시오.
200903840,파워스탑플러스카타플라스마(플루르비프로펜),파워스탑플러스카타플라스마,플루르비프로펜,경남제약(주),,
200903813,지르세틴액(세티리진염산염),지르세틴,세티리진염산염,태극제약(주),,"이 약을 복용하는 동안 테오필린, 리토나비어, 과량의 알코올과 함께 복용하지 마십시오."
200903935,활비에이캡슐,활비에이,,조아제약(주),https://nedrug.mfds.go.kr/pbp/cmn/itemImageDownload/149723201580000003,레보도파와 함께 복용하지 마십시오.
200903962,오라쿠고에이취플라스타(살리실산),오라쿠고에이취플라스타,살리실산,(주)재우스팜,,"메토트렉세이트, 설포닐우레아, 다른 국소 적용 약물과 함께 사용 시 의사 또는 약사와 상의하십시오."
200903973,마데카솔케어연고,마데카솔케어,,동국제약(주),,
200904003,덴타칸캡슐,덴타칸,,(주)넥스팜코리아,https://nedrug.mfds.go.kr/pbp/cmn/itemImageDownload/1Pvn3im1lBW,이 약을 복용하기 전에 다른 약물을 복용하고 있는 경우 의사 또는 약사와 상의하십시오.
200904073,알벤프리졸정(알벤다졸),알벤프리졸,알벤다졸,(주)한풍제약,https://nedrug.mfds.go.kr/pbp/cmn/itemImageDownload/147426422478000124,"이 약을 복용하는 동안 테오필린, 시메티딘, 프라지콴텔, 덱사메타손, 리토나비르, 페니토인, 카르바마제핀, 페노바르비탈을 함께 복용하지 마십시오."
200904159,마이파워정,마이파워,,화일약품(주),https://nedrug.mfds.go.kr/pbp/cmn/itemImageDownload/1NOwp2F6RSY,레보도파와 함께 복용하지 마십시오.에스트로겐을 포함한 경구용 피임제와 함께 복용 시 의사 또는 약사와 상의하십시오.
200904182,나노민연질캡슐,나노민,,한솔신약(주),https://nedrug.mfds.go.kr/pbp/cmn/itemImageDownload/147426422478000182,정주용 지질제와 함께 복용 시 의사 또는 약사와 상의하십시오.
200904082,로노펜300연질캡슐(덱시부프로펜),로노펜300,덱시부프로펜,태극제약(주),https://nedrug.mfds.go.kr/pbp/cmn/itemImageDownload/1Pp5dG0SvCB,"아스피린, 다른 비스테로이드성 소염진통제, 항암요법으로 사용하는 고용량(15 mg/주 이상)의 메토트렉세이트와 함께 복용하지 마십시오. 이 약을 복용하기 전에 코르티코스테로이드, 알코올, 디곡신, 페니토인, 프로베네시드, 설핀피라존, 설포닐우레아제, ACE 억제제, 안지오텐신Ⅱ 수용체 길항제, 이뇨제, 리튬, 쿠마린계 항응고제(와르파린 등), 바클로펜, 면역억제제(시클로스포린, 타크로리무스, 시롤리무스), 혈전용해제, 티클로피딘, 항혈전제, 혈중 칼륨농도를 증가시키는 약물(트리메토프림, 헤파린 등), CYP2C8, CYP2C9의 유도제(예, 리팜피신, 페노바르비탈), 저용량(15 mg/주 미만)의 메토트렉세이트, 항혈소판제 및 선택적 세로토닌 재흡수 억제제, 심근경색이나 뇌졸중 예방목적으로 저용량 아스피린을 복용하는 사람은 의사 또는 약사와 상의하십시오."
200904196,드라이문트겔,드라이문트,,동아제약(주),,
200904207,파베린정,파베린,,(주)바스칸바이오제약,https://nedrug.mfds.go.kr/pbp/cmn/itemImageDownload/149745481738000018,"스코폴리아엑스를 함유하는 제제, 위장진통·진경제와 함께 복용하지 마십시오."
200904269,시크린소프트 점안액,시크린소프트,,조아제약(주),,
200904325,아미포틴정,아미포틴,,아이큐어(주),https://nedrug.mfds.go.kr/pbp/cmn/itemImageDownload/147426429003700035,레보도파와 함께 복용하지 마십시오.에스트로겐을 포함한 경구용피임제와 함께 복용 시 의사 또는 약사와 상의하십시오.
200904353,경남비타민씨정,경남비타민씨,,경남제약(주),https://nedrug.mfds.go.kr/pbp/cmn/itemImageDownload/1MYaZBwG9IO,"과도한 음주나 흡연을 삼가하십시오.이 약을 복용하기 전에 경구(먹는)용 항응고제(쿠마린계 약물), 살리실산염, 아스피린, 철분제, 페니토인 및 일부 항전간(간질)제, 에스트로겐이 포함된 경구(먹는)용 피임약, 테트라싸이클린계 항생제, 플루페나진, 오르리스타트, 바르비탈산 유도체, 코르티코스테로이드제를 복용 중인 환자는 의사 또는 약사와 상의하십시오."
200904427,아이톡씨엠씨점안액(카르복시메틸셀룰로오스나트륨)(1회용),아이톡씨엠씨,1회용,광동제약(주),,
200904507,다이락스-큐정,다이락스-큐,,조아제약(주),https://nedrug.mfds.go.kr/pbp/cmn/itemImageDownload/150834126208100140,제산제 또는 우유 섭취 후 1시간 이내는 복용을 피하십시오.
200904441,프로펜디연질캡슐(덱시부프로펜),프로펜디,덱시부프로펜,(주)서흥,https://nedrug.mfds.go.kr/pbp/cmn/itemImageDownload/147426429003700074,"아스피린, 다른 비스테로이드성 소염진통제, 항암요법으로 사용하는 고용량(15 mg/주 이상)의 메토트렉세이트와 함께 복용하지 마십시오. 이 약을 복용하기 전에 코르티코스테로이드, 알코올, 디곡신, 페니토인, 프로베네시드, 설핀피라존, 설포닐우레아제, ACE 억제제, 안지오텐신Ⅱ 수용체 길항제, 이뇨제, 리튬, 쿠마린계 항응고제(와르파린 등), 바클로펜, 면역억제제(시클로스포린, 타크로리무스, 시롤리무스), 혈전용해제, 티클로피딘, 항혈전제, 혈중 칼륨농도를 증가시키는 약물(트리메토프림, 헤파린 등), CYP2C8, CYP2C9의 유도제(예, 리팜피신, 페노바르비탈), 저용량(15 mg/주 미만)의 메토트렉세이트, 항혈소판제 및 선택적 세로토닌 재흡수 억제제, 심근경색이나 뇌졸중 예방목적으로 저용량 아스피린을 복용하는 사람은 의사 또는 약사와 상의하십시오."
200904516,쥬르택정(세티리진염산염),쥬르택,세티리진염산염,조아제약(주),https://nedrug.mfds.go.kr/pbp/cmn/itemImageDownload/1N-vZRnyppW,"이 약을 복용하는 동안 테오필린, 리토나비어, 과량의 알코올과 함께 복용하지 마십시오."
200904519,간모아액,간모아,,경진제약(주),,
200904538,다비움정,다비움,,제이더블유신약(주),https://nedrug.mfds.go.kr/pbp/cmn/itemImageDownload/154333323956100025,제산제 또는 우유 섭취 후 1시간 이내에는 이 약을 복용하지 마십시오.
200904542,아로비타정,아로비타,,오스틴제약(주),https://nedrug.mfds.go.kr/pbp/cmn/itemImageDownload/147426429003700161,"인산염, 칼슘염, 경구용 테트라사이클린계 제제, 제산제, 레보도파와 함께 복용하지 마십시오. 이 약을 복용하기 전에 만 1세 미만의 젖먹이, 의사의 치료를 받고 있는 환자, 고옥살산뇨증 환자(hyperoxaluria : 요중에 과량의 수산염이 배설되는 상태), 임부 및 임신하고 있을 가능성이 있는 여성, 수유부, 미숙아, 유아, 소화성궤양, 만성궤양성대장염, 국한성대장염 등의 위장질환 환자, 심장ㆍ순환기계기능 장애 환자, 신장장애 환자, 저단백혈증 환자, 통풍환자 또는 신장결석이 있는 환자, 황색5호(선셋옐로우 FCF, Sunset Yellow FCF)에 과민증 또는 알레르기 반응 경험자는 의사 또는 약사와 상의하십시오. 녹차, 홍차 등 탄닌을 함유하는 차는 복용중, 복용전후에는 피하십시오."
200904547,헵타마인플러스연질캡슐,헵타마인플러스,,동방에프티엘(주),https://nedrug.mfds.go.kr/pbp/cmn/itemImageDownload/147426429003700152,레보도파와 함께 복용하지 마십시오.정주용 지질제와 함께 사용 시 의사 또는 약사와 상의하십시오.
200904590,토마스연질캡슐,토마스,,(주)동구바이오제약,https://nedrug.mfds.go.kr/pbp/cmn/itemImageDownload/147426429003700186,"인산염, 칼슘염, 경구용 테트라사이클린계 제제, 제산제와 함께 복용하지 마십시오. 에스트로겐을 포함한 경구용 피임제, 항알도스테론제, 트리암테렌, 정주용 지질제와 함께 사용 시 의사 또는 약사와 상의하십시오. 녹차, 홍차 등 탄닌을 함유하는 차는 복용 중, 복용 전후에는 피하십시오."
200904615,알벤졸정(알벤다졸),알벤졸,알벤다졸,삼성제약(주),https://nedrug.mfds.go.kr/pbp/cmn/itemImageDownload/1NCzXnoXF6u,"이 약을 복용하는 동안 테오필린, 시메티딘, 프라지콴텔, 덱사메타손, 리토나비르, 페니토인, 카르바마제핀, 페노바르비탈을 함께 복용하지 마십시오."
200904644,콘트라스300연질캡슐,콘트라스300,,(주)동구바이오제약,https://nedrug.mfds.go.kr/pbp/cmn/itemImageDownload/1NOwp2F67gX,"레보도파와 함께 복용하지 마십시오.에스트로겐을 포함한 경구용 피임제, 정주용 지질제와 함께 사용 시 의사 또는 약사와 상의하십시오."
200904666,아르텍연질캡슐10mg(세티리진염산염),아르텍,세티리진염산염,(주)알피바이오,https://nedrug.mfds.go.kr/pbp/cmn/itemImageDownload/147426433479800028,"테오필린, 리토나비르와 함께 복용하지 마십시오. 과량의 알코올과 함께 복용하지 마십시오."
200904632,맥시쿨펜연질캡슐(덱시부프로펜),맥시쿨펜,덱시부프로펜,(주)에이프로젠바이오로직스,https://nedrug.mfds.go.kr/pbp/cmn/itemImageDownload/1PV-xbWHX_k,"아스피린, 다른 비스테로이드성 소염진통제, 항암요법으로 사용하는 고용량(15 mg/주 이상)의 메토트렉세이트와 함께 복용하지 마십시오. 이 약을 복용하기 전에 코르티코스테로이드, 알코올, 디곡신, 페니토인, 프로베네시드, 설핀피라존, 설포닐우레아제, ACE 억제제, 안지오텐신Ⅱ 수용체 길항제, 이뇨제, 리튬, 쿠마린계 항응고제(와르파린 등), 바클로펜, 면역억제제(시클로스포린, 타크로리무스, 시롤리무스), 혈전용해제, 티클로피딘, 항혈전제, 혈중 칼륨농도를 증가시키는 약물(트리메토프림, 헤파린 등), CYP2C8, CYP2C9의 유도제(예, 리팜피신, 페노바르비탈), 저용량(15 mg/주 미만)의 메토트렉세이트, 항혈소판제 및 선택적 세로토닌 재흡수 억제제, 심근경색이나 뇌졸중 예방목적으로 저용량 아스피린을 복용하는 사람은 의사 또는 약사와 상의하십시오."
200904679,뉴비낙플라스타(펠비낙),뉴비낙플라스타,펠비낙,(주)티디에스팜,,
200904689,다이제틴정,다이제틴,,알리코제약(주),https://nedrug.mfds.go.kr/pbp/cmn/itemImageDownload/1PYFqZxFyQw,
200904697,리버텍트골드연질캡슐,리버텍트골드,,한국코러스(주),https://nedrug.mfds.go.kr/pbp/cmn/itemImageDownload/151499405691800068,레보도파와 함께 복용하지 마십시오.정주용 지질제와 함께 복용 시 의사 또는 약사와 상의하십시오.
200904724,젠탈정,젠탈,,(주)셀릭스,https://nedrug.mfds.go.kr/pbp/cmn/itemImageDownload/151032841143300017,
200904736,엔비100정,엔비100,,알리코제약(주),https://nedrug.mfds.go.kr/pbp/cmn/itemImageDownload/1PEPKBUcaHR,레보도파와 함께 복용하지 마십시오.
200904757,"데일리큐점안액,데일리큐점안액(1회용)","데일리큐점안액,데일리큐",1회용,한림제약(주),,
200904777,트라부틴정(트리메부틴말레산염),트라부틴,트리메부틴말레산염,경남제약(주),https://nedrug.mfds.go.kr/pbp/cmn/itemImageDownload/1PW_-aISA8w,
200904822,노스엣 센스액(염화알루미늄),노스엣 센스,염화알루미늄,신신제약(주),,
200904846,익수알벤졸정(알벤다졸),익수알벤졸,알벤다졸,익수제약(주),https://nedrug.mfds.go.kr/pbp/cmn/itemImageDownload/1Pvn3im1voO,"이 약을 복용하는 동안 테오필린, 시메티딘, 프라지콴텔, 덱사메타손, 리토나비르, 페니토인, 카르바마제핀, 페노바르비탈을 함께 복용하지 마십시오."
200904855,아스테란캡슐(아세틸시스테인),아스테란,아세틸시스테인,주식회사제뉴원사이언스,https://nedrug.mfds.go.kr/pbp/cmn/itemImageDownload/1NXa2J_Kd8p,"경구용 항생제(아목시실린, 세푸록심, 독시사이클린, 에리트로마이신, 티암페니콜)와 함께 복용 시 적어도 2시간 간격을 두고 복용하십시오."
200904880,멜린씨정,멜린씨,,(주)테라젠이텍스,https://nedrug.mfds.go.kr/pbp/cmn/itemImageDownload/1Pvn3im1lCm,강심배당체와 함께 복용 시 의사 또는 약사와 상의하십시오.
200904958,티로케어겔(티로트리신),티로케어,티로트리신,고려제약(주),,
200905004,아민파워정,아민파워,,(주)제뉴파마,https://nedrug.mfds.go.kr/pbp/cmn/itemImageDownload/147426438997500038,레보도파와 함께 복용하지 마십시오.에스트로겐을 포함한 경구용피임제와 함께 복용 시 의사 또는 약사와 상의하십시오.
200904881,페인엔젤-프로연질캡슐(덱시부프로펜),페인엔젤-프로,덱시부프로펜,제이더블유중외제약(주),https://nedrug.mfds.go.kr/pbp/cmn/itemImageDownload/1Oo1IQuC6JD,"아스피린, 다른 비스테로이드성 소염진통제, 항암요법으로 사용하는 고용량(15 mg/주 이상)의 메토트렉세이트와 함께 복용하지 마십시오. 이 약을 복용하기 전에 코르티코스테로이드, 알코올, 디곡신, 페니토인, 프로베네시드, 설핀피라존, 설포닐우레아제, ACE 억제제, 안지오텐신Ⅱ 수용체 길항제, 이뇨제, 리튬, 쿠마린계 항응고제(와르파린 등), 바클로펜, 면역억제제(시클로스포린, 타크로리무스, 시롤리무스), 혈전용해제, 티클로피딘, 항혈전제, 혈중 칼륨농도를 증가시키는 약물(트리메토프림, 헤파린 등), CYP2C8, CYP2C9의 유도제(예, 리팜피신, 페노바르비탈), 저용량(15 mg/주 미만)의 메토트렉세이트, 항혈소판제 및 선택적 세로토닌 재흡수 억제제, 심근경색이나 뇌졸중 예방목적으로 저용량 아스피린을 복용하는 사람은 의사 또는 약사와 상의하십시오."
200904932,암씨롱큐정,암씨롱큐,,동아제약(주),https://nedrug.mfds.go.kr/pbp/cmn/itemImageDownload/147426438997500084,"다른 해열진통제, 감기약, 진정제와 함께 복용하지 마십시오. 바르비탈계 약물, 삼환계 항우울제, 알코올, 이뇨제와 함께 복용 시 의사 또는 약사와 상의하십시오."
200905010,이튼튼캡슐,이튼튼,,정우신약(주),https://nedrug.mfds.go.kr/pbp/cmn/itemImageDownload/1Pvn3im1r7p,이 약을 복용하기 전에 다른 약물을 복용하고 있는 경우 의사 또는 약사와 상의하십시오.
200905015,신신아시클로버크림(아시클로버),신신아시클로버,아시클로버,신신제약(주),,프로베네시드를 투여한 환자는 의사 또는 약사와 상의하십시오.
200905017,이탄탄플러스캡슐,이탄탄플러스,,(주)마더스제약,https://nedrug.mfds.go.kr/pbp/cmn/itemImageDownload/147426438997500168,이 약을 복용하기 전에 다른 약물을 복용하고 있는 경우 의사 또는 약사와 상의하십시오.
200905018,코스펜정,코스펜,,한미약품(주),https://nedrug.mfds.go.kr/pbp/cmn/itemImageDownload/147426438997500144,"MAO 억제제, 혈압강하제, 알코올, 중추신경억제제(수면제, 진정제, 안정제), 교감신경흥분제, 삼환계 항우울약, 구아네티딘, 브레틸리움, 베타나이드, 데브리소퀸, 메틸도파, 교감신경성약(충혈제거제, 식욕억제제, 암페타민류의 신경자극제), 및 아드레날린 저해제(억제제)와 함께 복용하지 마십시오."
200905055,디퓨텐연질캡슐(덱시부프로펜),디퓨텐,덱시부프로펜,동성제약(주),https://nedrug.mfds.go.kr/pbp/cmn/itemImageDownload/1NOwp2F68Cb,"아스피린, 다른 비스테로이드성 소염진통제, 항암요법으로 사용하는 고용량(15 mg/주 이상)의 메토트렉세이트와 함께 복용하지 마십시오. 이 약을 복용하기 전에 코르티코스테로이드, 알코올, 디곡신, 페니토인, 프로베네시드, 설핀피라존, 설포닐우레아제, ACE 억제제, 안지오텐신Ⅱ 수용체 길항제, 이뇨제, 리튬, 쿠마린계 항응고제(와르파린 등), 바클로펜, 면역억제제(시클로스포린, 타크로리무스, 시롤리무스), 혈전용해제, 티클로피딘, 항혈전제, 혈중 칼륨농도를 증가시키는 약물(트리메토프림, 헤파린 등), CYP2C8, CYP2C9의 유도제(예, 리팜피신, 페노바르비탈), 저용량(15 mg/주 미만)의 메토트렉세이트, 항혈소판제 및 선택적 세로토닌 재흡수 억제제, 심근경색이나 뇌졸중 예방목적으로 저용량 아스피린을 복용하는 사람은 의사 또는 약사와 상의하십시오."
200905074,케라스트캡슐,케라스트,,맥널티제약(주),https://nedrug.mfds.go.kr/pbp/cmn/itemImageDownload/1Mv5PQjxq2l,설폰아미드 제제와 함께 사용 시 의사 또는 약사와 상의하십시오.
200905098,이튼돌플러스캡슐,이튼돌플러스,,알파제약(주),https://nedrug.mfds.go.kr/pbp/cmn/itemImageDownload/1Mp3yEn24BC,
200905103,루페인플라스타(플루르비프로펜),루페인플라스타,플루르비프로펜,(주)티디에스팜,,
200905144,복합유디리버연질캡슐,복합유디리버,,(주)유한양행,https://nedrug.mfds.go.kr/pbp/cmn/itemImageDownload/1NOwp2F6S9k,정주용 지질제와 함께 사용 시 의사 또는 약사와 상의하십시오.
200905163,윈탈정,윈탈,,(주)마더스제약,https://nedrug.mfds.go.kr/pbp/cmn/itemImageDownload/1OBVa0o7bsx,"위장진통, 진경제와 함께 복용하지 마십시오.칼륨함유제제, 감초함유제제, 글리시리진산 혹은 그 염류 함유제제, 루프계 이뇨제(푸로세미드, 에타크린산) 또는 티아지드계 이뇨제(트리클로르메치아지드)와 함께 복용 시 의사 또는 약사와 상의하십시오."
200905196,프리엔연질캡슐(덱시부프로펜),프리엔,덱시부프로펜,동국제약(주),https://nedrug.mfds.go.kr/pbp/cmn/itemImageDownload/1PkvbGbiQhp,"아스피린, 다른 비스테로이드성 소염진통제, 고용량의 메토트렉세이트와 함께 복용하지 마십시오. 이 약을 복용하기 전에 코르티코스테로이드, 알코올, 디곡신, 페니토인, 프로베네시드, 설핀피라존, 설포닐우레아제, ACE 억제제 또는 안지오텐신Ⅱ 수용체 길항제, 이뇨제, 리튬, 쿠마린계 항응고제(와르파린 등), 바클로펜, 면역억제제(시클로스포린, 타크로리무스, 시롤리무스), 혈전용해제, 티클로피딘, 항혈전제, 혈중 칼륨농도를 증가시키는 약물(예, 칼륨 저류형 이뇨제, ACE 억제제, 안지오텐신-Ⅱ 수용체 길항제, 시클로스포린과 타크로리무스와 같은 면역억제제, 트리메토프림, 헤파린 등), CYP2C8, CYP2C9의 유도제(예, 리팜피신, 페노바르비탈), 저용량(15 mg/주 미만)의 메토트렉세이트, 항혈소판제 및 선택적 세로토닌 재흡수 억제제, 저용량 아스피린과 함께 복용 시 의사 또는 약사와 상의하십시오."
200905228,알드라민정(세티리진염산염),알드라민,세티리진염산염,익수제약(주),https://nedrug.mfds.go.kr/pbp/cmn/itemImageDownload/150229201629800050,"테오필린, 리토나비어와 함께 복용하지 마십시오. 과량의 알코올과 함께 복용하지 마십시오."
200905268,종근당류파프카타플라스마(펠비낙),종근당류파프카타플라스마,펠비낙,(주)종근당,,
200905328,엠마오플러스크림(리도카인),엠마오플러스,리도카인,알리코제약(주),,
200905314,비타제트플러스정,비타제트플러스,,(주)씨엠지제약,https://nedrug.mfds.go.kr/pbp/cmn/itemImageDownload/147426438997500010,"인산염, 칼슘염, 경구용 테트라사이클린계 제제, 제산제, 레보도파와 함께 복용하지 마십시오. 에스트로겐을 포함한 경구(먹는)용 피임제, 항알도스테론제, 트리암테렌과 함께 복용 시 의사 또는 약사와 상의하십시오. 녹차, 홍차 등 탄닌을 함유하는 차는 복용 중, 복용 전후에는 피하십시오."
200905355,씨큐어리버액,씨큐어리버,,경남제약(주),,
200905402,다이제스칸정,다이제스칸,,(주)휴비스트제약,https://nedrug.mfds.go.kr/pbp/cmn/itemImageDownload/1OgmtypWWUA,
200905315,자이펜연질캡슐300mg(덱시부프로펜),자이펜,덱시부프로펜,(주)일화,https://nedrug.mfds.go.kr/pbp/cmn/itemImageDownload/148829652797600006,"아스피린, 다른 비스테로이드성 소염진통제, 고용량의 메토트렉세이트와 함께 복용하지 마십시오. 이 약을 복용하기 전에 코르티코스테로이드, 알코올, 디곡신, 페니토인, 프로베네시드, 설핀피라존, 설포닐우레아제, ACE 억제제 또는 안지오텐신Ⅱ 수용체 길항제, 이뇨제, 리튬, 쿠마린계 항응고제(와르파린 등), 바클로펜, 면역억제제(시클로스포린, 타크로리무스, 시롤리무스), 혈전용해제, 티클로피딘, 항혈전제, 혈중 칼륨농도를 증가시키는 약물(예, 칼륨 저류형 이뇨제, ACE 억제제, 안지오텐신-Ⅱ 수용체 길항제, 시클로스포린과 타크로리무스와 같은 면역억제제, 트리메토프림, 헤파린 등), CYP2C8, CYP2C9의 유도제(예, 리팜피신, 페노바르비탈), 저용량(15 mg/주 미만)의 메토트렉세이트, 항혈소판제 및 선택적 세로토닌 재흡수 억제제, 저용량 아스피린과 함께 복용 시 의사 또는 약사와 상의하십시오."
200905351,덱스쿨연질캡슐(덱시부프로펜),덱스쿨,덱시부프로펜,일양약품(주),https://nedrug.mfds.go.kr/pbp/cmn/itemImageDownload/1N-vZRnyppE,"아스피린, 다른 비스테로이드성 소염진통제, 고용량의 메토트렉세이트와 함께 복용하지 마십시오. 이 약을 복용하기 전에 코르티코스테로이드, 알코올, 디곡신, 페니토인, 프로베네시드, 설핀피라존, 설포닐우레아제, ACE 억제제 또는 안지오텐신Ⅱ 수용체 길항제, 이뇨제, 리튬, 쿠마린계 항응고제(와르파린 등), 바클로펜, 면역억제제(시클로스포린, 타크로리무스, 시롤리무스), 혈전용해제, 티클로피딘, 항혈전제, 혈중 칼륨농도를 증가시키는 약물(예, 칼륨 저류형 이뇨제, ACE 억제제, 안지오텐신-Ⅱ 수용체 길항제, 시클로스포린과 타크로리무스와 같은 면역억제제, 트리메토프림, 헤파린 등), CYP2C8, CYP2C9의 유도제(예, 리팜피신, 페노바르비탈), 저용량(15 mg/주 미만)의 메토트렉세이트, 항혈소판제 및 선택적 세로토닌 재흡수 억제제, 저용량 아스피린과 함께 복용 시 의사 또는 약사와 상의하십시오."
200905403,알세진정10밀리그램(세티리진염산염),알세진,세티리진염산염,(주)휴온스,https://nedrug.mfds.go.kr/pbp/cmn/itemImageDownload/147426438997500001,"테오필린, 리토나비어와 함께 복용하지 마십시오. 과량의 알코올과 함께 복용하지 마십시오."
200905411,칼비타디정,칼비타디,,(주)서울제약,https://nedrug.mfds.go.kr/pbp/cmn/itemImageDownload/1PvnDGw40Jo,"인산염, 칼슘염, 경구용 테트라사이클린계 제제, 제산제와 함께 복용하지 마십시오. 강심배당체, 항알도스테론제, 트리암테렌과 함께 복용 시 의사 또는 약사와 상의하십시오. 녹차, 홍차 등 탄닌을 함유하는 차는 복용 중, 복용 전후에는 피하십시오."
200905423,마그롤연질캡슐,마그롤,,(주)서흥,https://nedrug.mfds.go.kr/pbp/cmn/itemImageDownload/147426438997500164,"인산염, 칼슘염, 경구용 테트라사이클린계 제제, 제산제, 레보도파와 함께 복용하지 마십시오. 에스트로겐을 포함한 경구용 피임제, 항알도스테론제, 트리암테렌, 정주용 지질제와 함께 사용 시 의사 또는 약사와 상의하십시오. 녹차, 홍차 등 탄닌을 함유하는 차는 복용 중, 복용 전후에는 피하십시오."
200905482,제일한방파프수에스카타플라스마,제일한방파프수에스카타플라스마,,제일헬스사이언스(주),,
200905490,씨락정,씨락,,에이치엘비제약(주),https://nedrug.mfds.go.kr/pbp/cmn/itemImageDownload/1PMhf_ebkQx,제산제 또는 우유 섭취 후 1시간 이내에는 이 약을 복용하지 마십시오.
200905544,멕시캄겔(피록시캄),멕시캄,피록시캄,(주)에이프로젠바이오로직스,,
200905562,토코네슘연질캡슐,토코네슘,,동방에프티엘(주),https://nedrug.mfds.go.kr/pbp/cmn/itemImageDownload/147426450252900131,"인산염, 칼슘염, 경구용 테트라사이클린계 제제, 제산제와 함께 복용하지 마십시오. 에스트로겐을 포함한 경구용 피임제, 항알도스테론제, 트리암테렌, 정주용 지질제와 함께 사용시 의사 또는 약사와 상의하십시오. 녹차, 홍차 등 탄닌을 함유하는 차는 복용 중, 복용 전후에는 피하십시오."
200905591,판토마그정,판토마그,,경남제약(주),https://nedrug.mfds.go.kr/pbp/cmn/itemImageDownload/147426445026400182,"인산염, 칼슘염, 경구용 테트라사이클린계 제제, 제산제, 레보도파와 함께 복용하지 마십시오.이 약을 복용하기 전에 항알도스테론제, 트리암테렌과 함께 복용 시 의사 또는 약사와 상의하십시오.녹차, 홍차 등 탄닌을 함유하는 차는 복용 중, 복용 전후에는 피하십시오."
200905610,캐네펜카타플라스마,캐네펜카타플라스마,,신신제약(주),,
200905653,알지엔스피드연질캡슐10밀리그램(세티리진염산염),알지엔스피드,세티리진염산염,(주)대웅제약,https://nedrug.mfds.go.kr/pbp/cmn/itemImageDownload/147426450252900136,"테오필린, 리토나비르, 과량의 알코올과 함께 복용하지 마십시오."
200905677,타미락신연고(크로타미톤),타미락신,크로타미톤,태극제약(주),,
200905692,클라리틴정(로라타딘),클라리틴,로라타딘,바이엘코리아(주),https://nedrug.mfds.go.kr/pbp/cmn/itemImageDownload/1Oikd3yeZPX,"이 약을 복용하는 동안 시메티딘, 에리트로마이신, 케토코나졸, 퀴니딘, 플루코나졸, 플루옥세틴, 간 대사를 억제하는 약물을 함께 복용하지 마십시오."
200905706,페스내추럴비강분무액(염화나트륨),페스내추럴비강분무,염화나트륨,(주)한독,,
200905758,씨트메틴정(트리메부틴말레산염),씨트메틴,트리메부틴말레산염,에이치엘비제약(주),https://nedrug.mfds.go.kr/pbp/cmn/itemImageDownload/1PW_-aIS9r-,
200905838,메카바액(시트룰린말산염),메카바,시트룰린말산염,태극제약(주),,
200905903,트레스탄츄정,트레스탄츄,,삼진제약(주),https://nedrug.mfds.go.kr/pbp/cmn/itemImageDownload/151698121845600143,"MAO 억제제, 알코올과 함께 복용하지 마십시오."
200905943,알졸타정400mg(알벤다졸),알졸타,알벤다졸,경남제약(주),https://nedrug.mfds.go.kr/pbp/cmn/itemImageDownload/1NCLDMvf2jn,"이 약을 복용하는 동안 테오필린, 시메티딘, 프라지콴텔, 덱사메타손, 리토나비르, 페니토인, 카르바마제핀, 페노바르비탈을 함께 복용하지 마십시오."
200906073,트랜미정,트랜미,,(주)아이월드제약,https://nedrug.mfds.go.kr/pbp/cmn/itemImageDownload/1NOwp2F6I4D,"트라넥삼산, 트롬빈과 함께 복용하지 마십시오.경구피임약, 호르몬보충요법과 함께 사용 시 의사 또는 약사와 상의하십시오."
200906231,나자린플러스분무액(염화나트륨),나자린플러스분무,염화나트륨,주식회사제뉴원사이언스,,
200906254,알러샷연질캡슐(세티리진염산염),알러샷,세티리진염산염,(주)녹십자,https://nedrug.mfds.go.kr/pbp/cmn/itemImageDownload/1Pvn3im1jCE,"테오필린, 리토나비르, 과량의 알코올과 함께 복용하지 마십시오."
200906256,리버엔에프연질캡슐,리버엔에프,,(주)서흥,https://nedrug.mfds.go.kr/pbp/cmn/itemImageDownload/153624840697100061,"이 약을 복용하는 동안 경구용 당뇨병용제(톨부타미드), 콜레스티라민, 콜레스티폴, 약용탄, 마그네슘 및 수산화알루미늄을 함유하는 제산제, 간에서 콜레스테롤 분비를 증가시키는 약물(예 : 에스트로겐 함유 경구용 피임제, 클로피브레이트와 같이 지질감소약물)은 함께 복용하지 마십시오."
200906281,노스핀캡슐,노스핀,,오스틴제약(주),https://nedrug.mfds.go.kr/pbp/cmn/itemImageDownload/147426455627800068,"이 약을 복용하는 동안 다른 진해거담제, 감기약, 항히스타민제를 함유하는 내복약(비염용 경구제, 멀미약, 알레르기용약), 진정제를 복용하지 마십시오. MAO 억제제(항우울제, 항정신병제, 감정조절제, 항파킨슨제 등)를 복용하고 있거나 복용을 중단한 후 2주 이내의 사람은 이 약을 복용하지 마십시오."
200906293,씨티몰액(시트룰린말산염),씨티몰,시트룰린말산염,경남제약(주),,
200906301,덴탑플러스캡슐,덴탑플러스,,(주)한풍제약,https://nedrug.mfds.go.kr/pbp/cmn/itemImageDownload/1NOwp2F6FDp,
200906330,그날엔큐정,그날엔큐,,경동제약(주),https://nedrug.mfds.go.kr/pbp/cmn/itemImageDownload/1OHXkPjtIWC,"다른 해열진통제, 감기약, 진정제, 멀미약, 프로베네시드, 설핀피라존, 디곡신, 페니토인, 바크로펜, 이뇨제, 항고혈압제, ACE 저해제(억제제), 푸로세미드, 아스피린, 리튬, 메토트렉세이트, 경구용 항응혈제(와파린 등)와 함께 복용하지 마십시오."
200906384,케라민캡슐,케라민,,동성제약(주),https://nedrug.mfds.go.kr/pbp/cmn/itemImageDownload/1NOwp2F68AP,설폰아미드 제제와 함께 사용 시 의사 또는 약사와 상의하십시오.
200906478,둘코락스에스장용정,둘코락스에스장용,,오펠라헬스케어코리아(주),https://nedrug.mfds.go.kr/pbp/cmn/itemImageDownload/1O597tTUEdP,"제산제, 우유 섭취 후 1시간 이내, 미네랄 오일을 함께 복용하지 마십시오.이뇨제나 부신피질호르몬제, 다른 완화제를 함께 복용 시 의사 또는 약사와 상의하십시오."
200906642,더마화이트정,더마화이트,,현대약품(주),https://nedrug.mfds.go.kr/pbp/cmn/itemImageDownload/147426455627900033,"트라넥삼산, 트롬빈과 함께 복용하지 마십시오.경구피임약, 호르몬보충요법과 함께 사용 시 의사 또는 약사와 상의하십시오."
200906484,보령바이오아스트릭스캡슐100밀리그램(아스피린장용과립),보령바이오아스트릭스,아스피린장용과립,(주)보령바이오파마,https://nedrug.mfds.go.kr/pbp/cmn/itemImageDownload/1Pvn3im1sLF,"다른 비스테로이드성 소염진통제 및 살리실산 제제, 고용량 메토트렉세이트와 함께 사용하지 마십시오.항응고제, 혈전용해제/다른 혈소판응집억제제, 지혈제, 당뇨병치료제(인슐린제제, 톨부타미드 등), 요산배설촉진제(벤즈브로마론, 프로베네시드), 리튬제제, 선택적 세포토닌 재흡수 억제제, 디곡신, 전신 작용 부신피질호르몬 제제(애디슨병 대체요법용 히드로코티손 제외), 안지오텐신 전환 효소 억제제, 발프로산, 알칼리제제(예: 탄산수소나트륨, 탄산마그네슘)와 함께 복용 시 의사 또는 약사와 상의하십시오.알코올과 병용 투여 시 위장관 점막 손상이 증가하고 출혈시간이 연장될 수 있습니다."
200906982,디펜플라스타(디클로페낙나트륨),디펜플라스타,디클로페낙나트륨,신일제약(주),,"이 약을 사용하는 동안 디클로페낙 제제 혹은 비스테로이드 소염제(항염증제)를 국소적으로 적용하거나 복용하지 마십시오. 뉴퀴놀론계 항균제(에녹사신 등), 루프 이뇨제(푸로세미드 등), 티아자이드계 이뇨제, 지혈을 방해하는 약물(와파린 등), 항혈소판제(아스피린 등), 선택적 세로토닌 재흡수 억제제 및 세로토닌 노르에피네프린 재흡수 억제제를 투여하는 환자는 의사 또는 약사와 상의하십시오."
200906877,"스트렙실허니앤레몬트로키(플루르비프로펜), 스트렙실오렌지트로키(플루르비프로펜)","스트렙실허니앤레몬트로키, 스트렙실오렌지트로키",플루르비프로펜,(유)옥시레킷벤키저,https://nedrug.mfds.go.kr/pbp/cmn/itemImageDownload/1NqFP7I3D40,"COX-2 저해제를 포함하여 다른 비스테로이드성 소염진통제, 아스피린 등 혈소판 응집 억제제, 글루코코르티코이드, 칼륨보전이뇨제, 안지오텐신전환효소 억제제, 안지오텐신 II 길항제, 싸이클로스포린, 메토트렉세이트, 디곡신, 페니토인, 퀴놀론계 항균제, 푸로세미드 이뇨제, 경구용 항응혈제(예: 와파린), 항고혈압제, 리튬제제, 미페프리스톤, 프로베네시드, 설핀피라존을 함께 복용하지 마십시오. 비스테로이드성 소염제(NSAIDs)와 함께 복용 시 의사 또는 약사와 상의하십시오."
200907021,프리미움리도센크림(리도카인),프리미움리도센,리도카인,(주)티디에스팜,,
200907060,미니온플라스타,미니온플라스타,,시믹씨엠오코리아(주),,
200907667,수렌유환,수렌유,,(주)아이월드제약,,
200907725,비스칸엔캡슐(바실루스리케니포르미스균),비스칸엔,바실루스리케니포르미스균,(주)바이넥스,https://nedrug.mfds.go.kr/pbp/cmn/itemImageDownload/1NOwp2F64Xq,"시프로플록사신, 이미페넴, 실라스타틴나트륨과 함께 사용 시 의사 또는 약사와 상의하십시오."
200907818,씨엔큐플러스연질캡슐,씨엔큐플러스,,동아제약(주),https://nedrug.mfds.go.kr/pbp/cmn/itemImageDownload/147426461934300024,"인산염, 칼슘염, 경구용 테트라사이클린계 제제, 제산제와 함께 복용하지 마십시오. 에스트로겐을 포함한 경구용 피임제, 항알도스테론제, 트리암테렌, 정주용 지질제와 함께 사용 시 의사 또는 약사와 상의하십시오. 녹차, 홍차 등 탄닌을 함유하는 차는 복용 중, 복용 전후에는 피하십시오."
200907902,엘라스에이액(트록세루틴),엘라스에이,트록세루틴,조아제약(주),,
200907915,노자임캡슐10000(판크레아틴장용성제피미세정),노자임캡슐10000,판크레아틴장용성제피미세정,(주)한국팜비오,https://nedrug.mfds.go.kr/pbp/cmn/itemImageDownload/153996362280200051,"엽산제제, 아카보즈, 미그리톨과 함께 복용 시 의사 또는 약사와 상의하십시오."
200908059,광동파워센액(시트룰린말산염),광동파워센,시트룰린말산염,광동제약(주),,
200908116,케라시딜캡슐,케라시딜,,(주)마더스제약,https://nedrug.mfds.go.kr/pbp/cmn/itemImageDownload/147426461934300067,설폰아미드 제제와 함께 사용 시 의사 또는 약사와 상의하십시오.
200908760,마이크로실드2액(클로르헥시딘글루콘산염),마이크로실드2,클로르헥시딘글루콘산염,(주)한국유니팜,,
200908828,카밀레쿨점안액,카밀레쿨,,국제약품(주),,
200908953,셀레트론플러스연질캡슐,셀레트론플러스,,(주)테라젠이텍스,https://nedrug.mfds.go.kr/pbp/cmn/itemImageDownload/1Pvn3im1jtC,"인산염, 칼슘염, 경구용 테트라사이클린계 제제, 제산제, 레보도파와 함께 복용하지 마십시오. 에스트로겐을 포함한 경구용 피임제, 항알도스테론제, 트리암테렌, 정주용 지질제와 함께 사용 시 의사 또는 약사와 상의하십시오. 녹차, 홍차 등 탄닌을 함유하는 차는 복용 중, 복용 전후에는 피하십시오."
201000163,본에존연질캡슐,본에존,,신일제약(주),https://nedrug.mfds.go.kr/pbp/cmn/itemImageDownload/147426467421600098,"인산염, 칼슘염, 경구용 테트라사이클린계 제제, 제산제와 함께 복용하지 마십시오.강심배당체, 항알도스테론제, 트리암테렌과 함께 복용 시 의사 또는 약사와 상의하십시오.녹차, 홍차 등 탄닌을 함유하는 차는 복용 중, 복용 전후에는 피하십시오."
201000406,원더칼-디츄어블정,원더칼-디츄어블,,(주)종근당,https://nedrug.mfds.go.kr/pbp/cmn/itemImageDownload/1N_tI6JB9ey,"강심배당체, 항알도스테론제, 트리암테렌과 함께 사용 시 의사 또는 약사와 상의하십시오.녹차, 홍차 등 탄닌을 함유하는 차는 복용 중, 복용 전후에는 피하십시오."
201001784,비트리모정,비트리모,,조아제약(주),https://nedrug.mfds.go.kr/pbp/cmn/itemImageDownload/147426484987700066,레보도파와 함께 복용하지 마십시오.
201000953,애니펜시럽(덱시부프로펜),애니펜,덱시부프로펜,안국약품(주),,"다른 비스테로이드성 소염진통제, 아스피린, 고용량의 메토트렉세이트와 함께 사용하지 마십시오. 글루코코르티코이드, 알코올, 디곡신, 페니토인, 프로베네시드, 설핀피라존, 설포닐우레아제, 이뇨제와 항고혈압제 병용, ACE 억제제, 푸로세미드, 리튬, 저용량의 메토트렉세이트, 쿠마린계 항응고제(와파린 등)와 함께 사용 시 의사 또는 약사와 상담하십시오."
201001804,프리비정,프리비,,한미약품(주),https://nedrug.mfds.go.kr/pbp/cmn/itemImageDownload/147426484987700075,"인산염, 칼슘염, 경구용 테트라사이클린계 제제, 제산제, 레보도파와 함께 복용하지 마십시오. 강심배당체, 에스트로겐을 포함한 경구용 피임제, 항알도스테론제, 트리암테렌과 함께 복용 시 의사 또는 약사와 상의하십시오. 녹차, 홍차 등 탄닌을 함유하는 차는 복용 중, 복용 전후에는 피하십시오."
201001201,카엘정,카엘,,조아제약(주),https://nedrug.mfds.go.kr/pbp/cmn/itemImageDownload/147426479322700055,"진해거담제, 다른 감기약, 해열진통제, 진정제, 항히스타민제를 함유하는 내복약(비염용 경구제, 멀미약, 알레르기용약)과 함께 복용하지 마십시오. 이 약을 복용하기 전에 당뇨약, 통풍약, 관절염약, 항응고제, 스테로이드제, 바르비탈계 약물, 삼환계 항우울제 및 알코올과 함께 복용 시 의사 또는 약사와 상의하십시오. 복용 중에는 음주하지 마십시오."
201003043,토코엔지연질캡슐,토코엔지,,일양바이오팜(주),https://nedrug.mfds.go.kr/pbp/cmn/itemImageDownload/147426492165100052,"인산염, 칼슘염, 경구용 테트라사이클린계 제제, 제산제와 함께 복용하지 마십시오. 에스트로겐을 포함한 경구용 피임제, 항알도스테론제, 트리암테렌, 정주용 지질제와 함께 사용시 의사 또는 약사와 상의하십시오. 녹차, 홍차 등 탄닌을 함유하는 차는 복용 중, 복용 전후에는 피하십시오."
201001573,비타큐텐에프정,비타큐텐에프,,알리코제약(주),https://nedrug.mfds.go.kr/pbp/cmn/itemImageDownload/147426479322700111,"인산염, 칼슘염, 경구용 테트라사이클린계 제제, 제산제, 레보도파와 함께 복용하지 마십시오.에스트로겐을 포함한 경구(먹는)용 피임제, 항알도스테론제, 트리암테렌과 함께 복용 시 의사 또는 약사와 상의하십시오.녹차, 홍차 등 탄닌을 함유하는 차는 복용 중, 복용 전후에는 피하십시오."
201003453,레녹스카타플라스마(록소프로펜나트륨수화물),레녹스카타플라스마,록소프로펜나트륨수화물,일동제약(주),,
201003571,로얄비타연질캡슐,로얄비타,,(주)동구바이오제약,https://nedrug.mfds.go.kr/pbp/cmn/itemImageDownload/1Pvn3im1kBK,"레보도파와 함께 복용하지 마십시오. 에스트로겐을 포함한 경구용 피임제, 정주용 지질제와 함께 사용 시 의사 또는 약사와 상의하십시오."
201002100,코큐비타엠정,코큐비타엠,,아이큐어(주),https://nedrug.mfds.go.kr/pbp/cmn/itemImageDownload/1O9V3DqJYWx,"인산염, 칼슘염, 경구용 테트라사이클린계 제제, 제산제, 레보도파와 함께 복용하지 마십시오. 에스트로겐을 포함한 경구(먹는)용 피임제, 항알도스테론제, 트리암테렌과 함께 복용 시 의사 또는 약사와 상의하십시오. 녹차, 홍차 등 탄닌을 함유하는 차는 복용 중, 복용 전후에는 피하십시오."
201003954,하드코프캡슐,하드코프,,명문제약(주),https://nedrug.mfds.go.kr/pbp/cmn/itemImageDownload/1Pvn3im1k2l,"다른 진해거담제, 감기약, 항히스타민제, 진정제, 알코올과 함께 복용하지 마십시오. MAO억제제(항우울제, 항정신병제, 감정조절제, 항파킨슨제 등)를 복용하고 있거나 복용을 중단한 후 2주 이내의 사람은 이 약을 복용하지 마십시오."
201003177,엑소덤패취(니코틴)(수출명:Exoderm),엑소덤패취,,아이큐어(주),,"파라세타몰, 카페인, 이미프라민, 옥사제팜, 펜타조신, 프로프라놀롤, 테오필린, 와파린, 에스트로겐, 리그노카인, 페나세틴, 인슐린, 아드레날린성 길항제(프라조신, 라베탈롤 등), 플레카이니드, 아드레날린성 효능제(이소프레날린, 페닐레프린 등), 프로폭시펜, 테오필린, 타크린, 클로자핀, 로피니롤과 함께 사용 시 의사 또는 약사와 상의하십시오."
201003955,헬씨민큐연질캡슐,헬씨민큐,,(주)동구바이오제약,https://nedrug.mfds.go.kr/pbp/cmn/itemImageDownload/1PGRQc6PRaR,레보도파와 함께 복용하지 마십시오. 에스트로겐을 포함한 경구(먹는)용 피임제와 함께 복용 시 의사 또는 약사와 상의하십시오.
201003178,니코프리패취(니코틴),니코프리패취,니코틴,(주)대웅제약,,"파라세타몰, 카페인, 이미프라민, 옥사제팜, 펜타조신, 프로프라놀롤, 테오필린, 와파린, 에스트로겐, 리그노카인, 페나세틴, 인슐린, 아드레날린성 길항제(프라조신, 라베탈롤 등), 플레카이니드, 아드레날린성 효능제(이소프레날린, 페닐레프린 등), 프로폭시펜, 테오필린, 타크린, 클로자핀, 로피니롤과 함께 사용 시 의사 또는 약사와 상의하십시오."
201004044,파워톤연질캡슐,파워톤,,(주)동구바이오제약,https://nedrug.mfds.go.kr/pbp/cmn/itemImageDownload/147426502377200063,"이 약을 복용하는 동안 레보도파와 함께 복용하지 마십시오.에스트로겐을 포함한 경구용 피임제, 정주용 지질제와 함께 사용 시 의사 또는 약사와 상의하십시오."
201003989,파워콜에스연질캡슐,파워콜에스,,동화약품(주),https://nedrug.mfds.go.kr/pbp/cmn/itemImageDownload/1P2JYwFs7eh,"진해거담제, 다른 감기약, 해열진통제, 진정제, 항히스타민제를 함유하는 내복약(비염용 경구제, 멀미약, 알레르기용약)과 함께 복용하지 마십시오. 당뇨약, 통풍약, 관절염약, 항응고제, 스테로이드제, 바르비탈계 약물, 삼환계 항우울제, 알코올과 함께 복용 시 의사 또는 약사와 상의하십시오. 복용 중에는 음주하지 마십시오."
201004587,애드민정,애드민,,(주)한국피엠지제약,https://nedrug.mfds.go.kr/pbp/cmn/itemImageDownload/1NC9tOLKPrF,
201005606,키즈부펜시럽(덱시부프로펜),키즈부펜,덱시부프로펜,(주)유유제약,,"다른 비스테로이드성 소염진통제, 아스피린, 고용량의 메토트렉세이트와 함께 사용하지 마십시오. 글루코코르티코이드, 알코올, 디곡신, 페니토인, 프로베네시드, 설핀피라존, 설포닐우레아제, 이뇨제와 항고혈압제 병용, ACE 억제제, 푸로세미드, 리튬, 저용량의 메토트렉세이트, 쿠마린계 항응고제(와파린 등)와 함께 사용 시 의사 또는 약사와 상의하십시오."
201006075,판시딜캡슐,판시딜,,동국제약(주),https://nedrug.mfds.go.kr/pbp/cmn/itemImageDownload/147426514911200081,설폰아미드 제제와 함께 사용 시 의사 또는 약사와 상의하십시오.
201005692,소니펜시럽(덱시부프로펜),소니펜,덱시부프로펜,제이더블유신약(주),,"다른 비스테로이드성 소염진통제, 아스피린, 고용량의 메토트렉세이트와 함께 사용하지 마십시오. 글루코코르티코이드, 알코올, 디곡신, 페니토인, 프로베네시드, 설핀피라존, 설포닐우레아제, 이뇨제와 항고혈압제 병용, ACE 억제제, 푸로세미드, 리튬, 저용량의 메토트렉세이트, 쿠마린계 항응고제(와파린 등)와 함께 사용 시 의사 또는 약사와 상의하십시오."
201006493,하이아이프레쉬점안액(카르복시메틸셀룰로오스나트륨)(1회용),하이아이프레쉬,1회용,(주)휴온스,,
201005694,덱시탑시럽(덱시부프로펜),덱시탑,덱시부프로펜,건일제약(주),,"다른 비스테로이드성 소염진통제, 아스피린, 고용량의 메토트렉세이트와 함께 사용하지 마십시오. 글루코코르티코이드, 알코올, 디곡신, 페니토인, 프로베네시드, 설핀피라존, 설포닐우레아제, 이뇨제와 항고혈압제 병용, ACE 억제제, 푸로세미드, 리튬, 저용량의 메토트렉세이트, 쿠마린계 항응고제(와파린 등)와 함께 사용 시 의사 또는 약사와 상의하십시오."
201006534,화일알벤다졸정,화일알벤다졸,,화일약품(주),https://nedrug.mfds.go.kr/pbp/cmn/itemImageDownload/1N9-UdVMRwJ,"이 약을 복용하는 동안 테오필린, 시메티딘, 프라지콴텔, 덱사메타손, 리토나비르, 페니토인, 카르바마제핀, 페노바르비탈을 함께 복용하지 마십시오."
201005697,맥스프로시럽(덱시부프로펜),맥스프로,덱시부프로펜,일성아이에스(주),,"다른 비스테로이드성 소염진통제, 아스피린, 고용량의 메토트렉세이트와 함께 사용하지 마십시오. 글루코코르티코이드, 알코올, 디곡신, 페니토인, 프로베네시드, 설핀피라존, 설포닐우레아제, 이뇨제와 항고혈압제 병용, ACE 억제제, 푸로세미드, 리튬, 저용량의 메토트렉세이트, 쿠마린계 항응고제(와파린 등)와 함께 사용 시 의사 또는 약사와 상의하십시오."
201006555,맥스케어알파정,맥스케어알파,,신일제약(주),https://nedrug.mfds.go.kr/pbp/cmn/itemImageDownload/1OZV2pPArlf,레보도파와 함께 복용하지 마십시오.
201005753,맥시펜시럽(덱시부프로펜),맥시펜,덱시부프로펜,진양제약(주),,"다른 비스테로이드성 소염진통제, 아스피린, 고용량의 메토트렉세이트와 함께 사용하지 마십시오. 글루코코르티코이드, 알코올, 디곡신, 페니토인, 프로베네시드, 설핀피라존, 설포닐우레아제, 이뇨제와 항고혈압제 병용, ACE 억제제, 푸로세미드, 리튬, 저용량의 메토트렉세이트, 쿠마린계 항응고제(와파린 등)와 함께 사용 시 의사 또는 약사와 상의하십시오."
201006807,마이어스콕골드정,마이어스콕골드,,광동제약(주),https://nedrug.mfds.go.kr/pbp/cmn/itemImageDownload/1Pvn3im1kxC,"인산염, 칼슘염, 경구용 테트라사이클린계 제제, 제산제, 레보도파와 함께 복용하지 마십시오. 항알도스테론제, 트리암테렌, 강심배당체와 함께 복용 시 의사 또는 약사와 상의하십시오. 녹차, 홍차 등 탄닌을 함유하는 차는 복용 중, 복용 전후에는 피하십시오."
201005773,디큐펜프로연질캡슐(이부프로펜),디큐펜프로,이부프로펜,(주)알피바이오,https://nedrug.mfds.go.kr/pbp/cmn/itemImageDownload/1OlyW7wP-ni,"고용량 메토트렉세이트, 다른 비스테로이드성 소염진통제와 함께 이 약을 복용하지 마십시오. 저용량 아스피린, ACE 저해제, 리튬, 푸로세미드 및 티아지드계 이뇨제, 저용량 메토트렉세이트, 쿠마린계 항응혈제(와파린 등), 선택적 세로토닌 재흡수억제제를 함께 복용 시 의사 또는 약사와 상의하십시오."
201005795,닥스펜시럽(덱시부프로펜),닥스펜,덱시부프로펜,(주)바이넥스,,"다른 비스테로이드성 소염진통제, 아스피린, 고용량의 메토트렉세이트와 함께 사용하지 마십시오. 글루코코르티코이드, 알코올, 디곡신, 페니토인, 프로베네시드, 설핀피라존, 설포닐우레아제, 이뇨제와 항고혈압제 병용, ACE 억제제, 푸로세미드, 리튬, 저용량의 메토트렉세이트, 쿠마린계 항응고제(와파린 등)와 함께 사용 시 의사 또는 약사와 상의하십시오."
201006814,안티푸라민파프카타플라스마(플루르비프로펜),안티푸라민파프카타플라스마,플루르비프로펜,(주)유한양행,,
201005800,코코페디시럽(덱시부프로펜),코코페디,덱시부프로펜,삼아제약(주),,"다른 비스테로이드성 소염진통제, 아스피린, 고용량의 메토트렉세이트와 함께 사용하지 마십시오. 글루코코르티코이드, 알코올, 디곡신, 페니토인, 프로베네시드, 설핀피라존, 설포닐우레아제, 이뇨제와 항고혈압제 병용, ACE 억제제, 푸로세미드, 리튬, 저용량의 메토트렉세이트, 쿠마린계 항응고제(와파린 등)와 함께 사용 시 의사 또는 약사와 상의하십시오."
201006869,아이티어플러스점안액,아이티어플러스,,신일제약(주),,
201006494,덱시부시럽(덱시부프로펜),덱시부,덱시부프로펜,(주)팜젠사이언스,,"다른 비스테로이드성 소염진통제, 아스피린, 고용량의 메토트렉세이트와 함께 사용하지 마십시오. 글루코코르티코이드, 알코올, 디곡신, 페니토인, 프로베네시드, 설핀피라존, 설포닐우레아제, 이뇨제와 항고혈압제 병용, ACE 억제제, 푸로세미드, 리튬, 저용량의 메토트렉세이트, 쿠마린계 항응고제(와파린 등)와 함께 사용 시 의사 또는 약사와 상의하십시오."
201006974,비오플250산(사카로마이세스보울라르디균),비오플250,사카로마이세스보울라르디균,건일제약(주),,
201006886,키드칼골드추어블정,키드칼골드추어블,,(주)한풍제약,https://nedrug.mfds.go.kr/pbp/cmn/itemImageDownload/147426523050600022,"이 약을 복용하는 동안 인산염, 칼슘염, 경구용 테트라사이클린계 제제, 제산제, 레보도파를 복용하지 마십시오.강심배당체, 에스트로겐을 포함한 경구용 피임제, 항알도스테론제, 트리암테렌을 함께 복용하는 경우 의사 또는 약사와 상의하십시오.녹차, 홍차 등 탄닌을 함유하는 차는 복용 중, 복용 전후에는 피하십시오."
201007309,파워본연질캡슐,파워본,,(주)에이프로젠바이오로직스,https://nedrug.mfds.go.kr/pbp/cmn/itemImageDownload/146031537943900099,"인산염, 칼슘염, 경구용 테트라사이클린계 제제, 제산제와 함께 복용하지 마십시오. 강심배당체와 함께 복용 시 의사 또는 약사와 상의하십시오. 녹차, 홍차 등 탄닌을 함유하는 차는 복용 중, 복용 전후에는 피하십시오."
201007193,이지목플러스씨캡슐,이지목플러스씨,,(주)한풍제약,https://nedrug.mfds.go.kr/pbp/cmn/itemImageDownload/1Mv12iojCbf,"진해거담제, 다른 감기약, 해열진통제, 진정제, 항히스타민제를 함유하는 내복약(비염용 경구제, 멀미약, 알레르기용약)과 함께 복용하지 마십시오. 이뇨제, 당뇨약, 통풍약, 관절염약, 항응고제, 스테로이드제, 바르비탈계 약물, 삼환계 항우울제, 알코올과 함께 복용 시 의사 또는 약사와 상의하십시오. 복용 중에는 음주하지 마십시오."
201007524,본엔디연질캡슐,본엔디,,일양약품(주),https://nedrug.mfds.go.kr/pbp/cmn/itemImageDownload/1P2JYwFs9e_,"인산염, 칼슘염, 경구용 테트라사이클린계 제제, 제산제와 함께 복용하지 마십시오. 강심배당체, 항알도스테론제, 트리암테렌과 함께 복용 시 의사 또는 약사와 상의하십시오. 녹차, 홍차 등 탄닌을 함유하는 차는 복용 중, 복용 전후에는 피하십시오."
201007341,오메코프에스캡슐,오메코프에스,,(주)에이프로젠바이오로직스,https://nedrug.mfds.go.kr/pbp/cmn/itemImageDownload/151732680805000036,"진해거담제, 다른 감기약, 해열진통제, 진정제, 항히스타민제를 함유하는 내복약(비염용 경구제, 멀미약, 알레르기용약)과 함께 복용하지 마십시오. MAO억제제(항우울제, 항정신병제, 감정조절제, 항파킨슨제 등)를 복용하고 있거나 복용을 중단한 후 2주 이내의 사람은 이 약을 복용하지 마십시오. 바르비탈계 약물, 삼환계 항우울제 및 알코올과 함께 복용 시 의사 또는 약사와 상의하십시오. 복용 중에는 음주하지 마십시오."
201100266,올비틸아이시럽,올비틸아이,,영진약품(주),,레보도파와 함께 복용하지 마십시오.에스트로겐을 포함한 경구용 피임제와 함께 복용 시 의사 또는 약사와 상의하십시오.
201100034,판시딜액5%(미녹시딜),판시딜,미녹시딜,동국제약(주),,"이 약을 사용하는 동안 다른 두피용 약물, 외용 코르티코이드, 레티노이드, 바셀린, 디트라놀 또는 경피흡수를 촉진시킨다고 알려진 약물, 구아네티틴 등의 혈관확장제를 함께 사용하지 마십시오."
201100657,아르기닌베이론액(L-아르기닌염산염),아르기닌베이론,L-아르기닌염산염,(주)제뉴파마,,
201101004,칼트레이트디400,칼트레이트디400,,헤일리온코리아주식회사,https://nedrug.mfds.go.kr/pbp/cmn/itemImageDownload/1NCzXnoXFBe,"인산염, 칼슘염, 경구용 테트라사이클린계 제제, 제산제, 플루오로퀴놀론계 항생제, 레보티록신과 함께 복용하지 마십시오. 강심배당체, 항알도스테론제, 트리암테렌과 함께 복용 시 의사 또는 약사와 상의하십시오. 녹차, 홍차 등 탄닌을 함유하는 차는 복용 중, 복용 전후에는 피하십시오."
201100502,터논연질캡슐(덱시부프로펜),터논,덱시부프로펜,(주)종근당,https://nedrug.mfds.go.kr/pbp/cmn/itemImageDownload/1OLYZI_IeAP,"이 약을 복용하는 동안 다른 비스테로이드성 소염진통제, 아스피린, 고용량의 메토트렉세이트를 사용하지 마십시오. 이 약을 복용하기 전에 코르티코스테로이드, 알코올, 디곡신, 페니토인, 프로베네시드, 설핀피라존, 설포닐우레아제, ACE 억제제 또는 안지오텐신Ⅱ 수용체 길항제, 이뇨제, 리튬, 쿠마린계 항응고제(와르파린 등), 바클로펜, 면역억제제(시클로스포린, 타크로리무스, 시롤리무스), 혈전용해제, 티클로피딘, 항혈전제, 혈중 칼륨농도를 증가시키는 약물(예, 칼륨 저류형 이뇨제, ACE 억제제, 안지오텐신-Ⅱ 수용체 길항제, 시클로스포린과 타크로리무스와 같은 면역억제제, 트리메토프림, 헤파린 등), CYP2C8, CYP2C9의 유도제(예, 리팜피신, 페노바르비탈), 저용량(15 mg/주 미만)의 메토트렉세이트, 항혈소판제 및 선택적 세로토닌 재흡수 억제제를 함께 사용 시 의사 또는 약사와 상의하십시오."
201101014,칼디업츄어블정,칼디업츄어블,,(주)휴온스,https://nedrug.mfds.go.kr/pbp/cmn/itemImageDownload/1Q0ctIKcDcg,"인산염, 칼슘염, 경구용 테트라사이클린계제제, 제산제와 함께 복용하지 마십시오.녹차, 홍차 등 탄닌을 함유하는 차는 복용 중, 복용 전후에는 피하십시오."
201101292,테라플루콜드앤코프나이트타임건조시럽,테라플루콜드앤코프나이트타임,,헤일리온코리아주식회사,,"아세트아미노펜을 포함하는 다른 제품, MAO 억제제(항우울제, 항정신병제, 감정조절제, 항파킨슨제 등), 디펜히드라민을 포함하는 다른 제품, 진해거담제, 다른 감기약, 해열진통제, 진정제, 수면제, 항히스타민제, 바르비탈계 약물, 삼환계 항우울제, 알코올, 다른 교감신경성 약물(충혈제거제, 식욕억제제, 암페타민 등), 항고혈압약(혈관확장제, 베타차단제, 데브리소퀸, 구아네티딘, 레세르핀, 메틸도파 등), 메토클로프라미드, 돔페리돈, 콜레스티라민, 와파린, 쿠마린계 항응고제, 항콜린성 약물, 클로람페니콜, 지도부딘, 프로베네시드, 디곡신 및 강심배당체, 맥각알칼로이드(에르고타민, 메티세르자이드)와 함께 복용하지 마십시오."
201101293,테라플루콜드앤코프데이타임건조시럽,테라플루콜드앤코프데이타임,,헤일리온코리아주식회사,,"아세트아미노펜을 포함하는 다른 제품, MAO 억제제(항우울제, 항정신병제, 감정조절제, 항파킨슨제 등), 진해거담제, 다른 감기약, 해열진통제, 진정제, 항히스타민제, 바르비탈계 약물, 삼환계 항우울제, 알코올, 다른 교감신경성 약물(충혈제거제, 식욕억제제, 암페타민 등), 항고혈압약(혈관확장제, 베타차단제, 데브리소퀸, 구아네티딘, 레세르핀, 메틸도파 등), 메토클로프라미드, 돔페리돈, 콜레스티라민, 와파린, 쿠마린계 항응고제, 클로람페니콜, 지도부딘, 프로베네시드, 디곡신 및 강심배당체, 맥각알칼로이드(에르고타민, 메티세르자이드), 아미오다론, 할로페리돌, 퀴니딘과 함께 복용하지 마십시오."
201101451,알부골드연질캡슐,알부골드,,(주)에이프로젠바이오로직스,https://nedrug.mfds.go.kr/pbp/cmn/itemImageDownload/146030922817200035,"레보도파와 함께 복용하지 마십시오. 에스트로겐을 포함한 경구용 피임제, 정주용 지질제와 함께 사용 시 의사 또는 약사와 상의하십시오."
201101771,옵트클린점안액,옵트클린,,명문제약(주),,
201101837,아이뉴점안액,아이뉴,,명문제약(주),,
201101838,아이원점안액,아이원,,명문제약(주),,
201101902,시네프린나잘액0.5%(페닐레프린염산염),시네프린나잘,페닐레프린염산염,태극제약(주),,사용 중에는 음주하지 마십시오.
201102036,둥근머리버물리겔,둥근머리버물리,,현대약품(주),,
201102069,미로틱필름코팅정,미로틱필름코팅,,조아제약(주),https://nedrug.mfds.go.kr/pbp/cmn/itemImageDownload/1Pvn3im1lGP,레보도파와 함께 복용하지 마십시오.
201102450,임팩타민프리미엄정,임팩타민프리미엄,,(주)대웅제약,https://nedrug.mfds.go.kr/pbp/cmn/itemImageDownload/1Niwca6NO1I,"이 약을 복용하는 동안 인산염, 칼슘염, 경구용 테트라사이클린계 제제, 제산제, 레보도파와 함께 사용하지 마십시오. 이 약을 복용하기 전에 에스트로겐을 포함한 경구용 피임제, 항알도스테론제, 트리암테렌과 함께 사용 시 의사 또는 약사와 상의하십시오. 녹차, 홍차 등 탄닌을 함유하는 차는 복용 중, 복용 전후에는 피하십시오."
201102482,쎄라투연질캡슐,쎄라투,,(주)에이프로젠바이오로직스,https://nedrug.mfds.go.kr/pbp/cmn/itemImageDownload/147426549018000094,"인산염, 칼슘염, 경구용 테트라사이클린계 제제, 제산제와 함께 복용하지 마십시오.에스트로겐을 포함한 경구용 피임제, 항알도스테론제, 트리암테렌, 정주용 지질제와 함께 사용 시 의사 또는 약사와 상의하십시오.녹차, 홍차 등 탄닌을 함유하는 차는 복용 중, 복용 전후에는 피하십시오."
201102543,콘비400정,콘비400,,(주)마더스제약,https://nedrug.mfds.go.kr/pbp/cmn/itemImageDownload/1N1Z0LZLCX0,레보도파와 함께 복용하지 마십시오.
201102618,미리콜연질캡슐,미리콜,,(주)알피바이오,https://nedrug.mfds.go.kr/pbp/cmn/itemImageDownload/1OmrseGd9JB,"아세트아미노펜을 포함하는 다른 제품, 진해(기침을 그치게 함)거담제(가래약), 다른 감기약, 해열진통제, 진정제, 항히스타민제를 함유하는 내복약(비염용 경구제, 멀미약, 알레르기용약)과 함께 복용하지 마십시오. MAO억제제(항우울제, 항정신병제, 감정조절제, 항파킨슨제 등)를 복용하고 있거나 복용을 중단한 후 2주 이내의 사람은 이 약을 복용하지 마십시오. 당뇨약, 통풍약, 관절염약, 항응고제, 스테로이드제, 바르비탈계 약물, 삼환계 항우울제, 알코올과 함께 복용 시 의사 또는 약사와 상의하십시오. 복용 중에는 음주하지 마십시오."
201103116,뉴콘틴연질캡슐,뉴콘틴,,정우신약(주),https://nedrug.mfds.go.kr/pbp/cmn/itemImageDownload/1Ogz8Ct6u5F,"레보도파와 함께 복용하지 마십시오.에스트로겐을 포함한 경구용 피임제, 정주용 지질제와 함께 사용 시 의사 또는 약사와 상의하십시오."
201103151,신한방화콜캡슐,신한방화콜,,제이더블유중외제약(주),https://nedrug.mfds.go.kr/pbp/cmn/itemImageDownload/148431162903300154,"아세트아미노펜을 포함하는 다른 제품, MAO억제제(항우울제, 항정신병제, 감정조절제, 항파킨슨제 등), 진해(기침을 그치게 함)거담제(가래약), 다른 감기약, 해열진통제, 진정제, 항히스타민제를 함유하는 내복약(비염용 경구제, 멀미약, 알레르기용약)과 함께 복용하지 마십시오. 바르비탈계 약물, 삼환계 항우울제, 알코올을 투여한 환자, 칼륨함유제제, 감초함유제제, 글리시리진산 또는 그 염류 함유제제, 루프계 이뇨제(푸로세미드, 에타크린산) 또는 티아지드계 이뇨제(트리클로르메티아지드)와 함께 복용 시 의사 또는 약사와 상의하십시오. 복용 중에는 음주하지 마십시오."
201103356,하노백플러스정,하노백플러스,,동아제약(주),https://nedrug.mfds.go.kr/pbp/cmn/itemImageDownload/147426555198900017,"인산염, 칼슘염, 경구용 테트라사이클린계 제제, 제산제, 레보도파와 함께 복용하지 마십시오. 강심배당체, 에스트로겐을 포함한 경구용 피임제, 항알도스테론제, 트리암테렌과 함께 복용 시 의사 또는 약사와 상의하십시오. 녹차, 홍차 등 탄닌을 함유하는 차는 복용 중, 복용 전후에는 피하십시오."
201103677,속콜코프엘연질캡슐,속콜코프엘,,일양약품(주),https://nedrug.mfds.go.kr/pbp/cmn/itemImageDownload/1P2JYwFs9fY,"다른 진해거담제, 감기약, 항히스타민제를 함유하는 내복약(비염용 경구제, 멀미약, 알레르기용약), 진정제와 함께 복용하지 마십시오. MAO 억제제(항우울제, 항정신병제, 감정조절제, 항파킨슨제 등)를 복용하고 있거나 복용을 중단한 후 2주 이내의 사람은 이 약을 복용하지 마십시오. 복용 중에는 음주하지 마십시오."
201103366,한솔이부프로펜연질캡슐,한솔이부프로펜,,한솔신약(주),https://nedrug.mfds.go.kr/pbp/cmn/itemImageDownload/147426555198900023,"고용량 메토트렉세이트, 다른 비스테로이드성 소염진통제와 함께 이 약을 복용하지 마십시오. 저용량 아스피린, ACE 저해제, 리튬, 푸로세미드 및 티아지드계 이뇨제, 저용량 메토트렉세이트, 쿠마린계 항응혈제(와파린 등), 선택적 세로토닌 재흡수억제제를 함께 복용 시 의사 또는 약사와 상의하십시오."
201103627,미그펜400연질캡슐(이부프로펜),미그펜400,이부프로펜,(주)알피바이오,https://nedrug.mfds.go.kr/pbp/cmn/itemImageDownload/1OM2GQpPV3t,"고용량 메토트렉세이트, 다른 비스테로이드성 소염진통제와 함께 이 약을 복용하지 마십시오. 저용량 아스피린, ACE 저해제, 리튬, 푸로세미드 및 티아지드계 이뇨제, 저용량 메토트렉세이트, 쿠마린계 항응혈제(와파린 등), 선택적 세로토닌 재흡수억제제를 함께 복용 시 의사 또는 약사와 상의하십시오."
201103628,스피딕400연질캡슐(이부프로펜),스피딕400,이부프로펜,광동제약(주),https://nedrug.mfds.go.kr/pbp/cmn/itemImageDownload/1P2JYwFsACT,"고용량 메토트렉세이트, 다른 비스테로이드성 소염진통제와 함께 이 약을 복용하지 마십시오. 저용량 아스피린, ACE 저해제, 리튬, 푸로세미드 및 티아지드계 이뇨제, 저용량 메토트렉세이트, 쿠마린계 항응혈제(와파린 등), 선택적 세로토닌 재흡수억제제를 함께 복용 시 의사 또는 약사와 상의하십시오."
201103683,속콜플러스연질캡슐,속콜플러스,,일양약품(주),https://nedrug.mfds.go.kr/pbp/cmn/itemImageDownload/154298772606600082,"진해거담제, 다른 감기약, 해열진통제, 진정제, 항히스타민제를 함유하는 내복약(비염용 경구제, 멀미약, 알레르기용약)과 함께 복용하지 마십시오. 당뇨약, 통풍약, 관절염약, 항응고제, 스테로이드제, 바르비탈계 약물, 삼환계 항우울제, 알코올과 함께 복용 시 의사 또는 약사와 상의하십시오. 복용 중에는 음주하지 마십시오."
201103942,물린디키드크림,물린디키드,,신신제약(주),,
201103782,제로콜연질캡슐,제로콜,,(주)알피바이오,https://nedrug.mfds.go.kr/pbp/cmn/itemImageDownload/148864211833300011,"진해거담제, 다른 감기약, 해열진통제, 진정제, 항히스타민제를 함유하는 내복약(비염용 경구제, 멀미약, 알레르기용약)과 함께 복용하지 마십시오. MAO 억제제(항우울제, 항정신병제, 감정조절제, 항파킨슨제 등)를 복용하고 있거나 복용을 중단한 후 2주 이내의 사람은 이 약을 복용하지 마십시오. 바르비탈계 약물, 삼환계 항우울제, 알코올, 당뇨약, 통풍약, 관절염약, 항응고제, 스테로이드제와 함께 복용 시 의사 또는 약사와 상의하십시오. 복용 중에는 음주하지 마십시오."
201104019,아웃콜코정,아웃콜코,,정우신약(주),https://nedrug.mfds.go.kr/pbp/cmn/itemImageDownload/1Pvn3im1lpq,"진해거담제, 다른 감기약, 해열진통제, 진정제, 항히스타민제를 함유하는 내복약(비염용 경구제, 멀미약, 알레르기용약)과 함께 복용하지 마십시오. MAO억제제(항우울제, 항정신병제, 감정조절제, 항파킨슨제 등)를 복용하고 있거나 복용을 중단한 후 2주 이내의 사람은 이 약을 복용하지 마십시오. 당뇨약, 통풍약, 관절염약, 항응고제, 스테로이드제, 바르비탈계 약물, 삼환계 항우울제, 알코올, 칼륨함유제제, 감초함유제제, 글리시리진산 또는 그 염류 함유제제, 루프계 이뇨제(푸로세미드, 에타크린산) 또는 티아지드계 이뇨제(트리클로르메티아지드)와 함께 복용 시 의사 또는 약사와 상의하십시오. 복용 중에는 음주하지 마십시오."
201104267,스피콜드연질캡슐,스피콜드,,(주)알피바이오,https://nedrug.mfds.go.kr/pbp/cmn/itemImageDownload/1Pvn3im1nUR,"진해거담제, 다른 감기약, 해열진통제, 진정제, 항히스타민제를 함유하는 내복약(비염용 경구제, 멀미약, 알레르기용약)과 함께 복용하지 마십시오. MAO억제제(항우울제, 항정신병제, 감정조절제, 항파킨슨제 등)를 복용하고 있거나 복용을 중단한 후 2주 이내의 사람은 이 약을 복용하지 마십시오. 당뇨약, 통풍약, 관절염약, 항응고제, 스테로이드제, 바르비탈계 약물, 삼환계 항우울제, 알코올과 함께 복용 시 의사 또는 약사와 상의하십시오. 복용 중에는 음주하지 마십시오."
201104297,니코레트인비지패취(니코틴),니코레트인비지패취,니코틴,켄뷰코리아판매유한회사,,"파라세타몰, 카페인, 이미프라민, 옥사제팜, 펜타조신, 프로프라놀롤, 테오필린, 와파린, 에스트로겐, 리그노카인, 페나세틴, 인슐린, 아드레날린성 길항제(프라조신, 라베탈롤 등), 플레카이니드, 아드레날린성 효능제(이소프레날린, 페닐레프린), 프로폭시펜, 푸로세미드 이뇨제, H2길항제, 베타차단제, 테오필린, 타크린, 클로자핀, 로피니롤과 함께 사용 시 의사 또는 약사와 상의하십시오."
201104309,플라도반액,플라도반,,일동제약(주),,레보도파와 함께 복용하지 마십시오.
201104359,스카풀라정,스카풀라,,동아제약(주),https://nedrug.mfds.go.kr/pbp/cmn/itemImageDownload/1Pvn3im1n3f,"다른 해열진통제, 감기약, 진정약 등과 함께 복용하지 마십시오."
201104314,아웃콜목골드캡슐,아웃콜목골드,,정우신약(주),https://nedrug.mfds.go.kr/pbp/cmn/itemImageDownload/147978952750300136,"아세트아미노펜을 포함하는 다른 제품, MAO 억제제(항우울제, 항정신병제, 감정조절제, 항파킨슨제 등), 진해거담제, 다른 감기약, 해열진통제, 진정제, 항히스타민제를 함유하는 내복약(비염용 경구제, 멀미약, 알레르기용약), 디펜히드라민을 함유하는 제제와 함께 복용하지 마십시오.바르비탈계 약물, 삼환계 항우울제, 알코올, 당뇨약, 통풍약, 관절염약, 항응고제, 스테로이드제와 함께 복용 시 의사 또는 약사와 상의하십시오.복용 중에는 음주하지 마십시오."
201104519,목기천연질캡슐,목기천,,(주)알피바이오,https://nedrug.mfds.go.kr/pbp/cmn/itemImageDownload/1MdYV-PxYoa,"다른 진해(기침을 그치게 함)거담제(가래약), 감기약, 항히스타민제를 함유하는 내복약(비염(코염)용 경구제, 멀미약, 알레르기용약), 진정제와 함께 복용하지 마십시오. MAO억제제(항우울제, 항정신병제, 감정조절제, 항파킨슨제 등)를 복용하고 있거나 복용을 중단한 후 2주 이내의 사람은 이 약을 복용하지 마십시오. 복용 중에는 음주하지 마십시오."
201104602,큐라스텐액(시트룰린말산염),큐라스텐,시트룰린말산염,대원제약(주),,
201104795,키즈하이츄어블정,키즈하이츄어블,,(주)한풍제약,https://nedrug.mfds.go.kr/pbp/cmn/itemImageDownload/147426564858700011,"인산염, 칼슘염, 경구용 테트라사이클린계 제제, 제산제, 레보도파와 함께 복용하지 마십시오이 약을 복용하기 전에 강심배당체, 에스트로겐을 포함한 경구용 피임제, 항알도스테론제, 트리암테렌을 복용중인 환자는 의사 또는 약사와 상의하십시오.녹차, 홍차 등 탄닌을 함유하는 차는 복용 중, 복용 전후에는 피하십시오."
201105106,액티큐정,액티큐,,알보젠코리아(주),https://nedrug.mfds.go.kr/pbp/cmn/itemImageDownload/1MxGLPXNlnl,"다른 약물, 제산제와 함께 복용하지 마십시오.우유 섭취 후 1시간 이내는 복용을 피하십시오."
201105016,브레핀에스연질캡슐(이부프로펜),브레핀에스,이부프로펜,제이더블유중외제약(주),https://nedrug.mfds.go.kr/pbp/cmn/itemImageDownload/1PHso-WYTay,"고용량 메토트렉세이트, 다른 비스테로이드성 소염진통제와 함께 이 약을 복용하지 마십시오. 저용량 아스피린, ACE 저해제, 리튬, 푸로세미드 및 티아지드계 이뇨제, 저용량 메토트렉세이트, 쿠마린계 항응혈제(와파린 등), 선택적 세로토닌 재흡수억제제를 함께 복용 시 의사 또는 약사와 상의하십시오."
201105149,메가클린연질캡슐,메가클린,,명문제약(주),https://nedrug.mfds.go.kr/pbp/cmn/itemImageDownload/1NOwp2F6LHm,"MAO억제제(항우울제, 항정신병제, 감정조절제, 항파킨슨제 등), 다른 진해거담제, 감기약, 항히스타민제를 함유하는 내복약(비염용 경구제, 멀미약, 알레르기용약), 진정제와 함께 복용하지 마십시오. MAO억제제(항우울제, 항정신병제, 감정조절제, 항파킨슨제 등) 복용을 중단한 후 2주 이내의 사람은 이 약을 복용하지 마십시오. 복용 중에는 음주하지 마십시오."
201105150,클린파워연질캡슐,클린파워,,명문제약(주),https://nedrug.mfds.go.kr/pbp/cmn/itemImageDownload/1Pvn3im1mIj,"진해(기침을 그치게 함)거담제(가래약), 다른 감기약, 해열진통제, 진정제, 항히스타민제를 함유하는 내복약(비염(코염)용 경구제, 멀미약, 알레르기용약)과 함께 복용하지 마십시오. MAO억제제(항우울제, 항정신병제, 감정조절제, 항파킨슨제 등)를 복용하고 있거나 복용을 중단한 후 2주 이내의 사람은 이 약을 복용하지 마십시오. 당뇨약, 통풍약, 관절염약, 항응고제, 스테로이드제, 바르비탈계 약물, 삼환계 항우울제, 알코올과 함께 복용 시 의사 또는 약사와 상의하십시오. 복용 중에는 음주하지 마십시오."
201105482,아이투오미니점안액(카르복시메틸셀룰로오스나트륨)(1회용),아이투오미니,1회용,삼일제약(주),,
201105515,멜라노사크림(히드로퀴논),멜라노사,히드로퀴논,동아제약(주),,
201105817,프리미어평위천액,프리미어평위천,,광동제약(주),,
201105913,뉴이라쎈액,뉴이라쎈,,(주)테라젠이텍스,,레보도파 성분의 약과 함께 복용하지 마십시오.
201106789,폴엔정(폴산),폴엔,폴산,신일제약(주),https://nedrug.mfds.go.kr/pbp/cmn/itemImageDownload/154298778984500057,"p-아미노살리실산, 경구용 피임제, 디하이드로폴레이트 환원효소 저해제(메토트렉세이트, 트리메토프림 등), 페니토인 같은 히단토인계, 카바마제핀, 프리미돈, 페노바비탈 성분의 항간질제, 설파살라진, 콜레스티라민과 함께 복용 시 의사 또는 약사와 상의하십시오."
201107084,맥스프로펜시럽(덱시부프로펜),맥스프로펜,덱시부프로펜,(주)테라젠이텍스,,"다른 비스테로이드성 소염진통제, 아스피린, 고용량의 메토트렉세이트와 함께 사용하지 마십시오. 글루코코르티코이드, 알코올, 디곡신, 페니토인, 프로베네시드, 설핀피라존, 설포닐우레아제, 이뇨제와 항고혈압제 병용, ACE 억제제, 푸로세미드, 리튬, 저용량의 메토트렉세이트, 쿠마린계 항응고제(와파린 등)와 함께 사용 시 의사 또는 약사와 상담하십시오."
201108206,폴리아린에프캡슐,폴리아린에프,,알리코제약(주),https://nedrug.mfds.go.kr/pbp/cmn/itemImageDownload/147426587165200136,"위장진통제, 진경(경련완화)제와 함께 복용하지 마십시오.복용 중에는 음주하지 마십시오."
201108893,비바원정,비바원,,조아제약(주),https://nedrug.mfds.go.kr/pbp/cmn/itemImageDownload/147426581382500026,레보도파와 함께 복용하지 마십시오.
201108895,키토실츄어블정,키토실츄어블,,(주)한풍제약,https://nedrug.mfds.go.kr/pbp/cmn/itemImageDownload/154298772606600004,"인산염, 칼슘염, 경구용 테트라사이클린계 제제, 제산제, 레보도파와 함께 복용하지 마십시오. 에스트로겐을 포함한 경구(먹는)용 피임제, 항알도스테론제, 트리암테렌, 강심배당체와 함께 복용 시 의사 또는 약사와 상의하십시오. 녹차, 홍차 등 탄닌을 함유하는 차는 복용 중, 복용 전후에는 피하십시오."
201109442,화콜클래식원연질캡슐,화콜클래식원,,제이더블유중외제약(주),https://nedrug.mfds.go.kr/pbp/cmn/itemImageDownload/1Py1I7lNBVH,"아세트아미노펜을 포함하는 다른 제품, MAO 억제제(항우울제, 항정신병제, 감정조절제, 항파킨슨제 등), 진해거담제, 다른 감기약, 해열진통제, 진정제, 항히스타민제를 함유하는 내복약(비염용 경구제, 멀미약, 알레르기용약)과 함께 복용하지 마십시오.바르비탈계 약물, 삼환계 항우울제, 알코올을 투여한 환자는 의사 또는 약사와 상의하십시오.복용 중에는 음주하지 마십시오."
201109596,더블락캡슐,더블락,,일양약품(주),https://nedrug.mfds.go.kr/pbp/cmn/itemImageDownload/147426587165200087,
201109654,라니아정,라니아,,현대약품(주),https://nedrug.mfds.go.kr/pbp/cmn/itemImageDownload/148431162903300184,"C형 간염 직접 작용 항바이러스제(옴비타스비르, 파리타프레비르, 리토나비르 복합제 등), 페니토인, 바르비탈류, 프리미돈, 카르바마제핀, 리팜피신, 루피나미드, 아프레피탄트, 보센탄, 에파비렌즈, 옥스카르바제핀, 토피라메이트, 펠바메이트, 그리세오풀빈과 세인트존스풀, 고지혈증약물, 항생제와 함께 복용하지 마십시오.자몽주스와 함께 복용하지 마십시오."
201109733,"미놀에프트로키(페퍼민트맛, 오렌지맛, 모과맛, 복숭아맛)",미놀에프트로키,페퍼민트맛|오렌지맛|모과맛|복숭아맛,경남제약(주),,"이 약을 복용하는 동안 MAO 억제제(항우울제, 항정신병제, 감정조절제, 항파킨슨제 등), 다른 진해(기침을 그치게 함)거담제(가래약), 감기약, 항히스타민제를 함유하는 내복약(비염용 경구제, 멀미약, 알레르기용약), 진정제와 함께 사용하지 마십시오. 복용 중에는 음주하지 마십시오."
201109823,루핑점안액(1회용),루핑,1회용,현대약품(주),,
201109826,메가콘사민-에프연질캡슐,메가콘사민-에프,,(주)테라젠이텍스,https://nedrug.mfds.go.kr/pbp/cmn/itemImageDownload/1Pvn3im1n5O,"레보도파와 함께 복용하지 마십시오.에스트로겐을 포함한 경구용 피임제, 정주용 지질제와 함께 사용 시 의사 또는 약사와 상의하십시오."
201110120,트리스펜연질캡슐(이부프로펜),트리스펜,이부프로펜,동화약품(주),https://nedrug.mfds.go.kr/pbp/cmn/itemImageDownload/154661645880000045,"고용량 메토트렉세이트, 다른 비스테로이드성 소염진통제와 함께 이 약을 복용하지 마십시오. 저용량 아스피린, ACE 저해제, 리튬, 푸로세미드 및 티아지드계 이뇨제, 저용량 메토트렉세이트, 쿠마린계 항응혈제(와파린 등), 선택적 세로토닌 재흡수억제제를 함께 복용 시 의사 또는 약사와 상의하십시오."
201110262,아미나엑스정(니코틴산아미드),아미나,니코틴산아미드,신일제약(주),https://nedrug.mfds.go.kr/pbp/cmn/itemImageDownload/1P_guZXilBY,
201110342,세라덤크림,세라덤,,신신제약(주),,
201110424,본스칼츄어블정,본스칼츄어블,,조아제약(주),https://nedrug.mfds.go.kr/pbp/cmn/itemImageDownload/154653003766800067,"인산염, 칼슘염, 경구용 테트라사이클린계제제, 제산제와 함께 복용하지 마십시오. 항알도스테론제, 트리암테렌, 강심배당체와 함께 복용 시 의사 또는 약사와 상의하십시오. 녹차, 홍차 등 탄닌을 함유하는 차는 복용 중, 복용 전후에는 피하십시오."
201110516,덱시푸루펜연질캡슐(덱시부프로펜),덱시푸루펜,덱시부프로펜,영진약품(주),https://nedrug.mfds.go.kr/pbp/cmn/itemImageDownload/1NDXmGS9fJO,"이 약을 복용하는 동안 다른 비스테로이드성 소염진통제, 아스피린, 고용량의 메토트렉세이트를 사용하지 마십시오. 이 약을 복용하기 전에 코르티코스테로이드, 알코올, 디곡신, 페니토인, 프로베네시드, 설핀피라존, 설포닐우레아제, ACE 억제제 또는 안지오텐신Ⅱ 수용체 길항제, 이뇨제, 리튬, 쿠마린계 항응고제(와르파린 등), 바클로펜, 면역억제제(시클로스포린, 타크로리무스, 시롤리무스), 혈전용해제, 티클로피딘, 항혈전제, 혈중 칼륨농도를 증가시키는 약물(예, 칼륨 저류형 이뇨제, ACE 억제제, 안지오텐신-Ⅱ 수용체 길항제, 시클로스포린과 타크로리무스와 같은 면역억제제, 트리메토프림, 헤파린 등), CYP2C8, CYP2C9의 유도제(예, 리팜피신, 페노바르비탈), 저용량(15 mg/주 미만)의 메토트렉세이트, 항혈소판제 및 선택적 세로토닌 재흡수 억제제를 함께 사용 시 의사 또는 약사와 상의하십시오."
201110563,폴시드정0.4밀리그램(폴산),폴시드,폴산,조아제약(주),https://nedrug.mfds.go.kr/pbp/cmn/itemImageDownload/147426592401600075,"p-아미노살리실산, 경구용 피임제, 디하이드로폴레이트 환원효소 저해제(메토트렉세이트, 트리메토프림 등), 페니토인 같은 히단토인계, 카바마제핀, 프리미돈, 페노바비탈 성분의 항간질제, 설파살라진, 콜레스티라민과 함께 복용 시 의사 또는 약사와 상의하십시오."
201110661,훼리맘큐연질캡슐,훼리맘큐,,광동제약(주),https://nedrug.mfds.go.kr/pbp/cmn/itemImageDownload/147426592401600084,"인산염, 칼슘염, 경구용 테트라사이클린계 제제, 제산제와 함께 복용하지 마십시오. 항알도스테론제, 트리암테렌과 함께 복용 시 의사 또는 약사와 상의하십시오. 녹차, 홍차 등 탄닌을 함유하는 차는 복용 중, 복용 전후에는 피하십시오."
201110740,안티푸라민쿨카타플라스마(펠비낙),안티푸라민쿨카타플라스마,펠비낙,(주)유한양행,,
201110646,덱스피드연질캡슐(덱시부프로펜),덱스피드,덱시부프로펜,(주)유한양행,https://nedrug.mfds.go.kr/pbp/cmn/itemImageDownload/1OCxjzi8sHI,"이 약을 복용하는 동안 다른 비스테로이드성 소염진통제, 아스피린, 고용량의 메토트렉세이트를 사용하지 마십시오. 이 약을 복용하기 전에 코르티코스테로이드, 알코올, 디곡신, 페니토인, 프로베네시드, 설핀피라존, 설포닐우레아제, ACE 억제제 또는 안지오텐신Ⅱ 수용체 길항제, 이뇨제, 리튬, 쿠마린계 항응고제(와르파린 등), 바클로펜, 면역억제제(시클로스포린, 타크로리무스, 시롤리무스), 혈전용해제, 티클로피딘, 항혈전제, 혈중 칼륨농도를 증가시키는 약물(예, 칼륨 저류형 이뇨제, ACE 억제제, 안지오텐신-Ⅱ 수용체 길항제, 시클로스포린과 타크로리무스와 같은 면역억제제, 트리메토프림, 헤파린 등), CYP2C8, CYP2C9의 유도제(예, 리팜피신, 페노바르비탈), 저용량(15 mg/주 미만)의 메토트렉세이트, 항혈소판제 및 선택적 세로토닌 재흡수 억제제를 함께 사용 시 의사 또는 약사와 상의하십시오."
201110744,비타미니아정,비타미니아,,동화약품(주),https://nedrug.mfds.go.kr/pbp/cmn/itemImageDownload/149723197859900003,레보도파와 함께 복용하지 마십시오.
201110747,이부플러스생정,이부플러스생,,정우신약(주),https://nedrug.mfds.go.kr/pbp/cmn/itemImageDownload/1Pvn3im1n-E,"다른 해열진통제, 감기약, 진통제와 함께 복용하지 마십시오. 당뇨약, 통풍약, 관절염약, 항응고제, 스테로이드제, 이뇨제, 저용량 아스피린, 칼륨함유제제, 감초함유제제, 글리시리진산 또는 그 염류 함유제제, 루프계 이뇨제(푸로세미드, 에타크린산) 또는 티아지드계 이뇨제(트리클로르메티아지드)와 함께 복용 시 의사 또는 약사와 상의하십시오. 복용 중에는 음주하지 마십시오."
201110905,쎈타력액,쎈타력,,삼진제약(주),,
201112308,바렌굿겔,바렌굿,,(주)대웅제약,,
201200204,비타맥스정,비타맥스,,(주)마더스제약,https://nedrug.mfds.go.kr/pbp/cmn/itemImageDownload/147426592401600191,"인산염, 칼슘염, 경구용 테트라사이클린계 제제, 제산제, 레보도파와 함께 복용하지 마십시오. 강심배당체, 항알도스테론제, 트리암테렌과 함께 복용 시 의사 또는 약사와 상의하십시오. 녹차, 홍차 등 탄닌을 함유하는 차는 복용 중, 복용 전후에는 피하십시오."
201200641,제이더블유신약리도카인크림9.6%,제이더블유신약리도카인,,제이더블유신약(주),,
201200715,팩트라민정,팩트라민,,알리코제약(주),https://nedrug.mfds.go.kr/pbp/cmn/itemImageDownload/1PqCjCpvN6g,"이 약을 복용하는 동안 인산염, 칼슘염, 경구용 테트라사이클린계 제제, 제산제, 레보도파를 복용하지 마십시오.이 약을 복용하기 전에 에스트로겐을 포함한 경구용 피임제, 항알도스테론제, 트리암테렌과 함께 사용 시 의사 또는 약사와 상의하십시오.녹차, 홍차 등 탄닌을 함유하는 차는 복용 중, 복용 전후에는 피하십시오."
201200717,디멘정,디멘,,(주)바이넥스,https://nedrug.mfds.go.kr/pbp/cmn/itemImageDownload/1NcuRwKmzDy,"다른 진토제, 감기약, 해열진통제, 항히스타민제, 진정제, 진해거담제, 알코올 음료 등과 함께 복용하지 마십시오."
201200854,비코그린에스정,비코그린에스,,코오롱제약(주),https://nedrug.mfds.go.kr/pbp/cmn/itemImageDownload/148674126111200164,이 약을 복용하는 동안 다른 하제(설사약)를 복용하지 마십시오.제산제 또는 우유 섭취 후 1시간 이내에 이 약을 복용하지 마십시오.
201200930,자임큐텐연질캡슐,자임큐텐,,(주)아이월드제약,https://nedrug.mfds.go.kr/pbp/cmn/itemImageDownload/1Md8mOUAc5Q,"인산염, 칼슘염, 경구용 테트라사이클린계 제제, 제산제와 함께 복용하지 마십시오.에스트로겐을 포함한 경구(먹는)용 피임제, 항알도스테론제, 트리암테렌, 정주용 지질제와 함께 복용 시 의사 또는 약사와 상의하십시오.녹차, 홍차 등 탄닌을 함유하는 차는 복용 중, 복용 전후에는 피하십시오."
201200989,헥시탄0.5%액(클로르헥시딘글루콘산염액),헥시탄,클로르헥시딘글루콘산염액,(주)퍼슨,,"혈청, 농 등의 유기물질, 비누류는 이 약의 살균작용을 약화시키므로 충분히 씻어 제거한 후 사용하십시오."
201201024,에스씨크림(리도카인),에스씨,리도카인,(주)시어스제약,,
201201042,락티케어에취씨로션2.5%(히드로코르티손),락티케어에취씨,히드로코르티손,(주)한국파마,,
201201043,락티케어에취씨로션1%(히드로코르티손),락티케어에취씨,히드로코르티손,(주)한국파마,,
201201051,삐콤씨이브정,삐콤씨이브,,(주)유한양행,https://nedrug.mfds.go.kr/pbp/cmn/itemImageDownload/154298782012500043,"인산염, 칼슘염, 경구용 테트라사이클린계 제제, 제산제, 레보도파와 함께 복용하지 마십시오. 에스트로겐을 포함한 경구(먹는)용 피임제, 항알도스테론제, 트리암테렌과 함께 복용 시 의사 또는 약사와 상의하십시오. 녹차, 홍차 등 탄닌을 함유하는 차는 복용 중, 복용 전후에는 피하십시오."
201201278,비사진나잘스프레이(덱스판테놀),비사진나잘스프레이,덱스판테놀,동아제약(주),,
201201484,코앤나잘스프레이,코앤나잘스프레이,,한미약품(주),,이 약을 사용하기 전에 다른 약을 복용하고 있는 경우 의사 또는 약사와 상의하십시오.
201201493,바이오아지니나액(L-아르기닌),바이오아지니나,L-아르기닌,(주)엠앤에스그룹,,
201201680,겔티-포르테연질캡슐,겔티-포르테,,영풍제약(주),https://nedrug.mfds.go.kr/pbp/cmn/itemImageDownload/147426597943600165,"이 약을 복용하는 동안 레보도파를 함께 복용하지 마십시오. 에스트로겐을 포함한 경구용 피임제, 정주용 지질제와 함께 사용 시 의사 또는 약사와 상의하십시오."
201201967,네로민정,네로민,,(주)한풍제약,https://nedrug.mfds.go.kr/pbp/cmn/itemImageDownload/1PrGR1RE7U7,레보도파와 함께 복용하지 마십시오.
201202397,기가렉스연질캡슐,기가렉스,,(주)알피바이오,https://nedrug.mfds.go.kr/pbp/cmn/itemImageDownload/147426604172000059,"다른 진해(기침을 그치게 함)·가래약, 감기약과 함께 복용하지 마십시오."
201202718,포인타민정,포인타민,,삼천당제약(주),https://nedrug.mfds.go.kr/pbp/cmn/itemImageDownload/146031933683100056,"이 약을 복용하는 동안 인산염, 칼슘염, 경구용 테트라사이클린계 제제, 제산제, 레보도파를 함께 복용하지 마십시오. 강심배당체, 에스트로겐을 포함한 경구용 피임제, 항알도스테론제, 트리암테렌과 함께 복용 시 의사 또는 약사와 상의하십시오. 녹차, 홍차 등 탄닌을 함유하는 차는 복용 중, 복용 전후에는 피하십시오."
201202780,위제로정,위제로,,일양약품(주),https://nedrug.mfds.go.kr/pbp/cmn/itemImageDownload/1NXf6oqKsn3,이 약을 복용하기 전에 다른 약물을 복용하고 있는 사람은 의사 또는 약사와 상의하십시오.
201202800,헥시타놀2%액,헥시타놀,,(주)퍼슨,,
201202810,케이팜플라스타(플루르비프로펜),케이팜플라스타,플루르비프로펜,명문제약(주),,
201202902,셀비콤연질캡슐,셀비콤,,(주)테라젠이텍스,https://nedrug.mfds.go.kr/pbp/cmn/itemImageDownload/1Pvn3im1nWa,"인산염, 칼슘염, 경구용 테트라사이클린계 제제, 제산제, 레보도파와 함께 복용하지 마십시오.에스트로겐을 포함한 경구용 피임제, 항알도스테론제, 트리암테렌과 함께 복용 시 의사 또는 약사와 상의하십시오.녹차, 홍차 등 탄닌을 함유하는 차는 복용 중, 복용 전후에는 피하십시오."
201202816,쌍패원코프액,쌍패원코프,,정우신약(주),,"진해거담제(가래약), 다른 감기약, 해열진통제, 진정제, 항히스타민제를 함유하는 내복약(비염용 경구제, 멀미약, 알레르기용약), 플루클록사실린과 함께 복용하지 마십시오. 바르비탈계 약물, 삼환계 항우울제, 알코올, 칼륨함유제제, 감초함유제제, 글리시리진산 또는 그 염류 함유제제, 루프계 이뇨제(푸로세미드, 에타크린산) 또는 티아지드계 이뇨제(트리클로르메티아지드), 당뇨약, 통풍약, 관절염약, 항응고제, 스테로이드제와 함께 복용 시 의사 또는 약사와 상의하십시오. 복용 중에는 음주하지 마십시오."
201204333,티나케어점안액,티나케어,,한솔신약(주),,
201202817,쌍패원노즈액,쌍패원노즈,,정우신약(주),,"진해거담제(가래약), 다른 감기약, 해열진통제, 진정제, 항히스타민제를 함유하는 내복약(비염용 경구제, 멀미약, 알레르기용약), 플루클록사실린과 함께 복용하지 마십시오. 바르비탈계 약물, 삼환계 항우울제, 알코올, 칼륨함유제제, 감초함유제제, 글리시리진산 또는 그 염류 함유제제, 루프계 이뇨제(푸로세미드, 에타크린산) 또는 티아지드계 이뇨제(트리클로르메티아지드), 당뇨약, 통풍약, 관절염약, 항응고제, 스테로이드제와 함께 복용 시 의사 또는 약사와 상의하십시오. 복용 중에는 음주하지 마십시오."
201204582,씨데카론에스점안액,씨데카론에스,,(주)바이넥스,,
201203128,모드코에스연질캡슐,모드코에스,,(주)종근당,https://nedrug.mfds.go.kr/pbp/cmn/itemImageDownload/1OSWzHKsvwZ,"진해거담제, 다른 감기약, 해열진통제, 진정제, 항히스타민제를 함유하는 내복약(비염용 경구제, 멀미약, 알레르기용약), 플루클록사실린과 함께 복용하지 마십시오. MAO억제제(항우울제, 항정신병제, 감정조절제, 항파킨슨제 등)를 복용하고 있거나 복용을 중단한 후 2주 이내의 사람은 이 약을 복용하지 마십시오. 바르비탈계 약물, 삼환계 항우울제 및 알코올, 당뇨약, 통풍약, 관절염약, 항응고제, 스테로이드제 등과 함께 복용 시 의사 또는 약사와 상의하십시오. 복용 중에는 음주하지 마십시오."
201203630,키즈빅골드추어블정,키즈빅골드추어블,,(주)한풍제약,https://nedrug.mfds.go.kr/pbp/cmn/itemImageDownload/1MncJAM5kcX,"인산염, 칼슘염, 경구용 테트라사이클린계 제제, 제산제, 레보도파와 함께 복용하지 마십시오.강심배당체, 에스트로겐을 포함한 경구용 피임제, 항알도스테론제, 트리암테렌과 함께 복용 시 의사 또는 약사와 상의하십시오.녹차, 홍차 등 탄닌을 함유하는 차는 복용 중, 복용 전후에는 피하십시오."
201204675,피엠지폴산정,피엠지폴,,(주)한국피엠지제약,https://nedrug.mfds.go.kr/pbp/cmn/itemImageDownload/153884041574300010,"아미노살리실산, 경구용 피임제, 디하이드로폴레이트 환원효소 저해제(메토트렉세이트, 트리메토프림 등), 페니토인 같은 히단토인계 항전간제, 설파살라진, 콜레스티라민을 복용 중인 환자는 의사 또는 약사와 상의하십시오."
201204330,모드콜에스연질캡슐,모드콜에스,,(주)종근당,https://nedrug.mfds.go.kr/pbp/cmn/itemImageDownload/1OSWzHKsvwH,"진해거담제, 다른 감기약, 해열진통제, 진정제, 항히스타민제를 함유하는 내복약(비염용 경구제, 멀미약, 알레르기용약), 플루클록사실린과 함께 복용하지 마십시오. MAO 억제제(항우울제, 항정신병제, 감정조절제, 항파킨슨제 등)를 복용하고 있거나 복용을 중단한 후 2주 이내의 사람은 이 약을 복용하지 마십시오. 바르비탈계 약물, 삼환계 항우울제 및 알코올, 당뇨약, 통풍약, 관절염약, 항응고제, 스테로이드제 등과 함께 복용 시 의사 또는 약사와 상의하십시오. 복용 중에는 음주하지 마십시오."
201204389,모드코프에스연질캡슐,모드코프에스,,(주)종근당,https://nedrug.mfds.go.kr/pbp/cmn/itemImageDownload/1OSWzHKsvv-,"진해거담제, 다른 감기약, 해열진통제, 진정제, 항히스타민제를 함유하는 내복약(비염용 경구제, 멀미약, 알레르기용약), 플루클록사실린과 함께 복용하지 마십시오. 바르비탈계 약물, 삼환계 항우울제 및 알코올, 당뇨약, 통풍약, 관절염약, 항응고제, 스테로이드제 등과 함께 복용 시 의사 또는 약사와 상의하십시오. 복용 중에는 음주하지 마십시오."
201204813,인코라민스페셜정,인코라민스페셜,,(주)종근당,https://nedrug.mfds.go.kr/pbp/cmn/itemImageDownload/147426609286000095,"인산염, 칼슘염, 경구용 테트라사이클린계 제제, 제산제, 레보도파와 함께 복용하지 마십시오. 강심배당체, 항알도스테론제, 트리암테렌과 함께 복용 시 의사 또는 약사와 상의하십시오. 녹차, 홍차 등 탄닌을 함유하는 차는 복용 중, 복용 전후에는 피하십시오."
201205043,고운자임맘정,고운자임맘,,(주)종근당,https://nedrug.mfds.go.kr/pbp/cmn/itemImageDownload/1MaQuqD9cOG,"인산염, 칼슘염, 경구용 테트라사이클린계 제제, 제산제, 레보도파 제제를 함께 복용하지 마십시오. 에스트로겐을 포함한 경구용 피임제, 항알도스테론제, 트리암테렌과 함께 사용 시 의사 또는 약사와 상의하십시오. 녹차, 홍차 등 탄닌을 함유하는 차는 복용 중, 복용 전후에는 피하십시오."
201205251,애드민포르테정(콜레칼시페롤과립),애드민포르테,콜레칼시페롤과립,(주)한국피엠지제약,https://nedrug.mfds.go.kr/pbp/cmn/itemImageDownload/1Pvn3im1neO,"벤조티아디아진 유도체와 함께 복용하지 마십시오.다른 비타민 D 제제, 페니토인 또는 바비탈류 약물, 티아지드계 이뇨제, 글루코코르티코이드와 함께 복용 시 의사 또는 약사와 상의하십시오."
201205361,크레온캡슐10000(판크레아스 분말),크레온캡슐10000,판크레아스 분말,한국애보트(유),https://nedrug.mfds.go.kr/pbp/cmn/itemImageDownload/1Pqda2Ed3MH,"엽산제제, 아카보즈, 미그리톨과 함께 복용 시 의사 또는 약사와 상의하십시오."
201205362,크레온캡슐25000(판크레아스 분말),크레온캡슐25000,판크레아스 분말,한국애보트(유),https://nedrug.mfds.go.kr/pbp/cmn/itemImageDownload/1Pqda2Ed3JT,"엽산제제, 아카보즈, 미그리톨를 함께 복용하는 환자는 의사 또는 약사와 상의하십시오."
201205364,크레온캡슐40000(판크레아스 분말),크레온캡슐40000,판크레아스 분말,한국애보트(유),https://nedrug.mfds.go.kr/pbp/cmn/itemImageDownload/1ObKPNYiUoO,"엽산제제, 아카보즈, 미그리톨를 함께 복용하는 환자는 의사 또는 약사와 상의하십시오."
201205385,솔벤텀애바가드9274외용액(클로르헥시딘글루콘산염액),솔벤텀애바가드9274외용,클로르헥시딘글루콘산염액,주식회사제뉴원사이언스,,"혈청, 농 등의 유기물질, 비누류는 이 약의 살균작용을 약화시키므로 충분히 씻어 제거한 후 사용하십시오."
201205386,쓰리엠애바가드9272외용액(클로르헥시딘글루콘산염액),쓰리엠애바가드9272외용,클로르헥시딘글루콘산염액,주식회사제뉴원사이언스,,
201205447,디카테오1000정,디카테오1000,,(주)다림바이오텍,https://nedrug.mfds.go.kr/pbp/cmn/itemImageDownload/1Ple9PbPEsQ,"인산염, 칼슘염, 경구용 테트라사이클린계 제제, 제산제와 함께 복용하지 마십시오.강심배당체, 항알도스테론제, 트리암테렌과 함께 복용 시 의사 또는 약사와 상의하십시오.녹차, 홍차 등 탄닌을 함유하는 차는 복용 중, 복용 전후에는 피하십시오."
201205653,콘티600정,콘티600,,(주)마더스제약,https://nedrug.mfds.go.kr/pbp/cmn/itemImageDownload/146031639075400148,레보도파와 함께 복용하지 마십시오.
201205790,유트리겔(티로트리신),유트리,티로트리신,(주)유유제약,,
201206056,엑세라민비정,엑세라민비,,일동제약(주),https://nedrug.mfds.go.kr/pbp/cmn/itemImageDownload/1OgmtypWWVs,"인산염, 칼슘염, 경구용 테트라사이클린계 제제, 제산제, 레보도파와 함께 복용하지 마십시오. 강심배당체, 에스트로겐을 포함한 경구용 피임제, 항알도스테론제, 트리암테렌과 함께 복용 시 의사 또는 약사와 상의하십시오. 녹차, 홍차 등 탄닌을 함유하는 차는 복용 중, 복용 전후에는 피하십시오."
201205838,래피콜데이앤나잇연질캡슐,래피콜데이앤나잇,,(주)유한양행,https://nedrug.mfds.go.kr/pbp/cmn/itemImageDownload/147426616587000146,"진해거담제, 다른 감기약, 해열진통제, 진정제, 항히스타민제를 함유하는 내복약(비염용 경구제, 멀미약, 알레르기용약), 디펜히드라민을 함유하는 제제(피부에 적용하는 제제 포함)(야간용), 플루클록사실린과 함께 복용하지 마십시오. 바르비탈계 약물, 삼환계 항우울제 및 알코올, 당뇨약, 통풍약, 관절염약, 항응고제, 스테로이드제 등과 함께 복용 시 의사 또는 약사와 상의하십시오. 복용 중에는 음주하지 마십시오."
201206247,제텐비정,제텐비,,한국코러스(주),https://nedrug.mfds.go.kr/pbp/cmn/itemImageDownload/1Pvn3im1nv2,"인산염, 칼슘염, 경구용 테트라사이클린계 제제, 제산제, 레보도파와 함께 복용하지 마십시오. 강심배당체, 에스트로겐을 포함한 경구용 피임제, 항알도스테론제, 트리암테렌과 함께 복용 시 의사 또는 약사와 상의하십시오. 녹차, 홍차 등 탄닌을 함유하는 차는 복용 중, 복용 전후에는 피하십시오."
201206250,뮤코테라트로키제(암브록솔염산염),뮤코테라트로키제,암브록솔염산염,(주)테라젠이텍스,https://nedrug.mfds.go.kr/pbp/cmn/itemImageDownload/147426622886300069,"코데인 또는 덱스트로메토르판 등의 중추에 작용하는 진해제와 함께 복용하지 마십시오.에리트로마이신, 세팔렉신, 옥시테트라사이클린, 아목시실린, 세푸록심, 독시사이클린 등의 항생물질과 함께 복용 시 의사 또는 약사와 상의하십시오."
201206327,슈가펜에스정,슈가펜에스,,알보젠코리아(주),https://nedrug.mfds.go.kr/pbp/cmn/itemImageDownload/1Pvn3im1o1f,"진해거담제, 다른 감기약, 해열진통제, 진정제, 항히스타민제를 함유하는 내복약(비염용 경구제, 멀미약, 알레르기용약), 플루클록사실린과 함께 복용하지 마십시오. 이 약을 복용하기 전에 바르비탈계 약물, 삼환계 항우울제, 알코올, 당뇨약, 통풍약, 관절염약, 항응고제, 스테로이드제 등과 함께 사용 시 의사 또는 약사와 상의하십시오. 복용 중에는 음주하지 마십시오."
201206423,디프람스프레이0.3%(벤지다민염산염),디프람스프레이,벤지다민염산염,(주)엔엠제약,,"이 약을 사용하는 동안 다른 소염진통제, ACE 저해제, 아스피린, 푸로세미드, 리튬, 메토트렉세이트, 와파린을 함께 복용(사용)하지 마십시오."
201206328,써모펜에스정,써모펜에스,,알보젠코리아(주),https://nedrug.mfds.go.kr/pbp/cmn/itemImageDownload/1NOwp2F6Eix,"진해거담제, 다른 감기약, 해열진통제, 진정제, 항히스타민제를 함유하는 내복약(비염용 경구제, 멀미약, 알레르기용약), 플루클록사실린과 함께 복용하지 마십시오. 바르비탈계 약물, 삼환계 항우울제 및 알코올, 당뇨약, 통풍약, 관절염약, 항응고제, 스테로이드제 등과 함께 복용 시 의사 또는 약사와 상의하십시오. 복용 중에는 음주하지 마십시오."
201206435,플러스디정(콜레칼시페롤농축분말),플러스디,콜레칼시페롤농축분말,한올바이오파마(주),https://nedrug.mfds.go.kr/pbp/cmn/itemImageDownload/1NOwp2F6D3V,"벤조티아디아진 유도체와 함께 복용하지 마십시오.다른 비타민 D 제제, 페니토인, 바르비탈류 약물, 티아지드계 이뇨제, 글루코코르티코이드와 함께 복용 시 의사 또는 약사와 상의하십시오."
201206383,바로소펜연질캡슐(덱시부프로펜),바로소펜,덱시부프로펜,(주)유유제약,https://nedrug.mfds.go.kr/pbp/cmn/itemImageDownload/1N8jUtEiHxo,"아스피린, 다른 비스테로이드성 소염진통제, 항암요법으로 사용하는 고용량(15 mg/주 이상)의 메토트렉세이트와 함께 복용하지 마십시오. 이 약을 복용하기 전에 코르티코스테로이드, 알코올, 디곡신, 페니토인, 프로베네시드, 설핀피라존, 설포닐우레아제, ACE 억제제, 안지오텐신Ⅱ 수용체 길항제, 이뇨제, 리튬, 쿠마린계 항응고제(와르파린 등), 바클로펜, 면역억제제(시클로스포린, 타크로리무스, 시롤리무스), 혈전용해제, 티클로피딘, 항혈전제, 혈중 칼륨농도를 증가시키는 약물(트리메토프림, 헤파린 등), CYP2C8, CYP2C9의 유도제(예, 리팜피신, 페노바르비탈), 저용량(15 mg/주 미만)의 메토트렉세이트, 항혈소판제 및 선택적 세로토닌 재흡수 억제제, 심근경색이나 뇌졸중 예방목적으로 저용량 아스피린을 복용하는 사람은 의사 또는 약사와 상의하십시오."
201206479,제로코프연질캡슐,제로코프,,(주)알피바이오,https://nedrug.mfds.go.kr/pbp/cmn/itemImageDownload/147426622886300156,"다른 진해(기침을 그치게 함)거담제, 감기약, 항히스타민제를 함유하는 내복약(비염용 경구제, 멀미약, 알레르기용약), 진정제와 함께 복용하지 마십시오. 복용 중에는 음주하지 마십시오."
201206484,속편아제정,속편아제,,(주)유유제약,https://nedrug.mfds.go.kr/pbp/cmn/itemImageDownload/149723232496800082,
201206499,알게론정500밀리그램(알마게이트),알게론,알마게이트,동국제약(주),https://nedrug.mfds.go.kr/pbp/cmn/itemImageDownload/1PE_idHbrXV,"이 약을 복용하는 동안 테트라사이클린계 항생제는 복용하지 마십시오. 이 약을 복용하기 전에 비스테로이드소염(항염)진통제, 궤양치료제, 디기탈리스 제제, 클로르프로마진, 란소프라졸, 프레드니솔론, 페니실린, 퀴놀론, 철(Fe)염 제제, 살리실산염을 복용하는 환자는 의사 또는 약사와 상의하십시오."
201206493,웰다운에스정,웰다운에스,,(주)팜젠사이언스,https://nedrug.mfds.go.kr/pbp/cmn/itemImageDownload/146030846052500008,"진해거담제, 다른 감기약, 해열진통제, 진정제, 항히스타민제를 함유하는 내복약(비염용 경구제, 멀미약, 알레르기용약), 플루클록사실린과 함께 복용하지 마십시오. 당뇨약, 통풍약, 관절염약, 항응고제, 스테로이드제, 바르비탈계 약물, 삼환계 항우울제, 알코올과 함께 복용 시 의사 또는 약사와 상의하십시오. 복용 중에는 음주하지 마십시오."
201206651,후시덴연고(퓨시드산나트륨),후시덴,퓨시드산나트륨,(주)퍼슨,,
201206625,이텍스아스피린장용정100mg(아스피린),이텍스아스피린장용,아스피린,(주)테라젠이텍스,https://nedrug.mfds.go.kr/pbp/cmn/itemImageDownload/1Oe8SX1Eivl,"다른 비스테로이드성 소염진통제 및 살리실산 제제, 일주일 동안 메토트렉세이트 15밀리그람(15mg/주) 이상의 용량, 알코올과 함께 사용하지 마십시오. 항응고제, 이부프로펜, 나프록센 등 일부 비스테로이드성 소염진통제, 혈전용해제, 다른 혈소판응집억제제, 지혈제, 당뇨병치료제(인슐린제제, 톨부타미드 등), 요산배설촉진제(벤즈브로마론, 프로베네시드), 저용량의 메토트렉세이트, 리튬제제, 이부프로펜, 나프록센 등 일부 비스테로이드성 소염진통제(NSAIDs), 선택적 세포토닌 재흡수 억제제, 디곡신, 전신 작용 부신피질호르몬 제제(애디슨병 대체요법용 히드로코티손 제외), 안지오텐신 전환 효소 억제제, 발프로산 제제를 복용하는 사람은 의사 또는 약사와 상의하십시오. 알칼리제제(예: 탄산수소나트륨, 탄산마그네슘) 또는 습기가 차기 쉬운 제제와 함께 섞지 마십시오."
201206670,튜란트시럽(아세틸시스테인),튜란트,아세틸시스테인,코오롱제약(주),,"경구용 항생제(아목시실린, 세푸록심, 독시사이클린, 에리트로마이신, 티암페니콜)와 함께 복용 시 적어도 2시간의 간격을 두고 복용하십시오. 이 약의 용액에 다른 약물의 첨가는 피하십시오."
201206706,센스리베정,센스리베,,광동제약(주),https://nedrug.mfds.go.kr/pbp/cmn/itemImageDownload/1Pvn3im1pOV,"C형 간염 직접 작용 항바이러스제, 페니토인, 바르비탈류, 프리미돈, 카르바마제핀, 리팜피신, 루피나미드, 아프레피탄트, 보센탄, 에파비렌즈, 옥스카르바제핀, 토피라메이트, 펠바메이트, 그리세오풀빈과 세인트존스풀, 고지혈증약물, 항생제와 함께 복용하지 마십시오.자몽주스와 함께 복용하지 마십시오."
201206715,챔프시럽(아세트아미노펜),챔프,아세트아미노펜,동아제약(주),,"아세트아미노펜을 포함하는 다른 제품, 다른 소염(항염)진통제, 바르비탈계 약물, 삼환계 항우울제, 알코올, 플루클록사실린과 함께 복용하지 마십시오. 와파린, 리튬, 타아지드계 이뇨제와 함께 복용 시 의사 또는 약사와 상의하십시오."
201206724,에카린에이정,에카린에이,,광동제약(주),https://nedrug.mfds.go.kr/pbp/cmn/itemImageDownload/146032135556200038,"아세트아미노펜을 포함하는 다른 제품, MAO 억제제(항우울제, 항정신병제, 감정조절제, 항파킨슨제 등), 진해거담제, 다른 감기약, 해열진통제, 진정제, 항히스타민제를 함유하는 내복약(비염용 경구제, 멀미약, 알레르기용약), 디펜히드라민, 플루클록사실린을 함유하는 제제(피부에 적용하는 제제 포함)는 사용하지 마십시오. 바르비탈계 약물, 삼환계 항우울제 및 알코올을 투여한 환자는 의사 또는 약사와 상의하십시오. 복용 중에는 음주하지 마십시오."
201206771,비코실린정,비코실린,,한솔신약(주),https://nedrug.mfds.go.kr/pbp/cmn/itemImageDownload/1NcelJgSVij,제산제와 함께 복용하지 마십시오.우유 섭취 후 1시간 이내에 이 약을 복용하지 마십시오.
201206766,보감탕코프액,보감탕코프,,경남제약(주),,"MAO 억제제(항우울제, 항정신병제, 감정조절제, 항파킨슨제 등), 진해(기침을 그치게 함)거담제(가래약), 다른 감기약, 해열진통제, 진정제, 항히스타민제를 함유하는 내복약(비염용 경구제, 멀미약, 알레르기용약), 아세트아미노펜을 포함하는 다른 제품, 플루클록사실린과 함께 복용하지 마십시오. 이 약을 복용하기 전에 당뇨약, 통풍약, 관절염약, 항응고제, 스테로이드제를 투여 받는 환자는 의사 또는 약사와 상의하십시오. 이 약을 복용하기 전에 칼륨함유제제, 감초함유제제, 글리시리진산 또는 그 염류 함유제제, 루프계 이뇨제(푸로세미드, 에타크린산) 또는 티아지드계 이뇨제(트리클로르메티아지드)와 함께 복용하는 환자는 의사 또는 약사와 상의하십시오. 바르비탈계 약물, 삼환계 항우울제, 알코올을 투여 받는 환자는 의사 또는 약사와 상의하십시오. 복용 중에는 음주하지 마십시오."
201206822,노즈케어점비액,노즈케어점비,,부광약품(주),,"MAO 억제제(항우울제, 항정신병제, 감정조절제, 항파킨슨제 등)와 함께 복용(사용)하지 마십시오."
201206767,보감탕액,보감탕,,경남제약(주),,"아세트아미노펜을 포함하는 다른 제품, MAO 억제제(항우울제, 항정신병제, 감정조절제, 항파킨슨제 등), 진해(기침을 그치게 함)거담제(가래약), 다른 감기약, 해열진통제, 진정제, 항히스타민제를 함유하는 내복약(비염용 경구제, 멀미약, 알레르기용약), 플루클록사실린과 함께 복용하지 마십시오. 바르비탈계 약물, 삼환계 항우울제, 칼륨함유제제, 감초함유제제, 글리시리진산 또는 그 염류 함유제제, 루프계 이뇨제(푸로세미드, 에타크린산) 또는 티아지드계 이뇨제(트리클로르메티아지드), 당뇨약, 통풍약, 관절염약, 항응고제, 스테로이드제와 함께 복용 시 의사 또는 약사와 상의하십시오. 복용 중에는 음주하지 마십시오."
201206828,벤포메가정,벤포메가,,(주)한풍제약,https://nedrug.mfds.go.kr/pbp/cmn/itemImageDownload/146031588583700076,"인산염, 칼슘염, 경구용 테트라사이클린계 제제, 제산제, 레보도파와 함께 복용하지 마십시오. 에스트로겐을 포함한 경구용 피임제, 항알도스테론제, 트리암테렌과 함께 복용 시 의사 또는 약사와 상의하십시오. 녹차, 홍차 등 탄닌을 함유하는 차는 복용 중, 복용 전후에는 피하십시오."
201206768,보감탕노즈액,보감탕노즈,,경남제약(주),,"진해거담제, 다른 감기약, 해열진통제, 진정제, 항히스타민제를 함유하는 내복약(비염용 경구제, 멀미약, 알레르기용약), 플루클록사실린과 함께 복용하지 마십시오. 바르비탈계 약물, 삼환계 항우울제, 알코올, 칼륨함유제제, 감초함유제제, 글리시리진산 또는 그 염류 함유제제, 루프계 이뇨제(푸로세미드, 에타크린산) 또는 티아지드계 이뇨제(트리클로르메티아지드)와 함께 복용 시 의사 또는 약사와 상의하십시오. 복용 중에는 음주하지 마십시오."
201206834,리도플랜크림(리도카인),리도플랜,리도카인,(주)동구바이오제약,,
201206820,경보아스피린장용정,경보아스피린장용,,(주)경보제약,https://nedrug.mfds.go.kr/pbp/cmn/itemImageDownload/1OYWkglV3Km,"다른 비스테로이드성 소염진통제 및 살리실산 제제, 일주일 동안 메토트렉세이트 15밀리그람(15mg/주) 이상의 용량은 이 약과 병용 투여 시 출혈이 증가되거나 신기능이 감소될 수 있으므로 함께 사용하지 않습니다. 항응고제, 이부프로펜, 나프록센 등 일부 비스테로이드성 소염진통제, 혈전용해제, 다른 혈소판응집억제제, 지혈제, 당뇨병치료제(인슐린제제, 톨부타미드 등), 요산배설촉진제(벤즈브로마론, 프로베네시드), 티아지드계 이뇨제, 리튬제제, 선택적 세포토닌 재흡수 억제제, 디곡신, 전신 작용 부신피질호르몬 제제(애디슨병 대체요법용 히드로코티손 제외), 안지오텐신 전환 효소 억제제, 발프로산 제제, 비스테로이드성 소염진통제(NSAIDs) 및 살리실산 제제를 복용하는 사람은 의사 또는 약사와 상의하십시오. 알칼리제제(예: 탄산수소나트륨, 탄산마그네슘) 또는 습기가 차기 쉬운 제제와 함께 섞지 마십시오. 알코올과 병용 투여 시 위장관 점막 손상이 증가하고, 이 약과 알코올의 상승효과로 인해 출혈시간이 연장될 수 있습니다."
201206888,나프졸액1%(나프티핀염산염),나프졸,나프티핀염산염,태극제약(주),,다른 국소 적용 약물과 함께 사용 시 의사 또는 약사와 상의하십시오.
201206882,파비안에스정,파비안에스,,(주)서울제약,https://nedrug.mfds.go.kr/pbp/cmn/itemImageDownload/146031946255000164,"진해거담제, 다른 감기약, 해열진통제, 진정제, 항히스타민제를 함유하는 내복약(비염용 경구제, 멀미약, 알레르기용약), 플루클록사실린과 함께 복용하지 마십시오. 바르비탈계 약물, 삼환계 항우울제 및 알코올, 당뇨약, 통풍약, 관절염약, 항응고제, 스테로이드제와 함께 복용 시 의사 또는 약사와 상의하십시오. 복용 중에는 음주하지 마십시오."
201206987,신도톱쿨점안액,신도톱쿨,,국제약품(주),,
201206916,슬렌페드씨정,슬렌페드씨,,안국약품(주),https://nedrug.mfds.go.kr/pbp/cmn/itemImageDownload/147426628044100102,"진해거담제(가래약), 다른 감기약, 해열진통제, 진정제, 항히스타민제를 함유하는 내복약(비염용 경구제, 멀미약, 알레르기용약), 플루클록사실린과 함께 복용하지 마십시오. 바르비탈계 약물, 삼환계 항우울제, 알코올, 당뇨약, 통풍약, 관절염약, 항응고제, 스테로이드제와 함께 복용 시 의사 또는 약사와 상의하십시오. 복용 중에는 음주하지 마십시오."
201206997,삐콤씨정,삐콤씨,,(주)유한양행,https://nedrug.mfds.go.kr/pbp/cmn/itemImageDownload/1PThtYEQ972,"인산염, 칼슘염, 경구용 테트라사이클린계 제제, 제산제, 레보도파와 함께 복용하지 마십시오. 에스트로겐을 포함한 경구용 피임제, 항알도스테론제, 트리암테렌과 함께 복용 시 의사 또는 약사와 상의하십시오. 녹차, 홍차 등 탄닌을 함유하는 차는 복용 중, 복용 전후에는 피하십시오."
201207054,와이디1000연질캡슐,와이디1000,,(주)알피바이오,https://nedrug.mfds.go.kr/pbp/cmn/itemImageDownload/1PEPKBUcle7,에스트로겐을 포함한 경구용 피임제와 함께 복용 시 의사 또는 약사와 상의하십시오.
201207362,로마릴크림(아모롤핀염산염),로마릴,아모롤핀염산염,주식회사제뉴원사이언스,,
201207692,바이타액트정,바이타액트,,일양약품(주),https://nedrug.mfds.go.kr/pbp/cmn/itemImageDownload/147426633330100159,레보도파와 함께 복용하지 마십시오.
201208256,알마르정(알마게이트),알마르,알마게이트,한국프라임제약(주),https://nedrug.mfds.go.kr/pbp/cmn/itemImageDownload/1Onhwg9yYb1,"테트라사이클린계 항생물질과 함께 복용하지 마십시오. 비스테로이드 소염진통제, 궤양 치료제, 디기탈리스 제제, 클로르프로마진, 란소프라졸, 프레드니솔론, 페니실린, 퀴놀론, 철(Fe)염 제제, 살리실산염 등과 함께 복용 시 의사 또는 약사와 상의하십시오."
201207377,글로덱시정300mg(덱시부프로펜),글로덱시,덱시부프로펜,(주)킵스바이오파마,https://nedrug.mfds.go.kr/pbp/cmn/itemImageDownload/1Pvn3im1oga,"아스피린, 다른 비스테로이드성 소염진통제, 항암요법으로 사용하는 고용량(15 mg/주 이상)의 메토트렉세이트와 함께 복용하지 마십시오. 이 약을 복용하기 전에 코르티코스테로이드, 알코올, 디곡신, 페니토인, 프로베네시드, 설핀피라존, 설포닐우레아제, ACE 억제제, 안지오텐신Ⅱ 수용체 길항제, 이뇨제, 리튬, 쿠마린계 항응고제(와르파린 등), 바클로펜, 면역억제제(시클로스포린, 타크로리무스, 시롤리무스), 혈전용해제, 티클로피딘, 항혈전제, 혈중 칼륨농도를 증가시키는 약물(트리메토프림, 헤파린 등), CYP2C8, CYP2C9의 유도제(예, 리팜피신, 페노바르비탈), 저용량(15 mg/주 미만)의 메토트렉세이트, 항혈소판제 및 선택적 세로토닌 재흡수 억제제, 심근경색이나 뇌졸중 예방목적으로 저용량 아스피린을 복용하는 사람은 의사 또는 약사와 상의하십시오."
201207417,아나피린장용정100밀리그램(아스피린),아나피린장용,아스피린,아주약품(주),https://nedrug.mfds.go.kr/pbp/cmn/itemImageDownload/1OamFSnPmgJ,"다른 비스테로이드성 소염진통제 및 살리실산 제제, 일주일 동안 메토트렉세이트 15밀리그람(15mg/주) 이상의 용량, 알코올과 함께 사용하지 마십시오. 항응고제, 이부프로펜, 나프록센 등 일부 비스테로이드성 소염진통제, 혈전용해제, 다른 혈소판응집억제제, 지혈제, 당뇨병치료제(인슐린제제, 톨부타미드 등), 요산배설촉진제(벤즈브로마론, 프로베네시드), 저용량의 메토트렉세이트, 리튬제제, 이부프로펜, 나프록센 등 일부 비스테로이드성 소염진통제(NSAIDs), 선택적 세포토닌 재흡수 억제제, 디곡신, 전신 작용 부신피질호르몬 제제(애디슨병 대체요법용 히드로코티손 제외), 안지오텐신 전환 효소 억제제, 발프로산 제제를 복용하는 사람은 의사 또는 약사와 상의하십시오. 알칼리제제(예: 탄산수소나트륨, 탄산마그네슘) 또는 습기가 차기 쉬운 제제와 함께 섞지 마십시오."
201208419,도담도담츄어블정,도담도담츄어블,,일양약품(주),https://nedrug.mfds.go.kr/pbp/cmn/itemImageDownload/1Pvn3im1pMx,"인산염, 칼슘염, 경구용 테트라사이클린계 제제, 제산제, 레보도파와 함께 복용하지 마십시오. 강심배당체, 에스트로겐을 포함한 경구용 피임제, 항알도스테론제, 트리암테렌과 함께 복용 시 의사 또는 약사와 상의하십시오. 녹차, 홍차 등 탄닌을 함유하는 차는 복용 중, 복용 전후에는 피하십시오."
201208281,아스테린정(아스피린),아스테린,아스피린,성원애드콕제약(주),https://nedrug.mfds.go.kr/pbp/cmn/itemImageDownload/1OpUNcKXiqe,"다른 비스테로이드성 소염진통제 및 살리실산 제제, 일주일 동안 메토트렉세이트 15밀리그람(15mg/주) 이상의 용량, 알코올과 함께 사용하지 마십시오. 항응고제, 이부프로펜, 나프록센 등 일부 비스테로이드성 소염진통제, 혈전용해제, 다른 혈소판응집억제제, 지혈제, 당뇨병치료제(인슐린제제, 톨부타미드 등), 요산배설촉진제(벤즈브로마론, 프로베네시드), 저용량의 메토트렉세이트, 리튬제제, 이부프로펜, 나프록센 등 일부 비스테로이드성 소염진통제(NSAIDs), 선택적 세포토닌 재흡수 억제제, 디곡신, 전신 작용 부신피질호르몬 제제(애디슨병 대체요법용 히드로코티손 제외), 안지오텐신 전환 효소 억제제, 발프로산 제제를 복용하는 사람은 의사 또는 약사와 상의하십시오. 알칼리제제(예: 탄산수소나트륨, 탄산마그네슘) 또는 습기가 차기 쉬운 제제와 함께 섞지 마십시오."
201208472,리포직이디오점안겔(카보머),리포직이디오점안,카보머,(주)바슈헬스코리아,,
201208853,페르빈카타플라스마(펠비낙),페르빈카타플라스마,펠비낙,명문제약(주),,
201209481,아이미루40이엑스골드점안액,아이미루40이엑스골드,,라이온코리아주식회사,,
201209553,장쾌락시럽(락툴로오스농축액),장쾌락,락툴로오스농축액,한미약품(주),,"아카보즈 등의 α-글리코시다아제 저해제, 광범위 항균 스펙트럼 항생제, 이뇨제, 코르티코이드, 암포테리신 B, 강심배당체, 제산제를 복용하는 환자는 의사 또는 약사와 상의하십시오."
201210143,세네풀에스액,세네풀에스,,(주)퍼슨,,
201210185,비타포린정,비타포린,,(주)마더스제약,https://nedrug.mfds.go.kr/pbp/cmn/itemImageDownload/1Pvn3im1pSt,레보도파와 함께 복용하지 마십시오.
201210591,에이에스피장용정100mg(아스피린),에이에스피장용,아스피린,(주)파마킹,https://nedrug.mfds.go.kr/pbp/cmn/itemImageDownload/1OpUNcKXius,"다른 비스테로이드성 소염진통제 및 살리실산 제제, 일주일 동안 메토트렉세이트 15밀리그람(15mg/주) 이상의 용량, 알코올과 함께 사용하지 마십시오. 항응고제, 이부프로펜, 나프록센 등 일부 비스테로이드성 소염진통제, 혈전용해제, 다른 혈소판응집억제제, 지혈제, 당뇨병치료제(인슐린제제, 톨부타미드 등), 요산배설촉진제(벤즈브로마론, 프로베네시드), 저용량의 메토트렉세이트, 리튬제제, 이부프로펜, 나프록센 등 일부 비스테로이드성 소염진통제(NSAIDs), 선택적 세포토닌 재흡수 억제제, 디곡신, 전신 작용 부신피질호르몬 제제(애디슨병 대체요법용 히드로코티손 제외), 안지오텐신 전환 효소 억제제, 발프로산 제제를 복용하는 사람은 의사 또는 약사와 상의하십시오. 알칼리제제(예: 탄산수소나트륨, 탄산마그네슘) 또는 습기가 차기 쉬운 제제와 함께 섞지 마십시오."
201211096,포탈락산(락티톨수화물),포탈락,락티톨수화물,(주)유한양행,,"티아지드계 이뇨제, 코르티코스테로이드, 카베녹솔론, 암포테리신B, 배당체, 알파-글루코시다제 저해제(아카보스, 보글리보스)와 함께 사용 시 의사 또는 약사와 상의하십시오."
201211097,듀락칸이지시럽(락툴로오즈농축액),듀락칸이지,락툴로오즈농축액,제이더블유중외제약(주),,"아카보즈 등의 -글리코시다아제 저해제, 광범위 항균 스펙트럼 항생제, 이뇨제, 코르티코이드, 암포테리신 B, 강심배당체, 제산제 등과 함께 복용 시 의사 또는 약사와 상의하십시오."
201300902,헥시-알액2%,헥시-알,,(주)휴온스메디텍,,
201211564,삼익아스피린장용정,삼익아스피린장용,,삼익제약(주),https://nedrug.mfds.go.kr/pbp/cmn/itemImageDownload/1Pvn3im1pGv,"다른 비스테로이드성 소염진통제 및 살리실산 제제, 일주일 동안 메토트렉세이트 15밀리그람(15mg/주) 이상의 용량은 이 약과 병용 투여 시 출혈이 증가되거나 신기능이 감소될 수 있으므로 함께 사용하지 않습니다. 항응고제, 이부프로펜, 나프록센 등 일부 비스테로이드성 소염진통제, 혈전용해제, 다른 혈소판응집억제제, 지혈제, 당뇨병치료제(인슐린제제, 톨부타미드 등), 요산배설촉진제(벤즈브로마론, 프로베네시드), 티아지드계 이뇨제, 리튬제제, 선택적 세포토닌 재흡수 억제제, 디곡신, 전신 작용 부신피질호르몬 제제(애디슨병 대체요법용 히드로코티손 제외), 안지오텐신 전환 효소 억제제, 발프로산 제제를 복용하는 사람은 의사 또는 약사와 상의하십시오. 알칼리제제(예: 탄산수소나트륨, 탄산마그네슘) 또는 습기가 차기 쉬운 제제와 함께 섞지 마십시오. 알코올과 병용 투여 시 위장관 점막 손상이 증가하고, 이 약과 알코올의 상승효과로 인해 출혈시간이 연장될 수 있습니다."
201301607,옵티어즈점안액,옵티어즈,,(주)시어스제약,,
201300034,화이투벤큐노즈연질캡슐,화이투벤큐노즈,,동화약품(주),https://nedrug.mfds.go.kr/pbp/cmn/itemImageDownload/1Pc3PdyKHgX,"진해거담제, 다른 감기약, 해열진통제, 진정제, 항히스타민제를 함유하는 내복약(비염용 경구제, 멀미약, 알레르기용약), 플루클록사실린과 함께 복용하지 마십시오. MAO억제제(항우울제, 항정신병제, 감정조절제, 항파킨슨제 등)를 복용하고 있거나 복용을 중단한 후 2주 이내의 사람은 이 약을 복용하지 마십시오. 당뇨약, 통풍약, 관절염약, 항응고제, 스테로이드제, 바르비탈계 약물, 삼환계 항우울제, 알코올과 함께 복용 시 의사 또는 약사와 상의하십시오. 복용 중에는 음주하지 마십시오."
201300035,화이투벤큐코프연질캡슐,화이투벤큐코프,,동화약품(주),https://nedrug.mfds.go.kr/pbp/cmn/itemImageDownload/1Pc3PdyKHfH,"진해거담제, 다른 감기약, 해열진통제, 진정제, 항히스타민제를 함유하는 내복약(비염용 경구제, 멀미약, 알레르기용약), 플루클록사실린과 함께 복용하지 마십시오. 당뇨약, 통풍약, 관절염약, 항응고제, 스테로이드제, 바르비탈계 약물, 삼환계 항우울제 및 알코올과 함께 복용 시 의사 또는 약사와 상의하십시오. 복용 중에는 음주하지 마십시오."
201301732,노스카나겔,노스카나,,동아제약(주),,"이 약을 사용하는 동안 항응고제(쿠마린, 아스피린, 디피리다몰, 덱스트란, 스트렙토키나제)와 함께 사용하지 마십시오."
201300036,화이투벤큐연질캡슐,화이투벤큐,,동화약품(주),https://nedrug.mfds.go.kr/pbp/cmn/itemImageDownload/1Pc3PdyKHeP,"진해거담제, 다른 감기약, 해열진통제, 진정제, 항히스타민제를 함유하는 내복약(비염용 경구제, 멀미약, 알레르기용약), 플루클록사실린과 함께 복용하지 마십시오. MAO 억제제(항우울제, 항정신병제, 감정조절제, 항파킨슨제 등)를 복용하고 있거나 복용을 중단한 후 2주 이내의 사람은 이 약을 복용하지 마십시오. 당뇨약, 통풍약, 관절염약, 항응고제, 스테로이드제, 바르비탈계 약물, 삼환계 항우울제 및 알코올과 함께 복용 시 의사 또는 약사와 상의하십시오. 복용 중에는 음주하지 마십시오."
201300037,레드코프에프연질캡슐,레드코프에프,,(주)알피바이오,https://nedrug.mfds.go.kr/pbp/cmn/itemImageDownload/147426658237900027,"진해거담제, 다른 감기약, 해열진통제, 진정제, 항히스타민제를 함유하는 내복약(비염용 경구제, 멀미약, 알레르기용약), 플루클록사실린과 함께 복용하지 마십시오. MAO억제제(항우울제, 항정신병제, 감정조절제, 항파킨슨제 등)를 복용하고 있거나 복용을 중단한 후 2주 이내의 사람은 이 약을 복용하지 마십시오. 당뇨약, 통풍약, 관절염약, 항응고제, 스테로이드제, 바르비탈계 약물, 삼환계 항우울제 및 알코올과 함께 복용 시 의사 또는 약사와 상의하십시오. 복용 중에는 음주하지 마십시오."
201300045,화이투벤씨플러스캡슐,화이투벤씨플러스,,동화약품(주),https://nedrug.mfds.go.kr/pbp/cmn/itemImageDownload/1PxyAkREKG7,"아세트아미노펜을 포함하는 다른 제품, MAO억제제, 진해거담제, 다른 감기약, 해열진통제, 진정제, 항히스타민제를 함유하는 내복약(비염용 경구제, 멀미약, 알레르기용약)과 함께 복용하지 마십시오. 당뇨약, 통풍약, 관절염약, 항응고제, 스테로이드제, 바르비탈계 약물, 삼환계 항우울제 및 알코올, 플루클록사실린과 함께 복용 시 의사 또는 약사와 상의하십시오. 복용 중에는 음주하지 마십시오."
201303263,브로모타제정,브로모타제,,알파제약(주),https://nedrug.mfds.go.kr/pbp/cmn/itemImageDownload/1OsnQ8DoR9Z,이 약을 복용하기 전에 항응고제를 투여하고 있는 환자는 의사 또는 약사와 상의하십시오.
201300051,아스텍트정(아스피린),아스텍트,아스피린,(주)동구바이오제약,https://nedrug.mfds.go.kr/pbp/cmn/itemImageDownload/1PsoR22qimf,"다른 비스테로이드성 소염진통제 및 살리실산 제제, 일주일 동안 메토트렉세이트 15밀리그람(15mg/주) 이상의 용량은 이 약과 병용 투여 시 출혈이 증가되거나 신기능이 감소될 수 있으므로 함께 복용하지 마십시오. 항응고제, 이부프로펜, 나프록센 등 일부 비스테로이드성 소염진통제, 혈전용해제, 다른 혈소판응집억제제, 지혈제, 당뇨병치료제(인슐린제제, 톨부타미드 등), 요산배설촉진제(벤즈브로마론, 프로베네시드), 메토트렉세이트, 리튬제제, 선택적 세포토닌 재흡수 억제제, 디곡신, 전신 작용 부신피질호르몬 제제(애디슨병 대체요법용 히드로코티손 제외), 안지오텐신 전환 효소 억제제, 발프로산 제제를 복용하는 사람은 의사 또는 약사와 상의하십시오. 알칼리제제(예: 탄산수소나트륨, 탄산마그네슘) 또는 습기가 차기 쉬운 제제와 함께 섞지 마십시오. 알코올과 병용 투여 시 위장관 점막 손상이 증가하고, 이 약과 알코올의 상승효과로 인해 출혈시간이 연장될 수 있습니다."
201303988,빅톤에프연질캡슐,빅톤에프,,신일제약(주),https://nedrug.mfds.go.kr/pbp/cmn/itemImageDownload/151508042749000121,레보도파와 함께 복용하지 마십시오.정주용 지질제와 함께 사용 시 의사 또는 약사와 상의하십시오.
201300116,이브큐레이디연질캡슐,이브큐레이디,,(주)알피바이오,https://nedrug.mfds.go.kr/pbp/cmn/itemImageDownload/147426658237900069,"다른 해열진통제, 감기약, 진정제와 함께 복용하지 마십시오. 당뇨약, 통풍약, 관절염약, 항응고제, 스테로이드제, 이뇨제, 저용량 아스피린과 함께 복용 시 의사 또는 약사와 상의하십시오. 복용 중에는 음주하지 마십시오."
201303989,디카엠정,디카엠,,(주)마더스제약,https://nedrug.mfds.go.kr/pbp/cmn/itemImageDownload/147426676298300011,"다른 진토제, 감기약, 해열진통제, 항히스타민제, 진정제, 진해거담제, 알코올성 음료 등과 함께 복용하지 마십시오."
201301235,파인펜정,파인펜,,경남제약(주),https://nedrug.mfds.go.kr/pbp/cmn/itemImageDownload/147426664639200014,"다른 해열진통제, 감기약, 진통제와 함께 복용하지 마십시오. 당뇨약, 통풍약, 관절염약, 항응고제, 스테로이드제, 이뇨제, 저용량 아스피린, 칼륨함유제제, 감초함유제제, 글리시리진산 또는 그 염류 함유제제, 루프계 이뇨제(푸로세미드, 에타크린산) 또는 티아지드계 이뇨제(트리클로르메티아지드)와 함께 복용 시 의사 또는 약사와 상의하십시오. 복용 중에는 음주하지 마십시오."
201304069,애시논액(수출용),애시논,,동아제약(주),,
201301377,유니온아스피린장용정,유니온아스피린장용,,한국유니온제약(주),https://nedrug.mfds.go.kr/pbp/cmn/itemImageDownload/147426664639200039,"다른 비스테로이드성 소염진통제 및 살리실산 제제, 일주일 동안 메토트렉세이트 15밀리그람(15mg/주) 이상의 용량은 이 약과 병용 투여 시 출혈이 증가되거나 신기능이 감소될 수 있으므로 함께 복용하지 마십시오. 항응고제, 이부프로펜, 나프록센 등 일부 비스테로이드성 소염진통제, 혈전용해제, 다른 혈소판응집억제제, 지혈제, 당뇨병치료제(인슐린제제, 톨부타미드 등), 요산배설촉진제(벤즈브로마론, 프로베네시드), 티아지드계 이뇨제, 리튬제제, 선택적 세포토닌 재흡수 억제제, 디곡신, 전신 작용 부신피질호르몬 제제(애디슨병 대체요법용 히드로코티손 제외), 안지오텐신 전환 효소 억제제, 발프로산 제제를 복용하는 사람은 의사 또는 약사와 상의하십시오. 알칼리제제(예: 탄산수소나트륨, 탄산마그네슘) 또는 습기가 차기 쉬운 제제와 함께 섞지 마십시오. 알코올과 병용 투여 시 위장관 점막 손상이 증가하고, 이 약과 알코올의 상승효과로 인해 출혈시간이 연장될 수 있습니다."
201304742,암브론정30mg(암브록솔염산염),암브론,암브록솔염산염,조아제약(주),https://nedrug.mfds.go.kr/pbp/cmn/itemImageDownload/1MksuF0DXjJ,"에리트로마이신, 세팔렉신, 옥시테트라사이클린, 아목시실린, 세퓨록심, 독시사이클린 등의 항생물질과 함께 복용 시 의사 또는 약사와 상의하십시오."
201301493,에이프록센연질캡슐(나프록센),에이프록센,나프록센,(주)서흥,https://nedrug.mfds.go.kr/pbp/cmn/itemImageDownload/1PvIGsx46mw,"다른 비스테로이드성 소염진통제 및 나프록센 유도체와 함께 복용하지 마십시오. 히단토인계 항간질제, 설파제, 설포닐요소계 혈당강하제, 프로프라놀롤 및 다른 -차단제, ACE 저해제(캅토프릴 등), 루프계 및 티아지드계 이뇨제, 프로베네시드, 아스피린, 리튬, 메토트렉세이트, 쿠마린계 항응혈제(와파린 등), 지도부딘, 뉴퀴놀론계 항생물질(에녹사신 등)과 함께 복용 시 의사 또는 약사와 상의하십시오."
201301591,이지엔6이브연질캡슐,이지엔6이브,,(주)대웅제약,https://nedrug.mfds.go.kr/pbp/cmn/itemImageDownload/148717322719300048,"다른 해열진통제, 감기약, 진정제와 함께 복용하지 마십시오. 당뇨약, 통풍약, 관절염약, 항응고제, 스테로이드제, 이뇨제, 저용량 아스피린과 함께 복용 시 의사 또는 약사와 상의하십시오. 복용 중에는 음주하지 마십시오."
201305017,아케인크림(리도카인),아케인,리도카인,시믹씨엠오코리아주식회사,,
201301656,프라임아스피린장용정100밀리그램,프라임아스피린장용,,한국프라임제약(주),https://nedrug.mfds.go.kr/pbp/cmn/itemImageDownload/1OagY-Vo0MQ,"다른 비스테로이드성 소염진통제 및 살리실산 제제, 일주일 동안 메토트렉세이트 15밀리그람(15mg/주) 이상의 용량은 이 약과 병용 투여 시 출혈이 증가되거나 신기능이 감소될 수 있으므로 함께 사용하지 않습니다. 항응고제, 이부프로펜, 나프록센 등 일부 비스테로이드성 소염진통제, 혈전용해제, 다른 혈소판응집억제제, 지혈제, 당뇨병치료제(인슐린제제, 톨부타미드 등), 요산배설촉진제(벤즈브로마론, 프로베네시드), 티아지드계 이뇨제, 리튬제제, 선택적 세포토닌 재흡수 억제제, 디곡신, 전신 작용 부신피질호르몬 제제(애디슨병 대체요법용 히드로코티손 제외), 안지오텐신 전환 효소 억제제, 발프로산 제제를 복용하는 사람은 의사 또는 약사와 상의하십시오. 알칼리제제(예: 탄산수소나트륨, 탄산마그네슘) 또는 습기가 차기 쉬운 제제와 함께 섞지 마십시오. 알코올과 병용 투여 시 위장관 점막 손상이 증가하고, 이 약과 알코올의 상승효과로 인해 출혈시간이 연장될 수 있습니다."
201305371,뉴트리-비프리미엄정,뉴트리-비프리미엄,,코오롱제약(주),https://nedrug.mfds.go.kr/pbp/cmn/itemImageDownload/1ODWhLtN68H,"인산염, 칼슘염, 경구용 테트라사이클린계 제제, 제산제, 레보도파와 함께 복용하지 마십시오. 에스트로겐을 포함한 경구용 피임제, 항알도스테론제, 트리암테렌과 함께 복용 시 의사 또는 약사와 상의하십시오. 녹차, 홍차 등 탄닌을 함유하는 차는 복용 중, 복용 전후에는 피하십시오."
201302260,아카펜에스정,아카펜에스,,(주)셀릭스,https://nedrug.mfds.go.kr/pbp/cmn/itemImageDownload/147426670449700045,"아세트아미노펜을 포함하는 다른 제품, 진해거담제, 다른 감기약, 해열진통제, 진정제, 항히스타민제를 함유하는 내복약(비염용 경구제, 멀미약, 알레르기용약)과 함께 복용하지 마십시오. 플루클록사실린, 바르비탈계 약물, 삼환계 항우울제, 알코올, 당뇨약, 통풍약, 관절염약, 항응고제, 스테로이드제와 함께 복용 시 의사 또는 약사와 상의하십시오. 복용 중에는 음주하지 마십시오."
201305496,포탈락시럽(락티톨일수화물),포탈락,락티톨일수화물,(주)텔콘알에프제약,,"티아지드계 이뇨제, 코르티코스테로이드, 카베녹솔론, 암포테리신B, 배당체, 알파-글루코시다제 저해제(아카보스, 보글리보스)과 함께 사용 시 의사 또는 약사와 상의하십시오."
201305834,디프로펜시럽(덱시부프로펜),디프로펜,덱시부프로펜,한국유니온제약(주),,"다른 비스테로이드성 소염진통제, 아스피린, 고용량의 메토트렉세이트와 함께 복용하지 마십시오. 글루코코르티코이드, 알코올, 디곡신, 페니토인, 프로베네시드, 설핀피라존, 설포닐우레아제, 이뇨제, 항고혈압제, ACE 억제제, 푸로세미드, 아스피린, 리튬, 저용량의 메토트렉세이트, 쿠마린계 항응고제(와파린 등), 저용량 아스피린과 함께 복용 시 의사 또는 약사와 상의하십시오."
201306109,고칼디정,고칼디,,대화제약(주),https://nedrug.mfds.go.kr/pbp/cmn/itemImageDownload/147426683772100119,"인산염, 칼슘염, 경구용 테트라사이클린계 제제, 제산제와 함께 복용하지 마십시오. 강심배당체, 항알도스테론제, 트리암테렌과 함께 사용 시 의사 또는 약사와 상의하십시오. 녹차, 홍차 등 탄닌을 함유하는 차는 복용 중, 복용 전후에는 피하십시오."
201306112,아스필장용정(아스피린100밀리그람),아스필장용,아스피린100밀리그람,익수제약(주),https://nedrug.mfds.go.kr/pbp/cmn/itemImageDownload/1P2JYwFs9TA,"다른 비스테로이드성 소염진통제 및 살리실산 제제, 일주일 동안 메토트렉세이트 15밀리그람(15mg/주) 이상의 용량은 이 약과 병용 투여 시 출혈이 증가되거나 신기능이 감소될 수 있으므로 함께 사용하지 않습니다. 항응고제, 이부프로펜, 나프록센 등 일부 비스테로이드성 소염진통제, 혈전용해제, 다른 혈소판응집억제제, 지혈제, 당뇨병치료제(인슐린제제, 톨부타미드 등), 요산배설촉진제(벤즈브로마론, 프로베네시드), 티아지드계 이뇨제, 리튬제제, 선택적 세포토닌 재흡수 억제제, 디곡신, 전신 작용 부신피질호르몬 제제(애디슨병 대체요법용 히드로코티손 제외), 안지오텐신 전환 효소 억제제, 발프로산 제제를 복용하는 사람은 의사 또는 약사와 상의하십시오. 알칼리제제(예: 탄산수소나트륨, 탄산마그네슘) 또는 습기가 차기 쉬운 제제와 함께 섞지 마십시오. 알코올과 병용 투여 시 위장관 점막 손상이 증가하고, 이 약과 알코올의 상승효과로 인해 출혈시간이 연장될 수 있습니다."
201306123,카메드정,카메드,,(주)팜젠사이언스,https://nedrug.mfds.go.kr/pbp/cmn/itemImageDownload/147426683772100128,"다른 진토제, 감기약, 해열진통제, 항히스타민제, 진정제, 진해거담제, 알코올성 음료 등과 함께 복용하지 마십시오."
201306132,성광아시클로버크림,성광아시클로버,,(주)퍼슨,,프로베네시드를 투여한 환자는 의사 또는 약사와 상의하십시오.
201306134,비오플250캡슐(사카로마이세스보울라르디균),비오플250,사카로마이세스보울라르디균,건일제약(주),https://nedrug.mfds.go.kr/pbp/cmn/itemImageDownload/148499934814200192,
201306135,비타라민정,비타라민,,(주)팜젠사이언스,https://nedrug.mfds.go.kr/pbp/cmn/itemImageDownload/147426683772100131,레보도파와 함께 복용하지 마십시오.
201306176,파미딘정(파모티딘),파미딘,파모티딘,(주)종근당,https://nedrug.mfds.go.kr/pbp/cmn/itemImageDownload/147426683772100157,"이 약을 복용하기 전에 비스테로이드성 소염(항염)진통제, 무좀치료제 및 항진균제(이트라코나졸 및 포사코나졸 경구현탁액 등), 티로신 키나아제 억제제(다사티닙, 엘로티닙, 게피티니브, 파조파닙 등)를 복용하는 환자는 의사 또는 약사와 상의하십시오. 복용 중에는 음주하지 마십시오."
201306207,아세틸캡슐(아세틸시스테인),아세틸,아세틸시스테인,오스틴제약(주),https://nedrug.mfds.go.kr/pbp/cmn/itemImageDownload/148743243194000069,"경구용 항생제(아목시실린, 세푸록심, 독시사이클린, 에리트로마이신, 티암페니콜)와 함께 복용 시 적어도 2시간 간격을 두고 복용하십시오."
201306277,아스피바장용정(아스피린),아스피바장용,아스피린,(주)바이넥스,https://nedrug.mfds.go.kr/pbp/cmn/itemImageDownload/1OflX036ci2,"다른 비스테로이드성 소염진통제 및 살리실산 제제, 일주일 동안 메토트렉세이트 15밀리그람(15mg/주) 이상의 용량, 알코올과 함께 사용하지 마십시오. 항응고제, 이부프로펜, 나프록센 등 일부 비스테로이드성 소염진통제, 혈전용해제, 다른 혈소판응집억제제, 지혈제, 당뇨병치료제(인슐린제제, 톨부타미드 등), 요산배설촉진제(벤즈브로마론, 프로베네시드), 저용량의 메토트렉세이트, 리튬제제, 이부프로펜, 나프록센 등 일부 비스테로이드성 소염진통제(NSAIDs), 선택적 세포토닌 재흡수 억제제, 디곡신, 전신 작용 부신피질호르몬 제제(애디슨병 대체요법용 히드로코티손 제외), 안지오텐신 전환 효소 억제제, 발프로산 제제를 복용하는 사람은 의사 또는 약사와 상의하십시오. 알칼리제제(예: 탄산수소나트륨, 탄산마그네슘) 또는 습기가 차기 쉬운 제제와 함께 섞지 마십시오."
201306284,안티푸라민한방카타플라스마,안티푸라민한방카타플라스마,,(주)유한양행,,
201306423,플러비카타플라스마(플루르비프로펜),플러비카타플라스마,플루르비프로펜,영진약품(주),,
201306443,티어웰점안액0.5%(카르복시메틸셀룰로오스나트륨)(1회용),티어웰,1회용,일동제약(주),,
201306847,클리어틴외용액2%(살리실산),클리어틴외용,살리실산,(주)한독,,
201306969,메가비콤정,메가비콤,,(주)에이프로젠바이오로직스,https://nedrug.mfds.go.kr/pbp/cmn/itemImageDownload/1Nk2K_piklC,레보도파와 함께 복용하지 마십시오. 정주용 지질제와 함께 복용 시 의사 또는 약사와 상의하십시오.
201306491,나쎈연질캡슐(나프록센),나쎈,나프록센,신일제약(주),https://nedrug.mfds.go.kr/pbp/cmn/itemImageDownload/1Pvn3im1pas,"다른 비스테로이드성 소염진통제 및 나프록센 유도체와 함께 복용하지 마십시오. 히단토인계 항간질제, 설파제, 설포닐요소계 혈당강하제, 프로프라놀롤 및 다른 -차단제, ACE 저해제(캅토프릴 등), 루프계 및 티아지드계 이뇨제, 프로베네시드, 아스피린, 리튬, 메토트렉세이트, 쿠마린계 항응혈제(와파린 등), 지도부딘, 뉴퀴놀론계 항생물질(에녹사신 등)과 함께 복용 시 의사 또는 약사와 상의하십시오."
201306492,캐롤엔연질캡슐(나프록센),캐롤엔,나프록센,일동제약(주),https://nedrug.mfds.go.kr/pbp/cmn/itemImageDownload/152285640712500112,"다른 비스테로이드성 소염진통제 및 나프록센 유도체와 함께 복용하지 마십시오. 히단토인계 항간질제, 설파제, 설포닐요소계 혈당강하제, 프로프라놀롤 및 다른 -차단제, ACE 저해제(캅토프릴 등), 루프계 및 티아지드계 이뇨제, 프로베네시드, 아스피린, 리튬, 메토트렉세이트, 쿠마린계 항응혈제(와파린 등), 지도부딘, 뉴퀴놀론계 항생물질(에녹사신 등)과 함께 복용 시 의사 또는 약사와 상의하십시오."
201306597,하벤콜큐연질캡슐,하벤콜큐,,고려제약(주),https://nedrug.mfds.go.kr/pbp/cmn/itemImageDownload/1Ml1y5tPwsa,"진해거담제(가래약), 다른 감기약, 해열진통제, 진정제, 항히스타민제를 함유하는 내복약(비염용 경구제, 멀미약, 알레르기용약), 플루클록사실린과 함께 복용하지 마십시오. MAO억제제(항우울제, 항정신병제, 감정조절제, 항파킨슨제 등)를 복용하고 있거나 복용을 중단한 후 2주 이내의 사람은 이 약을 복용하지 마십시오. 당뇨약, 통풍약, 관절염약, 항응고제, 스테로이드제, 바르비탈계 약물, 삼환계 항우울제 및 알코올과 함께 복용 시 의사 또는 약사와 상의하십시오. 복용 중에는 음주하지 마십시오."
201306861,하벤큐연질캡슐,하벤큐,,고려제약(주),https://nedrug.mfds.go.kr/pbp/cmn/itemImageDownload/147426697439100179,"진해거담제(가래약), 다른 감기약, 해열진통제, 진정제, 항히스타민제를 함유하는 내복약(비염용 경구제, 멀미약, 알레르기용약), 플루클록사실린과 함께 복용하지 마십시오. MAO 억제제(항우울제, 항정신병제, 감정조절제, 항파킨슨제 등)를 복용하고 있거나 복용을 중단한 후 2주 이내의 사람은 이 약을 복용하지 마십시오. 당뇨약, 통풍약, 관절염약, 항응고제, 스테로이드제, 바르비탈계 약물, 삼환계 항우울제 및 알코올과 함께 복용 시 의사 또는 약사와 상의하십시오. 복용 중에는 음주하지 마십시오."
201306862,하벤코프큐연질캡슐,하벤코프큐,,고려제약(주),https://nedrug.mfds.go.kr/pbp/cmn/itemImageDownload/1Pvn3im1ptv,"진해거담제(가래약), 다른 감기약, 해열진통제, 진정제, 항히스타민제를 함유하는 내복약(비염용 경구제, 멀미약, 알레르기용약), 플루클록사실린과 함께 복용하지 마십시오. 당뇨약, 통풍약, 관절염약, 항응고제, 스테로이드제, 바르비탈계 약물, 삼환계 항우울제 및 알코올과 함께 복용 시 의사 또는 약사와 상의하십시오. 복용 중에는 음주하지 마십시오."
201307158,칼트레이트플러스디500정,칼트레이트플러스디500,,헤일리온코리아주식회사,https://nedrug.mfds.go.kr/pbp/cmn/itemImageDownload/1NCzXnoXF08,"인산염, 칼슘염, 경구용 테트라사이클린계 제제, 제산제와 함께 복용하지 마십시오. 강심배당체, 항알도스테론제, 트리암테렌과 함께 복용 시 의사 또는 약사와 상의하십시오. 녹차, 홍차 등 탄닌을 함유하는 차는 복용 중, 복용 전후에는 피하십시오."
201307061,린아스장용정(아스피린),린아스장용,아스피린,알리코제약(주),https://nedrug.mfds.go.kr/pbp/cmn/itemImageDownload/1PT2fGfm4xO,"다른 비스테로이드성 소염진통제 및 살리실산 제제, 일주일 동안 메토트렉세이트 15밀리그람(15mg/주) 이상의 용량, 알코올과 함께 사용하지 마십시오. 항응고제, 이부프로펜, 나프록센 등 일부 비스테로이드성 소염진통제, 혈전용해제, 다른 혈소판응집억제제, 지혈제, 당뇨병치료제(인슐린제제, 톨부타미드 등), 요산배설촉진제(벤즈브로마론, 프로베네시드), 저용량의 메토트렉세이트, 리튬제제, 이부프로펜, 나프록센 등 일부 비스테로이드성 소염진통제(NSAIDs), 선택적 세포토닌 재흡수 억제제, 디곡신, 전신 작용 부신피질호르몬 제제(애디슨병 대체요법용 히드로코티손 제외), 안지오텐신 전환 효소 억제제, 발프로산 제제를 복용하는 사람은 의사 또는 약사와 상의하십시오. 알칼리제제(예: 탄산수소나트륨, 탄산마그네슘) 또는 습기가 차기 쉬운 제제와 함께 섞지 마십시오."
201307342,우루큐백정,우루큐백,,(주)마더스제약,https://nedrug.mfds.go.kr/pbp/cmn/itemImageDownload/147426712262700128,"이 약을 복용하는 동안 인산염, 칼슘염, 경구용 테트라사이클린계 제제, 제산제, 레보도파를 복용하지 마십시오. 강심배당체, 항알도스테론제, 트리암테렌과 함께 투여 시 의사 또는 약사와 상의하십시오. 녹차, 홍차 등 탄닌을 함유하는 차는 복용 중, 복용 전후에는 피하십시오."
201307087,아드린정,아드린,,(주)일화,https://nedrug.mfds.go.kr/pbp/cmn/itemImageDownload/1PZ4l5sRYcG,"진해(기침을 그치게 함)거담제(가래약), 다른 감기약, 해열진통제, 진정제, 항히스타민제를 함유하는 내복약(비염용 경구제, 멀미약, 알레르기용약), 플루클록사실린과 함께 복용하지 마십시오. 당뇨약, 통풍약, 관절염약, 응고제, 스테로이드제, 바르비탈계 약물, 삼환계 항우울제 및 알코올과 함께 복용 시 의사 또는 약사와 상의하십시오. 복용 중에는 음주하지 마십시오."
201307343,물린더겔,물린더,,(주)퍼슨,,
201307379,마이믹스정,마이믹스,,(주)휴온스,https://nedrug.mfds.go.kr/pbp/cmn/itemImageDownload/147426713789400036,"인산염, 칼슘염, 경구용 테트라사이클린계 제제, 제산제, 레보도파와 함께 복용하지 마십시오. 항알도스테론제, 트리암테렌과 함께 복용 시 의사 또는 약사와 상의하십시오. 녹차, 홍자 등 탄닌을 함유하는 차는 복용 중, 복용 전후에는 피하십시오."
201307464,로시파인겔(피록시캄),로시파인,피록시캄,(주)퍼슨,,
201307475,헥시타놀이티2%액,헥시타놀이티,,(주)퍼슨,,
201307452,브렌콜에프연질캡슐,브렌콜에프,,한솔신약(주),https://nedrug.mfds.go.kr/pbp/cmn/itemImageDownload/147426715423500016,"진해(기침을 그치게 함)거담제(가래약), 다른 감기약, 해열진통제, 진정제, 항히스타민제를 함유하는 내복약(비염(코염)용 경구제, 멀미약, 알레르기용약)과 함께 복용하지 마십시오. MAO억제제(항우울제, 항정신병제, 감정조절제, 항파킨슨제 등)를 복용하고 있거나 복용을 중단한 후 2주 이내의 사람은 이 약을 복용하지 마십시오. 당뇨약, 통풍약, 관절염약, 항응고제, 스테로이드제, 바르비탈계 약물, 삼환계 항우울제, 알코올과 함께 복용 시 의사 또는 약사와 상의하십시오. 복용 중에는 음주하지 마십시오."
201307682,우루큐백클래식정,우루큐백클래식,,(주)마더스제약,https://nedrug.mfds.go.kr/pbp/cmn/itemImageDownload/147426720602900081,"인산염, 칼슘염, 경구용 테트라사이클린계 제제, 제산제, 레보도파와 함께 복용하지 마십시오. 강심배당체, 항알도스테론제, 트리암테렌과 함께 복용 시 의사 또는 약사와 상의하십시오.녹차, 홍차 등 탄닌을 함유하는 차는 복용 중, 복용 전후에는 피하십시오."
201307692,마이케어로션2.5%(히드로코르티손),마이케어,히드로코르티손,(주)마더스제약,,
201307693,마이케어로션1%(히드로코르티손),마이케어,히드로코르티손,(주)마더스제약,,
201307715,피엠트리플크림,피엠트리플,,경남제약(주),,
201307766,경남데일리디츄어블정,경남데일리디츄어블,,경남제약(주),https://nedrug.mfds.go.kr/pbp/cmn/itemImageDownload/149723228746300015,
201307834,글로게이트정(알마게이트),글로게이트,알마게이트,(주)킵스바이오파마,https://nedrug.mfds.go.kr/pbp/cmn/itemImageDownload/1NUBfpZPSFE,"이 약을 복용하는 동안 테트라사이클린계 항생제는 복용하지 마십시오.이 약을 복용하기 전에 비스테로이드소염(항염)진통제, 궤양치료제, 디기탈리스 제제, 클로르프로마진, 란소프라졸, 프레드니솔론, 페니실린, 퀴놀론, 철(Fe)염 제제, 살리실산염을 복용하는 환자는 의사 또는 약사와 상의하십시오."
201307879,디나펜플라스타(디클로페낙나트륨),디나펜플라스타,디클로페낙나트륨,현대약품(주),,"디클로페낙 제제 혹은 비스테로이드 소염제(항염증제)를 국소적으로 적용하거나 복용하지 마십시오. 뉴퀴놀론계 항균제(에녹사신 등), 루프 이뇨제(푸로세미드 등), 티아자이드계 이뇨제, 지혈을 방해하는 약물(와파린 등), 항혈소판제(아스피린 등), 선택적 세로토닌 재흡수 억제제 및 세로토닌 노르에피네프린 재흡수 억제제를 투여하는 환자는 의사 또는 약사와 상의하십시오."
201307905,리디펜점안액(케토티펜푸마르산염),리디펜,케토티펜푸마르산염,(주)휴온스메디텍,,
201307920,마그비연질캡슐,마그비,,(주)유한양행,https://nedrug.mfds.go.kr/pbp/cmn/itemImageDownload/1PpaImXKu9Z,"인산염, 칼슘염, 경구용 테트라사이클린계 제제, 제산제, 레보도파와 함께 복용하지 마십시오. 에스트로겐을 포함한 경구용 피임제, 정주용 지질제, 항알도스테론제, 트리암테렌과 함께 복용 시 의사 또는 약사와 상의하십시오. 녹차, 홍차 등 탄닌을 함유하는 차는 복용 중, 복용 전후에는 피하십시오."
201307930,노자임캡슐40000(판크레아틴장용성제피펠렛),노자임캡슐40000,판크레아틴장용성제피펠렛,(주)한국팜비오,https://nedrug.mfds.go.kr/pbp/cmn/itemImageDownload/149723228746300092,"엽산제제, 아카보즈, 미그리톨과 함께 복용 시 의사 또는 약사와 상의하십시오."
201308124,유카인크림(리도카인),유카인,리도카인,(주)유유제약,,
201307928,에이스린장용정(아스피린),에이스린장용,아스피린,(주)한국파비스제약,https://nedrug.mfds.go.kr/pbp/cmn/itemImageDownload/147426729915800111,"다른 비스테로이드성 소염진통제 및 살리실산 제제, 일주일 동안 메토트렉세이트 15밀리그람(15mg/주) 이상의 용량, 알코올과 함께 사용하지 마십시오. 항응고제, 이부프로펜, 나프록센 등 일부 비스테로이드성 소염진통제, 혈전용해제, 다른 혈소판응집억제제, 지혈제, 당뇨병치료제(인슐린제제, 톨부타미드 등), 요산배설촉진제(벤즈브로마론, 프로베네시드), 저용량의 메토트렉세이트, 리튬제제, 이부프로펜, 나프록센 등 일부 비스테로이드성 소염진통제(NSAIDs), 선택적 세포토닌 재흡수 억제제, 디곡신, 전신 작용 부신피질호르몬 제제(애디슨병 대체요법용 히드로코티손 제외), 안지오텐신 전환 효소 억제제, 발프로산 제제를 복용하는 사람은 의사 또는 약사와 상의하십시오. 알칼리제제(예: 탄산수소나트륨, 탄산마그네슘) 또는 습기가 차기 쉬운 제제와 함께 섞지 마십시오."
201308169,콘센비타프리미엄정,콘센비타프리미엄,,일동제약(주),https://nedrug.mfds.go.kr/pbp/cmn/itemImageDownload/149723224913900137,레보도파와 함께 복용하지 마십시오.
201308173,마그토닉연질캡슐,마그토닉,,(주)동구바이오제약,https://nedrug.mfds.go.kr/pbp/cmn/itemImageDownload/152104201649000004,"인산염, 칼슘염, 경구용 테트라사이클린계 제제, 제산제와 함께 복용하지 마십시오. 에스트로겐을 포함한 경구용 피임제, 항알도스테론제, 트리암테렌, 정주용 지질제와 함께 복용 시 의사 또는 약사와 상의하십시오. 녹차, 홍차 등 탄닌을 함유하는 차는 복용 중, 복용 전후에는 피하십시오."
201308190,유리카에스정,유리카에스,,명문제약(주),https://nedrug.mfds.go.kr/pbp/cmn/itemImageDownload/148665493853000026,"진해거담제, 다른 감기약, 해열진통제, 진정제, 항히스타민제를 함유하는 내복약(비염용 경구제, 멀미약, 알레르기용약), 플루클록사실린과 함께 복용하지 마십시오. 당뇨약, 통풍약, 관절염약, 항응고제, 스테로이드제, 바르비탈계 약물, 삼환계 항우울제 및 알코올과 함께 복용 시 의사 또는 약사와 상의하십시오. 복용 중에는 음주하지 마십시오."
201308196,노즈쿨점비액,노즈쿨점비,,신일제약(주),,사용 중에는 음주하지 마십시오.
201308209,뉴먼트에이스연질캡슐,뉴먼트에이스,,제이더블유중외제약(주),https://nedrug.mfds.go.kr/pbp/cmn/itemImageDownload/1Pm1vy6QJRe,"인산염, 칼슘염, 경구용 테트라사이클린계 제제, 제산제, 레보도파와 함께 복용하지 마십시오.강심배당체, 에스트로겐을 포함한 경구용 피임제, 항알도스테론제, 트리암테렌, 정주용 지질제와 함께 복용 시 의사 또는 약사와 상의하십시오.녹차, 홍차 등 탄닌을 함유하는 차는 복용 중, 복용 전후에는 피하십시오."
201308277,스웨트롤패드액(글리코피롤레이트),스웨트롤패드,글리코피롤레이트,(주)퍼슨,,
201308292,리도엠크림9.6%(리도카인),리도엠,리도카인,(주)마더스제약,,
201308377,마그셀연질캡슐,마그셀,,(주)에이프로젠바이오로직스,https://nedrug.mfds.go.kr/pbp/cmn/itemImageDownload/147426742408200085,"인산염, 칼슘염, 경구용 테트라사이클린계 제제, 제산제와 함께 복용하지 마십시오. 에스트로겐을 포함한 경구용 피임제, 항알도스테론제, 트리암테렌, 정주용 지질제와 함께 사용 시 의사 또는 약사와 상의하십시오.녹차, 홍차 등 탄닌을 함유하는 차는 복용 중, 복용 전후에는 피하십시오."
201308385,이부로엔연질캡슐(이부프로펜),이부로엔,이부프로펜,에스케이케미칼(주),https://nedrug.mfds.go.kr/pbp/cmn/itemImageDownload/1OnUY_VtDhj,"다른 비스테로이드성 소염진통제, 저용량 아스피린, 고용량의 메토트렉세이트와 함께 복용하지 마십시오. ACE 저해제, 리튬, 푸로세미드 및 티아지드계 이뇨제, 저용량의 메토트렉세이트, 쿠마린계 항응혈제(와파린 등), 선택적 세로토닌 재흡수억제제와 함께 복용 시 의사 또는 약사와 상의하십시오."
201308448,아스피드정(아스피린),아스피드,아스피린,(주)일화,https://nedrug.mfds.go.kr/pbp/cmn/itemImageDownload/147426742408200179,"다른 비스테로이드성 소염진통제 및 살리실산 제제, 일주일 동안 메토트렉세이트 15밀리그람(15mg/주) 이상의 용량, 알코올과 함께 사용하지 마십시오. 항응고제, 이부프로펜, 나프록센 등 일부 비스테로이드성 소염진통제, 혈전용해제, 다른 혈소판응집억제제, 지혈제, 당뇨병치료제(인슐린제제, 톨부타미드 등), 요산배설촉진제(벤즈브로마론, 프로베네시드), 저용량의 메토트렉세이트, 리튬제제, 이부프로펜, 나프록센 등 일부 비스테로이드성 소염진통제(NSAIDs), 선택적 세포토닌 재흡수 억제제, 디곡신, 전신 작용 부신피질호르몬 제제(애디슨병 대체요법용 히드로코티손 제외), 안지오텐신 전환 효소 억제제, 발프로산 제제를 복용하는 사람은 의사 또는 약사와 상의하십시오. 알칼리제제(예: 탄산수소나트륨, 탄산마그네슘) 또는 습기가 차기 쉬운 제제와 함께 섞지 마십시오."
201308550,슬림비플러스정,슬림비플러스,,알보젠코리아(주),https://nedrug.mfds.go.kr/pbp/cmn/itemImageDownload/1NSQUaVEnkh,"인산염, 칼슘염, 경구용 테트라사이클린계 제제, 제산제, 레보도파와 함께 복용하지 마십시오.강심배당체, 에스트로겐을 포함한 경구용 피임제, 항알도스테론제, 트리암테렌과 함께 복용 시 의사 또는 약사와 상의하십시오.녹차, 홍차 등 탄닌을 함유하는 차는 복용 중, 복용 전후에는 피하십시오."
201308592,사노바겔(리도카인),사노바,리도카인,명문제약(주),,
201308657,한창멸균포비돈스왑스틱,한창멸균포비돈스왑스틱,,한창메딕,,"과산화수소를 함께 사용하지 마십시오.리튬제제, 클로르헥시딘, 설파디아진 은화합물, 알칼리, 수은을 함유한 제제, 효소성분의 상처치료제를 함께 사용 시 의사 또는 약사와 상의하십시오."
201309038,프틴크림(나프티핀염산염),프틴,나프티핀염산염,(주)일화,,다른 국소 적용 약물과 함께 사용 시 의사 또는 약사와 상의하십시오.
201308676,하이플나프록센정(나프록센나트륨),하이플나프록센,나프록센나트륨,하이플생명과학(주),https://nedrug.mfds.go.kr/pbp/cmn/itemImageDownload/147426760981500079,"다른 비스테로이드성 소염진통제 및 나프록센 유도체, 아스피린, 고용량의 메토트렉세이트와 함께 복용하지 마십시오. 히단토인계 항간질제, 설파제, 설포닐요소계 혈당강하제, 프로프라놀롤 및 다른 -차단제, ACE 저해제(억제제)(캅토프릴 등), 루프계 이뇨제 및 티아지드계 이뇨제, 프로베네시드, 리튬, 저용량 메토트렉세이트, 쿠마린계 항응혈제(혈액응고저지제)(와파린 등), 지도부딘, 뉴퀴놀론계 항생물질(에녹사신 등)과 함께 복용 시 의사 또는 약사와 상의하십시오."
201308922,에스부펜정(덱시부프로펜),에스부펜,덱시부프로펜,삼천당제약(주),https://nedrug.mfds.go.kr/pbp/cmn/itemImageDownload/147426768452000008,"아스피린, 다른 비스테로이드성 소염진통제, 항암요법으로 사용하는 고용량(15 mg/주 이상)의 메토트렉세이트와 함께 복용하지 마십시오. 이 약을 복용하기 전에 코르티코스테로이드, 알코올, 디곡신, 페니토인, 프로베네시드, 설핀피라존, 설포닐우레아제, ACE 억제제, 안지오텐신Ⅱ 수용체 길항제, 이뇨제, 리튬, 쿠마린계 항응고제(와르파린 등), 바클로펜, 면역억제제(시클로스포린, 타크로리무스, 시롤리무스), 혈전용해제, 티클로피딘, 항혈전제, 혈중 칼륨농도를 증가시키는 약물(트리메토프림, 헤파린 등), CYP2C8, CYP2C9의 유도제(예, 리팜피신, 페노바르비탈), 저용량(15 mg/주 미만)의 메토트렉세이트, 항혈소판제 및 선택적 세로토닌 재흡수 억제제, 심근경색이나 뇌졸중 예방목적으로 저용량 아스피린을 복용하는 사람은 의사 또는 약사와 상의하십시오."
201308924,하원아스피린장용정100mg,하원아스피린장용,,(주)하원제약,https://nedrug.mfds.go.kr/pbp/cmn/itemImageDownload/147426768452000011,"다른 비스테로이드성 소염진통제 및 살리실산 제제, 일주일 동안 메토트렉세이트 15밀리그람(15mg/주) 이상의 용량은 이 약과 병용 투여 시 출혈이 증가되거나 신기능이 감소될 수 있으므로 함께 사용하지 않습니다. 항응고제, 이부프로펜, 나프록센 등 일부 비스테로이드성 소염진통제, 혈전용해제, 다른 혈소판응집억제제, 지혈제, 당뇨병치료제(인슐린제제, 톨부타미드 등), 요산배설촉진제(벤즈브로마론, 프로베네시드), 티아지드계 이뇨제, 리튬제제, 선택적 세포토닌 재흡수 억제제, 디곡신, 전신 작용 부신피질호르몬 제제(애디슨병 대체요법용 히드로코티손 제외), 안지오텐신 전환 효소 억제제, 발프로산 제제를 복용하는 사람은 의사 또는 약사와 상의하십시오. 알칼리제제(예: 탄산수소나트륨, 탄산마그네슘) 또는 습기가 차기 쉬운 제제와 함께 섞지 마십시오. 알코올과 병용 투여 시 위장관 점막 손상이 증가하고, 이 약과 알코올의 상승효과로 인해 출혈시간이 연장될 수 있습니다."
201309119,파마아모롤핀네일라카(아모롤핀염산염),파마아모롤핀네일라카,아모롤핀염산염,(주)한국파마,,
201308957,세토펜건조시럽(아세트아미노펜),세토펜,아세트아미노펜,삼아제약(주),,"아세트아미노펜을 포함하는 다른 제품, 다른 소염(항염)진통제, 바르비탈계 약물, 삼환계 항우울제, 알코올, 플루클록사실린과 함께 복용하지 마십시오. 와파린, 리튬, 타아지드계 이뇨제와 함께 복용 시 의사 또는 약사와 상의하십시오."
201309222,화이투벤나잘스프레이0.05%(자일로메타졸린염산염),화이투벤나잘스프레이,자일로메타졸린염산염,동화약품(주),,"MAO 억제제(항우울제, 항정신병제, 감정조절제, 항파킨슨제 등)를 복용(사용)하고 있거나 복용(사용)을 중단한 후 2주 이내의 사람은 이 약을 사용하지 마십시오. 이 약을 사용하기 전에 삼환계 혹은 사환계 항우울제 투여 중인 환자는 의사 또는 약사와 상의하십시오. 사용 중에는 음주하지 마십시오."
201309080,코키즈펜시럽(덱시부프로펜),코키즈펜,덱시부프로펜,코오롱제약(주),,"다른 비스테로이드성 소염진통제, 고용량의 메토트렉세이트와 함께 복용하지 마십시오. 글루코코르티코이드, 알코올, 디곡신, 페니토인, 프로베네시드, 설핀피라존, 설포닐우레아제, 이뇨제, 항고혈압제, ACE 억제제, 푸로세미드, 아스피린, 리튬, 저용량의 메토트렉세이트, 쿠마린계 항응고제(와파린 등)와 함께 복용 시 의사 또는 약사와 상의하십시오."
201309223,화이투벤나잘스프레이0.1%(자일로메타졸린염산염)/화이투벤멘톨나잘스프레이0.1%(자일로메타졸린염산염),화이투벤나잘스프레이/화이투벤멘톨나잘스프레이,자일로메타졸린염산염,동화약품(주),,"MAO 억제제(항우울제, 항정신병제, 감정조절제, 항파킨슨제 등)를 복용하고 있거나 복용을 중단한 후 2주 이내의 사람은 이 약을 사용하지 마십시오. 이 약을 사용하기 전에 삼환계 혹은 사환계 항우울제를 투여 중인 환자는 의사 또는 약사와 상의하십시오. 사용 중에는 음주하지 마십시오."
201309112,경동아스피린장용정,경동아스피린장용,,경동제약(주),https://nedrug.mfds.go.kr/pbp/cmn/itemImageDownload/147426778394000108,"다른 비스테로이드성 소염진통제 및 살리실산 제제, 일주일 동안 메토트렉세이트 15밀리그람(15mg/주) 이상의 용량은 이 약과 병용 투여 시 출혈이 증가되거나 신기능이 감소될 수 있으므로 함께 사용하지 않습니다. 항응고제, 이부프로펜, 나프록센 등 일부 비스테로이드성 소염진통제, 혈전용해제, 다른 혈소판응집억제제, 지혈제, 당뇨병치료제(인슐린제제, 톨부타미드 등), 요산배설촉진제(벤즈브로마론, 프로베네시드), 티아지드계 이뇨제, 리튬제제, 선택적 세포토닌 재흡수 억제제, 디곡신, 전신 작용 부신피질호르몬 제제(애디슨병 대체요법용 히드로코티손 제외), 안지오텐신 전환 효소 억제제, 발프로산 제제를 복용하는 사람은 의사 또는 약사와 상의하십시오. 알칼리제제(예: 탄산수소나트륨, 탄산마그네슘) 또는 습기가 차기 쉬운 제제와 함께 섞지 마십시오. 알코올과 병용 투여 시 위장관 점막 손상이 증가하고, 이 약과 알코올의 상승효과로 인해 출혈시간이 연장될 수 있습니다."
201309247,티로클겔(티로트리신),티로클,티로트리신,일동제약(주),,
201309356,통에존에스겔(피록시캄),통에존에스,피록시캄,현대약품(주),,
201309386,디맥정(농축콜레칼시페롤과립),디맥,농축콜레칼시페롤과립,(주)다림바이오텍,https://nedrug.mfds.go.kr/pbp/cmn/itemImageDownload/147426782731800125,"벤조티아디아진 유도체와 함께 복용하지 마십시오.다른 비타민 D 제제, 페니토인, 바르비탈류 약물, 티아지드계 이뇨제, 글루코코르티코이드와 함께 복용 시 의사 또는 약사와 상의하십시오."
201309490,디카맥스에브리원정,디카맥스에브리원,,(주)다림바이오텍,https://nedrug.mfds.go.kr/pbp/cmn/itemImageDownload/1OSWzHKsvwr,"인산염, 칼슘염, 경구용 테트라사이클린계 제제, 제산제, 레보도파와 함께 복용하지 마십시오. 항알도스테론제, 트리암테렌, 강심배당체와 함께 복용 시 의사 또는 약사와 상의하십시오. 녹차, 홍차 등 탄닌을 함유하는 차는 복용 중, 복용 전후에는 피하십시오."
201309431,기감탕코프액,기감탕코프,,한국신텍스제약(주),,"진해거담제(가래약), 다른 감기약, 해열진통제, 진정제, 항히스타민제를 함유하는 내복약(비염용 경구제, 멀미약, 알레르기용약)과 함께 복용하지 마십시오. 바르비탈계 약물, 삼환계 항우울제, 알코올, 칼륨함유제제, 감초함유제제, 글리시리진산 또는 그 염류 함유제제, 루프계 이뇨제(푸로세미드, 에타크린산) 또는 티아지드계 이뇨제(트리클로르메티아지드), 당뇨약, 통풍약, 관절염약, 항응고제, 스테로이드제와 함께 복용 시 의사 또는 약사와 상의하십시오. 복용 중에는 음주하지 마십시오."
201309581,하벤유에스캡슐,하벤유에스,,고려제약(주),https://nedrug.mfds.go.kr/pbp/cmn/itemImageDownload/147426788662500135,"다른 비염용 경구(복용)제, 항히스타민제를 함유하는 내복약(감기약, 진해거담제, 멀미약, 알레르기용약 등)과 함께 복용하지 마십시오. 복용 중에는 음주하지 마십시오."
201309432,기감탕노즈액,기감탕노즈,,한국신텍스제약(주),,"진해(기침을 그치게 함)거담제(가래약), 다른 감기약, 해열진통제, 진정제, 항히스타민제를 함유하는 내복약(비(코)염용 경구제, 멀미약, 알레르기용약)과 함께 복용하지 마십시오. 당뇨약, 통풍약, 관절염약, 항응고제, 스테로이드제, 바르비탈계 약물, 삼환계 항우울제 및 알코올, 칼륨함유제제, 감초함유제제, 글리시리진산 또는 그 염류 함유제제, 루프계 이뇨제 (푸로세미드, 에타크린산) 또는 티아지드계 이뇨제(트리클로르메티아지드)와 함께 복용 시 의사 또는 약사와 상의하십시오. 복용 중에는 음주하지 마십시오."
201309433,기감탕에프액,기감탕에프,,한국신텍스제약(주),,"진해거담제, 다른 감기약, 해열진통제, 진정제, 항히스타민제를 함유하는 내복약(비염용 경구제, 멀미약, 알레르기용약)과 함께 복용하지 마십시오. 바르비탈계 약물, 삼환계 항우울제, 알코올, 칼륨함유제제, 감초함유제제, 글리시리진산 또는 그 염류 함유제제, 루프계 이뇨제(푸로세미드, 에타크린산) 또는 티아지드계 이뇨제(트리클로르메티아지드), 당뇨약, 통풍약, 관절염약, 항응고제, 스테로이드제와 함께 복용 시 의사 또는 약사와 상의하십시오. 복용 중에는 음주하지 마십시오."
201309585,무조메크림(테르비나핀염산염),무조메,테르비나핀염산염,(주)퍼슨,,
201309546,카페린에스정,카페린에스,,(주)에이프로젠바이오로직스,https://nedrug.mfds.go.kr/pbp/cmn/itemImageDownload/147426788662500075,"진해거담제(가래약), 다른 감기약, 해열진통제, 진정제, 항히스타민제를 함유하는 내복약(비염용 경구제, 멀미약, 알레르기용약)과 함께 복용하지 마십시오. 바르비탈계 약물, 삼환계 항우울제, 알코올, 당뇨약, 통풍약, 관절염약, 항응고제, 스테로이드제와 함께 복용 시 의사 또는 약사와 상의하십시오. 복용 중에는 음주하지 마십시오."
201309612,메가트루골드정,메가트루골드,,(주)유한양행,https://nedrug.mfds.go.kr/pbp/cmn/itemImageDownload/1PQyjoyj8oW,"인산염, 칼슘염, 경구용 테트라사이클린계 제제, 제산제, 레보도파와 함께 복용하지 마십시오. 강심배당체, 에스트로겐을 포함한 경구(먹는)용 피임제, 항알도스테론제, 트리암테렌과 함께 복용 시 의사 또는 약사와 상의하십시오. 녹차, 홍차 등 탄닌을 함유하는 차는 복용 중, 복용 전후에는 피하십시오."
201309579,오메콜에프캡슐,오메콜에프,,(주)에이프로젠바이오로직스,https://nedrug.mfds.go.kr/pbp/cmn/itemImageDownload/1M_fFrB4MKZ,"진해거담제, 다른 감기약, 해열진통제, 진정제, 항히스타민제를 함유하는 내복약(비염용 경구제, 멀미약, 알레르기용약)과 함께 복용하지 마십시오. 당뇨약, 통풍약, 관절염약, 항응고제, 스테로이드제, 바르비탈계 약물, 삼환계 항우울제 및 알코올과 함께 복용 시 의사 또는 약사와 상의하십시오. 복용 중에는 음주하지 마십시오."
201309614,히로손로션1%(히드로코르티손),히로손,히드로코르티손,(주)제뉴파마,,
201309706,알마돈정,알마돈,,태극제약(주),https://nedrug.mfds.go.kr/pbp/cmn/itemImageDownload/147426790493000096,테트라사이클린계 항생제와 함께 복용하지 마십시오.
201309771,락투즈시럽(락툴로오스액),락투즈,락툴로오스액,(주)엑세스파마,,"아카보즈 등의 α-글리코시다아제 저해제, 광범위 항균 스펙트럼 항생제, 이뇨제, 코르티코이드, 암포테리신 B, 강심배당체, 제산제와 함께 복용 시 의사 또는 약사와 상의하십시오."
201309804,리액트프리미엄정,리액트프리미엄,,일양약품(주),https://nedrug.mfds.go.kr/pbp/cmn/itemImageDownload/147426794354400015,레보도파와 함께 복용하지 마십시오.
201309853,엑스콜코프캡슐,엑스콜코프,,(주)한풍제약,https://nedrug.mfds.go.kr/pbp/cmn/itemImageDownload/147426794354400054,"다른 진해거담제, 감기약, 항히스타민제를 함유하는 내복약(비염용 경구제, 멀미약, 알레르기용약), 진정제와 함께 복용하지 마십시오. 칼륨함유제제, 감초함유제제, 글리시리진산 또는 그 염류 함유제제, 루프계 이뇨제(푸로세미드, 에타크린산) 또는 티아지드계 이뇨제(트리클로르메티아지드)와 함께 복용 시 의사 또는 약사와 상의하십시오. 복용 중에는 음주하지 마십시오."
201309882,비나폴로프리미엄정,비나폴로프리미엄,,(주)유유제약,https://nedrug.mfds.go.kr/pbp/cmn/itemImageDownload/147426794354400063,"인산염, 칼슘염, 경구용 테트라사이클린계 제제, 제산제, 레보도파와 함께 복용하지 마십시오. 에스트로겐을 포함한 경구용 피임제, 항알도스테론제, 트리암테렌과 함께 복용 시 의사 또는 약사와 상의하십시오.녹차, 홍차 등 탄닌을 함유하는 차는 복용 중, 복용 전후에는 피하십시오."
201309887,카르엘정(L-카르니틴),카르엘,L-카르니틴,(주)팜젠사이언스,https://nedrug.mfds.go.kr/pbp/cmn/itemImageDownload/1OKRXo9l4KI,정주용 지질제와 함께 복용 시 의사 또는 약사와 상의하십시오.
201309996,알마드정(알마게이트),알마드,알마게이트,(주)넥스팜코리아,https://nedrug.mfds.go.kr/pbp/cmn/itemImageDownload/1P2JYwFsAs5,"이 약을 복용하는 동안 테트라사이클린계 항생제는 복용하지 마십시오.이 약을 복용하기 전에 비스테로이드소염(항염)진통제, 궤양치료제, 디기탈리스 제제, 클로르프로마진, 란소프라졸, 프레드니솔론, 페니실린, 퀴놀론, 철(Fe)염 제제, 살리실산염을 복용하는 환자는 의사 또는 약사와 상의하십시오."
201309963,펜잘8시간이알서방정(아세트아미노펜),펜잘8시간이알서방,아세트아미노펜,(주)종근당,https://nedrug.mfds.go.kr/pbp/cmn/itemImageDownload/152345165220300070,"다른 소염(항염)진통제, 아세트아미노펜을 포함하는 다른 제품, 바르비탈계 약물, 삼환계 항우울제, 알코올과 함께 이 약을 복용하지 마십시오. 와파린, 플루클록사실린과 함께 복용 시 의사 또는 약사와 상의하십시오."
201310091,브이디500아이유정(콜레칼시페롤과립),브이디500아이유,콜레칼시페롤과립,신일제약(주),https://nedrug.mfds.go.kr/pbp/cmn/itemImageDownload/1Pvn3im1rSb,"벤조티아디아진 유도체와 함께 복용하지 마십시오.다른 비타민 D 제제, 페니토인, 바르비탈류 약물, 티아지드계 이뇨제, 글루코코르티코이드와 함께 복용 시 의사 또는 약사와 상의하십시오."
201310133,영일아스피린장용정100mg(아스피린),영일아스피린장용,아스피린,영일제약(주),https://nedrug.mfds.go.kr/pbp/cmn/itemImageDownload/1PmutR0uZ2j,"다른 비스테로이드성 소염진통제 및 살리실산 제제, 일주일 동안 메토트렉세이트 15밀리그람(15mg/주) 이상의 용량과 함께 복용하지 마십시오.항응고제, 혈전용해제, 다른 혈소판응집억제제, 지혈제, 당뇨병치료제(인슐린제제, 톨부타미드 등), 요산배설촉진제(벤즈브로마론, 프로베네시드), 저용량의 메토트렉세이트, 리튬제제, 이부프로펜, 나프록센 등 일부 비스테로이드성 소염진통제, 선택적 세포토닌 재흡수 억제제, 디곡신, 전신 작용 부신피질호르몬 제제(애디슨병 대체요법용 히드로코티손 제외), 안지오텐신 전환 효소 억제제, 발프로산 제제, 알코올과 함께 복용 시 의사 또는 약사와 상의하십시오. 탄산수소나트륨, 탄산마그네슘 등의 알칼리제제 또는 습기가 차기 쉬운 제제와 함께 섞지 마십시오."
201310271,게이트정(알마게이트),게이트,알마게이트,오스틴제약(주),https://nedrug.mfds.go.kr/pbp/cmn/itemImageDownload/147426799381700051,"테트라사이클린계 항생제와 함께 복용하지 마십시오. 비스테로이드소염진통제, 궤양 치료제, 디기탈리스 제제, 클로르프로마진, 란소프라졸, 프레드니솔론, 페니실린, 퀴놀론, 철(Fe)염 제제, 살리실산염과 함께 복용 시 의사 또는 약사와 상의하십시오."
201310207,명문아스피린장용정100mg,명문아스피린장용,,명문제약(주),https://nedrug.mfds.go.kr/pbp/cmn/itemImageDownload/1ObKPNYiUz8,"다른 비스테로이드성 소염진통제 및 살리실산 제제, 일주일 동안 메토트렉세이트 15밀리그람(15mg/주) 이상의 용량과 함께 복용하지 마십시오.항응고제, 혈전용해제, 다른 혈소판응집억제제, 지혈제, 당뇨병치료제(인슐린제제, 톨부타미드 등), 요산배설촉진제(벤즈브로마론, 프로베네시드), 저용량의 메토트렉세이트, 리튬제제, 이부프로펜, 나프록센 등 일부 비스테로이드성 소염진통제, 선택적 세포토닌 재흡수 억제제, 디곡신, 전신 작용 부신피질호르몬 제제(애디슨병 대체요법용 히드로코티손 제외), 안지오텐신 전환 효소 억제제, 발프로산 제제, 알코올과 함께 복용 시 의사 또는 약사와 상의하십시오. 탄산수소나트륨, 탄산마그네슘 등의 알칼리제제 또는 습기가 차기 쉬운 제제와 함께 섞지 마십시오."
201310516,하드칼츄어블이지정,하드칼츄어블이지,,부광약품(주),https://nedrug.mfds.go.kr/pbp/cmn/itemImageDownload/1Pvn3im1rNU,"인산염, 칼슘염, 경구용 테트라사이클린계 제제, 제산제와 함께 복용하지 마십시오.강심배당체, 항알도스테론제, 트리암테렌과 함께 복용 시 의사 또는 약사와 상의하십시오.녹차, 홍차 등 탄닌을 함유하는 차는 복용 중, 복용 전후에는 피하십시오."
201310219,지니펜정,지니펜,,(주)마더스제약,https://nedrug.mfds.go.kr/pbp/cmn/itemImageDownload/1Q0ctIKcDft,"진해거담제(가래약), 다른 감기약, 해열진통제, 진정제, 항히스타민제를 함유하는 내복약(비염용 경구제, 멀미약, 알레르기용약)과 함께 복용하지 마십시오. 바르비탈계 약물, 삼환계 항우울제, 알코올, 당뇨약, 통풍약, 관절염약, 항응고제, 스테로이드제와 함께 복용 시 의사 또는 약사와 상의하십시오. 복용 중에는 음주하지 마십시오."
201310681,클리마졸질정(클로트리마졸),클리마졸질,클로트리마졸,에이치엘비제약(주),https://nedrug.mfds.go.kr/pbp/cmn/itemImageDownload/147426812405600068,이 약을 사용하는 동안 경구용 타크로리무스를 함께 복용하지 마십시오.
201310281,스피록센연질캡슐(나프록센),스피록센,나프록센,광동제약(주),https://nedrug.mfds.go.kr/pbp/cmn/itemImageDownload/147426799381700054,"다른 비스테로이드성 소염진통제 및 나프록센 유도체와 함께 복용하지 마십시오. 히단토인계 항간질제, 설파제, 설포닐요소계 혈당강하제, 프로프라놀롤 및 다른 -차단제, ACE 저해제(캅토프릴 등), 루프계 및 티아지드계 이뇨제, 프로베네시드, 아스피린, 리튬, 메토트렉세이트, 쿠마린계 항응혈제(와파린 등), 지도부딘, 뉴퀴놀론계 항생물질(에녹사신 등)과 함께 복용 시 의사 또는 약사와 상의하십시오."
201310349,넥스핀장용정100mg(아스피린),넥스핀장용,아스피린,(주)넥스팜코리아,https://nedrug.mfds.go.kr/pbp/cmn/itemImageDownload/1P2JYwFsApr,"다른 비스테로이드성 소염진통제 및 살리실산 제제, 일주일 동안 메토트렉세이트 15밀리그람(15mg/주) 이상의 용량과 함께 복용하지 마십시오.항응고제, 혈전용해제, 다른 혈소판응집억제제, 지혈제, 당뇨병치료제(인슐린제제, 톨부타미드 등), 요산배설촉진제(벤즈브로마론, 프로베네시드), 저용량의 메토트렉세이트, 리튬제제, 이부프로펜, 나프록센 등 일부 비스테로이드성 소염진통제, 선택적 세포토닌 재흡수 억제제, 디곡신, 전신 작용 부신피질호르몬 제제(애디슨병 대체요법용 히드로코티손 제외), 안지오텐신 전환 효소 억제제, 발프로산 제제, 알코올과 함께 복용 시 의사 또는 약사와 상의하십시오. 탄산수소나트륨, 탄산마그네슘 등의 알칼리제제 또는 습기가 차기 쉬운 제제와 함께 섞지 마십시오."
201310808,플루비톱카타플라스마(플루르비프로펜),플루비톱카타플라스마,플루르비프로펜,코오롱제약(주),,
201310413,카푸린에스정,카푸린에스,,대한뉴팜(주),https://nedrug.mfds.go.kr/pbp/cmn/itemImageDownload/147426806030600141,"진해거담제, 다른 감기약, 해열진통제, 진정제, 항히스타민제를 함유하는 내복약(비염용 경구제, 멀미약, 알레르기용약)과 함께 복용하지 마십시오 바르비탈계 약물, 삼환계 항우울제 및 알코올, 당뇨약, 통풍약, 관절염약, 항응고제, 스테로이드제 등과 함께 복용 시 의사 또는 약사와 상의하십시오. 복용 중에는 음주하지 마십시오."
201310917,액티넘이엑스플러스정,액티넘이엑스플러스,,지피테라퓨틱스코리아주식회사,https://nedrug.mfds.go.kr/pbp/cmn/itemImageDownload/1O6liAhLUua,레보도파와 함께 복용하지 마십시오.에스트로겐을 포함한 경구용 피임제와 함께 복용 시 의사 또는 약사와 상의하십시오.
201310498,자이날큐연질캡슐(나프록센),자이날큐,나프록센,고려제약(주),https://nedrug.mfds.go.kr/pbp/cmn/itemImageDownload/147426806030600161,"다른 비스테로이드성 소염진통제 및 나프록센 유도체와 함께 복용하지 마십시오. 히단토인계 항뇌전증제, 설파제, 설포닐요소계 혈당강하제, 프로프라놀롤 및 다른 -차단제, ACE 저해제(캅토프릴 등), 루프계 및 티아지드계 이뇨제, 프로베네시드, 아스피린, 리튬, 메토트렉세이트, 쿠마린계 항응혈제(와파린 등), 지도부딘, 뉴퀴놀론계 항생물질(에녹사신 등)과 함께 복용 시 의사 또는 약사와 상의하십시오."
201310592,바소피린장용정(아스피린),바소피린장용,아스피린,조아제약(주),https://nedrug.mfds.go.kr/pbp/cmn/itemImageDownload/147426812405600024,"다른 비스테로이드성 소염진통제 및 살리실산 제제, 일주일 동안 메토트렉세이트 15밀리그람(15mg/주) 이상의 용량과 함께 복용하지 마십시오.항응고제, 혈전용해제, 다른 혈소판응집억제제, 지혈제, 당뇨병치료제(인슐린제제, 톨부타미드 등), 요산배설촉진제(벤즈브로마론, 프로베네시드), 저용량의 메토트렉세이트, 리튬제제, 이부프로펜, 나프록센 등 일부 비스테로이드성 소염진통제, 선택적 세포토닌 재흡수 억제제, 디곡신, 전신 작용 부신피질호르몬 제제(애디슨병 대체요법용 히드로코티손 제외), 안지오텐신 전환 효소 억제제, 발프로산 제제, 알코올과 함께 복용 시 의사 또는 약사와 상의하십시오. 탄산수소나트륨, 탄산마그네슘 등의 알칼리제제 또는 습기가 차기 쉬운 제제와 함께 섞지 마십시오."
201400099,원스타민정,원스타민,,알리코제약(주),https://nedrug.mfds.go.kr/pbp/cmn/itemImageDownload/1OG0K12c1kJ,레보도파와 함께 복용하지 마십시오.에스트로겐을 포함한 경구용 피임제와 함께 복용 시 의사 또는 약사와 상의하십시오.
201310950,이지펜연질캡슐(덱시부프로펜),이지펜,덱시부프로펜,신신제약(주),https://nedrug.mfds.go.kr/pbp/cmn/itemImageDownload/147426820767200165,"아스피린, 다른 비스테로이드성 소염진통제, 항암요법으로 사용하는 고용량(15 mg/주 이상)의 메토트렉세이트와 함께 복용하지 마십시오. 이 약을 복용하기 전에 코르티코스테로이드, 알코올, 디곡신, 페니토인, 프로베네시드, 설핀피라존, 설포닐우레아제, ACE 억제제, 안지오텐신Ⅱ 수용체 길항제, 이뇨제, 리튬, 쿠마린계 항응고제(와르파린 등), 바클로펜, 면역억제제(시클로스포린, 타크로리무스, 시롤리무스), 혈전용해제, 티클로피딘, 항혈전제, 혈중 칼륨농도를 증가시키는 약물(트리메토프림, 헤파린 등), CYP2C8, CYP2C9의 유도제(예, 리팜피신, 페노바르비탈), 저용량(15 mg/주 미만)의 메토트렉세이트, 항혈소판제 및 선택적 세로토닌 재흡수 억제제, 심근경색이나 뇌졸중 예방목적으로 저용량 아스피린을 복용하는 사람은 의사 또는 약사와 상의하십시오."
201400030,펜다나정,펜다나,,신일제약(주),https://nedrug.mfds.go.kr/pbp/cmn/itemImageDownload/1P2JYwFsBkO,"다른 해열진통제, 감기약, 진정제와 함께 복용하지 마십시오. 당뇨약, 통풍약, 관절염약, 항응고제, 스테로이드제, 이뇨제, 저용량 아스피린, 칼륨함유제제, 감초함유제제, 글리시리진산 또는 그 염류 함유제제, 루프계 이뇨제(푸로세미드, 에타크린산) 또는 티아지드계 이뇨제(트리클로르메티아지드)와 함께 복용 시 의사 또는 약사와 상의하십시오. 복용 중에는 음주하지 마십시오."
201400114,모비락스산,모비락스,,(주)한국팜비오,,"경구투여 약물(항간질약 등), 알코올에는 잘 녹고, 물에는 상대적으로 용해도가 낮은 약과 함께 복용하지 마십시오. 이 약에 함유된 폴리에틸렌글리콜3350에 의해 용해도가 증가할 수 있습니다."
201400143,맥스케어프리미엄정,맥스케어프리미엄,,신일제약(주),https://nedrug.mfds.go.kr/pbp/cmn/itemImageDownload/1OZV2pPArlx,레보도파와 함께 복용하지 마십시오.
201400284,맥스케어베타정,맥스케어베타,,신일제약(주),https://nedrug.mfds.go.kr/pbp/cmn/itemImageDownload/147426827284100139,레보도파와 함께 복용하지 마십시오. 에스트로겐을 포함한 경구(먹는)용 피임제와 함께 복용 시 의사 또는 약사와 상의하십시오.
201400292,원앤데이후레쉬점안액(1회용),원앤데이후레쉬,1회용,(주)옵투스제약,,
201400293,캐치콜에스연질캡슐,캐치콜에스,,코오롱제약(주),https://nedrug.mfds.go.kr/pbp/cmn/itemImageDownload/1Pvn3im1rmd,"진해거담제, 다른 감기약, 해열진통제, 진정제, 항히스타민제를 함유하는 내복약(비염용 경구제, 멀미약, 알레르기용약)과 함께 복용하지 마십시오. MAO억제제(항우울제, 항정신병제, 감정조절제, 항파킨슨제 등)를 복용하고 있거나 복용을 중단한 후 2주 이내의 사람은 이 약을 복용하지 마십시오. 당뇨약, 통풍약, 관절염약, 항응고제, 스테로이드제, 바르비탈계 약물, 삼환계 항우울제, 알코올과 함께 복용 시 의사 또는 약사와 상의하십시오. 복용 중에는 음주하지 마십시오. 바르비탈계 약물, 삼환계 항우울제 및 알코올을 투여한 환자는 의사 또는 약사와 상의하십시오."
201400318,유한아스피린장용정(아스피린),유한아스피린장용,아스피린,(주)유한양행,https://nedrug.mfds.go.kr/pbp/cmn/itemImageDownload/152795414571600029,"다른 비스테로이드성 소염진통제 및 살리실산 제제, 일주일 동안 메토트렉세이트 15밀리그람(15mg/주) 이상의 용량과 함께 복용하지 마십시오.항응고제, 혈전용해제, 다른 혈소판응집억제제, 지혈제, 당뇨병치료제(인슐린제제, 톨부타미드 등), 요산배설촉진제(벤즈브로마론, 프로베네시드), 저용량의 메토트렉세이트, 리튬제제, 이부프로펜, 나프록센 등 일부 비스테로이드성 소염진통제, 선택적 세포토닌 재흡수 억제제, 디곡신, 전신 작용 부신피질호르몬 제제(애디슨병 대체요법용 히드로코티손 제외), 안지오텐신 전환 효소 억제제, 발프로산 제제, 알코올과 함께 복용 시 의사 또는 약사와 상의하십시오. 탄산수소나트륨, 탄산마그네슘 등의 알칼리제제 또는 습기가 차기 쉬운 제제와 함께 섞지 마십시오."
201400681,해그린캡슐(아세틸시스테인),해그린,아세틸시스테인,삼익제약(주),https://nedrug.mfds.go.kr/pbp/cmn/itemImageDownload/1Pvn3im1rZt,"경구용 항생제(아목시실린, 세푸록심, 독시사이클린, 에리트로마이신, 티암페니콜)와 함께 복용 시 적어도 2시간 간격을 두고 복용하십시오."
201400325,리드콜연질캡슐,리드콜,,(주)알피바이오,https://nedrug.mfds.go.kr/pbp/cmn/itemImageDownload/1NOwp2F6NGK,"진해거담제, 다른 감기약, 해열진통제, 진정제, 항히스타민제를 함유하는 내복약(비염용 경구제, 멀미약, 알레르기용약)과 함께 복용하지 마십시오. MAO억제제(항우울제, 항정신병제, 감정조절제, 항파킨슨제 등)를 복용하고 있거나 복용을 중단한 후 2주 이내의 사람은 이 약을 복용하지 마십시오. 당뇨약, 통풍약, 관절염약, 항응고제, 스테로이드제, 바르비탈계 약물, 삼환계 항우울제, 알코올과 함께 복용 시 의사 또는 약사와 상의하십시오. 복용 중에는 음주하지 마십시오."
201400701,알마티정(알마게이트),알마티,알마게이트,하나제약(주),https://nedrug.mfds.go.kr/pbp/cmn/itemImageDownload/1Os35onWptg,"테트라사이클린계 항생물질과 함께 복용하지 마십시오. 비스테로이드소염(항염)진통제, 궤양치료제, 디기탈리스 제제, 클로르프로마진, 란소프라졸, 프레드니솔론, 페니실린, 퀴놀론, 철(Fe)염 제제, 살리실산염과 함께 복용 시 의사 또는 약사와 상의하십시오."
201400348,쉐러콜에스연질캡슐,쉐러콜에스,,(주)알피바이오,https://nedrug.mfds.go.kr/pbp/cmn/itemImageDownload/147426827284100184,"진해거담제, 다른 감기약, 해열진통제, 진정제, 항히스타민제를 함유하는 내복약(비염용 경구제, 멀미약, 알레르기용약)과 함께 복용하지 마십시오. MAO억제제(항우울제, 항정신병제, 감정조절제, 항파킨슨제 등)를 복용하고 있거나 복용을 중단한 후 2주 이내의 사람은 이 약을 복용하지 마십시오. 당뇨약, 통풍약, 관절염약, 항응고제, 스테로이드제, 바르비탈계 약물, 삼환계 항우울제, 알코올과 함께 복용 시 의사 또는 약사와 상의하십시오. 복용 중에는 음주하지 마십시오."
201400349,모아노즈연질캡슐,모아노즈,,(주)알피바이오,https://nedrug.mfds.go.kr/pbp/cmn/itemImageDownload/1NAdfG1CxHc,"진해거담제, 다른 감기약, 해열진통제, 진정제, 항히스타민제를 함유하는 내복약(비염용 경구제, 멀미약, 알레르기용약)과 함께 복용하지 마십시오. MAO억제제(항우울제, 항정신병제, 감정조절제, 항파킨슨제 등)를 복용하고 있거나 복용을 중단한 후 2주 이내의 사람은 이 약을 복용하지 마십시오. 당뇨약, 통풍약, 관절염약, 항응고제, 스테로이드제, 바르비탈계 약물, 삼환계 항우울제, 알코올과 함께 복용 시 의사 또는 약사와 상의하십시오. 복용 중에는 음주하지 마십시오."
201400493,유영아스피린장용정100mg,유영아스피린장용,,(주)유영제약,https://nedrug.mfds.go.kr/pbp/cmn/itemImageDownload/1O1hVd7Otka,"다른 비스테로이드성 소염진통제 및 살리실산 제제, 일주일 동안 메토트렉세이트 15밀리그람(15mg/주) 이상의 용량과 함께 복용하지 마십시오.항응고제, 혈전용해제, 다른 혈소판응집억제제, 지혈제, 당뇨병치료제(인슐린제제, 톨부타미드 등), 요산배설촉진제(벤즈브로마론, 프로베네시드), 저용량의 메토트렉세이트, 리튬제제, 이부프로펜, 나프록센 등 일부 비스테로이드성 소염진통제, 선택적 세포토닌 재흡수 억제제, 디곡신, 전신 작용 부신피질호르몬 제제(애디슨병 대체요법용 히드로코티손 제외), 안지오텐신 전환 효소 억제제, 발프로산 제제, 알코올과 함께 복용 시 의사 또는 약사와 상의하십시오. 탄산수소나트륨, 탄산마그네슘 등의 알칼리제제 또는 습기가 차기 쉬운 제제와 함께 섞지 마십시오."
201400729,비스타치정(글루타티온(환원형)),비스타치,글루타티온,(주)한국파비스제약,https://nedrug.mfds.go.kr/pbp/cmn/itemImageDownload/147426837868200146,
201400731,일동펠비낙플라스타,일동펠비낙플라스타,,일동제약(주),,
201400746,헤모퀸골드엠캡슐,헤모퀸골드엠,,경남제약(주),https://nedrug.mfds.go.kr/pbp/cmn/itemImageDownload/147426837868200158,"이 약을 복용하는 동안 인산염, 칼슘염, 경구용 테트라사이클린계 제제, 제산제와 함께 복용하지 마십시오.항알도스테론제, 트리암테렌과 함께 복용 시 의사 또는 약사와 상의하십시오.녹차, 홍차 등 탄닌을 함유하는 차는 복용 중, 복용 전후에는 피하십시오."
201400785,이지다이트에스정,이지다이트에스,,구주제약(주),https://nedrug.mfds.go.kr/pbp/cmn/itemImageDownload/147426837868200176,"진해거담제(가래약), 다른 감기약, 해열진통제, 진정제, 항히스타민제를 함유하는 내복약(비염용 경구제, 멀미약, 알레르기용약)과 함께 복용하지 마십시오. 바르비탈계 약물, 삼환계 항우울제, 알코올, 당뇨약, 통풍약, 관절염약, 항응고제, 스테로이드제와 함께 복용 시 의사 또는 약사와 상의하십시오. 복용 중에는 음주하지 마십시오."
201400876,바로스콘더블액션현탁액,바로스콘더블액션,,영진약품(주),,"테트라사이클린, 디곡신, 플루오로퀴놀론, 철염, 케토코나졸, 신경이완제, 티록신, 페니실라민, 베타차단제(아테놀올, 메토프로롤, 프로프라놀롤), 글루코코르티코이드, 클로로퀸, 에스트라무스틴 및 디포스포네이이트 등과 함께 복용 시 적어도 2시간의 간격을 두고 복용하십시오."
201400916,겔비스톤현탁액,겔비스톤,,(주)텔콘알에프제약,,"테트라사이클린, 디곡신, 플루오로퀴놀론, 철염(Iron salt), 케토코나졸, 신경이완제, 티록신, 페니실라민, 베타차단제(아테놀올, 메토프로롤, 프로프라놀롤), 글루코코르티코이드, 클로로퀸, 에스트라무스틴 및 디포스포네이트(diphosphonates)와 함께 복용 시 의사 또는 약사와 상의하십시오."
201401003,비엠쿨에프캡슐,비엠쿨에프,,(주)한풍제약,https://nedrug.mfds.go.kr/pbp/cmn/itemImageDownload/147426841854900148,"다른 비염용 경구제, 항히스타민제를 함유하는 내복약(감기약, 진해거담제, 멀미약, 알레르기용약)과 함께 복용하지 마십시오. 복용 중에는 음주하지 마십시오."
201400930,알카파워정,알카파워,,익수제약(주),https://nedrug.mfds.go.kr/pbp/cmn/itemImageDownload/147426841854900082,"이 약을 복용하는 동안 고용량의 메토트렉세이트(15 mg/주 이상), 다른 비스테로이드성 소염진통제 및 살리실산 제제와 함께 복용하지 마십시오. 이뇨제, 통풍약, 관절염약, 스테로이드제, 항응고제, 혈전용해제, 다른 혈소판응집억제제, 지혈제, 당뇨병치료제(인슐린제제, 톨부타미드 등), 요산배설촉진제(벤즈브로마론, 프로베네시드), 저용량의 메토트렉세이트, 리튬제제, 이부프로펜, 선택적 세로토닌 재흡수 억제제, 디곡신, 전신 작용 부신피질호르몬 제제(애디슨병 대체요법용 히드로코티손 제외), ACE 억제제, 발프로산과 함께 복용 시 의사 또는 약사와 상의하십시오. 알코올과 병용 투여 시 위장관 점막 손상이 증가하고 출혈시간이 연장될 수 있습니다."
201401083,메타리빈나잘워시액(염화나트륨)(수출명:오션나잘액),메타리빈나잘워시,,태극제약(주),,
201401034,욱씬정,욱씬,,(주)마더스제약,https://nedrug.mfds.go.kr/pbp/cmn/itemImageDownload/147426841854900160,"진해거담제, 다른 감기약, 해열진통제, 진정제, 항히스타민제를 함유하는 내복약(비염용 경구제, 멀미약, 알레르기용약)과 함께 복용하지 마십시오. 당뇨약, 통풍약, 관절염약, 항응고제, 스테로이드제, 바르비탈계 약물, 삼환계 항우울제, 알코올과 함께 복용 시 의사 또는 약사와 상의하십시오. 복용 중에는 음주하지 마십시오. 바르비탈계 약물, 삼환계 항우울제 및 알코올을 투여한 환자는 의사 또는 약사와 상의하십시오."
201401111,조아티로겔(티로트리신),조아티로,티로트리신,조아제약(주),,
201401095,나에겐연질캡슐(나프록센),나에겐,나프록센,(주)마더스제약,https://nedrug.mfds.go.kr/pbp/cmn/itemImageDownload/1MdYV-PxY6e,"다른 비스테로이드성 소염진통제 및 나프록센 유도체와 함께 복용하지 마십시오. 히단토인계 항간질제, 설파제, 설포닐요소계 혈당강하제, 프로프라놀롤 및 다른 -차단제, ACE 저해제(캅토프릴 등), 루프계 및 티아지드계 이뇨제, 프로베네시드, 아스피린, 리튬, 메토트렉세이트, 쿠마린계 항응혈제(와파린 등), 지도부딘, 뉴퀴놀론계 항생물질(에녹사신 등)과 함께 복용 시 의사 또는 약사와 상의하십시오."
201401143,위제로무당액,위제로무당,,일양약품(주),,
201401232,팜젠암브록솔염산염정30mg,팜젠암브록솔염산염,,(주)팜젠사이언스,https://nedrug.mfds.go.kr/pbp/cmn/itemImageDownload/1OdOY787j82,"에리트로마이신, 세팔렉신, 옥시테트라사이클린, 아목시실린, 세퓨록심, 독시사이클린 등의 항생제와 함께 복용 시 의사 또는 약사와 상의하십시오."
201401380,무조날쿨크림,무조날쿨,,한미약품(주),,
201401236,디어미정,디어미,,(주)녹십자,https://nedrug.mfds.go.kr/pbp/cmn/itemImageDownload/147426847266800072,"C형 간염 직접 작용 항바이러스제, 페니토인, 바르비탈류, 프리미돈, 카르바마제핀, 리팜피신, 루피나미드, 아프레피탄트, 보센탄, 에파비렌즈, 옥스카르바제핀, 토피라메이트, 펠바메이트, 그리세오풀빈과 세인트존스풀, 고지혈증약물, 항생제와 함께 복용하지 마십시오. 자몽주스와 함께 복용하지 마십시오. 기타 자세한 사항은 허가사항 상세정보를 참고하십시오."
201401248,덱쎈연질캡슐(덱시부프로펜),덱쎈,덱시부프로펜,(주)마더스제약,https://nedrug.mfds.go.kr/pbp/cmn/itemImageDownload/147426847266800078,"아스피린, 다른 비스테로이드성 소염진통제, 항암요법으로 사용하는 고용량(15 mg/주 이상)의 메토트렉세이트와 함께 복용하지 마십시오. 이 약을 복용하기 전에 코르티코스테로이드, 알코올, 디곡신, 페니토인, 프로베네시드, 설핀피라존, 설포닐우레아제, ACE 억제제, 안지오텐신Ⅱ 수용체 길항제, 이뇨제, 리튬, 쿠마린계 항응고제(와르파린 등), 바클로펜, 면역억제제(시클로스포린, 타크로리무스, 시롤리무스), 혈전용해제, 티클로피딘, 항혈전제, 혈중 칼륨농도를 증가시키는 약물(트리메토프림, 헤파린 등), CYP2C8, CYP2C9의 유도제(예, 리팜피신, 페노바르비탈), 저용량(15 mg/주 미만)의 메토트렉세이트, 항혈소판제 및 선택적 세로토닌 재흡수 억제제, 심근경색이나 뇌졸중 예방목적으로 저용량 아스피린을 복용하는 사람은 의사 또는 약사와 상의하십시오."
201401417,라니린에스정,라니린에스,,제이더블유신약(주),https://nedrug.mfds.go.kr/pbp/cmn/itemImageDownload/147426847266800180,"진해거담제(가래약), 다른 감기약, 해열진통제, 진정제, 항히스타민제를 함유하는 내복약(비염용 경구제, 멀미약, 알레르기용약)과 함께 복용하지 마십시오. 바르비탈계 약물, 삼환계 항우울제, 알코올, 당뇨약, 통풍약, 관절염약, 항응고제, 스테로이드제와 함께 복용 시 의사 또는 약사와 상의하십시오. 복용 중에는 음주하지 마십시오."
201401496,도다나겔(티로트리신),도다나,티로트리신,동아제약(주),,
201401475,아페린씨정,아페린씨,,(주)휴온스,https://nedrug.mfds.go.kr/pbp/cmn/itemImageDownload/1NOwp2F6ECD,"진해거담제, 다른 감기약, 해열진통제, 진정제, 항히스타민제를 함유하는 내복약(비염용 경구제, 멀미약, 알레르기용약)과 함께 복용하지 마십시오. 바르비탈계 약물, 삼환계 항우울제, 알코올, 당뇨약, 통풍약, 관절염약, 항응고제, 스테로이드제와 함께 복용 시 의사 또는 약사와 상의하십시오. 복용 중에는 음주하지 마십시오."
201401570,비타씬포르테엠정,비타씬포르테엠,,조아제약(주),https://nedrug.mfds.go.kr/pbp/cmn/itemImageDownload/1Pvn3im1sQD,"인산염, 칼슘염, 경구용 테트라사이클린계 제제, 제산제, 레보도파와 함께 복용하지 마십시오. 항알도스테론제, 트리암테렌과 함께 복용 시 의사 또는 약사와 상의하십시오. 녹차, 홍차 등 탄닌을 함유하는 차는 복용 중, 복용 전후에는 피하십시오."
201401484,씨엠지아스피린장용정100mg,씨엠지아스피린장용,,(주)씨엠지제약,https://nedrug.mfds.go.kr/pbp/cmn/itemImageDownload/1Mp3yEn24Ki,"다른 비스테로이드성 소염진통제 및 살리실산 제제, 일주일 동안 메토트렉세이트 15밀리그람(15mg/주) 이상의 용량과 함께 복용하지 마십시오.항응고제, 혈전용해제, 다른 혈소판응집억제제, 지혈제, 당뇨병치료제(인슐린제제, 톨부타미드 등), 요산배설촉진제(벤즈브로마론, 프로베네시드), 저용량의 메토트렉세이트, 리튬제제, 이부프로펜, 나프록센 등 일부 비스테로이드성 소염진통제, 선택적 세포토닌 재흡수 억제제, 디곡신, 전신 작용 부신피질호르몬 제제(애디슨병 대체요법용 히드로코티손 제외), 안지오텐신 전환 효소 억제제, 발프로산 제제, 알코올과 함께 복용 시 의사 또는 약사와 상의하십시오. 탄산수소나트륨, 탄산마그네슘 등의 알칼리제제 또는 습기가 차기 쉬운 제제와 함께 섞지 마십시오."
201401592,비트리플정,비트리플,,태극제약(주),https://nedrug.mfds.go.kr/pbp/cmn/itemImageDownload/1N7WiIONwtr,레보도파와 함께 복용하지 마십시오.
201401536,에모펜씨정,에모펜씨,,(주)휴온스메디텍,https://nedrug.mfds.go.kr/pbp/cmn/itemImageDownload/147809066501400056,"진해거담제, 다른 감기약, 해열진통제, 진정제, 항히스타민제를 함유하는 내복약(비염용 경구제, 멀미약, 알레르기용약)과 함께 복용하지 마십시오. 바르비탈계 약물, 삼환계 항우울제, 알코올, 당뇨약, 통풍약, 관절염약, 항응고제, 스테로이드제와 함께 복용 시 의사 또는 약사와 상의하십시오. 복용 중에는 음주하지 마십시오."
201401660,콜락연질캡슐,콜락,,(주)유유제약,https://nedrug.mfds.go.kr/pbp/cmn/itemImageDownload/147426852464500115,"MAO 억제제(항우울제, 항정신병제, 감정조절제, 항파킨슨제 등), 다른 진해(기침을 그치게 함)·거담제(가래약), 감기약, 항히스타민제를 함유하는 내복약(비염(코염)용 경구제, 멀미약, 알레르기용약), 진정제와 함께 복용하지 마십시오.복용 중에는 음주하지 마십시오."
201401768,비비코에스연질캡슐,비비코에스,,(주)알피바이오,https://nedrug.mfds.go.kr/pbp/cmn/itemImageDownload/147426852464500145,"진해거담제, 다른 감기약, 해열진통제, 진정제, 항히스타민제를 함유하는 내복약(비염용 경구제, 멀미약, 알레르기용약)과 함께 복용하지 마십시오. 당뇨약, 통풍약, 관절염약, 항응고제, 스테로이드제, 바르비탈계 약물, 삼환계 항우울제, 알코올과 함께 복용 시 의사 또는 약사와 상의하십시오. 복용 중에는 음주하지 마십시오."
201401876,미인활명수액,미인활명수,,동화약품(주),,
201401826,래피콜노즈연질캡슐,래피콜노즈,,(주)유한양행,https://nedrug.mfds.go.kr/pbp/cmn/itemImageDownload/1On2ryplIlf,"진해거담제, 다른 감기약, 해열진통제, 진정제, 항히스타민제를 함유하는 내복약(비염용 경구제, 멀미약, 알레르기용약)과 함께 복용하지 마십시오. 당뇨약, 통풍약, 관절염약, 항응고제, 스테로이드제, 바르비탈계 약물, 삼환계 항우울제, 알코올과 함께 복용 시 의사 또는 약사와 상의하십시오. 복용 중에는 음주하지 마십시오."
201401904,마그엘디연질캡슐,마그엘디,,영풍제약(주),https://nedrug.mfds.go.kr/pbp/cmn/itemImageDownload/1Mf9b53DgsD,"인산염, 칼슘염, 경구용 테트라사이클린계 제제, 제산제, 레보도파와 함께 복용하지 마십시오.에스트로겐을 포함한 경구용 피임제, 항알도스테론제, 트리암테렌, 정주용 지질제와 함께 사용 시 의사 또는 약사와 상의하십시오.녹차, 홍차 등 탄닌을 함유하는 차는 복용 중, 복용 전후에는 피하십시오."
201401934,비맥스골드정,비맥스골드,,(주)녹십자,https://nedrug.mfds.go.kr/pbp/cmn/itemImageDownload/1Pvn3im1sFc,"이 약을 복용하는 동안 인산염, 칼슘염, 경구용 테트라사이클린계 제제, 제산제, 레보도파와 함께 복용하지 마십시오.에스트로겐을 포함한 경구용 피임제, 항알도스테론제, 트리암테렌과 함께 복용 시 의사 또는 약사와 상의하십시오녹차, 홍차 등 탄닌을 함유하는 차는 복용 중, 복용 전후에는 피하십시오."
201401944,장제로정,장제로,,일양약품(주),https://nedrug.mfds.go.kr/pbp/cmn/itemImageDownload/1ON0H4cQHLo,제산제 또는 우유 섭취 후 1시간 이내에는 이 약을 복용하지 마십시오.
201401964,베타딘인후스프레이(포비돈요오드),베타딘인후스프레이,포비돈요오드,지피테라퓨틱스코리아주식회사,,
201402003,코르티카로션2.5%(히드로코르티손),코르티카,히드로코르티손,(주)메디카코리아,,
201402028,씨엠지알마게이트정500mg(알마게이트),씨엠지알마게이트,알마게이트,(주)씨엠지제약,https://nedrug.mfds.go.kr/pbp/cmn/itemImageDownload/1PEPKBUcbY7,"테트라사이클린계 항생물질과 함께 복용하지 마십시오. 비스테로이드소염(항염)진통제, 궤양치료제, 디기탈리스 제제, 클로르프로마진, 란소프라졸, 프레드니솔론, 페니실린, 퀴놀론, 철(Fe)염 제제, 살리실산염과 함께 복용 시 의사 또는 약사와 상의하십시오."
201402061,러지피드정,러지피드,,하이플생명과학(주),https://nedrug.mfds.go.kr/pbp/cmn/itemImageDownload/1OJwvDq2ow8,"혈압강하제, 알코올, 중추신경억제제(수면제, 진정제, 안정제), 교감신경흥분제, 삼환계 항우울약, 구아네티딘, 브레틸리움, 베타나이드, 데브리소퀸, 메칠도파, 교감신경성약(충혈제거제, 식욕억제제, 암페타민류의 신경자극제), 및 아드레날린 억제제와 함께 복용하지 마십시오. MAO억제제의 경우, 투여 최소 15일 후 이 약을 투여하십시오."
201402033,신감수액,신감수,,경진제약(주),,"진해(기침을 그치게 함)거담제(가래약), 다른 감기약, 해열진통제, 진정제, 항히스타민제를 함유하는 내복약(비염용 경구제, 멀미약, 알레르기용약)과 함께 복용하지 마십시오. 바르비탈계 약물, 삼환계 항우울제, 칼륨함유제제, 감초함유제제, 글리시리진산 또는 그 염류 함유제제, 루프계 이뇨제(푸로세미드, 에타크린산) 또는 티아지드계 이뇨제(트리클로르메티아지드), 당뇨약, 통풍약, 관절염약, 항응고제, 스테로이드제와 함께 복용 시 의사 또는 약사와 상의하십시오. 복용 중에는 음주하지 마십시오."
201402072,티어하이리프레쉬점안액(카르복시메틸셀룰로오스나트륨)(1회용),티어하이리프레쉬,1회용,(주)휴온스메디텍,,
201402082,메타리빈액0.1%(자일로메타졸린염산염),메타리빈,자일로메타졸린염산염,태극제약(주),,"MAO 억제제(항우울제, 항정신병제, 감정조절제, 항파킨슨제 등)를 복용하고 있거나 복용을 중단한 후 2주 이내의 사람은 이 약을 사용하지 마십시오. 이 약을 사용하기 전에 삼환계 혹은 사환계 항우울제를 투여 중인 환자는 의사 또는 약사와 상의하십시오. 사용 중에는 음주하지 마십시오."
201402327,티나청포르테점안액,티나청포르테,,한솔신약(주),,
201402338,케어담정,케어담,,조아제약(주),https://nedrug.mfds.go.kr/pbp/cmn/itemImageDownload/147426862364000159,"다른 해열진통제, 감기약, 진정약 등과 함께 복용하지 마십시오."
201402164,비감수액,비감수,,경진제약(주),,"진해(기침을 그치게 함)거담제(가래약), 다른 감기약, 해열진통제, 진정제, 항히스타민제를 함유하는 내복약(비염용 경구제, 멀미약, 알레르기용약)과 함께 복용하지 마십시오. 당뇨약, 통풍약, 관절염약, 항응고제, 스테로이드제, 바르비탈계 약물, 삼환계 항우울제, 칼륨함유제제, 감초함유제제, 글리시리진산 또는 그 염류 함유제제, 루프계 이뇨제(푸로세미드, 에타크린산) 또는 티아지드계 이뇨제(트리클로르메티아지드)와 함께 복용 시 의사 또는 약사와 상의하십시오. 복용 중에는 음주하지 마십시오."
201402369,신일겔정,신일,,신일제약(주),https://nedrug.mfds.go.kr/pbp/cmn/itemImageDownload/1PEPKBUcmDD,"테트라사이클린계 항생제를 함께 복용하지 마십시오.이 약을 복용하기 전에 다른 약물을 복용하고 있는 경우, 나트륨 제한 식이를 하는 사람은 의사 또는 약사와 상의하십시오."
201402165,진감수액,진감수,,경진제약(주),,"진해(기침을 그치게 함)거담제(가래약), 다른 감기약, 해열진통제, 진정제, 항히스타민제를 함유하는 내복약(비염용 경구제, 멀미약, 알레르기용약)과 함께 복용하지 마십시오. 당뇨약, 통풍약, 관절염약, 항응고제, 스테로이드제, 바르비탈계 약물, 삼환계 항우울제, 알코올, 칼륨함유제제, 감초함유제제, 글리시리진산 또는 그 염류 함유제제, 루프계 이뇨제(푸로세미드, 에타크린산) 또는 티아지드계 이뇨제(트리클로르메티아지드)와 함께 복용 시 의사 또는 약사와 상의하십시오. 복용 중에는 음주하지 마십시오."
201402375,헥스틱스왑액,헥스틱스왑,,(주)퍼슨,,
201402309,웰다운비정,웰다운비,,(주)팜젠사이언스,https://nedrug.mfds.go.kr/pbp/cmn/itemImageDownload/1P2JYwFsBWr,"진해거담제, 다른 감기약, 해열진통제, 진정제, 항히스타민제를 함유하는 내복약(비염용 경구제, 멀미약, 알레르기용약)과 함께 복용하지 마십시오. 당뇨약, 통풍약, 관절염약, 항응고제, 스테로이드제, 바르비탈계 약물, 삼환계 항우울제 및 알코올과 함께 복용 시 의사 또는 약사와 상의하십시오. 복용 중에는 음주하지 마십시오."
201402408,로페시콘츄정,로페시콘츄,,한미약품(주),https://nedrug.mfds.go.kr/pbp/cmn/itemImageDownload/1Pvn3im1sAi,항생제와 함께 복용 시 의사 또는 약사와 상의하십시오.
201402489,프렌즈아이엔젤마일드점안액(카르복시메틸셀룰로오스나트륨)(1회용),프렌즈아이엔젤마일드,1회용,제이더블유중외제약(주),,
201402579,케어칼디엠정,케어칼디엠,,일동제약(주),https://nedrug.mfds.go.kr/pbp/cmn/itemImageDownload/152216525755700036,"인산염, 칼슘염, 경구용 테트라사이클린계 제제, 제산제와 함께 복용하지 마십시오.강심배당체, 항알도스테론제, 트리암테렌과 함께 복용 시 의사 또는 약사와 상의하십시오.녹차, 홍차 등 탄닌을 함유하는 차는 복용 중, 복용 전후에는 피하십시오."
201402653,노루모듀얼액션현탁액,노루모듀얼액션,,일양약품(주),,"테트라사이클린, 디곡신, 플루오로퀴놀론, 철염, 케토코나졸, 신경이완제, 티록신, 페니실라민, 베타차단제(아테놀올, 메토프로롤, 프로프라놀롤), 글루코코르티코이드, 클로로퀸, 에스트라무스틴 및 디포스포네이이트 등과 함께 복용 시 적어도 2시간의 간격을 두고 복용하십시오."
201402679,광동프라목신크림(프라목신염산염),광동프라목신,프라목신염산염,광동제약(주),,"혈압강하제, 항우울약과 함께 복용 시 의사 또는 약사와 상의하십시오."
201402678,삼진아스피린장용정,삼진아스피린장용,,삼진제약(주),https://nedrug.mfds.go.kr/pbp/cmn/itemImageDownload/148674136277000016,"다른 비스테로이드성 소염진통제 및 살리실산 제제, 일주일 동안 메토트렉세이트 15밀리그람(15mg/주) 이상의 용량은 이 약과 병용 투여 시 출혈이 증가되거나 신기능이 감소될 수 있으므로 함께 사용하지 않습니다. 항응고제, 이부프로펜, 나프록센 등 일부 비스테로이드성 소염진통제, 혈전용해제, 다른 혈소판응집억제제, 지혈제, 당뇨병치료제(인슐린제제, 톨부타미드 등), 요산배설촉진제(벤즈브로마론, 프로베네시드), 티아지드계 이뇨제, 리튬제제, 선택적 세포토닌 재흡수 억제제, 디곡신, 전신 작용 부신피질호르몬 제제(애디슨병 대체요법용 히드로코티손 제외), 안지오텐신 전환 효소 억제제, 발프로산 제제를 복용하는 사람은 의사 또는 약사와 상의하십시오. 알칼리제제(예: 탄산수소나트륨, 탄산마그네슘) 또는 습기가 차기 쉬운 제제와 함께 섞지 마십시오. 알코올과 병용 투여 시 위장관 점막 손상이 증가하고, 이 약과 알코올의 상승효과로 인해 출혈시간이 연장될 수 있습니다."
201402733,알보젠알마게이트정,알보젠알마게이트,,에스에스팜(주),https://nedrug.mfds.go.kr/pbp/cmn/itemImageDownload/151525327782000106,"이 약을 복용하는 동안 테트라사이클린계 항생제는 복용하지 마십시오.이 약을 복용하기 전에 비스테로이드소염(항염)진통제, 궤양치료제, 디기탈리스 제제, 클로르프로마진, 란소프라졸, 프레드니솔론, 페니실린, 퀴놀론, 철(Fe)염 제제, 살리실산염을 복용하는 환자는 의사 또는 약사와 상의하십시오."
201402781,파마시메티콘액,파마시메티콘,,(주)한국파마,,
201402790,알마로정(알마게이트),알마로,알마게이트,(주)팜젠사이언스,https://nedrug.mfds.go.kr/pbp/cmn/itemImageDownload/1OfqkDGYVBz,"테트라사이클린계 항생물질과 함께 복용하지 마십시오. 비스테로이드소염(항염)진통제, 궤양 치료제, 디기탈리스 제제, 클로르프로마진, 란소프라졸, 프레드니솔론, 페니실린, 퀴놀론, 철(Fe)염 제제, 살리실산염과 함께 복용 시 의사 또는 약사와 상의하십시오."
201402825,알마린정(알마게이트),알마린,알마게이트,(주)화이트생명과학,https://nedrug.mfds.go.kr/pbp/cmn/itemImageDownload/1MZGLmiMsn2,"테트라사이클린계 항생물질과 함께 복용하지 마십시오. 비스테로이드소염진통제, 궤양치료제, 디기탈리스 제제, 클로르프로마진, 란소프라졸, 프레드니솔론, 페니실린, 퀴놀론, 철(Fe)염 제제, 살리실산염과 함께 복용 시 의사 또는 약사와 상의하십시오."
201402826,알리겔정(알마게이트),알리,알마게이트,(주)하원제약,https://nedrug.mfds.go.kr/pbp/cmn/itemImageDownload/1MhfYG_kzbx,"이 약을 복용하는 동안 테트라사이클린계 항생제는 복용하지 마십시오.이 약을 복용하기 전에 비스테로이드소염(항염)진통제, 궤양치료제, 디기탈리스 제제, 클로르프로마진, 란소프라졸, 프레드니솔론, 페니실린, 퀴놀론, 철(Fe)염 제제, 살리실산염을 복용하는 환자는 의사 또는 약사와 상의하십시오."
201402832,노즈쏙정,노즈쏙,,일양약품(주),https://nedrug.mfds.go.kr/pbp/cmn/itemImageDownload/1NZvdZ5CUcf,"MAO 억제제, 혈압강하제, 알코올, 중추신경억제제(수면제, 진정제, 안정제), 교감신경흥분제, 삼환계 항우울약, 구아네티딘, 브레틸리움, 베타나이드, 데브리소퀸, 메틸도파, 교감신경성약(충혈제거제, 식욕억제제, 암페타민류의 신경자극제), 및 아드레날린 저해제(억제제)와 함께 복용하지 마십시오."
201402834,이베다정,이베다,,태극제약(주),https://nedrug.mfds.go.kr/pbp/cmn/itemImageDownload/1N7WiIONwv1,레보도파와 함께 복용하지 마십시오.
201402946,윌로겔더블액션현탁액,윌로겔더블액션,,(주)유한양행,,"이 약을 복용하는 동안 테트라사이클린, 디곡신, 플루오로퀴놀론, 철염(Iron salt), 케토코나졸, 신경이완, 티록신, 페니실라민, 베타차단제(아테놀올, 메토프로롤, 프로프라놀롤), 글루코코르티코이드, 클로로퀸, 에스트라무스틴 및 디포스포네이트 등과 2시간의 간격을 두고 복용하십시오."
201402959,글로아스피린장용정100mg(아스피린),글로아스피린장용,아스피린,(주)킵스바이오파마,https://nedrug.mfds.go.kr/pbp/cmn/itemImageDownload/154055956537400107,"다른 비스테로이드성 소염진통제 및 살리실산 제제, 일주일 동안 메토트렉세이트 15밀리그람(15mg/주) 이상의 용량은 이 약과 병용 투여 시 출혈이 증가되거나 신기능이 감소될 수 있으므로 함께 사용하지 않습니다. 항응고제, 이부프로펜, 나프록센 등 일부 비스테로이드성 소염진통제, 혈전용해제, 다른 혈소판응집억제제, 지혈제, 당뇨병치료제(인슐린제제, 톨부타미드 등), 요산배설촉진제(벤즈브로마론, 프로베네시드), 티아지드계 이뇨제, 리튬제제, 선택적 세포토닌 재흡수 억제제, 디곡신, 전신 작용 부신피질호르몬 제제(애디슨병 대체요법용 히드로코티손 제외), 안지오텐신 전환 효소 억제제, 발프로산 제제를 복용하는 사람은 의사 또는 약사와 상의하십시오. 알칼리제제(예: 탄산수소나트륨, 탄산마그네슘) 또는 습기가 차기 쉬운 제제와 함께 섞지 마십시오. 알코올과 병용 투여 시 위장관 점막 손상이 증가하고, 이 약과 알코올의 상승효과로 인해 출혈시간이 연장될 수 있습니다."
201403018,위엔젤더블액션현탁액,위엔젤더블액션,,제이더블유중외제약(주),,"테트라사이클린, 디곡신, 플루오로퀴놀론, 철염, 케토코나졸, 신경이완제, 티록신, 페니실라민, 베타차단제(아테놀올, 메토프로롤, 프로프라놀롤), 글루코코르티코이드, 클로로퀸, 에스트라무스틴 및 디포스포네이트 등과 함께 복용 시 적어도 2시간의 간격을 두고 복용하십시오."
201403112,위스콘더블액션현탁액,위스콘더블액션,,동국제약(주),,"테트라사이클린, 디곡신, 플루오로퀴놀론, 철염, 케토코나졸, 신경이완제, 티록신, 페니실라민, 베타차단제(아테놀올, 메토프로롤, 프로프라놀롤), 글루코코르티코이드, 클로로퀸, 에스트라무스틴 및 디포스포네이이트 등과 함께 복용 시 적어도 2시간의 간격을 두고 복용하십시오."
201403117,트라제트겔(피록시캄),트라제트,피록시캄,아이큐어(주),,
201403139,클리넬네일라카(아모롤핀염산염),클리넬네일라카,아모롤핀염산염,알보젠코리아(주),,
201403146,진탁콜캡슐,진탁콜,,(주)아이월드제약,https://nedrug.mfds.go.kr/pbp/cmn/itemImageDownload/147426883768200111,"MAO억제제(항우울제, 항정신병제, 감정조절제, 항파킨슨제 등), 진해거담제, 다른 감기약, 해열진통제, 진정제, 항히스타민제를 함유하는 내복약(비염용 경구제, 멀미약, 알레르기용약)과 함께 복용하지 마십시오. 당뇨약, 통풍약, 관절염약, 항응고제, 스테로이드제, 바르비탈계 약물, 삼환계 항우울제 및 알코올, 칼륨함유제제, 감초함유제제, 글리시리진산 또는 그 염류 함유제제, 루프계 이뇨제 또는 티아지드계 이뇨제와 함께 복용 시 의사 또는 약사와 상의하십시오. 복용 중에는 음주하지 마십시오."
201403168,블루카인크림(리도카인),블루카인,리도카인,풍림무약(주),,
201403174,웰스카인크림(리도카인),웰스카인,리도카인,(주)한국파비스제약,,
201403192,일양바이오알마게이트정500밀리그램,일양바이오알마게이트,,일양바이오팜(주),https://nedrug.mfds.go.kr/pbp/cmn/itemImageDownload/1MpYN6WeYVs,"테트라사이클린계 항생물질과 함께 복용하지 마십시오. 비스테로이드소염진통제, 궤양치료제, 디기탈리스 제제, 클로르프로마진, 란소프라졸, 프레드니솔론, 페니실린, 퀴놀론, 철(Fe)염 제제, 살리실산염과 함께 복용 시 의사 또는 약사와 상의하십시오."
201403225,속콜기가연질캡슐,속콜기가,,일양약품(주),https://nedrug.mfds.go.kr/pbp/cmn/itemImageDownload/1Ppkc5HUMcm,"다른 진해(기침을 그치게 함)·거담제(가래약), 감기약과 함께 복용하지 마십시오."
201403242,마그밀에스정(산화마그네슘),마그밀에스,산화마그네슘,삼남제약(주),https://nedrug.mfds.go.kr/pbp/cmn/itemImageDownload/147426889104800092,"이 약을 복용하는 동안 테트라사이클린계 항생물질을 복용하지 마십시오.다량의 우유, 칼슘제제와 함께 복용 시 의사 또는 약사와 상의하십시오."
201403291,아이크롬점안액(크로몰린나트륨),아이크롬,크로몰린나트륨,신신제약(주),,
201403328,쾌락스정,쾌락스,,(주)휴온스메디텍,https://nedrug.mfds.go.kr/pbp/cmn/itemImageDownload/1PRVuA0AkG_,제산제 또는 우유 섭취 후 1시간 이내에 이 약을 복용하지 마십시오.
201403359,바이타비정,바이타비,,대한뉴팜(주),https://nedrug.mfds.go.kr/pbp/cmn/itemImageDownload/148829642896200066,레보도파와 함께 복용하지 마십시오.
201403321,일양나프록센나트륨정,일양나프록센나트륨,,일양약품(주),https://nedrug.mfds.go.kr/pbp/cmn/itemImageDownload/147426892653100090,"다른 비스테로이드성 소염진통제 및 나프록센 유도체, 아스피린, 고용량의 메토트렉세이트와 함께 복용하지 마십시오. 히단토인계 항간질제, 설파제, 설포닐요소계 혈당강하제, 프로프라놀롤 및 다른 -차단제, ACE 저해제(억제제)(캅토프릴 등), 루프계 이뇨제 및 티아지드계 이뇨제, 프로베네시드, 리튬, 저용량 메토트렉세이트, 쿠마린계 항응혈제(혈액응고저지제)(와파린 등), 지도부딘, 뉴퀴놀론계 항생물질(에녹사신 등)과 함께 복용 시 의사 또는 약사와 상의하십시오."
201403363,소니펜정300mg(덱시부프로펜),소니펜,덱시부프로펜,제이더블유신약(주),https://nedrug.mfds.go.kr/pbp/cmn/itemImageDownload/1P2JYwFs7Wp,"아스피린, 다른 비스테로이드성 소염진통제, 항암요법으로 사용하는 고용량(15 mg/주 이상)의 메토트렉세이트와 함께 복용하지 마십시오. 이 약을 복용하기 전에 코르티코스테로이드, 알코올, 디곡신, 페니토인, 프로베네시드, 설핀피라존, 설포닐우레아제, ACE 억제제, 안지오텐신Ⅱ 수용체 길항제, 이뇨제, 리튬, 쿠마린계 항응고제(와르파린 등), 바클로펜, 면역억제제(시클로스포린, 타크로리무스, 시롤리무스), 혈전용해제, 티클로피딘, 항혈전제, 혈중 칼륨농도를 증가시키는 약물(트리메토프림, 헤파린 등), CYP2C8, CYP2C9의 유도제(예, 리팜피신, 페노바르비탈), 저용량(15 mg/주 미만)의 메토트렉세이트, 항혈소판제 및 선택적 세로토닌 재흡수 억제제, 심근경색이나 뇌졸중 예방목적으로 저용량 아스피린을 복용하는 사람은 의사 또는 약사와 상의하십시오."
201403380,페인엔젤이부연질캡슐(이부프로펜),페인엔젤이부,이부프로펜,제이더블유중외제약(주),https://nedrug.mfds.go.kr/pbp/cmn/itemImageDownload/1Oo1IQuC6JV,"다른 비스테로이드성 소염진통제, 저용량 아스피린, 고용량의 메토트렉세이트와 함께 복용하지 마십시오. ACE 저해제, 리튬, 푸로세미드 및 티아지드계 이뇨제, 저용량의 메토트렉세이트, 쿠마린계 항응혈제(와파린 등), 선택적 세로토닌 재흡수억제제와 함께 복용 시 의사 또는 약사와 상의하십시오."
201403389,여우엔연질캡슐(나프록센),여우엔,나프록센,코오롱제약(주),https://nedrug.mfds.go.kr/pbp/cmn/itemImageDownload/147426894527600056,"다른 비스테로이드성 소염진통제 및 나프록센 유도체와 함께 복용하지 마십시오. 히단토인계 항간질제, 설파제, 설포닐요소계 혈당강하제, 프로프라놀롤 및 다른 -차단제, ACE 저해제(캅토프릴 등), 루프계 및 티아지드계 이뇨제, 프로베네시드, 아스피린, 리튬, 메토트렉세이트, 쿠마린계 항응혈제(와파린 등), 지도부딘, 뉴퀴놀론계 항생물질(에녹사신 등)과 함께 복용 시 의사 또는 약사와 상의하십시오."
201403390,한솔나프록센연질캡슐,한솔나프록센,,한솔신약(주),https://nedrug.mfds.go.kr/pbp/cmn/itemImageDownload/1NNuh6mJnWP,"다른 비스테로이드성 소염진통제 및 나프록센 유도체와 함께 복용하지 마십시오. 히단토인계 항간질제, 설파제, 설포닐요소계 혈당강하제, 프로프라놀롤 및 다른 -차단제, ACE 저해제(캅토프릴 등), 루프계 및 티아지드계 이뇨제, 프로베네시드, 아스피린, 리튬, 메토트렉세이트, 쿠마린계 항응혈제(와파린 등), 지도부딘, 뉴퀴놀론계 항생물질(에녹사신 등)과 함께 복용 시 의사 또는 약사와 상의하십시오."
201403391,확펜연질캡슐(나프록센),확펜,나프록센,(주)유한양행,https://nedrug.mfds.go.kr/pbp/cmn/itemImageDownload/1OCxjzi8sHa,"다른 비스테로이드성 소염진통제 및 나프록센 유도체와 함께 복용하지 마십시오. 히단토인계 항간질제, 설파제, 설포닐요소계 혈당강하제, 프로프라놀롤 및 다른 -차단제, ACE 저해제(캅토프릴 등), 루프계 및 티아지드계 이뇨제, 프로베네시드, 아스피린, 리튬, 메토트렉세이트, 쿠마린계 항응혈제(와파린 등), 지도부딘, 뉴퀴놀론계 항생물질(에녹사신 등)과 함께 복용 시 의사 또는 약사와 상의하십시오."
201403429,일양바이오아세틸시스테인캡슐200밀리그램,일양바이오아세틸시스테인,,일양바이오팜(주),https://nedrug.mfds.go.kr/pbp/cmn/itemImageDownload/147426896770200016,"경구용 항생제(아목시실린, 세푸록심, 독시사이클린, 에리트로마이신, 티암페니콜)와 함께 복용 시 적어도 2시간 간격을 두고 복용하십시오."
201403454,아이티펜점안액(케토티펜푸마르산염),아이티펜,케토티펜푸마르산염,신신제약(주),,
201403531,필로젠겔(피록시캄),필로젠,피록시캄,(주)제뉴파마,,
201403431,프로센골드연질캡슐(나프록센),프로센골드,나프록센,명문제약(주),https://nedrug.mfds.go.kr/pbp/cmn/itemImageDownload/147426896770200024,"다른 비스테로이드성 소염[항염]진통제(NSAIDs), 나프록센 유도체와 함께 복용하지 마십시오. 히단토인계 항간질제, 설파제, 설포닐요소계 혈당강하제, 프로프라놀롤 및 다른 -차단제, ACE 저해제[억제제](캅토프릴 등), 루프계 이뇨제 및 치아짓계 이뇨제, 프로베네시드, 아스피린, 리튬, 메토트렉세이트, 쿠마린계 항응혈제(와파린 등), 지도부딘, 뉴퀴놀론계 항생물질(에녹사신 등)과 함께 복용 시 의사 또는 약사와 상의하십시오."
201403460,리드펜플러스연질캡슐(덱시부프로펜),리드펜플러스,덱시부프로펜,명문제약(주),https://nedrug.mfds.go.kr/pbp/cmn/itemImageDownload/154596854345600173,"아스피린, 다른 비스테로이드성 소염진통제, 항암요법으로 사용하는 고용량(15 mg/주 이상)의 메토트렉세이트와 함께 복용하지 마십시오. 이 약을 복용하기 전에 코르티코스테로이드, 알코올, 디곡신, 페니토인, 프로베네시드, 설핀피라존, 설포닐우레아제, ACE 억제제, 안지오텐신Ⅱ 수용체 길항제, 이뇨제, 리튬, 쿠마린계 항응고제(와르파린 등), 바클로펜, 면역억제제(시클로스포린, 타크로리무스, 시롤리무스), 혈전용해제, 티클로피딘, 항혈전제, 혈중 칼륨농도를 증가시키는 약물(트리메토프림, 헤파린 등), CYP2C8, CYP2C9의 유도제(예, 리팜피신, 페노바르비탈), 저용량(15 mg/주 미만)의 메토트렉세이트, 항혈소판제 및 선택적 세로토닌 재흡수 억제제, 심근경색이나 뇌졸중 예방목적으로 저용량 아스피린을 복용하는 사람은 의사 또는 약사와 상의하십시오."
201403474,경남나프록센연질캡슐,경남나프록센,,경남제약(주),https://nedrug.mfds.go.kr/pbp/cmn/itemImageDownload/151810441495000045,"다른 비스테로이드성 소염진통제 및 나프록센 유도체와 함께 복용하지 마십시오. 히단토인계 항간질제, 설파제, 설포닐요소계 혈당강하제, 프로프라놀롤 및 다른 -차단제, ACE 저해제(캅토프릴 등), 루프계 및 티아지드계 이뇨제, 프로베네시드, 아스피린, 리튬, 메토트렉세이트, 쿠마린계 항응혈제(와파린 등), 지도부딘, 뉴퀴놀론계 항생물질(에녹사신 등)과 함께 복용 시 의사 또는 약사와 상의하십시오."
201403580,바레겐크림(테르비나핀염산염),바레겐,테르비나핀염산염,(주)마더스제약,,
201403596,일양바이오아세틸시스테인과립200밀리그램,일양바이오아세틸시스테인,,일양바이오팜(주),,"경구용 항생물질(아목시실린, 세푸록심, 독시사이클린, 에리트로마이신, 티암페니콜)과 함께 복용 시 적어도 2시간 간격을 두고 복용하십시오. 이 약의 용액에 다른 약물의 첨가는 피하십시오."
201403601,코리투살에프코프시럽,코리투살에프코프,,부광약품(주),,"MAO억제제(항우울제, 항정신병제, 감정조절제, 항파킨슨제 등), 다른 진해거담제, 감기약, 항히스타민제를 함유하는 내복약(비염용 경구제, 멀미약, 알레르기용약), 진정제와 함께 복용하지 마십시오. 복용 중에는 음주하지 마십시오."
201403633,코리투살노즈시럽,코리투살노즈,,부광약품(주),,"MAO억제제(항우울제, 항정신병제, 감정조절제, 항파킨슨제 등), 진해거담제, 다른 감기약, 해열진통제, 진정제, 항히스타민제를 함유하는 내복약(비염용 경구제, 멀미약, 알레르기용약)과 함께 복용하지 마십시오. 당뇨약, 통풍약, 관절염약, 항응고제, 스테로이드제, 바르비탈계 약물, 삼환계 항우울제, 알코올과 함께 복용 시 의사 또는 약사와 상의하십시오. 복용 중에는 음주하지 마십시오."
201403697,아테인캡슐(아세틸시스테인),아테인,아세틸시스테인,(주)휴비스트제약,https://nedrug.mfds.go.kr/pbp/cmn/itemImageDownload/1Pvn3im1tG5,"경구용 항생물질(아목시실린, 세푸록심, 독시사이클린, 에리트로마이신, 티암페니콜)과 함께 복용 시 적어도 2시간의 간격을 두고 복용하십시오."
201403677,코리투살에프시럽(이부프로펜),코리투살에프,이부프로펜,부광약품(주),,"고용량 메토트렉세이트, 다른 비스테로이드성 소염진통제와 함께 이 약을 복용하지 마십시오. 저용량 아스피린, ACE 저해제, 리튬, 푸로세미드 및 티아지드계 이뇨제, 저용량 메토트렉세이트, 쿠마린계 항응혈제(와파린 등), 선택적 세로토닌 재흡수억제, 다른 정주용 지질제, 코르티코스테로이드와 함께 복용 시 의사 또는 약사와 상의하십시오."
201403721,알마제트정(알마게이트),알마제트,알마게이트,조아제약(주),https://nedrug.mfds.go.kr/pbp/cmn/itemImageDownload/1MbDiGFWGML,"이 약을 복용하는 동안 테트라사이클린계 항생제는 복용하지 마십시오.이 약을 복용하기 전에 비스테로이드소염(항염)진통제, 궤양치료제, 디기탈리스 제제, 클로르프로마진, 란소프라졸, 프레드니솔론, 페니실린, 퀴놀론, 철(Fe)염 제제, 살리실산염을 복용하는 환자는 의사 또는 약사와 상의하십시오."
201403739,알마노겐정(알마게이트),알마노겐,알마게이트,(주)테라젠이텍스,https://nedrug.mfds.go.kr/pbp/cmn/itemImageDownload/1P2JYwFs83h,"테트라사이클린계 항생물질과 함께 복용하지 마십시오. 비스테로이드소염진통제, 궤양치료제, 디기탈리스 제제, 클로르프로마진, 란소프라졸, 프레드니솔론, 페니실린, 퀴놀론, 철(Fe)염 제제, 살리실산염과 함께 복용 시 의사 또는 약사와 상의하십시오."
201403893,베타딘드라이파우더스프레이,베타딘드라이파우더스프레이,,지피테라퓨틱스코리아주식회사,,"과산화수소, 타우로리딘, 탄닌산, 아세틸살리실산, 비스무스와 함께 사용하지 마십시오. 리튬제제, 클로르헥시딘, 설파디아진, 은화합물, 알칼리, 수은을 함유한 제제, 옥테니딘 염산염, 효소성분의 상처치료제, 단백질 및 기타 불포화 유기 화합물과 함께 사용 시 의사 또는 약사와 상의하십시오."
201403795,코리투살에프콜드시럽,코리투살에프콜드,,부광약품(주),,"MAO억제제(항우울제, 항정신병제, 감정조절제, 항파킨슨제 등), 진해(기침을 그치게 함)거담제(가래약), 다른 감기약, 해열진통제, 진정제, 항히스타민제를 함유하는 내복약(비염용 경구제, 멀미약, 알레르기용약)과 함께 복용하지 마십시오. 바르비탈계 약물, 삼환계 항우울제, 알코올, 플루클록사실린과 함께 복용 시 의사 또는 약사와 상의하십시오. 복용 중에는 음주하지 마십시오."
201403937,안티푸라민더블파워카타플라스마,안티푸라민더블파워카타플라스마,,(주)유한양행,,
201403877,나리센연질캡슐(나프록센),나리센,나프록센,주식회사제뉴원사이언스,https://nedrug.mfds.go.kr/pbp/cmn/itemImageDownload/1NXa2J_KdEs,"다른 비스테로이드성 소염진통제 및 나프록센 유도체와 함께 복용하지 마십시오. 히단토인계 항간질제, 설파제, 설포닐요소계 혈당강하제, 프로프라놀롤 및 다른 -차단제, ACE 저해제(캅토프릴 등), 루프계 및 티아지드계 이뇨제, 프로베네시드, 아스피린, 리튬, 메토트렉세이트, 쿠마린계 항응혈제(와파린 등), 지도부딘, 뉴퀴놀론계 항생물질(에녹사신 등)과 함께 복용 시 의사 또는 약사와 상의하십시오."
201403938,이든암브록솔염산염정(암브록솔염산염),이든암브록솔염산염,암브록솔염산염,(주)이든파마,https://nedrug.mfds.go.kr/pbp/cmn/itemImageDownload/1Pdb6tsbIQ1,"에리트로마이신, 세팔렉신, 옥시테트라사이클린, 아목시실린, 세퓨록심, 독시사이클린 등의 항생제와 함께 복용 시 의사 또는 약사와 상의하십시오."
201403991,프리센연질캡슐(나프록센),프리센,나프록센,(주)씨엠지제약,https://nedrug.mfds.go.kr/pbp/cmn/itemImageDownload/147426916994200046,"다른 비스테로이드성 소염진통제 및 나프록센 유도체와 함께 복용하지 마십시오. 히단토인계 항뇌전증제, 설파제, 설포닐요소계 혈당강하제, 프로프라놀롤 및 다른 -차단제, ACE 저해제(캅토프릴 등), 루프계 및 티아지드계 이뇨제, 프로베네시드, 아스피린, 리튬, 메토트렉세이트, 쿠마린계 항응혈제(와파린 등), 지도부딘, 뉴퀴놀론계 항생물질(에녹사신 등)과 함께 복용 시 의사 또는 약사와 상의하십시오."
201404024,에시플엔산(바실루스리케니포르미스균),에시플엔,바실루스리케니포르미스균,제이더블유신약(주),,"시프로플록사신, 이미페넴, 실라스타틴나트륨과 함께 복용 시 의사 또는 약사와 상의하십시오."
201404030,머슬린액(시트룰린말산염),머슬린,시트룰린말산염,제이더블유중외제약(주),,
201404116,알마휴정(알마게이트),알마휴,알마게이트,(주)휴비스트제약,https://nedrug.mfds.go.kr/pbp/cmn/itemImageDownload/153002376642900117,"이 약을 복용하는 동안 테트라사이클린계 항생제는 복용하지 마십시오.이 약을 복용하기 전에 비스테로이드소염(항염)진통제, 궤양치료제, 디기탈리스 제제, 클로르프로마진, 란소프라졸, 프레드니솔론, 페니실린, 퀴놀론, 철(Fe)염 제제, 살리실산염을 복용하는 환자는 의사 또는 약사와 상의하십시오."
201404120,조아케어로션1%(히드로코르티손),조아케어,히드로코르티손,조아제약(주),,
201404125,다나센연질캡슐(나프록센),다나센,나프록센,(주)에이프로젠바이오로직스,https://nedrug.mfds.go.kr/pbp/cmn/itemImageDownload/154176795981800053,"다른 비스테로이드성 소염진통제 및 나프록센 유도체와 함께 복용하지 마십시오. 히단토인계 항간질제, 설파제, 설포닐요소계 혈당강하제, 프로프라놀롤 및 다른 -차단제, ACE 저해제(캅토프릴 등), 루프계 및 티아지드계 이뇨제, 프로베네시드, 아스피린, 리튬, 메토트렉세이트, 쿠마린계 항응혈제(와파린 등), 지도부딘, 뉴퀴놀론계 항생물질(에녹사신 등)과 함께 복용 시 의사 또는 약사와 상의하십시오."
201404186,옥시코잘액(옥시메타졸린염산염),옥시코잘,옥시메타졸린염산염,일양약품(주),,사용 중에는 음주하지 마십시오.
201404206,로라젠정(로라타딘),로라젠,로라타딘,(주)셀릭스,https://nedrug.mfds.go.kr/pbp/cmn/itemImageDownload/1O597tTUFLa,"이 약을 복용하는 동안 시메티딘, 에리트로마이신, 케토코나졸, 퀴니딘, 플루코나졸, 플루옥세틴, 간 대사를 억제하는 약물을 함께 복용하지 마십시오."
201404210,아로마솔크림,아로마솔,,(주)팜젠사이언스,,
201404221,싸이타민정,싸이타민,,(주)한독,https://nedrug.mfds.go.kr/pbp/cmn/itemImageDownload/147426922449700193,"이 약을 복용하는 동안 인산염, 칼슘염, 경구용 테트라사이클린계 제제, 제산제를 복용하지 마십시오. 에스트로겐을 포함한 경구용 피임제, 항알도스테론제, 트리암테렌과 함께 복용 시 의사 또는 약사와 상의하십시오. 녹차, 홍차 등 탄닌을 함유하는 차는 복용 중, 복용 전후에는 피하십시오."
201404271,디센트에스정,디센트에스,,(주)바이넥스,https://nedrug.mfds.go.kr/pbp/cmn/itemImageDownload/147426928131000045,제산제 또는 우유 섭취 후 1시간 이내에 복용을 피하십시오.
201404327,니자드정(니자티딘),니자드,니자티딘,(주)이든파마,https://nedrug.mfds.go.kr/pbp/cmn/itemImageDownload/1PfQFGezcPi,"이 약을 복용하는 동안 다른 위장약, 스테로이드제, 항생물질, 항암제, 아졸계 항진균제, 고용량(3,900 mg)의 아스피린, 게피티니브, 프룰리플록사신 또는 아타나자비어를 복용하지 마십시오. 복용 중에는 음주하지 마십시오. 카페인, 초콜렛, 튀긴 음식을 복용 중에는 피하십시오."
201404328,광동탕에이액,광동탕에이,,광동제약(주),,"진해거담제, 다른 감기약, 해열진통제, 진정제, 항히스타민제를 함유하는 내복약(비염용 경구제, 멀미약, 알레르기용약), MAO억제제(항우울제, 항정신병제, 감정조절제, 항파킨슨제 등)와 함께 복용하지 마십시오. 당뇨약, 통풍약, 관절염약, 항응고제, 스테로이드제, 바르비탈계 약물, 삼환계 항우울제 및 알코올, 칼륨함유제제, 감초함유제제, 글리시리진산 또는 그 염류 함유제제, 루프계 이뇨제(푸로세미드, 에타크린산) 또는 티아지드계 이뇨제(트리클로르메티아지드), 플루클록사실린과 함께 복용 시 의사 또는 약사와 상의하십시오. 복용 중에는 음주하지 마십시오."
201404331,아파베린정,아파베린,,(주)에이프로젠바이오로직스,https://nedrug.mfds.go.kr/pbp/cmn/itemImageDownload/1OlGSH7jtB7,"스코폴리아엑스를 함유하는 제제, 위장진통·진경제와 함께 복용하지 마십시오."
201404360,리스토액(시트룰린말산염),리스토,시트룰린말산염,(주)텔콘알에프제약,,
201404363,디판셉틱크림,디판셉틱,,동아제약(주),,다른 소독제 또는 방부제와 함께 사용하지 마십시오.계면활성제 및 기타 음이온성 약물과 배합해서 사용하지 마십시오.
201404408,테르미나겔(테르비나핀),테르미나,테르비나핀,이연제약(주),,
201404416,이든알마게이트정,이든알마게이트,,(주)이든파마,https://nedrug.mfds.go.kr/pbp/cmn/itemImageDownload/1P2JYwFs7_3,"이 약을 복용하는 동안 테트라사이클린계 항생제는 복용하지 마십시오.이 약을 복용하기 전에 비스테로이드소염(항염)진통제, 궤양치료제, 디기탈리스 제제, 클로르프로마진, 란소프라졸, 프레드니솔론, 페니실린, 퀴놀론, 철(Fe)염 제제, 살리실산염을 복용하는 환자는 의사 또는 약사와 상의하십시오."
201404364,알피린장용정(아스피린)(수출용),알피린장용,,(주)제일제약,https://nedrug.mfds.go.kr/pbp/cmn/itemImageDownload/147426928131000121,"다른 비스테로이드성 소염진통제 및 살리실산 제제, 일주일 동안 메토트렉세이트 15밀리그람(15mg/주) 이상의 용량은 이 약과 병용 투여 시 출혈이 증가되거나 신기능이 감소될 수 있으므로 함께 사용하지 않습니다.항응고제, 이부프로펜, 나프록센 등 일부 비스테로이드성 소염진통제, 혈전용해제, 다른 혈소판응집억제제, 지혈제, 당뇨병치료제(인슐린제제, 톨부타미드 등), 요산배설촉진제(벤즈브로마론, 프로베네시드), 티아지드계 이뇨제, 리튬제제, 선택적 세포토닌 재흡수 억제제, 디곡신, 전신 작용 부신피질호르몬 제제(애디슨병 대체요법용 히드로코티손 제외), 안지오텐신 전환 효소 억제제, 발프로산 제제를 복용하는 사람은 의사 또는 약사와 상의하십시오.알칼리제제(예: 탄산수소나트륨, 탄산마그네슘) 또는 습기가 차기 쉬운 제제와 함께 섞지 마십시오.알코올과 병용 투여 시 위장관 점막 손상이 증가하고, 이 약과 알코올의 상승효과로 인해 출혈시간이 연장될 수 있습니다."
201404498,한풍제통고카타플라스마,한풍제통고카타플라스마,,(주)한풍제약,,
201404406,페인엔젤센연질캡슐(나프록센),페인엔젤센,나프록센,제이더블유중외제약(주),https://nedrug.mfds.go.kr/pbp/cmn/itemImageDownload/1Oo1IQuC6Ix,"다른 비스테로이드성 소염진통제 및 나프록센 유도체와 함께 복용하지 마십시오. 히단토인계 항간질제, 설파제, 설포닐요소계 혈당강하제, 프로프라놀롤 및 다른 -차단제, ACE 저해제(캅토프릴 등), 루프계 및 티아지드계 이뇨제, 프로베네시드, 아스피린, 리튬, 메토트렉세이트, 쿠마린계 항응혈제(와파린 등), 지도부딘, 뉴퀴놀론계 항생물질(에녹사신 등)과 함께 복용 시 의사 또는 약사와 상의하십시오."
201404613,루비로펜카타플라스마(플루르비프로펜),루비로펜카타플라스마,플루르비프로펜,알리코제약(주),,
201404670,비센큐정,비센큐,,(주)마더스제약,https://nedrug.mfds.go.kr/pbp/cmn/itemImageDownload/147426943179400005,제산제와 함께 복용하지 마십시오.우유 섭취 후 1시간 이내는 복용을 피하십시오.
201404702,빅콘에스600정,빅콘에스600,,(주)에이프로젠바이오로직스,https://nedrug.mfds.go.kr/pbp/cmn/itemImageDownload/1NyhdZzPmQU,레보도파와 함께 복용하지 마십시오. 정주용 지질제와 함께 복용 시 의사 또는 약사와 상의하십시오.
201404696,휴비스트아스피린장용정,휴비스트아스피린장용,,(주)휴비스트제약,https://nedrug.mfds.go.kr/pbp/cmn/itemImageDownload/1PpfhzhSvXc,"다른 비스테로이드성 소염진통제 및 살리실산 제제, 일주일 동안 메토트렉세이트 15밀리그람(15mg/주) 이상의 용량은 이 약과 병용 투여 시 출혈이 증가되거나 신기능이 감소될 수 있으므로 함께 사용하지 않습니다. 항응고제, 이부프로펜, 나프록센 등 일부 비스테로이드성 소염진통제, 혈전용해제, 다른 혈소판응집억제제, 지혈제, 당뇨병치료제(인슐린제제, 톨부타미드 등), 요산배설촉진제(벤즈브로마론, 프로베네시드), 티아지드계 이뇨제, 리튬제제, 선택적 세포토닌 재흡수 억제제, 디곡신, 전신 작용 부신피질호르몬 제제(애디슨병 대체요법용 히드로코티손 제외), 안지오텐신 전환 효소 억제제, 발프로산 제제를 복용하는 사람은 의사 또는 약사와 상의하십시오. 알칼리제제(예: 탄산수소나트륨, 탄산마그네슘) 또는 습기가 차기 쉬운 제제와 함께 섞지 마십시오. 알코올과 병용 투여 시 위장관 점막 손상이 증가하고, 이 약과 알코올의 상승효과로 인해 출혈시간이 연장될 수 있습니다."
201404706,트리멘정(트리메부틴말레산염),트리멘,트리메부틴말레산염,(주)이든파마,https://nedrug.mfds.go.kr/pbp/cmn/itemImageDownload/147426943179400075,
201404707,뮤코틸캡슐(아세틸시스테인),뮤코틸,아세틸시스테인,(주)킵스바이오파마,https://nedrug.mfds.go.kr/pbp/cmn/itemImageDownload/147426943179400080,"경구용 항생제(아목시실린, 세푸록심, 독시사이클린, 에리트로마이신, 티암페니콜)와 함께 복용 시 적어도 2시간 간격을 두고 복용하십시오."
201404717,아드레큐에이정,아드레큐에이,,(주)마더스제약,https://nedrug.mfds.go.kr/pbp/cmn/itemImageDownload/147426943179400109,"인산염, 칼슘염, 경구용 테트라사이클린계 제제, 제산제, 레보도파와 함께 복용하지 마십시오. 강심배당체, 항알도스테론제, 트리암테렌과 함께 복용 시 의사 또는 약사와 상의하십시오. 녹차, 홍차 등 탄닌을 함유하는 차는 복용 중, 복용 전후에는 피하십시오."
201404746,노루모에프내복액,노루모에프내복,,일양약품(주),,이 약을 복용하기 전에 다른 약물을 복용하고 있는 경우 의사 또는 약사와 상의하십시오.
201404747,알비코정,알비코,,(주)마더스제약,https://nedrug.mfds.go.kr/pbp/cmn/itemImageDownload/1OcIzQG1qVG,"MAO 억제제, 혈압강하제, 알코올, 중추신경억제제(수면제, 진정제, 안정제), 교감신경흥분제, 삼환계 항우울약, 구아네티딘, 브레틸리움, 베타나이드, 데브리소퀸, 메틸도파, 교감신경성약(충혈제거제, 식욕억제제, 암페타민류의 신경자극제), 및 아드레날린 억제제와 함께 복용하지 마십시오."
201404806,타바겐겔,타바겐,,동국제약(주),,"다른 혈액응고저지제(예, 쿠마린, 아스피린, 디피리다몰, 덱스트란, 스트렙토키나제 등)와 함께 사용 시 출혈이 증가 할 수 있으므로 의사 또는 약사와 상의하십시오."
201404844,앤디락생캡슐(바실루스리케니포르미스균),앤디락생,바실루스리케니포르미스균,일양약품(주),https://nedrug.mfds.go.kr/pbp/cmn/itemImageDownload/147426948856300099,"시프로플록사신, 이미페넴, 실라스타틴나트륨과 함께 사용 시 의사 또는 약사와 상의하십시오."
201404850,맥쎈연질캡슐(나프록센),맥쎈,나프록센,코스맥스파마(주),https://nedrug.mfds.go.kr/pbp/cmn/itemImageDownload/151982834805500098,"다른 비스테로이드성 소염진통제 및 나프록센 유도체와 함께 복용하지 마십시오. 히단토인계 항간질제, 설파제, 설포닐요소계 혈당강하제, 프로프라놀롤 및 다른 -차단제, ACE 저해제(캅토프릴 등), 루프계 및 티아지드계 이뇨제, 프로베네시드, 아스피린, 리튬, 메토트렉세이트, 쿠마린계 항응혈제(와파린 등), 지도부딘, 뉴퀴놀론계 항생물질(에녹사신 등)과 함께 복용 시 의사 또는 약사와 상의하십시오."
201404885,덴퍼스골드캡슐,덴퍼스골드,,한국코러스(주),https://nedrug.mfds.go.kr/pbp/cmn/itemImageDownload/1Pz4GqsLD3N,
201404888,로피딘캡슐(로페라미드염산염)(수출용),로피딘,,(주)화이트생명과학,https://nedrug.mfds.go.kr/pbp/cmn/itemImageDownload/147426948856300177,"퀴니딘, 리토나비르와 함께 복용 시 의사 또는 약사와 상의하십시오."
201404892,라미디핀크림(나프티핀염산염),라미디핀,나프티핀염산염,(주)제뉴파마,,다른 국소 적용 약물과 함께 사용 시 의사 또는 약사와 상의하십시오.
201405003,아사프장용정100mg(아스피린),아사프장용,아스피린,(주)제뉴파마,https://nedrug.mfds.go.kr/pbp/cmn/itemImageDownload/1PT2fGfm54g,"다른 비스테로이드성 소염진통제 및 살리실산 제제, 일주일 동안 메토트렉세이트 15밀리그람(15mg/주) 이상의 용량은 이 약과 병용 투여 시 출혈이 증가되거나 신기능이 감소될 수 있으므로 함께 사용하지 않습니다. 항응고제, 이부프로펜, 나프록센 등 일부 비스테로이드성 소염진통제, 혈전용해제, 다른 혈소판응집억제제, 지혈제, 당뇨병치료제(인슐린제제, 톨부타미드 등), 요산배설촉진제(벤즈브로마론, 프로베네시드), 티아지드계 이뇨제, 리튬제제, 선택적 세포토닌 재흡수 억제제, 디곡신, 전신 작용 부신피질호르몬 제제(애디슨병 대체요법용 히드로코티손 제외), 안지오텐신 전환 효소 억제제, 발프로산 제제를 복용하는 사람은 의사 또는 약사와 상의하십시오. 알칼리제제(예: 탄산수소나트륨, 탄산마그네슘) 또는 습기가 차기 쉬운 제제와 함께 섞지 마십시오. 알코올과 병용 투여 시 위장관 점막 손상이 증가하고, 이 약과 알코올의 상승효과로 인해 출혈시간이 연장될 수 있습니다."
201405014,브록솔정(암브록솔염산염),브록솔,암브록솔염산염,(주)휴비스트제약,https://nedrug.mfds.go.kr/pbp/cmn/itemImageDownload/152769079471500149,"에리트로마이신, 세팔렉신, 옥시테트라사이클린, 아목시실린, 세퓨록심, 독시사이클린 등의 항생제와 함께 복용 시 의사 또는 약사와 상의하십시오."
201405042,메이킨큐장용정,메이킨큐장용,,명인제약(주),https://nedrug.mfds.go.kr/pbp/cmn/itemImageDownload/147426953978800194,제산제 또는 우유 섭취 후 1시간 이내에 이 약을 복용하지 마십시오. 이 약을 복용하기 전에 다른 약물을 복용하는 경우 의사 또는 약사와 상의하십시오.
201405100,오스테인캡슐200밀리그램(아세틸시스테인),오스테인,아세틸시스테인,(주)오스코리아제약,https://nedrug.mfds.go.kr/pbp/cmn/itemImageDownload/147426959368900113,"경구용 항생제(아목시실린, 세푸록심, 독시사이클린, 에리트로마이신, 티암페니콜)와 함께 복용 시 적어도 2시간 간격을 두고 복용하십시오."
201405110,마그맥스연질캡슐,마그맥스,,동화약품(주),https://nedrug.mfds.go.kr/pbp/cmn/itemImageDownload/1MnrcaZ0p8l,"이 약을 복용하는 동안 인산염, 칼슘염, 경구(먹는, 복용하는)용 테트라사이클린계 제제, 제산제, 레보도파와 함께 복용하지 마십시오.에스트로겐을 포함한 경구용 피임제, 항알도스테론제, 트리암테렌, 정주용 지질제와 함께 사용 시 의사 또는 약사와 상의하십시오.녹차, 홍차 등 탄닌을 함유하는 차는 복용 중, 복용 전후에는 피하십시오."
201405135,올나펜연질캡슐(나프록센),올나펜,나프록센,(주)경보제약,https://nedrug.mfds.go.kr/pbp/cmn/itemImageDownload/1Oq3KTTVDl9,"다른 비스테로이드성 소염진통제 및 나프록센 유도체와 함께 복용하지 마십시오. 히단토인계 항간질제, 설파제, 설포닐요소계 혈당강하제, 프로프라놀롤 및 다른 -차단제, ACE 저해제(캅토프릴 등), 루프계 및 티아지드계 이뇨제, 프로베네시드, 아스피린, 리튬, 메토트렉세이트, 쿠마린계 항응혈제(와파린 등), 지도부딘, 뉴퀴놀론계 항생물질(에녹사신 등)과 함께 복용 시 의사 또는 약사와 상의하십시오."
201405199,조아아크네겔(가수과산화벤조일)(수출용),조아아크네,,조아제약(주),,"다른 치료적인 국소 각질 용해제 또는 세제, 다른 국소 여드름약(비타민A 유도체 함유 여드름약 포함)과 함께 사용하지 마십시오."
201405228,쿨스펜겔(피록시캄),쿨스펜,피록시캄,신일제약(주),,
201405232,맥스디1000연질캡슐,맥스디1000,,(주)테라젠이텍스,https://nedrug.mfds.go.kr/pbp/cmn/itemImageDownload/147426964205900079,에스트로겐을 포함한 경구용 피임제와 함께 복용 시 의사 또는 약사와 상의하십시오.
201405263,모이스뷰점안액(트레할로스수화물)(1회용),모이스뷰,1회용,(주)휴온스,,
201405279,클리스톤지크림,클리스톤지,,부광약품(주),,
201405280,클리딘에프연고(퓨시드산나트륨),클리딘에프,퓨시드산나트륨,부광약품(주),,
201405300,토코탑연질캡슐,토코탑,,한국코러스(주),https://nedrug.mfds.go.kr/pbp/cmn/itemImageDownload/1OWap0p6EDy,"이 약을 복용하는 동안 인산염, 칼슘염, 경구(먹는, 복용하는)용 테트라사이클린계 제제, 제산제, 레보도파와 함께 복용하지 마십시오.에스트로겐을 포함한 경구용 피임제, 항알도스테론제, 트리암테렌, 정주용 지질제와 함께 사용 시 의사 또는 약사와 상의하십시오.녹차, 홍차 등 탄닌을 함유하는 차는 복용 중, 복용 전후에는 피하십시오."
201405336,바실페디산(바실루스리케니포르미스균),바실페디,바실루스리케니포르미스균,삼아제약(주),,"시프로플록사신, 이미페넴, 실라스타틴나트륨과 함께 사용 시 의사 또는 약사와 상의하십시오."
201405347,폴가정(폴산),폴가,폴산,(주)마더스제약,https://nedrug.mfds.go.kr/pbp/cmn/itemImageDownload/147426964205900135,"아미노살리실산, 경구용 피임제, 디하이드로폴레이트 환원효소 저해제(메토트렉세이트, 트리메토프림 등), 페니토인 같은 히단토인계 항전간제, 설파살라진, 콜레스티라민을 복용 중인 환자는 의사 또는 약사와 상의하십시오."
201405340,한풍콜드액,한풍콜드,,(주)한풍제약,,"MAO억제제(항우울제, 항정신병제, 감정조절제, 항파킨슨제 등), 진해거담제, 다른 감기약, 해열진통제, 진정제, 항히스타민제를 함유하는 내복약(비염용 경구제, 멀미약, 알레르기용약)을 함께 복용하지 마십시오. 당뇨약, 통풍약, 관절염약, 항응고제, 스테로이드제, 바르비탈계 약물, 삼환계 항우울제, 알코올, 칼륨함유제제, 감초함유제제, 글리시리진산 또는 그 염류 함유제제, 루프계 이뇨제(푸로세미드, 에타크린산) 또는 티아지드계 이뇨제(트리클로르메티아지드), 플루클록사실린과 함께 복용 시 의사 또는 약사와 상의하십시오. 복용 중에는 음주하지 마십시오."
201405342,한풍노즈액,한풍노즈,,(주)한풍제약,,"MAO억제제(항우울제, 항정신병제, 감정조절제, 항파킨슨제 등), 진해거담제, 다른 감기약, 해열진통제, 진정제, 항히스타민제를 함유하는 내복약(비염용 경구제, 멀미약, 알레르기용약)과 함께 복용하지 마십시오. 당뇨약, 통풍약, 관절염약, 항응고제, 스테로이드제, 바르비탈계 약물, 삼환계 항우울제, 알코올, 칼륨함유제제, 감초함유제제, 글리시리진산 또는 그 염류 함유제제, 루프계 이뇨제(푸로세미드, 에타크린산) 또는 티아지드계 이뇨제(트리클로르메티아지드), 플루클록사실린과 함께 복용 시 의사 또는 약사와 상의하십시오. 복용 중에는 음주하지 마십시오."
201405367,트레신겔(티로트리신),트레신,티로트리신,알리코제약(주),,
201405373,스킨데일리로션0.5%(히드로코르티손),스킨데일리,히드로코르티손,태극제약(주),,
201405439,디소론캡슐(디오스민),디소론,디오스민,주식회사제뉴원사이언스,https://nedrug.mfds.go.kr/pbp/cmn/itemImageDownload/1NXa2J_KdFi,
201405450,트릴로신정,트릴로신,,(주)마더스제약,https://nedrug.mfds.go.kr/pbp/cmn/itemImageDownload/1Pvn3im1t-w,항응고제와 함께 복용 시 의사 또는 약사와 상의하십시오.
201405454,덴티큐어캡슐,덴티큐어,,아이큐어(주),https://nedrug.mfds.go.kr/pbp/cmn/itemImageDownload/1NOwp2F6HRJ,
201405457,뮤스타캡슐200mg(아세틸시스테인),뮤스타,아세틸시스테인,일양약품(주),https://nedrug.mfds.go.kr/pbp/cmn/itemImageDownload/147426969102600052,"경구용 항생제(아목시실린, 세푸록심, 독시사이클린, 에리트로마이신, 티암페니콜)와 함께 복용 시 적어도 2시간 간격을 두고 복용하십시오."
201405494,일동폴산정1밀리그램,일동폴,,일동제약(주),https://nedrug.mfds.go.kr/pbp/cmn/itemImageDownload/1PEPKBUcjJk,"아미노살리실산, 경구용 피임제, 디하이드로폴레이트 환원효소 저해제(메토트렉세이트, 트리메토프림 등), 페니토인 같은 히단토인계 항전간제, 설파살라진, 콜레스티라민을 복용 중인 환자는 의사 또는 약사와 상의하십시오."
201405501,아세란캡슐200밀리그램(아세틸시스테인),아세란,아세틸시스테인,(주)화이트생명과학,https://nedrug.mfds.go.kr/pbp/cmn/itemImageDownload/1Mq-1T3NP7I,"경구용 항생제(아목시실린, 세푸록심, 독시사이클린, 에리트로마이신, 티암페니콜)와 함께 복용 시 적어도 2시간 간격을 두고 복용하십시오."
201405522,맨담듀오임팩카타플라스마,맨담듀오임팩카타플라스마,,(주)보령,,
201405529,엔도콜액(시메티콘),엔도콜,시메티콘,(주)한국팜비오,,
201405539,시트말린액(시트룰린말산염),시트말린,시트룰린말산염,아이큐어(주),,
201405623,에버트린액1g(시트룰린말산염),에버트린,시트룰린말산염,(주)씨엠지제약,,
201405635,엑스콜콜드에프캡슐,엑스콜콜드에프,,(주)한풍제약,https://nedrug.mfds.go.kr/pbp/cmn/itemImageDownload/147618960468200072,"MAO억제제(항우울제, 항정신병제, 감정조절제, 항파킨슨제 등), 진해(기침을 그치게 함)거담제(가래약), 다른 감기약, 해열진통제, 진정제, 항히스타민제를 함유하는 내복약(비염용 경구제, 멀미약, 알레르기용약)과 함께 복용하지 마십시오. 바르비탈계 약물, 삼환계 항우울제, 알코올, 칼륨함유제제, 감초함유제제, 글리시리진산 또는 그 염류 함유제제, 루프계 이뇨제(푸로세미드, 에타크린산) 또는 티아지드계 이뇨제(트리클로르메티아지드), 플루클록사실린과 함께 복용 시 의사 또는 약사와 상의하십시오. 복용 중에는 음주하지 마십시오."
201405659,테라미플러스크림,테라미플러스,,초당약품공업(주),,
201405690,티트로신겔(티로트리신),티트로신,티로트리신,태극제약(주),,
201405694,시원타조아나잘스프레이(옥시메타졸린염산염),시원타조아나잘스프레이,옥시메타졸린염산염,조아제약(주),,"MAO억제제(항우울제, 항정신병제, 감정조절제, 항파킨슨제 등)를 복용(사용)하고 있거나 복용(사용)을 중단한 후 2주 이내의 사람은 이 약을 사용하지 마십시오. 디펜히드라민(및 그 염류) 함유하는 제제(피부에 적용하는 제제 포함)는 복용(사용)하지 마십시오. 사용 중에는 음주하지 마십시오."
201405706,도미다프리미엄정,도미다프리미엄,,태극제약(주),https://nedrug.mfds.go.kr/pbp/cmn/itemImageDownload/1N7WiIONwvd,"레보도파와 함께 복용하지 마십시오. 이 약을 복용하기 전에 강심배당체를 투여 중인 환자는 의사 또는 약사와 상의하십시오. 에스트로겐을 포함한 경구용 피임제, 정주용 지질제와 함께 사용 시 의사 또는 약사와 상의하십시오."
201405755,디제스콘더블액션현탁액(수출용),디제스콘더블액션,,태극제약(주),,"테트라사이클린, 디곡신, 플루오로퀴놀론, 철염, 케토코나졸, 신경이완제, 티록신, 페니실라민, 베타차단제(아테놀올, 메토프로롤, 프로프라놀롤), 글루코코르티코이드, 클로로퀸, 에스트라무스틴 및 디포스포네이트와 함께 복용 시 2시간의 간격을 두고 복용하십시오."
201405783,제이부틴정(트리메부틴말레산염),제이부틴,트리메부틴말레산염,태극제약(주),https://nedrug.mfds.go.kr/pbp/cmn/itemImageDownload/1N7WiIONwuR,
201405818,비알이부펜시럽(이부프로펜),비알이부펜,이부프로펜,(주)보령바이오파마,,"고용량 메토트렉세이트, 다른 비스테로이드성 소염진통제와 함께 이 약을 복용하지 마십시오. 저용량 아스피린, ACE 저해제 복용자, 리튬, 푸로세미드 및 티아지드계 이뇨제, 저용량 메토트렉세이트, 쿠마린계 항응혈제(와파린 등), 선택적 세로토닌 재흡수억제와 함께 복용 시 의사 또는 약사와 상의하십시오."
201405909,유실드더블액션현탁액,유실드더블액션,,(주)유유제약,,"테트라사이클린, 디곡신, 플루오로퀴놀론, 철염, 케토코나졸, 신경이완제, 티록신, 페니실라민, 베타차단제(아테놀올, 메토프로롤, 프로프라놀롤), 글루코코르티코이드, 클로로퀸, 에스트라무스틴 및 디포스포네이이트 등과 함께 복용 시 적어도 2시간의 간격을 두고 복용하십시오."
201405939,트레스오릭스포르테캡슐,트레스오릭스포르테,,신일제약(주),https://nedrug.mfds.go.kr/pbp/cmn/itemImageDownload/147426979745100191,MAO 저해제(억제제) 및 알코올 등 및 기타 중추신경억제제와 함께 복용하지 마십시오.
201406047,하이졸크림,하이졸,,(주)마더스제약,,
201406121,싸이타민플러스정,싸이타민플러스,,(주)한독,https://nedrug.mfds.go.kr/pbp/cmn/itemImageDownload/153943915618600001,"인산염, 칼슘염, 경구용 테트라사이클린계 제제, 제산제, 레보도파와 함께 복용하지 마십시오. 에스트로겐을 포함한 경구(먹는)용 피임제, 항알도스테론제, 트리암테렌과 함께 복용 시 의사 또는 약사와 상의하십시오. 녹차, 홍차 등 탄닌을 함유하는 차는 복용 중, 복용 전후에는 피하십시오."
201406120,비알덱시펜시럽(덱시부프로펜),비알덱시펜,덱시부프로펜,(주)보령바이오파마,,"다른 비스테로이드성 소염진통제, 아스피린, 고용량의 메토트렉세이트와 함께 사용하지 마십시오. 글루코코르티코이드, 알코올, 디곡신, 페니토인, 프로베네시드, 설핀피라존, 설포닐우레아제, 이뇨제와 항고혈압제 병용, ACE 억제제, 푸로세미드, 리튬, 저용량의 메토트렉세이트, 쿠마린계 항응고제(와파린 등)와 함께 사용 시 의사 또는 약사와 상담하십시오."
201406134,바리켄산(바실루스리케니포르미스균),바리켄,바실루스리케니포르미스균,일성아이에스(주),,"시프로플록사신, 이미페넴, 실라스타틴나트륨과 함께 사용 시 의사 또는 약사와 상의하십시오."
201500001,블루콜엠연질캡슐,블루콜엠,,(주)알피바이오,https://nedrug.mfds.go.kr/pbp/cmn/itemImageDownload/1PEPKBUclbG,"다른 진해거담제, 감기약, 항히스타민제를 함유하는 내복약(비염용 경구제, 멀미약, 알레르기용약), 진정제와 함께 복용하지 마십시오. 복용 중에는 음주하지 마십시오."
201500020,무조무알파에어로솔,무조무알파에어로솔,,신신제약(주),,
201500029,스웨클로액(염화알루미늄),스웨클로,염화알루미늄,광동제약(주),,
201500041,티지피파모티딘정10밀리그램,티지피파모티딘,,태극제약(주),https://nedrug.mfds.go.kr/pbp/cmn/itemImageDownload/1NBWZ9IclDi,"이 약을 복용하기 전에 비스테로이드성 소염(항염)진통제, 무좀치료제 및 항진균제(이트라코나졸 및 포사코나졸 경구현탁액 등), 티로신 키나아제 억제제(다사티닙, 엘로티닙, 게피티니브, 파조파닙 등)를 복용하는 환자는 의사 또는 약사와 상의하십시오. 복용 중에는 음주하지 마십시오."
201500053,감마마그빅연질캡슐,감마마그빅,,알파제약(주),https://nedrug.mfds.go.kr/pbp/cmn/itemImageDownload/147426989724000081,"인산염, 칼슘염, 경구용 테트라사이클린계 제제, 제산제, 레보도파와 함께 복용하지 마십시오.에스트로겐을 포함한 경구용 피임제, 항알도스테론제, 트리암테렌, 정주용 지질제와 함께 사용 시 의사 또는 약사와 상의하십시오.녹차, 홍차 등 탄닌을 함유하는 차는 복용 중, 복용 전후에는 피하십시오."
201500100,비알코에이시럽,비알코에이,,(주)보령바이오파마,,"MAO 저해제를 복용하는 환자는 이 약을 복용하지 마십시오.진정제, 신경안정제를 함께 복용 시 의사 또는 약사와 상의하십시오.알코올성 음료를 피하십시오."
201500121,비알에스락산(바실루스리케니포르미스균),비알에스락,바실루스리케니포르미스균,(주)보령바이오파마,,"시프로플록사신, 이미페넴, 실라스타틴나트륨과 함께 사용 시 의사 또는 약사와 상의하십시오."
201500122,비알에스락캡슐(바실루스리케니포르미스균),비알에스락,바실루스리케니포르미스균,(주)보령바이오파마,https://nedrug.mfds.go.kr/pbp/cmn/itemImageDownload/147426989724000139,"시프로플록사신, 이미페넴, 실라스타틴나트륨과 함께 사용 시 의사 또는 약사와 상의하십시오."
201500199,목앤스프레이,목앤스프레이,,한미약품(주),,
201500197,키즈앤펜시럽(이부프로펜),키즈앤펜,이부프로펜,광동제약(주),,"항암요법에서의 고용량 메토트렉세이트, 다른 비스테로이드성 소염진통제와 함께 이 약을 복용하지 마십시오. 저용량 아스피린, ACE 저해제, 리튬, 푸로세미드 및 티아지드계 이뇨제, 저용량 메토트렉세이트, 쿠마린계 항응혈제(와파린 등), 선택적 세로토닌 재흡수억제제와 함께 복용 시 의사 또는 약사와 상의하십시오."
201500198,치감플러스액,치감플러스,,경방신약(주),,"MAO 억제제(항우울제, 항정신병제, 감정조절제, 항파킨슨제 등), 진해거담제(가래약), 다른 감기약, 해열진통제, 진정제, 항히스타민제를 함유하는 내복약(비염용 경구제, 멀미약, 알레르기용약)과 함께 복용하지 마십시오. 바르비탈계 약물, 삼환계 항우울제, 칼륨함유제제, 감초함유제제, 글리시리진산 또는 그 염류 함유제제, 루프계 이뇨제(푸로세미드, 에타크린산) 또는 티아지드계 이뇨제(트리클로르메티아지드), 플루클록사실린과 함께 복용 시 의사 또는 약사와 상의하십시오. 복용 중에는 음주하지 마십시오."
201500277,엠디카인크림(리도카인),엠디카인,리도카인,맥널티제약(주),,
201500281,디카맥스500/350정,디카맥스500/350,,(주)다림바이오텍,https://nedrug.mfds.go.kr/pbp/cmn/itemImageDownload/1Pvn3im1vJ8,"인산염, 칼슘염, 경구용 테트라사이클린계 제제, 제산제와 함께 복용하지 마십시오. 항알도스테론제, 트리암테렌과 함께 복용 시 의사 또는 약사와 상의하십시오. 녹차, 홍차 등 탄닌을 함유하는 차는 복용 중, 복용 전후에는 피하십시오."
201500313,아로나민실버프리미엄정,아로나민실버프리미엄,,일동제약(주),https://nedrug.mfds.go.kr/pbp/cmn/itemImageDownload/1PUZO9zSrIB,"이 약을 복용하는 동안 인산염, 칼슘염, 경구용 테트라사이클린계 제제, 제산제, 레보도파를 복용하지 마십시오. 강심배당체, 에스트로겐을 포함한 경구용 피임제, 항알도스테론제, 트리암테렌과 함께 복용 시 의사 또는 약사와 상의하십시오. 녹차, 홍차 등 탄닌을 함유하는 차는 복용 중, 복용 전후에는 피하십시오."
201500314,베노벡스겔,베노벡스,,부광약품(주),,"다른 혈액응고저지제(예, 쿠마린, 아스피린, 디피리다몰, 덱스트란, 스트렙토키나제 등)와 함께 사용 시 출혈이 증가 할 수 있으므로 의사 또는 약사와 상의하십시오."
201500378,리도라임크림(리도카인),리도라임,리도카인,(주)화이트생명과학,,
201500437,큐케어로션2.5%(히드로코르티손),큐케어,히드로코르티손,풍림무약(주),,
201500494,디클로메드액0.074%(디클로페낙),디클로메드,디클로페낙,코오롱제약(주),,다른 소염진통제와 함께 사용하지 마십시오.
201500632,시클로원스네일라카(시클로피록스),시클로원스네일라카,시클로피록스,주식회사제뉴원사이언스,,
201500662,텐다나민캡슐,텐다나민,,화일약품(주),https://nedrug.mfds.go.kr/pbp/cmn/itemImageDownload/147427000324100090,
201500685,락시러스캡슐(바실루스리케니포르미스균),락시러스,바실루스리케니포르미스균,한국휴텍스제약(주),https://nedrug.mfds.go.kr/pbp/cmn/itemImageDownload/1PQoG7qcUFS,"시프로플록사신, 이미페넴, 실라스타틴나트륨과 함께 사용 시 의사 또는 약사와 상의하십시오."
201500673,다펜-큐연질캡슐(이부프로펜),다펜-큐,이부프로펜,조아제약(주),https://nedrug.mfds.go.kr/pbp/cmn/itemImageDownload/1OcWuLSAyDt,"다른 비스테로이드성 소염진통제, 고용량의 메토트렉세이트와 함께 복용하지 마십시오. 저용량 아스피린, ACE 저해제, 리튬, 푸로세미드 및 티아지드계 이뇨제, 저용량의 메토트렉세이트, 쿠마린계 항응혈제(와파린 등), 선택적 세로토닌 재흡수억제제와 함께 복용 시 의사 또는 약사와 상의하십시오."
201500686,원케어네일라카(시클로피록스),원케어네일라카,시클로피록스,신신제약(주),,
201500694,비타콘틴600정,비타콘틴600,,코오롱제약(주),https://nedrug.mfds.go.kr/pbp/cmn/itemImageDownload/1ON0H4cQHMQ,"인산염, 칼슘염, 경구용 테트라사이클린계 제제, 제산제, 레보도파와 함께 복용하지 마십시오. 항알도스테론제, 트리암테렌과 함께 복용 시 의사 또는 약사와 상의하십시오. 녹차, 홍차 등 탄닌을 함유하는 차는 복용 중, 복용 전후에는 피하십시오."
201500723,뮤테인캡슐(아세틸시스테인),뮤테인,아세틸시스테인,한국코러스(주),https://nedrug.mfds.go.kr/pbp/cmn/itemImageDownload/149723201580000090,"경구용 항생제(아목시실린, 세푸록심, 독시사이클린, 에리트로마이신, 티암페니콜)와 함께 복용 시 적어도 2시간 간격을 두고 복용하십시오."
201500736,바실리켄캡슐(바실루스리케니포르미스균),바실리켄,바실루스리케니포르미스균,(주)에이프로젠바이오로직스,https://nedrug.mfds.go.kr/pbp/cmn/itemImageDownload/147427000324100177,"시프로플록사신, 이미페넴, 실라스타틴나트륨과 함께 사용 시 의사 또는 약사와 상의하십시오."
201500849,한풍코프액,한풍코프,,(주)한풍제약,,"MAO억제제(항우울제, 항정신병제, 감정조절제, 항파킨슨제 등), 진해거담제, 다른 감기약, 해열진통제, 진정제, 항히스타민제를 함유하는 내복약(비염용 경구제, 멀미약, 알레르기용약)을 함께 복용하지 마십시오. 당뇨약, 통풍약, 관절염약, 항응고제, 스테로이드제, 바르비탈계 약물, 삼환계 항우울제, 알코올, 칼륨함유제제, 감초함유제제, 글리시리진산 또는 그 염류 함유제제, 루프계 이뇨제(푸로세미드, 에타크린산) 또는 티아지드계 이뇨제(트리클로르메티아지드), 플루클록사실린과 함께 복용 시 의사 또는 약사와 상의하십시오. 복용 중에는 음주하지 마십시오."
201500858,유한이지케어네일라카(시클로피록스),유한이지케어네일라카,시클로피록스,(주)유한양행,,
201500859,톱큐어네일라카(시클로피록스),톱큐어네일라카,시클로피록스,신일제약(주),,
201500860,피엠네일라카(시클로피록스),피엠네일라카,시클로피록스,경남제약(주),,
201501013,아이톡점안액(트레할로스수화물)(1회용),아이톡,1회용,광동제약(주),,
201501029,클리어딘연질캡슐(로라타딘),클리어딘,로라타딘,(주)알피바이오,https://nedrug.mfds.go.kr/pbp/cmn/itemImageDownload/1OtGiHsZj-W,"시메티딘, 에리트로마이신, 케토코나졸, 퀴니딘, 플루코나졸, 플루옥세틴과 함께 복용하지 마십시오."
201501060,바르지오네일라카(시클로피록스),바르지오네일라카,시클로피록스,동화약품(주),,
201501112,코디톱플라스타(디클로페낙디에틸암모늄),코디톱플라스타,디클로페낙디에틸암모늄,코오롱제약(주),,"루프 이뇨제(푸로세미드 등), 티아자이드계 이뇨제, 지혈을 방해하는 약물(와파린 등), 항혈소판제(아스피린 등), 선택적 세로토닌 재흡수 억제제 및 세로토닌 노르에피네프린 재흡수 억제제를 투여하는 환자는 의사 또는 약사와 상의하십시오."
201501150,헤모포민큐캡슐,헤모포민큐,,(주)동구바이오제약,https://nedrug.mfds.go.kr/pbp/cmn/itemImageDownload/147427011143100114,"이 약을 복용하는 동안 인산염, 칼슘염, 경구용 테트라사이클린계 항생제, 제산제를 복용하지 마십시오.항알도스테론제, 트리암테렌, 200 ㎎ 이상의 아스코르빈산(비타민 C)을 함께 복용하는 경우 의사 또는 약사와 상의하십시오.녹차, 홍차 등 탄닌을 함유하는 차 및 우유ㆍ유제품은 복용 중, 복용 전후에는 피하십시오."
201501154,와이드케어네일라카(시클로피록스),와이드케어네일라카,시클로피록스,(주)제뉴파마,,
201501213,바렌굿네일라카(시클로피록스),바렌굿네일라카,시클로피록스,(주)대웅제약,,
201501235,모스쿨키드크림,모스쿨키드,,경남제약(주),,
201501249,무조멘액,무조멘,,(주)마더스제약,,
201501313,베트라겔,베트라,,(주)제뉴파마,,"다른 혈액응고저지제(예, 쿠마린, 아스피린, 디피리다몰, 덱스트란, 스트렙토키나제 등)와 함께 사용 시 출혈이 증가 할 수 있으므로 의사 또는 약사와 상의하십시오."
201501348,헤모스민캡슐(디오스민),헤모스민,디오스민,대화제약(주),https://nedrug.mfds.go.kr/pbp/cmn/itemImageDownload/1NQppFCiRB1,
201501315,캐롤디연질캡슐(덱시부프로펜),캐롤디,덱시부프로펜,일동제약(주),https://nedrug.mfds.go.kr/pbp/cmn/itemImageDownload/1OeD8xwOeKA,"아스피린, 다른 비스테로이드성 소염진통제, 항암요법으로 사용하는 고용량(15 mg/주 이상)의 메토트렉세이트와 함께 복용하지 마십시오. 코르티코스테로이드, 알코올, 디곡신, 페니토인, 프로베네시드, 설핀피라존, 설포닐우레아제, ACE 억제제, 안지오텐신Ⅱ 수용체 길항제, 이뇨제, 리튬, 쿠마린계 항응고제(와르파린 등), 바클로펜, 면역억제제(시클로스포린, 타크로리무스, 시롤리무스), 혈전용해제, 티클로피딘, 항혈전제, 혈중 칼륨농도를 증가시키는 약물(트리메토프림, 헤파린 등), CYP2C8, CYP2C9의 유도제(예, 리팜피신, 페노바르비탈), 저용량(15 mg/주 미만)의 메토트렉세이트, 항혈소판제 및 선택적 세로토닌 재흡수 억제제, 심근경색이나 뇌졸중 예방목적으로 저용량 아스피린과 함께 복용 시 의사 또는 약사와 상의하십시오."
201501386,디페낙겔1%(디클로페낙디에틸암모늄),디페낙,디클로페낙디에틸암모늄,태극제약(주),,"지혈을 방해하는 약물(예: 와파린), 항혈소판제(예: 아스피린), 선택적 세로토닌 재흡수 억제제(SSRI) 및 세로토닌 노르에피네프린 재흡수 억제제(SNRI)와 함께 복용 시 의사 또는 약사와 상의하십시오."
201501446,오프콜드연질캡슐(수출용),오프콜드,,한국프라임제약(주),https://nedrug.mfds.go.kr/pbp/cmn/itemImageDownload/147427016107500081,"진해거담제, 다른 감기약, 해열진통제, 진정제, 항히스타민제를 함유하는 내복약(비염용 경구제, 멀미약, 알레르기용약)과 함께 복용하지 마십시오. 당뇨약, 통풍약, 관절염약, 항응고제, 스테로이드제, 바르비탈계 약물, 삼환계 항우울제 및 알코올과 함께 복용 시 의사 또는 약사와 상의하십시오. 복용 중에는 음주하지 마십시오."
201501469,바이메틴정150밀리그램(트리메부틴말레산염),바이메틴,트리메부틴말레산염,(주)테라젠이텍스,https://nedrug.mfds.go.kr/pbp/cmn/itemImageDownload/1PEPKBUcdxN,
201501483,제라타딘정(로라타딘),제라타딘,로라타딘,태극제약(주),https://nedrug.mfds.go.kr/pbp/cmn/itemImageDownload/1N7WiIONwzn,"이 약을 복용하는 동안 시메티딘, 에리트로마이신, 케토코나졸, 퀴니딘, 플루코나졸, 플루옥세틴, 간 대사를 억제하는 약물을 함께 복용하지 마십시오."
201501488,케라네일캡슐(수출용),케라네일,,(주)제뉴파마,https://nedrug.mfds.go.kr/pbp/cmn/itemImageDownload/147427016107500098,설폰아미드 제제와 함께 사용 시 의사 또는 약사와 상의하십시오.
201501557,맥스타민프리미엄정,맥스타민프리미엄,,(주)일화,https://nedrug.mfds.go.kr/pbp/cmn/itemImageDownload/149805864617300081,"인산염, 칼슘염, 경구용 테트라사이클린계 제제, 제산제, 레보도파와 함께 복용하지 마십시오. 에스트로겐을 포함한 경구용 피임제, 항알도스테론제, 트리암테렌과 함께 복용 시 의사 또는 약사와 상의하십시오. 녹차, 홍차 등 탄닌을 함유하는 차는 복용 중, 복용 전후에는 피하십시오."
201501564,엘더킨크림4%(히드로퀴논),엘더킨,히드로퀴논,맥널티제약(주),,
201501578,마리부틴정150mg(트리메부틴말레산염),마리부틴,트리메부틴말레산염,경방신약(주),https://nedrug.mfds.go.kr/pbp/cmn/itemImageDownload/1Ms70TADW-o,
201501621,울티클가글액0.12%(클로르헥시딘글루콘산염액),울티클가글,클로르헥시딘글루콘산염액,(주)휴온스,,
201501637,마그벤연질캡슐,마그벤,,동방에프티엘(주),https://nedrug.mfds.go.kr/pbp/cmn/itemImageDownload/147427021629400186,"인산염, 칼슘염, 경구용 테트라사이클린계 제제, 제산제, 레보도파와 함께 복용하지 마십시오. 에스트로겐을 포함한 경구용 피임제, 항알도스테론제, 트리암테렌과 병용 투여 시 의사 또는 약사와 상의하십시오. 녹차, 홍차 등 탄닌을 함유하는 차는 복용 중, 복용 전후에는 피하십시오."
201501592,낙센연질캡슐(나프록센),낙센,나프록센,(주)종근당,https://nedrug.mfds.go.kr/pbp/cmn/itemImageDownload/1OO88JPAn_6,"다른 비스테로이드성 소염진통제 및 나프록센 유도체와 함께 복용하지 마십시오. 히단토인계 항간질제, 설파제, 설포닐요소계 혈당강하제, 프로프라놀롤 및 다른 -차단제, ACE 저해제(캅토프릴 등), 루프계 및 티아지드계 이뇨제, 프로베네시드, 아스피린, 리튬, 메토트렉세이트, 쿠마린계 항응혈제(와파린 등), 지도부딘, 뉴퀴놀론계 항생물질(에녹사신 등)과 함께 복용 시 의사 또는 약사와 상의하십시오."
201501706,치감코프액,치감코프,,경방신약(주),,"MAO억제제(항우울제, 항정신병제, 감정조절제, 항파킨슨제 등), 진해거담제(가래약), 다른 감기약, 해열진통제, 진정제, 항히스타민제를 함유하는 내복약(비염용 경구제, 멀미약, 알레르기용약)과 함께 복용하지 마십시오. 복용 중에는 음주하지 마십시오. 당뇨약, 통풍약, 관절염약, 항응고제, 스테로이드제, 바르비탈계 약물, 삼환계 항우울제, 알코올, 칼륨함유제제, 감초함유제제, 글리시리진산 또는 그 염류 함유제제, 루프계 이뇨제(푸로세미드, 에타크린산) 또는 티아지드계 이뇨제(트리클로르메티아지드), 플루클록사실린과 함께 복용 시 의사 또는 약사와 상의하십시오."
201501792,로얄플러스크림,로얄플러스,,에이치엘비제약(주),,
201501794,테리나핀크림(테르비나핀염산염),테리나핀,테르비나핀염산염,시믹씨엠오코리아주식회사,,
201501809,베아라제정(수출용),베아라제,,한국코러스(주),https://nedrug.mfds.go.kr/pbp/cmn/itemImageDownload/1N7lFt9NAo9,
201501814,알킬정(알벤다졸),알킬,알벤다졸,(주)마더스제약,https://nedrug.mfds.go.kr/pbp/cmn/itemImageDownload/147427037258800046,"이 약을 복용하는 동안 테오필린, 시메티딘, 프라지콴텔, 덱사메타손, 리토나비르, 페니토인, 카르바마제핀, 페노바르비탈을 함께 복용하지 마십시오."
201501890,가스큐액(시메티콘),가스큐,시메티콘,주식회사제뉴원사이언스,,
201501920,푸리덴연고,푸리덴,,신신제약(주),,"dl-메틸에페드린염산염, 스코폴리아 엑스 및 글리시리진산 함유 좌제 또는 연고제, 크림제, 혈압강하제, 항우울약과 함께 사용하지 마십시오."
201501926,큐앤큐헥시코올스틱스왑액,큐앤큐헥시코올스틱스왑,,큐앤큐팜(주),,
201502206,베스티아제정,베스티아제,,(주)테라젠이텍스,https://nedrug.mfds.go.kr/pbp/cmn/itemImageDownload/1NcuRwKmzJ6,
201502323,비사큐정,비사큐,,태극제약(주),https://nedrug.mfds.go.kr/pbp/cmn/itemImageDownload/148829662912100099,제산제 또는 우유 섭취 후 1시간 이내에 복용을 피하십시오.
201502420,휴니즈아세틸시스테인캡슐200mg,휴니즈아세틸시스테인,,(주)휴온스메디텍,https://nedrug.mfds.go.kr/pbp/cmn/itemImageDownload/147427049111000115,"경구용 항생제(아목시실린, 세푸록심, 독시사이클린, 에리트로마이신, 티암페니콜)와 함께 복용 시 적어도 2시간 간격을 두고 복용하십시오."
201502550,비스타치플러스정(글루타티온(환원형)),비스타치플러스,글루타티온,(주)한국파비스제약,https://nedrug.mfds.go.kr/pbp/cmn/itemImageDownload/1POSsjoWo8u,
201502577,뮤스테인캡슐200mg(아세틸시스테인),뮤스테인,아세틸시스테인,(주)경보제약,https://nedrug.mfds.go.kr/pbp/cmn/itemImageDownload/147427054809800077,"경구용 항생제(아목시실린, 세푸록심, 독시사이클린, 에리트로마이신, 티암페니콜)와 함께 복용 시 적어도 2시간 간격을 두고 복용하십시오."
201502386,덱스트론정300밀리그램(덱시부프로펜),덱스트론,덱시부프로펜,대화제약(주),https://nedrug.mfds.go.kr/pbp/cmn/itemImageDownload/147427049111000046,"아스피린, 다른 비스테로이드성 소염진통제, 항암요법으로 사용하는 고용량(15 mg/주 이상)의 메토트렉세이트와 함께 복용하지 마십시오. 이 약을 복용하기 전에 코르티코스테로이드, 알코올, 디곡신, 페니토인, 프로베네시드, 설핀피라존, 설포닐우레아제, ACE 억제제, 안지오텐신Ⅱ 수용체 길항제, 이뇨제, 리튬, 쿠마린계 항응고제(와르파린 등), 바클로펜, 면역억제제(시클로스포린, 타크로리무스, 시롤리무스), 혈전용해제, 티클로피딘, 항혈전제, 혈중 칼륨농도를 증가시키는 약물(트리메토프림, 헤파린 등), CYP2C8, CYP2C9의 유도제(예, 리팜피신, 페노바르비탈), 저용량(15 mg/주 미만)의 메토트렉세이트, 항혈소판제 및 선택적 세로토닌 재흡수 억제제, 심근경색이나 뇌졸중 예방목적으로 저용량 아스피린을 복용하는 사람은 의사 또는 약사와 상의하십시오."
201502441,코리투살에스노즈연질캡슐,코리투살에스노즈,,부광약품(주),https://nedrug.mfds.go.kr/pbp/cmn/itemImageDownload/1MuhKLm3TbS,"진해거담제, 다른 감기약, 해열진통제, 진정제, 항히스타민제를 함유하는 내복약(비염용 경구제, 멀미약, 알레르기용약)과 함께 복용하지 마십시오. 당뇨약, 통풍약, 관절염약, 항응고제, 스테로이드제, 바르비탈계 약물, 삼환계 항우울제, 알코올, 플루클록사실린과 함께 복용 시 의사 또는 약사와 상의하십시오. 복용 중에는 음주하지 마십시오."
201502779,무라졸쿨크림,무라졸쿨,,태극제약(주),,
201502442,코리투살에스코프연질캡슐,코리투살에스코프,,부광약품(주),https://nedrug.mfds.go.kr/pbp/cmn/itemImageDownload/1MuhKLm3Tc2,"MAO억제제(항우울제, 항정신병제, 감정조절제, 항파킨슨제 등), 진해(기침을 그치게 함)거담제(가래약), 다른 감기약, 해열진통제, 진정제, 항히스타민제를 함유하는 내복약(비염용 경구제, 멀미약, 알레르기용약)과 함께 복용하지 마십시오. 당뇨약, 통풍약, 관절염약, 항응고제, 스테로이드제, 바르비탈계 약물, 삼환계 항우울제 및 알코올, 플루클록사실린과 함께 복용 시 의사 또는 약사와 상의하십시오. 복용 중에는 음주하지 마십시오."
201502782,제로프리액(시메티콘),제로프리,시메티콘,맥널티제약(주),,
201502443,코리투살에스콜드연질캡슐,코리투살에스콜드,,부광약품(주),https://nedrug.mfds.go.kr/pbp/cmn/itemImageDownload/1MuhKLm3Tce,"진해거담제, 다른 감기약, 해열진통제, 진정제, 항히스타민제를 함유하는 내복약(비염용 경구제, 멀미약, 알레르기용약)과 함께 복용하지 마십시오. 당뇨약, 통풍약, 관절염약, 항응고제, 스테로이드제, 바르비탈계 약물, 삼환계 항우울제, 알코올, 플루클록사실린과 함께 복용 시 의사 또는 약사와 상의하십시오. 복용 중에는 음주하지 마십시오."
201502798,덴티드에프캡슐,덴티드에프,,(주)이든파마,https://nedrug.mfds.go.kr/pbp/cmn/itemImageDownload/147427065184100077,이 약을 복용하기 전에 다른 약물을 복용하고 있는 경우 의사 또는 약사와 상의하십시오.
201502752,이부프렌드연질캡슐,이부프렌드,,부광약품(주),https://nedrug.mfds.go.kr/pbp/cmn/itemImageDownload/147427065184100003,"다른 해열진통제, 감기약, 진정제와 함께 복용하지 마십시오. 당뇨약, 통풍약, 관절염약, 항응고제, 스테로이드제, 이뇨제, 저용량 아스피린과 함께 복용 시 의사 또는 약사와 상의하십시오. 복용 중에는 음주하지 마십시오."
201502813,프리아틸정600mg(아세틸시스테인),프리아틸,아세틸시스테인,(주)팜젠사이언스,https://nedrug.mfds.go.kr/pbp/cmn/itemImageDownload/1Pvn3im1vLY,"경구용 항생물질(아목시실린, 세푸록심, 독시사이클린, 에리트로마이신, 티암페니콜)과 함께 복용 시 의사 또는 약사와 상의하십시오."
201502753,이부프렌드프로연질캡슐,이부프렌드프로,,부광약품(주),https://nedrug.mfds.go.kr/pbp/cmn/itemImageDownload/147427065184100012,"다른 해열진통제, 감기약, 진정제와 함께 복용하지 마십시오. 당뇨약, 통풍약, 관절염약, 항응고제, 스테로이드제, 이뇨제, 저용량 아스피린과 함께 복용 시 의사 또는 약사와 상의하십시오. 복용 중에는 음주하지 마십시오."
201502828,나리스타자일로점비액(자일로메타졸린염산염),나리스타자일로점비,자일로메타졸린염산염,삼천당제약(주),,"MAO억제제(항우울제, 항정신병제, 감정조절제, 항파킨슨제 등) 복용을 중단한 후 2주 이내의 사람은 이 약을 복용하지 마십시오. 이 약을 사용하기 전에 삼환계 혹은 사환계 항우울제 투여중인 환자는 의사 또는 약사와 상의하십시오. 사용 중에는 음주하지 마십시오."
201502862,휴니즈트리메부틴말레산염정,휴니즈트리메부틴말레산염,,(주)휴온스메디텍,https://nedrug.mfds.go.kr/pbp/cmn/itemImageDownload/147427076761600163,
201502890,구루치온정100밀리그램(글루타티온(환원형)),구루치온,글루타티온,영풍제약(주),https://nedrug.mfds.go.kr/pbp/cmn/itemImageDownload/147427076761600175,
201502905,지아이스피드더블현탁액,지아이스피드더블,,부광약품(주),,"테트라사이클린, 디곡신, 플루오로퀴놀론, 철염(Iron salt), 케토코나졸, 신경이완제, 티록신, 페니실라민, 베타차단제(아테놀올, 메토프로롤, 프로프라놀롤), 글루코코르티코이드, 클로로퀸, 에스트라무스틴 및 디포스포네이트와 함께 복용 시 의사 또는 약사와 상의하십시오.다른 약과 복용 시 2시간의 간격을 두고 복용하십시오."
201502962,덴타나캡슐,덴타나,,원광제약(주),https://nedrug.mfds.go.kr/pbp/cmn/itemImageDownload/149926923197200014,이 약을 복용하기 전에 다른 약물을 복용하고 있는 경우 의사 또는 약사와 상의하십시오.
201502964,뮤코로솔정(암브록솔염산염),뮤코로솔,암브록솔염산염,태극제약(주),https://nedrug.mfds.go.kr/pbp/cmn/itemImageDownload/1Pvn3im1uoJ,"에리트로마이신, 세팔렉신, 옥시테트라사이클린, 아목시실린, 세퓨록심, 독시사이클린 등의 항생제와 함께 복용 시 의사 또는 약사와 상의하십시오."
201502994,비카린엠장용정,비카린엠장용,,(주)마더스제약,https://nedrug.mfds.go.kr/pbp/cmn/itemImageDownload/1OT8aQ-Ak-Z,제산제와 함께 복용하지 마십시오.우유 섭취 후 1시간 이내는 복용을 피하십시오.
201503559,토코토닉연질캡슐,토코토닉,,일양약품(주),https://nedrug.mfds.go.kr/pbp/cmn/itemImageDownload/154777200732000095,"인산염, 칼슘염, 경구용 테트라사이클린계 제제, 제산제, 레보도파와 함께 복용하지 마십시오.에스트로겐을 포함한 경구용 피임제, 항알도스테론제, 트리암테렌, 정주용 지질제와 함께 사용 시 의사 또는 약사와 상의하십시오.녹차, 홍차 등 탄닌을 함유하는 차는 복용 중, 복용 전후에는 피하십시오."
201503600,마그엔지연질캡슐,마그엔지,,일양바이오팜(주),https://nedrug.mfds.go.kr/pbp/cmn/itemImageDownload/147427082737900078,"이 약을 복용하는 동안 인산염, 칼슘염, 경구(먹는, 복용하는)용 테트라사이클린계 제제, 제산제, 레보도파와 함께 복용하지 마십시오. 에스트로겐을 포함한 경구용 피임제, 항알도스테론제, 트리암테렌, 정주용 지질제와 함께 사용 시 의사 또는 약사와 상의하십시오. 녹차, 홍차 등 탄닌을 함유하는 차는 복용 중, 복용 전후에는 피하십시오."
201503618,헤모프란크림(프라목신염산염),헤모프란,프라목신염산염,조아제약(주),,"혈압강하제, 항우울약과 함께 복용 시 의사 또는 약사와 상의하십시오."
201503763,아티벡스겔(디클로페낙디에틸암모늄),아티벡스,디클로페낙디에틸암모늄,부광약품(주),,"루프 이뇨제(푸로세미드 등), 티아자이드계 이뇨제, 지혈을 방해하는 약물(와파린 등), 항혈소판제(아스피린 등), 선택적 세로토닌 재흡수 억제제 및 세로토닌 노르에피네프린 재흡수 억제제를 투여하는 환자는 의사 또는 약사와 상의하십시오."
201503809,덱시프렌드연질캡슐(덱시부프로펜),덱시프렌드,덱시부프로펜,부광약품(주),https://nedrug.mfds.go.kr/pbp/cmn/itemImageDownload/147427082737900120,"아스피린, 다른 비스테로이드성 소염진통제, 항암요법으로 사용하는 고용량(15 mg/주 이상)의 메토트렉세이트와 함께 복용하지 마십시오. 이 약을 복용하기 전에 코르티코스테로이드, 알코올, 디곡신, 페니토인, 프로베네시드, 설핀피라존, 설포닐우레아제, ACE 억제제, 안지오텐신Ⅱ 수용체 길항제, 이뇨제, 리튬, 쿠마린계 항응고제(와르파린 등), 바클로펜, 면역억제제(시클로스포린, 타크로리무스, 시롤리무스), 혈전용해제, 티클로피딘, 항혈전제, 혈중 칼륨농도를 증가시키는 약물(트리메토프림, 헤파린 등), CYP2C8, CYP2C9의 유도제(예, 리팜피신, 페노바르비탈), 저용량(15 mg/주 미만)의 메토트렉세이트, 항혈소판제 및 선택적 세로토닌 재흡수 억제제, 심근경색이나 뇌졸중 예방목적으로 저용량 아스피린을 복용하는 사람은 의사 또는 약사와 상의하십시오."
201503810,엔프렌드연질캡슐(나프록센),엔프렌드,나프록센,부광약품(주),https://nedrug.mfds.go.kr/pbp/cmn/itemImageDownload/147427082737900123,"다른 비스테로이드성 소염진통제 및 나프록센 유도체와 함께 복용하지 마십시오. 히단토인계 항뇌전증제, 설파제, 설포닐요소계 혈당강하제, 프로프라놀롤 및 다른 -차단제, ACE 저해제(캅토프릴 등), 루프계 및 티아지드계 이뇨제, 프로베네시드, 아스피린, 리튬, 메토트렉세이트, 쿠마린계 항응혈제(와파린 등), 지도부딘, 뉴퀴놀론계 항생물질(에녹사신 등)과 함께 복용 시 의사 또는 약사와 상의하십시오."
201503839,메가바이정,메가바이,,부광약품(주),https://nedrug.mfds.go.kr/pbp/cmn/itemImageDownload/149875082827600025,"인산염, 칼슘염, 경구용 테트라사이클린계 제제, 제산제, 레보도파와 함께 복용하지 마십시오.에스트로겐을 포함한 경구용 피임제, 항알도스테론제, 트리암테렌과 함께 복용 시 의사 또는 약사와 상의하십시오.녹차, 홍차 등 탄닌을 함유하는 차는 복용 중, 복용 전후에는 피하십시오."
201503911,튜란트과립200mg(아세틸시스테인),튜란트,아세틸시스테인,코오롱제약(주),,"경구용 항생물질(아목시실린, 세푸록심, 독시사이클린, 에리트로마이신, 티암페니콜)과 함께 복용 시 적어도 2시간 간격을 두고 복용하십시오. 이 약의 용액에 다른 약물의 첨가는 피하십시오."
201503940,뉴로셀텍정,뉴로셀텍,,고려제약(주),https://nedrug.mfds.go.kr/pbp/cmn/itemImageDownload/1O597tTUFBS,"인산염, 칼슘염, 경구용 테트라사이클린계 제제, 제산제, 레보도파와 함께 복용하지 마십시오. 에스트로겐을 포함한 경구용 피임제, 항알도스테론제, 트리암테렌과 함께 복용 시 의사 또는 약사와 상의하십시오. 녹차, 홍차 등 탄닌을 함유하는 차는 복용 중, 복용 전후에는 피하십시오."
201503959,콜대원콜드시럽,콜대원콜드,,대원제약(주),,"MAO 억제제(항우울제, 항정신병제, 감정조절제, 항파킨슨제 등)를 복용하고 있거나 복용을 중단한 후 2주 이내의 사람은 이 약을 복용하지 마십시오. 아세트아미노펜을 포함하는 다른 제품, 진해거담제, 다른 감기약, 해열진통제, 진정제, 항히스타민제를 함유하는 내복약(비염용 경구제, 멀미약, 알레르기용약)과 함께 복용하지 마십시오. 당뇨약, 통풍약, 관절염약, 항응고제, 스테로이드제, 바르비탈계 약물, 삼환계 항우울제 및 알코올을 투여한 환자는 의사 또는 약사와 상의하십시오. 복용 중에는 음주하지 마십시오."
201504058,프로즌겔,프로즌,,알리코제약(주),,
201504059,니코에이껌(니코틴폴라크릴렉스),니코에이껌,니코틴폴라크릴렉스,신일제약(주),https://nedrug.mfds.go.kr/pbp/cmn/itemImageDownload/147427087959900048,"파라세타몰, 카페인, 이미프라민, 옥사제팜, 펜타조신, 프로프라놀롤, 테오필린, 와파린, 에스트로겐, 리그노카인, 페나세틴, 인슐린, 아드레날린성 길항제(프라조신, 라베탈롤 등), 플레카이니드, 아드레날린성 효능제(이소프레날린, 페닐레프린), 프로폭시펜, 푸로세미드 이뇨제, H2길항제, 베타차단제, 테오필린, 타크린, 클로자핀, 로피니롤과 함께 사용 시 의사 또는 약사와 상의하십시오."
201504166,리안점안액(폴리데옥시리보뉴클레오티드나트륨)(1회용),리안,1회용,(주)파마리서치,,
201504173,리오칸크림(리도카인),리오칸,리도카인,대화제약(주),,
201504206,아세텔린캡슐(아세틸시스테인),아세텔린,아세틸시스테인,케이엠에스제약(주),https://nedrug.mfds.go.kr/pbp/cmn/itemImageDownload/152734921040200077,"경구용 항생제(아목시실린, 세푸록심, 독시사이클린, 에리트로마이신, 티암페니콜)와 함께 복용 시 적어도 2시간 간격을 두고 복용하십시오."
201504224,시크린뷰점안액,시크린뷰,,조아제약(주),,
201504272,파라멜산(L-아스파르트산-L-오르니틴수화물),파라멜,L-아스파르트산-L-오르니틴수화물,(주)한국파마,,
201504711,몽푸로겔,몽푸로,,신신제약(주),,"다른 혈액응고저지제(예, 쿠마린, 아스피린, 디피리다몰, 덱스트란, 스트렙토키나제 등)와 함께 사용 시 출혈이 증가 할 수 있으므로 의사 또는 약사와 상의하십시오."
201504721,세브론과립(아세틸시스테인),세브론,아세틸시스테인,(주)서울제약,,"경구용 항생물질(아목시실린, 세푸록심, 독시사이클린, 에리트로마이신, 티암페니콜)과 함께 복용 시 적어도 2시간 간격을 두고 복용하십시오. 이 약의 용액에 다른 약물의 첨가는 피하십시오."
201504728,헤파겔액(L-아스파르트산-L-오르니틴),헤파,L-아스파르트산-L-오르니틴,(주)텔콘알에프제약,,
201504790,파워비타비백정,파워비타비백,,(주)한풍제약,https://nedrug.mfds.go.kr/pbp/cmn/itemImageDownload/1Pvn3im1vpV,"인산염, 칼슘염, 경구용 테트라사이클린계 제제, 제산제, 레보도파와 함께 복용하지 마십시오. 항알도스테론제, 트리암테렌과 함께 복용 시 의사 또는 약사와 상의하십시오. 녹차, 홍차 등 탄닌을 함유하는 차는 복용 중, 복용 전후에는 피하십시오."
201504791,메가골드비타정,메가골드비타,,(주)한풍제약,https://nedrug.mfds.go.kr/pbp/cmn/itemImageDownload/149085627668800011,"인산염, 칼슘염, 경구용 테트라사이클린계 제제, 제산제, 레보도파와 함께 복용하지 마십시오.항알도스테론제, 트리암테렌과 함께 복용 시 의사 또는 약사와 상의하십시오.녹차, 홍차 등 탄닌을 함유하는 차는 복용 중, 복용 전후에는 피하십시오."
201504815,비타허브정,비타허브,,(주)한풍제약,https://nedrug.mfds.go.kr/pbp/cmn/itemImageDownload/151032841143200045,"인산염, 칼슘염, 경구용 테트라사이클린계 제제, 제산제, 레보도파와 함께 복용하지 마십시오. 에스트로겐을 포함한 경구용 피임제, 항알도스테론제, 트리암테렌과 함께 복용 시 의사 또는 약사와 상의하십시오. 녹차, 홍차 등 탄닌을 함유하는 차는 복용 중, 복용 전후에는 피하십시오."
201504835,치감노즈액,치감노즈,,경방신약(주),,"진해(기침을 그치게 함)거담제(가래약), 다른 감기약, 해열진통제, 진정제, 항히스타민제를 함유하는 내복약(비염용 경구제, 멀미약, 알레르기용약)과 함께 복용하지 마십시오. 당뇨약, 통풍약, 관절염약, 항응고제, 스테로이드제, 바르비탈계 약물, 삼환계 항우울제, 칼륨함유제제, 감초함유제제, 글리시리진산 또는 그 염류 함유제제, 루프계 이뇨제(푸로세미드, 에타크린산) 또는 티아지드계 이뇨제(트리클로르메티아지드), 플루클록사실린과 함께 복용 시 의사 또는 약사와 상의하십시오. 복용 중에는 음주하지 마십시오."
201504877,타세놀정500밀리그램(아세트아미노펜),타세놀,아세트아미노펜,부광약품(주),https://nedrug.mfds.go.kr/pbp/cmn/itemImageDownload/147427100481600069,"다른 소염(항염)진통제, 플루클록사실린, 바르비탈계 약물, 삼환계 항우울제, 알코올과 함께 이 약을 복용하지 마십시오. 이 약을 복용하기 전에 와파린, 리튬, 티아지드계 이뇨제를 복용한 환자는 의사 또는 약사와 상의하십시오."
201504861,브레노즈연질캡슐,브레노즈,,동방에프티엘(주),https://nedrug.mfds.go.kr/pbp/cmn/itemImageDownload/147427106970700188,"진해거담제, 다른 감기약, 해열진통제, 진정제, 항히스타민제를 함유하는 내복약(비염용 경구제, 멀미약, 알레르기용약)과 함께 복용하지 마십시오. MAO 억제제(항우울제, 항정신병제, 감정조절제, 항파킨슨제 등)를 복용하고 있거나 복용을 중단한 후 2주 이내의 사람은 이 약을 복용하지 마십시오. 당뇨약, 통풍약, 관절염약, 항응고제, 스테로이드제, 바르비탈계 약물, 삼환계 항우울제, 알코올과 함께 복용 시 의사 또는 약사와 상의하십시오. 복용 중에는 음주하지 마십시오."
201504879,종근당공파스플라스타,종근당공파스플라스타,,(주)종근당,,
201504891,안티푸라민코인플라스타,안티푸라민코인플라스타,,(주)유한양행,,
201505018,임팩타민파워에이플러스정,임팩타민파워에이플러스,,(주)대웅제약,https://nedrug.mfds.go.kr/pbp/cmn/itemImageDownload/148387985149700125,"인산염, 칼슘염, 경구용 테트라사이클린계 제제, 제산제, 레보도파와 함께 복용하지 마십시오.강심배당체, 항알도스테론제, 트리암테렌과 함께 복용 시 의사 또는 약사와 상의하십시오.녹차, 홍차 등 탄닌을 함유하는 차는 복용 중, 복용 전후에는 피하십시오."
201505023,키즈애드츄어블정,키즈애드츄어블,,부광약품(주),https://nedrug.mfds.go.kr/pbp/cmn/itemImageDownload/147427100481600140,"인산염, 칼슘염, 경구용 테트라사이클린계 제제, 제산제, 레보도파와 함께 복용하지 마십시오.에스트로겐을 포함한 경구(먹는)용 피임제, 항알도스테론제, 트리암테렌, 강심배당체와 함께 복용 시 의사 또는 약사와 상의하십시오.녹차, 홍차 등 탄닌을 함유하는 차는 복용 중, 복용 전후에는 피하십시오."
201505055,스파메드정,스파메드,,고려제약(주),https://nedrug.mfds.go.kr/pbp/cmn/itemImageDownload/147427100481600149,"스코폴리아엑스를 함유하는 제제, 위장진통·진경제와 함께 복용하지 마십시오."
201505060,록소톱카타플라스마(록소프로펜나트륨수화물),록소톱카타플라스마,록소프로펜나트륨수화물,알리코제약(주),,
201505072,락토민지캡슐(바실루스리케니포르미스균),락토민지,바실루스리케니포르미스균,영풍제약(주),https://nedrug.mfds.go.kr/pbp/cmn/itemImageDownload/147427100481600155,"시프로플록사신, 이미페넴, 실라스타틴나트륨과 함께 사용 시 의사 또는 약사와 상의하십시오."
201505086,메타겐크림,메타겐,,한국신텍스제약(주),,
201505097,그린헥시디놀액2%,그린헥시디놀,,(주)그린제약,,
201505113,코앤쿨나잘스프레이,코앤쿨나잘스프레이,,한미약품(주),,디펜히드라민 및 그 염류 함유제제와 함께 사용하지 마십시오. 사용 중에는 음주하지 마십시오.
201505123,비오루스캡슐(바실루스리케니포르미스균),비오루스,바실루스리케니포르미스균,삼천당제약(주),https://nedrug.mfds.go.kr/pbp/cmn/itemImageDownload/154599007536300017,"시프로플록사신, 이미페넴, 실라스타틴나트륨과 함께 사용 시 의사 또는 약사와 상의하십시오."
201505153,비오켄캡슐(바실루스리케니포르미스균),비오켄,바실루스리케니포르미스균,(주)넥스팜코리아,https://nedrug.mfds.go.kr/pbp/cmn/itemImageDownload/147427106970700006,"시프로플록사신, 이미페넴, 실라스타틴나트륨과 함께 사용 시 의사 또는 약사와 상의하십시오."
201505344,파라멜액(L-아스파르트산-L-오르니틴),파라멜,L-아스파르트산-L-오르니틴,(주)한국파마,,
201505482,모업캡슐,모업,,(주)에이프로젠바이오로직스,https://nedrug.mfds.go.kr/pbp/cmn/itemImageDownload/150186122556700066,설폰아미드 제제와 함께 사용 시 의사 또는 약사와 상의하십시오.
201505604,바시판포르미캡슐(바실루스리케니포르미스균),바시판포르미,바실루스리케니포르미스균,조아제약(주),https://nedrug.mfds.go.kr/pbp/cmn/itemImageDownload/151620370213300023,"시프로플록사신, 이미페넴, 실라스타틴나트륨과 함께 복용하지 마십시오."
201505605,바시판포르미산(바실루스리케니포르미스균),바시판포르미,바실루스리케니포르미스균,조아제약(주),,"시프로플록사신, 이미페넴, 실라스타틴나트륨과 함께 복용하지 마십시오."
201505608,레모나씨플러스정,레모나씨플러스,,경남제약(주),https://nedrug.mfds.go.kr/pbp/cmn/itemImageDownload/147427106970700134,"인산염, 칼슘염, 경구용 테트라사이클린계 제제, 제산제, 레보도파와 함께 복용하지 마십시오. 에스트로겐을 포함한 경구용 피임제, 항알도스테론제, 트리암테렌과 함께 복용 시 의사 또는 약사와 상의하십시오. 녹차, 홍차 등 탄닌을 함유하는 차는 복용 중, 복용 전후에는 피하십시오."
201505730,아프니벤큐액(디클로페낙),아프니벤큐,디클로페낙,코오롱제약(주),,다른 소염진통제와 함께 사용하지 마십시오.
201505821,바로서겔(티로트리신),바로서,티로트리신,일양약품(주),,
201505745,제감콜드캡슐,제감콜드,,신일제약(주),https://nedrug.mfds.go.kr/pbp/cmn/itemImageDownload/151257494610000067,"진해(기침을 그치게 함)거담제(가래약), 다른 감기약, 해열진통제, 진정제, 항히스타민제를 함유하는 내복약(비염용 경구제, 멀미약, 알레르기용약)과 함께 복용하지 마십시오. 당뇨약, 통풍약, 관절염약, 항응고제, 스테로이드제, 바르비탈계 약물, 삼환계 항우울제, 칼륨함유제제, 감초함유제제, 글리시리진산 또는 그 염류 함유제제, 루프계 이뇨제(푸로세미드, 에타크린산) 또는 티아지드계 이뇨제(트리클로르메티아지드), 플루클록사실린과 함께 복용 시 의사 또는 약사와 상의하십시오. 복용 중에는 음주하지 마십시오."
201505910,네일스타네일라카(시클로피록스),네일스타네일라카,시클로피록스,부광약품(주),,
201505921,엘다인캡슐(에르도스테인),엘다인,에르도스테인,(주)테라젠이텍스,https://nedrug.mfds.go.kr/pbp/cmn/itemImageDownload/1NyIO8G-At_,기침약을 복용중인 사람은 의사 또는 약사와 상의하십시오.
201506002,카네덤플러스크림,카네덤플러스,,에이치엘비제약(주),,
201506144,니코에이패취(니코틴),니코에이패취,니코틴,신일제약(주),,"파라세타몰, 카페인, 이미프라민, 옥사제팜, 펜타조신, 프로프라놀롤, 테오필린, 와파린, 에스트로겐, 리그노카인, 페나세틴, 인슐린, 아드레날린성 길항제(프라조신, 라베탈롤 등), 플레카이니드, 아드레날린성 효능제(이소프레날린, 페닐레프린), 프로폭시펜, 푸로세미드 이뇨제, H2길항제, 베타차단제, 테오필린, 타크린, 클로자핀, 로피니롤과 함께 사용 시 의사 또는 약사와 상의하십시오."
201506161,노루모에이스산,노루모에이스,,일양약품(주),,"테트라사이클린계 항생제와 함께 복용하지 마십시오.칼륨함유제제, 감초함유제제, 글리시리진산 혹은 그 염류 함유제제, 루프계이뇨제(푸로세미드, 에타크린산) 또는 티아지드계 이뇨제(트리클로르메티아지드)와 함께 복용 시 의사 또는 약사와 상의하십시오."
201506162,노루모에스산,노루모에스,,일양약품(주),,"테트라사이클린계 항생제와 함께 복용하지 마십시오.칼륨함유제제, 감초함유제제, 글리시리진산 혹은 그 염류 함유제제, 루프계이뇨제(푸로세미드, 에타크린산) 또는 티아지드계 이뇨제와 함께 복용 시 의사 또는 약사와 상의하십시오."
201506398,모아탄캡슐,모아탄,,(주)팜젠사이언스,https://nedrug.mfds.go.kr/pbp/cmn/itemImageDownload/1Pvn3im1vbz,설폰아미드 제제와 함께 사용 시 의사 또는 약사와 상의하십시오.
201506465,리버타인액,리버타인,,(주)비보존제약,,
201506543,휴스크럽,휴스크럽,,(주)휴온스메디텍,,"혈청, 농 등의 유기물질, 비누류는 이 약의 살균작용을 약화시키므로 충분히 씻어 제거한 후 사용하십시오."
201506547,히드론케어로션2.5%(히드로코르티손),히드론케어,히드로코르티손,성원애드콕제약(주),,
201506557,새로모아캡슐,새로모아,,(주)아리제약,https://nedrug.mfds.go.kr/pbp/cmn/itemImageDownload/1NOwp2F63xY,설폰아미드 제제와 함께 사용 시 의사 또는 약사와 상의하십시오.
201506617,알보칠콘센트레이트액(폴리크레줄렌),알보칠콘센트레이트,폴리크레줄렌,동화약품(주),,다른 외용제를 함께 사용하지 마십시오.
201506622,그린헥시딘스틱스왑액,그린헥시딘스틱스왑,,(주)그린제약,,비누류는 이 약의 살균작용을 약화시키므로 충분히 씻어 제거한 후 사용하십시오
201506633,엘리스정(엘카르니틴),엘리스,엘카르니틴,(주)휴비스트제약,https://nedrug.mfds.go.kr/pbp/cmn/itemImageDownload/1OR9x9vZQzJ,
201506687,오라비텐정,오라비텐,,동국제약(주),https://nedrug.mfds.go.kr/pbp/cmn/itemImageDownload/153676681538000012,"인산염, 칼슘염, 경구용 테트라사이클린계 제제, 제산제, 레보도파와 함께 복용하지 마십시오. 에스트로겐을 포함한 경구용 피임제, 항알도스테론제, 트리암테렌과 함께 복용 시 의사 또는 약사와 상의하십시오. 녹차, 홍차 등 탄닌을 함유하는 차는 복용 중, 복용 전후에는 피하십시오."
201506696,쎌렉스킨지크림,쎌렉스킨지,,(주)마더스제약,,
201506728,메가트루포커스정,메가트루포커스,,(주)유한양행,https://nedrug.mfds.go.kr/pbp/cmn/itemImageDownload/149723213250900008,"인산염, 칼슘염, 경구용 테트라사이클린계 제제, 제산제, 레보도파와 함께 복용하지 마십시오.강심배당체, 항알도스테론제, 트리암테렌과 함께 복용 시 의사 또는 약사와 상의하십시오.녹차, 홍차 등 탄닌을 함유하는 차는 복용 중, 복용 전후에는 피하십시오."
201506754,풀믹신연고,풀믹신,,(주)일화,,
201506815,센티렉스실버어드밴스정,센티렉스실버어드밴스,,헤일리온코리아주식회사,https://nedrug.mfds.go.kr/pbp/cmn/itemImageDownload/1NCzXnoXF1Y,"이 약을 복용하는 동안 인산염, 칼슘염, 경구용 테트라사이클린계 제제, 제산제, 레보도파를 복용하지 마십시오.강심배당체, 에스트로겐을 포함한 경구용 피임제, 항알도스테론제, 트리암테렌과 함께 복용 시 의사 또는 약사와 상의하십시오.녹차, 홍차 등 탄닌을 함유하는 차는 복용 중, 복용 전후에는 피하십시오."
201507025,두두엔액,두두엔,,(주)퍼슨,,
201506816,센티렉스어드밴스정,센티렉스어드밴스,,헤일리온코리아주식회사,https://nedrug.mfds.go.kr/pbp/cmn/itemImageDownload/1NCzXnoXF28,"이 약을 복용하는 동안 인산염, 칼슘염, 경구용 테트라사이클린계 제제, 제산제, 레보도파를 복용하지 마십시오.강심배당체, 에스트로겐을 포함한 경구용 피임제, 항알도스테론제, 트리암테렌과 함께 복용 시 의사 또는 약사와 상의하십시오.녹차, 홍차 등 탄닌을 함유하는 차는 복용 중, 복용 전후에는 피하십시오."
201507124,노펜미니플라스타,노펜미니플라스타,,제이더블유중외제약(주),,
201507100,펜스톱연질캡슐(덱시부프로펜),펜스톱,덱시부프로펜,고려제약(주),https://nedrug.mfds.go.kr/pbp/cmn/itemImageDownload/147427128653500009,"다른 비스테로이드성 소염진통제, 아스피린, 고용량의 메토트렉세이트와 함께 복용하지 마십시오. 이 약을 복용하기 전에 코르티코스테로이드, 알코올, 디곡신, 페니토인, 프로베네시드, 설핀피라존, 설포닐우레아제, ACE 억제제 또는 안지오텐신Ⅱ 수용체 길항제, 이뇨제, 리튬, 쿠마린계 항응고제(와르파린 등), 바클로펜, 면역억제제(시클로스포린, 타크로리무스, 시롤리무스), 혈전용해제, 티클로피딘, 항혈전제, 혈중 칼륨농도를 증가시키는 약물(예, 칼륨 저류형 이뇨제, ACE 억제제, 안지오텐신-Ⅱ 수용체 길항제, 시클로스포린과 타크로리무스와 같은 면역억제제, 트리메토프림, 헤파린 등), CYP2C8, CYP2C9의 유도제(예, 리팜피신, 페노바르비탈), 저용량(15 mg/주 미만)의 메토트렉세이트, 항혈소판제 및 선택적 세로토닌 재흡수 억제제, 저용량 아스피린과 함께 복용 시 의사 또는 약사와 상의하십시오."
201507140,"1.포리비돈인후스프레이(포비돈요오드)(바닐라향), 2.포리비돈인후스프레이(포비돈요오드)(청포도향)","1.포리비돈인후스프레이, 2.포리비돈인후스프레이",청포도향,태극제약(주),,
201507213,무조메원스에프외용액(테르비나핀염산염),무조메원스에프외용,테르비나핀염산염,(주)퍼슨,,
201507215,노펜24센카타플라스마(록소프로펜나트륨수화물),노펜24센카타플라스마,록소프로펜나트륨수화물,제이더블유중외제약(주),,
201507217,"1. 포비딘인후스프레이액(포비돈요오드)(바닐라향), 2. 포비딘인후스프레이액(포비돈요오드)(청포도향)","1. 포비딘인후스프레이액, 2. 포비딘인후스프레이",청포도향,(주)퍼슨,,
201507229,세티레인캡슐200mg(아세틸시스테인),세티레인,아세틸시스테인,조아제약(주),https://nedrug.mfds.go.kr/pbp/cmn/itemImageDownload/147427128653500045,"경구용 항생제(아목시실린, 세푸록심, 독시사이클린, 에리트로마이신, 티암페니콜)와 함께 복용 시 적어도 2시간 간격을 두고 복용하십시오."
201507235,바르핀쿨크림,바르핀쿨,,동성제약(주),,
201507379,순앤로션2.5%(히드로코르티손),순앤,히드로코르티손,주식회사더유제약,,
201507403,세노비아에프정,세노비아에프,,(주)한국파비스제약,https://nedrug.mfds.go.kr/pbp/cmn/itemImageDownload/1PMhf_ebkQ6,제산제 또는 우유 섭취 후 1시간 이내는 복용을 피하십시오.
201507406,비오루스산(바실루스리케니포르미스균),비오루스,바실루스리케니포르미스균,삼천당제약(주),,"시프로플록사신, 이미페넴, 실라스타틴나트륨과 함께 투여 시 의사 또는 약사와 상의하십시오."
201507422,프레스탑연고,프레스탑,,태극제약(주),,"이 약을 사용하는 동안 dl-메틸에페드린염산염, 스코폴리아 엑스 및 글리시리진산 함유 좌제 또는 연고제, 크림제, 혈압강하제, 항우울약을 복용(사용)하지 마십시오."
201507405,젯트콤연질캡슐,젯트콤,,(주)테라젠이텍스,https://nedrug.mfds.go.kr/pbp/cmn/itemImageDownload/1Pvn3im1w62,"인산염, 칼슘염, 경구용 테트라사이클린계 제제, 제산제, 레보도파와 함께 복용하지 마십시오. 에스트로겐을 포함한 경구(먹는)용 피임제, 항알도스테론제, 트리암테렌, 정주용 지질제와 함께 사용 시 의사 또는 약사와 상의하십시오. 녹차, 홍차 등 탄닌을 함유하는 차는 복용 중, 복용 전후에는 피하십시오."
201507495,모아졸정(알벤다졸),모아졸,알벤다졸,(주)아이월드제약,https://nedrug.mfds.go.kr/pbp/cmn/itemImageDownload/1NOwp2F6I4j,"이 약을 복용하는 동안 테오필린, 시메티딘, 프라지콴텔, 덱사메타손, 리토나비르, 페니토인, 카르바마제핀, 페노바르비탈을 함께 복용하지 마십시오."
201507425,"젠스트린트로키(멘톨앤페퍼민트향, 페퍼민트향, 레몬향, 복숭아향)(플루르비프로펜)",젠스트린트로키,플루르비프로펜,신일제약(주),https://nedrug.mfds.go.kr/pbp/cmn/itemImageDownload/153858122989400050,"COX-2 저해제를 포함하여 다른 비스테로이드성 소염진통제, 아스피린 등 혈소판 응집 억제제, 글루코코르티코이드, 칼륨보전이뇨제, 안지오텐신전환효소 억제제, 안지오텐신 II 길항제, 싸이클로스포린, 메토트렉세이트, 디곡신, 페니토인, 퀴놀론계 항균제, 푸로세미드 이뇨제, 경구용 항응혈제(예: 와파린), 항고혈압제, 리튬제제, 미페프리스톤, 프로베네시드, 설핀피라존을 함께 복용하지 마십시오. 비스테로이드성 소염제(NSAIDs)와 함께 복용 시 의사 또는 약사와 상의하십시오."
201507585,마그스연질캡슐,마그스,,조아제약(주),https://nedrug.mfds.go.kr/pbp/cmn/itemImageDownload/1NoOiJmZVNF,"인산염, 칼슘염, 경구용 테트라사이클린계 제제, 제산제, 레보도파와 함께 복용하지 마십시오.에스트로겐을 포함한 경구용 피임제, 항알도스테론제, 트리암테렌과 함께 복용 시 의사 또는 약사와 상의하십시오.녹차, 홍차 등 탄닌을 함유하는 차는 복용 중, 복용 전후에는 피하십시오."
201507619,부채표한방파프플러스카타플라스마,부채표한방파프플러스카타플라스마,,동화약품(주),,
201507620,비알뮤코캡슐(아세틸시스테인),비알뮤코,아세틸시스테인,(주)보령바이오파마,https://nedrug.mfds.go.kr/pbp/cmn/itemImageDownload/147427135487800109,"경구용 항생물질(아목시실린, 세푸록심, 독시사이클린, 에리트로마이신, 티암페니콜)과 함께 복용 시 적어도 2시간 간격을 두고 복용하십시오. 이 약의 용액에 다른 약물의 첨가는 피하십시오."
201507631,락토셀캡슐(바실루스리케니포르미스균),락토셀,바실루스리케니포르미스균,(주)중헌제약,https://nedrug.mfds.go.kr/pbp/cmn/itemImageDownload/148682304213600099,"시프로플록사신, 이미페넴, 실라스타틴나트륨을 함께 투여 시 의사 또는 약사와 상의하십시오."
201507636,코포나시럽에스,코포나시럽에스,,주식회사제뉴원사이언스,,"MAO억제제(항우울제, 항정신병제, 감정조절제, 항파킨슨제 등), 다른 진해거담제, 감기약, 항히스타민제, 진정제, 알코올과 함께 복용하지 마십시오.복용 중에는 음주하지 마십시오."
201507693,로라딘연질캡슐(로라타딘),로라딘,로라타딘,한솔신약(주),https://nedrug.mfds.go.kr/pbp/cmn/itemImageDownload/147427135487800118,"시메티딘, 에리트로마이신, 케토코나졸, 퀴니딘, 플루코나졸, 플루옥세틴과 함께 복용하지 마십시오."
201507696,알바스테인캡슐(에르도스테인),알바스테인,에르도스테인,한국휴텍스제약(주),https://nedrug.mfds.go.kr/pbp/cmn/itemImageDownload/147427135487800121,기침약을 복용중인 사람은 의사 또는 약사와 상의하십시오.
201507722,판그로캡슐,판그로,,한올바이오파마(주),https://nedrug.mfds.go.kr/pbp/cmn/itemImageDownload/147427135487800139,설폰아미드 제제와 함께 사용 시 의사 또는 약사와 상의하십시오.
201507723,미놀노즈점비액(자일로메타졸린염산염),미놀노즈점비,자일로메타졸린염산염,경남제약(주),,"MAO억제제(항우울제, 항정신병제, 감정조절제, 항파킨슨제 등)를 복용하고 있거나 복용을 중단한 후 2주 이내의 사람은 이 약을 사용하지 마십시오. 이 약을 사용하기 전에 삼환계 혹은 사환계 항우울제 투여 중인 환자는 의사 또는 약사와 상의하십시오. 사용 중에는 음주하지 마십시오."
201507724,비알뮤코과립(아세틸시스테인),비알뮤코,아세틸시스테인,(주)보령바이오파마,,"경구용 항생물질(아목시실린, 세푸록심, 독시사이클린, 에리트로마이신, 티암페니콜)과 함께 복용 시 적어도 2시간 간격을 두고 복용하십시오. 이 약의 용액에 다른 약물의 첨가는 피하십시오."
201507744,카미스타드-엔 겔,카미스타드-엔,,진양제약(주),,
201507762,엑세라민엑소정,엑세라민엑소,,일동제약(주),https://nedrug.mfds.go.kr/pbp/cmn/itemImageDownload/1OXIaryg0FM,"인산염, 칼슘염, 경구용 테트라사이클린계 제제, 제산제, 레보도파와 함께 복용하지 마십시오. 강심배당체, 항알도스테론제, 트리암테렌과 함께 복용 시 의사 또는 약사와 상의하십시오. 녹차, 홍차 등 탄닌을 함유하는 차는 복용 중, 복용 전후에는 피하십시오."
201507770,아이봉더블유세안액,아이봉더블유세안,,동아제약(주),,
201507771,아이봉씨세안액,아이봉씨세안,,동아제약(주),,
201507778,생생장캡슐(바실루스리케니포르미스균),생생장,바실루스리케니포르미스균,(주)팜젠사이언스,https://nedrug.mfds.go.kr/pbp/cmn/itemImageDownload/147427143610700069,"시프로플록사신, 이미페넴, 실라스타틴나트륨과 함께 사용 시 의사 또는 약사와 상의하십시오."
201507900,모나에스캡슐,모나에스,,제이더블유신약(주),https://nedrug.mfds.go.kr/pbp/cmn/itemImageDownload/147759738064000066,설폰아미드 제제와 함께 사용 시 의사 또는 약사와 상의하십시오.
201507772,유에츄데이앤나이트연질캡슐,유에츄데이앤나이트,,(주)유유제약,https://nedrug.mfds.go.kr/pbp/cmn/itemImageDownload/150644042650700010,"진해(기침을 그치게 함)거담제(가래약), 다른 감기약, 해열진통제, 진정제, 항히스타민제를 함유하는 내복약(비염(코염)용 경구제, 멀미약, 알레르기용약), 디펜히드라민을 함유하는 제제(피부에 적용하는 제제 포함)(야간용)과 함께 복용하지 마십시오. MAO억제제(항우울제, 항정신병제, 감정조절제, 항파킨슨제 등)를 복용하고 있거나 복용을 중단한 후 2주 이내의 사람은 이 약을 복용하지 마십시오. 이 약을 복용하기 전에 당뇨약, 통풍약, 관절염약, 항응고제, 스테로이드제 등을 투여받고 있는 사람은 의사 또는 약사와 상의하십시오. 바르비탈계 약물, 삼환계 항우울제 및 알코올을 투여한 환자는 의사 또는 약사와 상의하십시오. 복용 중에는 음주하지 마십시오."
201508010,브론펙트캡슐(에르도스테인),브론펙트,에르도스테인,삼진제약(주),https://nedrug.mfds.go.kr/pbp/cmn/itemImageDownload/150981004028600034,기침약과 함께 복용 시 의사 또는 약사와 상의하십시오.
201508025,덴큐헬스페이스트,덴큐헬스페이스트,,일동제약(주),,
201508035,락토딘캡슐,락토딘,,한솔신약(주),https://nedrug.mfds.go.kr/pbp/cmn/itemImageDownload/147427158517500061,
201508135,로마졸질정100mg(클로트리마졸),로마졸질,클로트리마졸,(주)씨엠지제약,https://nedrug.mfds.go.kr/pbp/cmn/itemImageDownload/147427158517500080,이 약을 사용하는 동안 경구용 타크로리무스를 함께 사용하지 마십시오.
201508139,엘코스텐캡슐(에르도스테인),엘코스텐,에르도스테인,(주)메디카코리아,https://nedrug.mfds.go.kr/pbp/cmn/itemImageDownload/147427158517500094,기침약을 복용중인 사람은 의사 또는 약사와 상의하십시오.
201508272,까스앤프리츄정80밀리그램(시메티콘),까스앤프리츄,시메티콘,한미약품(주),https://nedrug.mfds.go.kr/pbp/cmn/itemImageDownload/147427158517500153,
201508281,벤포벨정,벤포벨,,(주)종근당,https://nedrug.mfds.go.kr/pbp/cmn/itemImageDownload/1NOwp2F65RS,"인산염, 칼슘염, 경구용 테트라사이클린계 제제, 제산제, 레보도파와 함께 복용하지 마십시오.에스트로겐을 포함한 경구용 피임제, 항알도스테론제, 트리암테렌과 함께 복용 시 의사 또는 약사와 상의하십시오.녹차, 홍차 등 탄닌을 함유하는 차는 복용 중, 복용 전후에는 피하십시오."
201508320,노펜피록시캄겔(피록시캄),노펜피록시캄,피록시캄,제이더블유중외제약(주),,
201508445,기가엔드연질캡슐,기가엔드,,동방에프티엘(주),https://nedrug.mfds.go.kr/pbp/cmn/itemImageDownload/147427173043400056,"다른 진해(기침을 그치게 함)·거담제(가래약), 감기약과 함께 복용하지 마십시오."
201508488,콜로덤에스액,콜로덤에스,,고려제약(주),,"메토트렉세이트, 설포닐우레아를 투여하는 경우 의사 또는 약사와 상의하십시오."
201508496,파워콘친골드연질캡슐,파워콘친골드,,(주)동구바이오제약,https://nedrug.mfds.go.kr/pbp/cmn/itemImageDownload/147427166216800139,레보도파와 함께 복용하지 마십시오. 에스트로겐을 포함한 경구용 피임제와 함께 복용 시 의사 또는 약사와 상의하십시오.
201600079,터비나플러스크림,터비나플러스,,고려제약(주),,
201600173,파자임에어프리츄어블정(시메티콘산),파자임에어프리츄어블,시메티콘산,부광약품(주),https://nedrug.mfds.go.kr/pbp/cmn/itemImageDownload/147427173043400086,
201600289,광동리버샷정(수출용),광동리버샷,,광동제약(주),https://nedrug.mfds.go.kr/pbp/cmn/itemImageDownload/148682304213600195,
201600290,앗센액(L-아스파르트산-L-아르기닌수화물),앗센,L-아스파르트산-L-아르기닌수화물,유니메드제약(주),,"항정신병약, 수면제와 함께 복용하지 마십시오."
201600299,로마릴네일라카(아모롤핀염산염),로마릴네일라카,아모롤핀염산염,주식회사제뉴원사이언스,,
201600361,에시플엔캡슐(바실루스리케니포르미스균),에시플엔,바실루스리케니포르미스균,제이더블유신약(주),https://nedrug.mfds.go.kr/pbp/cmn/itemImageDownload/147427180466400065,"시프로플록사신, 이미페넴, 실라스타틴나트륨과 함께 사용 시 의사 또는 약사와 상의하십시오."
201600366,반질크림(우레아),반질,우레아,(주)일화,,"코르티코이드, 디트라놀, 5-플루오로우라실을 함께 사용 시 의사 또는 약사와 상의하십시오."
201600358,화콜씨코프연질캡슐,화콜씨코프,,제이더블유중외제약(주),https://nedrug.mfds.go.kr/pbp/cmn/itemImageDownload/147427180466400051,"아세트아미노펜을 포함하는 다른 제품, MAO억제제(항우울제, 항정신병제, 감정조절제, 항파킨슨제 등), 진해거담제, 다른 감기약, 해열진통제, 진정제, 항히스타민제를 함유하는 내복약(비염용 경구제, 멀미약, 알레르기용약)과 함께 복용하지 마십시오. 플루클록사실린, 바르비탈계 약물, 삼환계 항우울제 및 알코올과 함께 복용 시 의사 또는 약사와 상의하십시오. 복용 중 음주하지 마십시오."
201600371,라이트콜액(시메티콘),라이트콜,시메티콘,(주)씨엠지제약,,
201600391,화콜씨노즈연질캡슐,화콜씨노즈,,제이더블유중외제약(주),https://nedrug.mfds.go.kr/pbp/cmn/itemImageDownload/147427180466500035,"아세트아미노펜을 포함하는 다른 제품, MAO억제제(항우울제, 항정신병제, 감정조절제, 항파킨슨제 등), 진해(기침을 그치게 함)거담제(가래약), 다른 감기약, 해열진통제, 진정제, 항히스타민제를 함유하는 내복약(비염용 경구제, 멀미약, 알레르기용약)과 함께 복용하지 마십시오. MAO억제제(항우울제, 항정신병제, 감정조절제, 항파킨슨제 등) 복용을 중단한 후 2주 이내의 사람은 이 약을 복용하지 마십시오. 바르비탈계 약물, 삼환계 항우울제 및 알코올, 플루클록사실린과 함께 복용 시 의사 또는 약사와 상의하십시오. 복용 중에는 음주하지 마십시오."
201600396,아스텍션장용정100밀리그램(아스피린),아스텍션장용,아스피린,(주)셀트리온제약,https://nedrug.mfds.go.kr/pbp/cmn/itemImageDownload/1OamFSnPmn3,"다른 비스테로이드성 소염진통제 및 살리실산 제제, 일주일 동안 메토트렉세이트 15밀리그람(15mg/주) 이상의 용량은 이 약과 병용 투여 시 출혈이 증가되거나 신기능이 감소될 수 있으므로 함께 사용하지 않습니다. 항응고제, 이부프로펜, 나프록센 등 일부 비스테로이드성 소염진통제, 혈전용해제, 다른 혈소판응집억제제, 지혈제, 당뇨병치료제(인슐린제제, 톨부타미드 등), 요산배설촉진제(벤즈브로마론, 프로베네시드), 티아지드계 이뇨제, 리튬제제, 선택적 세포토닌 재흡수 억제제, 디곡신, 전신 작용 부신피질호르몬 제제(애디슨병 대체요법용 히드로코티손 제외), 안지오텐신 전환 효소 억제제, 발프로산 제제를 복용하는 사람은 의사 또는 약사와 상의하십시오. 알칼리제제(예: 탄산수소나트륨, 탄산마그네슘) 또는 습기가 차기 쉬운 제제와 함께 섞지 마십시오. 알코올과 병용 투여 시 위장관 점막 손상이 증가하고, 이 약과 알코올의 상승효과로 인해 출혈시간이 연장될 수 있습니다."
201600431,터비졸쿨크림(수출용),터비졸쿨,,일양약품(주),,
201600435,테리나핀쿨크림,테리나핀쿨,,시믹씨엠오코리아주식회사,,
201600445,엘스틴캡슐(에르도스테인),엘스틴,에르도스테인,(주)휴온스메디텍,https://nedrug.mfds.go.kr/pbp/cmn/itemImageDownload/147427180466500080,기침약을 복용중인 사람은 의사 또는 약사와 상의하십시오.
201600490,플로라딘연질캡슐(로라타딘),플로라딘,로라타딘,동화약품(주),https://nedrug.mfds.go.kr/pbp/cmn/itemImageDownload/1P2JYwFs7gN,"시메티딘, 에리트로마이신, 케토코나졸, 퀴니딘, 플루코나졸, 플루옥세틴과 함께 복용하지 마십시오."
201600528,쿨에버인후스프레이(포비돈요오드),쿨에버인후스프레이,포비돈요오드,신일제약(주),,
201600573,맥시라민에이정,맥시라민에이,,일동제약(주),https://nedrug.mfds.go.kr/pbp/cmn/itemImageDownload/1Pvn3im1wK1,"인산염, 칼슘염, 경구용 테트라사이클린계 제제, 제산제, 레보도파와 함께 복용하지 마십시오.강심배당체, 에스트로겐을 포함한 경구용 피임제, 항알도스테론제, 트리암테렌과 함께 복용 시 의사 또는 약사와 상의하십시오.녹차, 홍차 등 탄닌을 함유하는 차는 복용 중, 복용 전후에는 피하십시오."
201600574,가네진정,가네진,,(주)셀트리온제약,https://nedrug.mfds.go.kr/pbp/cmn/itemImageDownload/147427188404700031,레보도파와 함께 복용하지 마십시오.
201600677,모앤캡슐,모앤,,(주)한국파비스제약,https://nedrug.mfds.go.kr/pbp/cmn/itemImageDownload/148128160194800113,설폰아미드 제제와 함께 사용 시 의사 또는 약사와 상의하십시오.
201600731,화콜씨콜드연질캡슐,화콜씨콜드,,제이더블유중외제약(주),https://nedrug.mfds.go.kr/pbp/cmn/itemImageDownload/147427188404700059,"아세트아미노펜을 포함하는 다른 제품, MAO억제제(항우울제, 항정신병제, 감정조절제, 항파킨슨제 등), 진해(기침을 그치게 함)거담제(가래약), 다른 감기약, 해열진통제, 진정제, 항히스타민제를 함유하는 내복약(비염용 경구제, 멀미약, 알레르기용약)과 함께 복용하지 마십시오. MAO억제제(항우울제, 항정신병제, 감정조절제, 항파킨슨제 등) 복용을 중단한 후 2주 이내의 사람은 이 약을 복용하지 마십시오. 바르비탈계 약물, 삼환계 항우울제 및 알코올, 플루클록사실린과 함께 복용 시 의사 또는 약사와 상의하십시오. 복용 중에는 음주하지 마십시오."
201600732,아치온현탁액(피리티온아연),아치온,피리티온아연,신신제약(주),,
201600778,실비도정,실비도,,(주)한풍제약,https://nedrug.mfds.go.kr/pbp/cmn/itemImageDownload/147427188404700081,"멀미약, 감기약, 해열진통제, 진정제, 진해거담제, 항히스타민제 성분의 내복약(비염 또는 알레르기용 약)과 함께 복용하지 마십시오."
201600779,보나링츄어블정,보나링츄어블,,일양약품(주),https://nedrug.mfds.go.kr/pbp/cmn/itemImageDownload/147427188404700087,"다른 진토제, 감기약, 해열진통제, 항히스타민제, 진정제, 진해거담제, 위장진통·진경제와 함께 복용하지 마십시오. 복용 중에는 알코올성 음료를 피하십시오."
201600808,아모롤네일라카(아모롤핀염산염),아모롤네일라카,아모롤핀염산염,(주)티디에스팜,,
201600837,마스클린페이스트(트리암시놀론아세토니드),마스클린페이스트,트리암시놀론아세토니드,일양약품(주),,
201600864,마그스파워액,마그스파워,,조아제약(주),,"인산염, 칼슘염, 경구용 테트라사이클린계 제제, 제산제, 레보도파와 함께 복용하지 마십시오. 항알도스테론제, 트리암테렌과 함께 복용 시 의사 또는 약사와 상의하십시오. 녹차, 홍차 등 탄닌을 함유하는 차는 복용 중, 복용 전후에는 피하십시오."
201600878,판이실캡슐,판이실,,(주)씨엠지제약,https://nedrug.mfds.go.kr/pbp/cmn/itemImageDownload/147427188404700197,설폰아미드 제제와 함께 사용 시 의사 또는 약사와 상의하십시오.
201600934,퓨어릴네일라카(아모롤핀염산염),퓨어릴네일라카,아모롤핀염산염,주식회사더유제약,,
201600966,티나롤네일라카(아모롤핀염산염),티나롤네일라카,아모롤핀염산염,동광제약(주),,
201600993,알파콜에프캡슐,알파콜에프,,오스틴제약(주),https://nedrug.mfds.go.kr/pbp/cmn/itemImageDownload/1Pvn3im1xGO,"아세트아미노펜을 포함하는 다른 제품, MAO억제제(항우울제, 항정신병제, 감정조절제, 항파킨슨제 등), 진해거담제, 다른 감기약, 해열진통제, 진정제, 항히스타민제를 함유하는 내복약(비염용 경구제, 멀미약, 알레르기용약)과 함께 복용하지 마십시오. 당뇨약, 통풍약, 관절염약, 항응고제, 스테로이드제, 바르비탈계 약물, 삼환계 항우울제 및 알코올과 함께 복용 시 의사 또는 약사와 상의하십시오. 복용 중에는 음주하지 마십시오."
201601114,롤핀네일라카(아모롤핀염산염),롤핀네일라카,아모롤핀염산염,(주)일화,,
201601056,이지엔6스트롱연질캡슐(나프록센),이지엔6스트롱,나프록센,(주)대웅제약,https://nedrug.mfds.go.kr/pbp/cmn/itemImageDownload/1OFm45_SsFB,"아스피린, 다른 비스테로이드성 소염진통제 및 나프록센 유도체와 함께 복용하지 마십시오. 히단토인계 항간질제, 설파제, 설포닐요소계 혈당강하제, 프로프라놀롤 및 다른 -차단제, ACE 저해제(캅토프릴 등), 루프계 및 티아지드계 이뇨제, 프로베네시드, 리튬, 메토트렉세이트, 쿠마린계 항응혈제(와파린 등), 지도부딘, 뉴퀴놀론계 항생물질(에녹사신 등)과 함께 복용 시 의사 또는 약사와 상의하십시오."
201601174,엘도진캡슐300밀리그램(에르도스테인),엘도진,에르도스테인,(주)화이트생명과학,https://nedrug.mfds.go.kr/pbp/cmn/itemImageDownload/1Ms70TADXCG,기침약을 복용중인 사람은 의사 또는 약사와 상의하십시오.
201601245,엘리도스캡슐(에르도스테인),엘리도스,에르도스테인,(주)알피바이오,https://nedrug.mfds.go.kr/pbp/cmn/itemImageDownload/148743243194000021,기침약을 복용중인 사람은 의사 또는 약사와 상의하십시오.
201601308,디펜동전플라스타,디펜동전플라스타,,신일제약(주),,
201601324,제스탈정,제스탈,,(주)새한제약,https://nedrug.mfds.go.kr/pbp/cmn/itemImageDownload/1PaCreQ2la1,다른 약물과 함께 복용 시 의사 또는 약사와 상의하십시오.
201601341,보령아이락비타연질캡슐,보령아이락비타,,(주)보령,https://nedrug.mfds.go.kr/pbp/cmn/itemImageDownload/147427219007500136,
201601386,에이치엠씨엔에프산(과탄산나트륨),에이치엠씨엔에프,과탄산나트륨,동아참메드주식회사,,
201601453,제노타에이캡슐,제노타에이,,조아제약(주),https://nedrug.mfds.go.kr/pbp/cmn/itemImageDownload/1NCPBl3FilD,
201601470,하벤프레쉬나잘스프레이,하벤프레쉬나잘스프레이,,고려제약(주),,이 약을 사용하기 전에 다른 약을 복용하고 있는 경우 의사 또는 약사와 상의하십시오.
201601506,엘스타캡슐(에르도스테인),엘스타,에르도스테인,아이큐어(주),https://nedrug.mfds.go.kr/pbp/cmn/itemImageDownload/152415225040500148,기침약을 복용중인 사람은 의사 또는 약사와 상의하십시오.
201601522,큐락스정,큐락스,,(주)휴비스트제약,https://nedrug.mfds.go.kr/pbp/cmn/itemImageDownload/1PyQinybk_i,제산제 또는 우유 섭취 후 1시간 이내에 복용하지 마십시오. 다른 약물과 함께 복용 시 의사 또는 약사와 상의하십시오.
201601543,모키쿨플라스타,모키쿨플라스타,,대화제약(주),,
201601572,아모릴네일라카(아모롤핀염산염),아모릴네일라카,아모롤핀염산염,에이치엘비제약(주),,
201601581,아나파베정,아나파베,,태극제약(주),https://nedrug.mfds.go.kr/pbp/cmn/itemImageDownload/1N7WiIONw_N,"스코폴리아엑스를 함유하는 제제, 위장진통·진경제와 함께 복용하지 마십시오."
201601614,에스텐캡슐300mg(에르도스테인),에스텐,에르도스테인,대한뉴팜(주),https://nedrug.mfds.go.kr/pbp/cmn/itemImageDownload/147427226381000180,기침약을 복용중인 사람은 의사 또는 약사와 상의하십시오.
201601616,보령마그락비타연질캡슐,보령마그락비타,,(주)보령,https://nedrug.mfds.go.kr/pbp/cmn/itemImageDownload/147427226381000183,"인산염, 칼슘염, 경구용 테트라사이클린계 제제, 제산제, 레보도파와 함께 복용하지 마십시오.에스트로겐을 포함한 경구용 피임제, 항알도스테론제, 트리암테렌, 정주용 지질제와 함께 사용 시 의사 또는 약사와 상의하십시오.녹차, 홍차 등 탄닌을 함유하는 차는 복용 중, 복용 전후에는 피하십시오."
201601618,베아로반연고(무피로신),베아로반,무피로신,한올바이오파마(주),,
201601691,마그비감마연질캡슐,마그비감마,,(주)유한양행,https://nedrug.mfds.go.kr/pbp/cmn/itemImageDownload/147427226381000043,"이 약을 복용하는 동안 인산염, 칼슘염, 경구용 테트라사이클린계 제제, 제산제, 레보도파를 복용하지 마십시오.에스트로겐을 포함한 경구용 피임제, 항알도스테론제, 트리암테렌과 함께 복용 시 의사 또는 약사와 상의하십시오.녹차, 홍차 등 탄닌을 함유하는 차는 복용 중, 복용 전후에는 피하십시오."
201601694,스마일오투점안액(1회용),스마일오투,1회용,(주)옵투스제약,,
201601700,슈리머정,슈리머,,(주)휴비스트제약,https://nedrug.mfds.go.kr/pbp/cmn/itemImageDownload/1OnUY_VtDTA,"진해(기침을 그치게 함)거담제(가래약), 다른 감기약, 해열진통제, 진정제, 항히스타민제를 함유하는 내복약(비염용 경구제, 멀미약, 알레르기용약)과 함께 복용하지 마십시오. 바르비탈계 약물, 삼환계 항우울제, 알코올, 당뇨약, 통풍약, 관절염약, 항응고제, 스테로이드제와 함께 복용 시 의사 또는 약사와 상의하십시오. 복용 중에는 음주하지 마십시오."
201601858,비보존에르도스테인캡슐,비보존에르도스테인,,(주)비보존제약,https://nedrug.mfds.go.kr/pbp/cmn/itemImageDownload/1PEPKBUcjpD,기침약을 복용중인 사람은 의사 또는 약사와 상의하십시오.
201601896,에리텐캡슐(에르도스테인),에리텐,에르도스테인,(주)셀트리온제약,https://nedrug.mfds.go.kr/pbp/cmn/itemImageDownload/147427226381000192,기침약을 복용중인 사람은 의사 또는 약사와 상의하십시오.
201601897,코티손로션2.5%(히드로코르티손),코티손,히드로코르티손,(주)휴비스트제약,,
201601927,클리어틴이부더블스팟톡크림,클리어틴이부더블스팟톡,,지엘팜텍(주),,
201602068,덱스렌정(덱시부프로펜디.씨.),덱스렌,덱시부프로펜디.씨.,(주)오스코리아제약,https://nedrug.mfds.go.kr/pbp/cmn/itemImageDownload/1Mf9b53Dgmt,"다른 비스테로이드성 소염진통제, 아스피린, 고용량의 메토트렉세이트와 함께 복용하지 마십시오. 이 약을 복용하기 전에 코르티코스테로이드, 알코올, 디곡신, 페니토인, 프로베네시드, 설핀피라존, 설포닐우레아제, ACE 억제제 또는 안지오텐신Ⅱ 수용체 길항제, 이뇨제, 리튬, 쿠마린계 항응고제(와르파린 등), 바클로펜, 면역억제제(시클로스포린, 타크로리무스, 시롤리무스), 혈전용해제, 티클로피딘, 항혈전제, 혈중 칼륨농도를 증가시키는 약물(예, 칼륨 저류형 이뇨제, ACE 억제제, 안지오텐신-Ⅱ 수용체 길항제, 시클로스포린과 타크로리무스와 같은 면역억제제, 트리메토프림, 헤파린 등), CYP2C8, CYP2C9의 유도제(예, 리팜피신, 페노바르비탈), 저용량(15 mg/주 미만)의 메토트렉세이트, 항혈소판제 및 선택적 세로토닌 재흡수 억제제, 저용량 아스피린과 함께 복용 시 의사 또는 약사와 상의하십시오."
201602094,하벤플러스나잘스프레이,하벤플러스나잘스프레이,,고려제약(주),,"MAO 억제제(항우울제, 항정신병제, 감정조절제, 항파킨슨제 등), 디펜히드라민 및 그 염류 함유제제를 함께 사용하지 마십시오. 사용 중에는 음주하지 마십시오."
201602096,엘도라캡슐(에르도스테인),엘도라,에르도스테인,대화제약(주),https://nedrug.mfds.go.kr/pbp/cmn/itemImageDownload/1Pwu-cb5oeo,기침약을 복용중인 사람은 의사 또는 약사와 상의하십시오.
201602120,루비돌플러스캡슐,루비돌플러스,,오스틴제약(주),https://nedrug.mfds.go.kr/pbp/cmn/itemImageDownload/154756236810300095,
201602132,잇케어페이스트,잇케어페이스트,,조아제약(주),,
201602140,토마벤연질캡슐,토마벤,,동방에프티엘(주),https://nedrug.mfds.go.kr/pbp/cmn/itemImageDownload/147427232964000161,"인산염, 칼슘염, 경구용 테트라사이클린계 제제, 제산제, 레보도파와 함께 복용하지 마십시오. 에스트로겐을 포함한 경구용 피임제, 항알도스테론제, 트리암테렌, 정주용 지질제와 함께 사용 시 의사 또는 약사와 상의하십시오. 녹차, 홍차 등 탄닌을 함유하는 차는 복용 중, 복용 전후에는 피하십시오."
201602181,테라쿨크림,테라쿨,,일양바이오팜(주),,
201602202,이너솔연고(퓨시드산나트륨),이너솔,퓨시드산나트륨,일동제약(주),,
201602206,로이코비에스액,로이코비에스,,고려제약(주),,"레보도파, 히단토인과 함께 복용하지 마십시오. 클로람페니콜, 사이클로세린, 에티온아미드, 하이드랄라진, 이소니아지드, 페니실라민, 면역억제제, 에스트로젠, 항경련제(페노바르비탈, 페니토인, 프리미돈, 발프로산나트륨, 카바마제핀, 바비튜레이트 등), 메토트렉세이트, 설파살라진, 클로람페니콜, 리튬, 산화질소, 에탄올, 아스피린, 삼환계항우울제나 페노티아진 계열 약물, 프로베네시드와 함께 복용 시 의사 또는 약사와 상의하십시오."
201602246,클리마일드연고,클리마일드,,부광약품(주),,
201602240,아세드린정,아세드린,,(주)씨엠지제약,https://nedrug.mfds.go.kr/pbp/cmn/itemImageDownload/147427232964000099,"진해거담제(가래약), 다른 감기약, 해열진통제, 진정제, 항히스타민제를 함유하는 내복약(비염용 경구제, 멀미약, 알레르기용약)과 함께 복용하지 마십시오. 바르비탈계 약물, 삼환계 항우울제, 알코올, 당뇨약, 통풍약, 관절염약, 항응고제, 스테로이드제, 플루클록사실린과 함께 복용 시 의사 또는 약사와 상의하십시오. 복용 중에는 음주하지 마십시오."
201602301,일양나프티핀염산염크림,일양나프티핀염산염,,일양약품(주),,다른 국소 적용 약물과 함께 사용 시 의사 또는 약사와 상의하십시오.
201602322,에프벡스카타플라스마(록소프로펜나트륨수화물),에프벡스카타플라스마,록소프로펜나트륨수화물,부광약품(주),,
201602323,에프벡스한방카타플라스마,에프벡스한방카타플라스마,,부광약품(주),,
201602340,미리놀과립(아세틸시스테인),미리놀,아세틸시스테인,(주)바이넥스,,"경구용 항생물질(아목시실린, 세푸록심, 독시사이클린, 에리트로마이신, 티암페니콜)과 함께 복용 시 적어도 2시간 간격을 두고 복용하십시오. 이 약의 용액에 다른 약물의 첨가는 피하십시오."
201602365,아모넬네일라카(아모롤핀염산염),아모넬네일라카,아모롤핀염산염,(주)메디카코리아,,
201602386,롱카인크림(리도카인),롱카인,리도카인,(주)에이프로젠바이오로직스,,
201602401,버물리플라스타,버물리플라스타,,현대약품(주),,
201602427,나인나인정,나인나인,,한미약품(주),https://nedrug.mfds.go.kr/pbp/cmn/itemImageDownload/147427232964000141,"이 약을 복용하는 동안 인산염, 칼슘염, 경구용 테트라사이클린계 제제, 제산제, 레보도파를 복용하지 마십시오.강심배당체, 에스트로겐을 포함한 경구용 피임제, 항알도스테론제, 트리암테렌과 함께 복용 시 의사 또는 약사와 상의하십시오.녹차, 홍차 등 탄닌을 함유하는 차는 복용 중, 복용 전후에는 피하십시오."
201602500,에스린정,에스린,,(주)휴비스트제약,https://nedrug.mfds.go.kr/pbp/cmn/itemImageDownload/1PVT2BLp3Hw,제산제와 함께 복용하지 마십시오. 우유 섭취 후 1시간 이내는 복용을 피하십시오.
201602544,비오메틱스캡슐(바실루스리케니포르미스균),비오메틱스,바실루스리케니포르미스균,구주제약(주),https://nedrug.mfds.go.kr/pbp/cmn/itemImageDownload/1Pvn3im1yzJ,"시프로플록사신, 이미페넴, 실라스타틴나트륨과 함께 사용 시 의사 또는 약사와 상의하십시오."
201602561,바실리포미스캡슐(바실루스리케니포르미스균),바실리포미스,바실루스리케니포르미스균,(주)테라젠이텍스,https://nedrug.mfds.go.kr/pbp/cmn/itemImageDownload/152104201649000016,"시프로플록사신, 이미페넴, 실라스타틴나트륨과 함께 사용 시 의사 또는 약사와 상의하십시오."
201602591,제이릴네일라카(아모롤핀염산염),제이릴네일라카,아모롤핀염산염,제이더블유신약(주),,
201602592,바실리포미스산(바실루스리케니포르미스균),바실리포미스,바실루스리케니포르미스균,(주)테라젠이텍스,,"시프로플록사신, 이미페넴, 실라스타틴나트륨과 함께 사용 시 의사 또는 약사와 상의하십시오."
201602610,락토엔큐캡슐(바실루스리케니포르미스균),락토엔큐,바실루스리케니포르미스균,대원제약(주),https://nedrug.mfds.go.kr/pbp/cmn/itemImageDownload/151810441495000003,"시프로플록사신, 이미페넴, 실라스타틴나트륨과 함께 사용 시 의사 또는 약사와 상의하십시오."
201602611,락토엔큐산(바실루스리케니포르미스균),락토엔큐,바실루스리케니포르미스균,대원제약(주),,"시프로플록사신, 이미페넴, 실라스타틴나트륨과 함께 사용 시 의사 또는 약사와 상의하십시오."
201602679,뮤코원캡슐(에르도스테인),뮤코원,에르도스테인,(주)보령,https://nedrug.mfds.go.kr/pbp/cmn/itemImageDownload/147427240969100056,기침약을 복용중인 사람은 의사 또는 약사와 상의하십시오.
201602682,메클린구강용해필름25밀리그램(메클리진염산염수화물)(오렌지향),메클린구강용해필름,오렌지향,(주)씨티씨바이오,https://nedrug.mfds.go.kr/pbp/cmn/itemImageDownload/1Nkd205G5HG,"알코올, 진정제, 정신안정제, 다른 진토제, 감기약, 해열진통제, 항히스타민제, 진해거담제, 모노아민산화효소저해제(MAO 억제제)와 함께 복용하지 마십시오.복용 중에는 알코올성 음료를 피하십시오."
201602683,엘레비트정,엘레비트,,바이엘코리아(주),https://nedrug.mfds.go.kr/pbp/cmn/itemImageDownload/149347908275600118,"테트라사이클린류를 복용해야만 하는 경우는 2시간의 간격을 두고 투여하십시오.항전간제/항경련제(예. 카바마제핀, 페니토인, 피리미돈 및 바비츄레이트류), 비타민 A 또는 비타민D를 포함한 다른 약물을 복용하고 있는 경우 의사 또는 약사와 상의하십시오.간, 간제품, 치즈 및 계란 등을 복용하는 동안 비타민A의 일일요구량이 초과될 수 있습니다."
201602684,엘도민캡슐300밀리그램(에르도스테인),엘도민,에르도스테인,(주)유유제약,https://nedrug.mfds.go.kr/pbp/cmn/itemImageDownload/150471247127400131,기침약을 복용중인 사람은 의사 또는 약사와 상의하십시오.
201602688,비우미정,비우미,,(주)씨엠지제약,https://nedrug.mfds.go.kr/pbp/cmn/itemImageDownload/1N3ivmErsg8,제산제 또는 우유 섭취 후 1시간 이내에는 이 약을 복용하지 마십시오.
201602703,탁센400이부프로펜연질캡슐,탁센400이부프로펜,,(주)녹십자,https://nedrug.mfds.go.kr/pbp/cmn/itemImageDownload/1OIac6HFRNQ,"다른 비스테로이드성 소염진통제, 고용량의 메토트렉세이트와 함께 복용하지 마십시오. 저용량 아스피린, ACE 저해제, 리튬, 푸로세미드 및 티아지드계 이뇨제, 저용량의 메토트렉세이트, 쿠마린계 항응혈제(와파린 등), 선택적 세로토닌 재흡수억제제와 함께 복용 시 의사 또는 약사와 상의하십시오."
201602706,엘도스인캡슐(에르도스테인),엘도스인,에르도스테인,(주)킵스바이오파마,https://nedrug.mfds.go.kr/pbp/cmn/itemImageDownload/149805864617300045,
201602714,알러비정(세티리진염산염),알러비,세티리진염산염,태극제약(주),https://nedrug.mfds.go.kr/pbp/cmn/itemImageDownload/1N7WiIONwxP,"이 약을 복용하는 동안 테오필린, 리토나비어, 과량의 알코올과 함께 복용하지 마십시오."
201602738,뮤코티아캡슐200밀리그램(아세틸시스테인),뮤코티아,아세틸시스테인,(주)다산제약,https://nedrug.mfds.go.kr/pbp/cmn/itemImageDownload/153579389714500055,"경구용 항생제(아목시실린, 세푸록심, 독시사이클린, 에리트로마이신, 티암페니콜)와 함께 복용 시 적어도 2시간 간격을 두고 복용하십시오."
201602741,안티포스연고,안티포스,,시믹씨엠오코리아주식회사,,
201602871,뉴에르도테캡슐(에르도스테인),뉴에르도테,에르도스테인,안국뉴팜(주),https://nedrug.mfds.go.kr/pbp/cmn/itemImageDownload/1Pz9QRTB9el,기침약을 복용중인 사람은 의사 또는 약사와 상의하십시오.
201602958,제일동전파프플라스타,제일동전파프플라스타,,제일헬스사이언스(주),,
201602963,티비엑스자임액(알킬디아미노에틸글리신염산염액),티비엑스자임,알킬디아미노에틸글리신염산염액,(주)휴온스메디텍,,
201603039,티어실쿨크림,티어실쿨,,삼일제약(주),,
201603141,트란시노2정,트란시노2,,(주)보령,https://nedrug.mfds.go.kr/pbp/cmn/itemImageDownload/147882509295800036,"트라넥삼산, 트롬빈을 복용하는 동안 이 약을 복용하지 마십시오.이 약을 복용하기 전에 경구피임약, 호르몬보충요법 등의 혈전증을 일으킬 우려가 있는 약을 복용하고 있는 사람은 의사 또는 약사와 상의하십시오."
201603171,엘도원캡슐(에르도스테인),엘도원,에르도스테인,(주)텔콘알에프제약,https://nedrug.mfds.go.kr/pbp/cmn/itemImageDownload/1PLp5H1IavL,기침약을 복용중인 사람은 의사 또는 약사와 상의하십시오.
201603208,덴티골드캡슐,덴티골드,,(주)바스칸바이오제약,https://nedrug.mfds.go.kr/pbp/cmn/itemImageDownload/1Os35onWpsY,
201603223,기가파워연질캡슐,기가파워,,한솔신약(주),https://nedrug.mfds.go.kr/pbp/cmn/itemImageDownload/153037322892500119,"다른 진해(기침을 그치게 함)·거담제(가래약), 감기약과 함께 복용하지 마십시오."
201603262,레티몰액(시트룰린말산염),레티몰,시트룰린말산염,(주)바스칸바이오제약,,
201603293,젠빅플러스연질캡슐,젠빅플러스,,(주)종근당,https://nedrug.mfds.go.kr/pbp/cmn/itemImageDownload/147759755917200064,"이 약을 복용하는 동안 인산염, 칼슘염, 경구용 테트라사이클린계 제제, 제산제, 레보도파를 복용하지 마십시오.에스트로겐을 포함한 경구용 피임제, 항알도스테론제, 트리암테렌과 함께 복용 시 의사 또는 약사와 상의하십시오.녹차, 홍차 등 탄닌을 함유하는 차는 복용 중, 복용 전후에는 피하십시오."
201603301,콜대원콜드에스시럽,콜대원콜드에스,,대원제약(주),,"아세트아미노펜을 포함하는 다른 제품, MAO 억제제(항우울제, 항정신병제, 감정조절제, 항파킨슨제 등), 진해거담제, 다른 감기약, 해열진통제, 진정제, 항히스타민제를 함유하는 내복약(비염용 경구제, 멀미약, 알레르기용약)과 함께 복용하지 마십시오. 당뇨약, 통풍약, 관절염약, 항응고제, 스테로이드제, 바르비탈계 약물, 삼환계 항우울제 및 알코올, 플루클록사실린과 함께 복용 시 의사 또는 약사와 상의하십시오. 복용 중에는 음주하지 마십시오."
201603339,사이프록실액(시클로피록스올아민),사이프록실,시클로피록스올아민,(주)나노팜,,
201603302,콜대원노즈에스시럽,콜대원노즈에스,,대원제약(주),,"아세트아미노펜을 포함하는 다른 제품, MAO 억제제(항우울제, 항정신병제, 감정조절제, 항파킨슨제 등), 진해거담제, 다른 감기약, 해열진통제, 진정제, 항히스타민제를 함유하는 내복약(비염용 경구제, 멀미약, 알레르기용약)과 함께 복용하지 마십시오. MAO 억제제(항우울제, 항정신병제, 감정조절제, 항파킨슨제 등) 복용을 중단한 후 2주 이내의 사람은 이 약을 복용하지 마십시오. 당뇨약, 통풍약, 관절염약, 항응고제, 스테로이드제, 바르비탈계 약물, 삼환계 항우울제 및 알코올, 플루클록사실린과 함께 복용 시 의사 또는 약사와 상의하십시오. 복용 중에는 음주하지 마십시오."
201603303,콜대원코프에스시럽,콜대원코프에스,,대원제약(주),,"아세트아미노펜을 포함하는 다른 제품, MAO 억제제(항우울제, 항정신병제, 감정조절제, 항파킨슨제 등), 진해거담제, 다른 감기약, 해열진통제, 진정제, 항히스타민제를 함유하는 내복약(비염용 경구제, 멀미약, 알레르기용약)과 함께 복용하지 마십시오. MAO 억제제(항우울제, 항정신병제, 감정조절제, 항파킨슨제 등) 복용을 중단한 후 2주 이내의 사람은 이 약을 복용하지 마십시오. 당뇨약, 통풍약, 관절염약, 항응고제, 스테로이드제, 바르비탈계 약물, 삼환계 항우울제 및 알코올, 플루클록사실린과 함께 복용 시 의사 또는 약사와 상의하십시오. 복용 중에는 음주하지 마십시오."
201603416,아스필로장용정100밀리그램(아스피린),아스필로장용,아스피린,안국약품(주),https://nedrug.mfds.go.kr/pbp/cmn/itemImageDownload/1P-pJaCdSL0,"다른 비스테로이드성 소염진통제 및 살리실산 제제, 일주일 동안 메토트렉세이트 15밀리그람(15mg/주) 이상의 용량은 이 약과 병용 투여 시 출혈이 증가되거나 신기능이 감소될 수 있으므로 함께 사용하지 않습니다. 항응고제, 이부프로펜, 나프록센 등 일부 비스테로이드성 소염진통제, 혈전용해제, 다른 혈소판응집억제제, 지혈제, 당뇨병치료제(인슐린제제, 톨부타미드 등), 요산배설촉진제(벤즈브로마론, 프로베네시드), 티아지드계 이뇨제, 리튬제제, 선택적 세포토닌 재흡수 억제제, 디곡신, 전신 작용 부신피질호르몬 제제(애디슨병 대체요법용 히드로코티손 제외), 안지오텐신 전환 효소 억제제, 발프로산 제제를 복용하는 사람은 의사 또는 약사와 상의하십시오. 알칼리제제(예: 탄산수소나트륨, 탄산마그네슘) 또는 습기가 차기 쉬운 제제와 함께 섞지 마십시오. 알코올과 병용 투여 시 위장관 점막 손상이 증가하고, 이 약과 알코올의 상승효과로 인해 출혈시간이 연장될 수 있습니다."
201603449,그린노즈에스시럽,그린노즈에스,,(주)녹십자,,"모노아민옥시다아제 억제제(MAOI-우울증, 정신 및 감정장애, 파킨슨병 치료제 중 일부)와 함께 복용하지 마십시오. 모노아민옥시다아제 억제제(우울증, 정신 및 감정장애, 파킨슨병 치료제 중 일부) 복용을 중지한지 2주 이내인 사람은 이 약을 복용하지 마십시오. 진정제, 신경안정제와 함께 복용 시 의사 또는 약사와 상의하십시오."
201603600,멀스토구강용해필름(메클리진염산염수화물),멀스토구강용해필름,메클리진염산염수화물,고려제약(주),,"알코올, 진정제, 정신안정제, 다른 진토제, 감기약, 해열진통제, 항히스타민제, 진해거담제, 모노아민산화효소저해제(MAO 억제제)와 함께 복용하지 마십시오.복용 중에는 알코올성 음료를 피하십시오."
201603641,이지고시럽,이지고,,(주)휴온스,,"다른 진통제, 감기약, 해열진통제, 항히스타민제, 진정제, 진해거담제를 함유한 외용제와 함께 복용하지 마십시오. 복용 중에는 알코올성 음료를 피하십시오."
201604175,카르틴엘정(엘카르니틴),카르틴엘,엘카르니틴,삼남제약(주),https://nedrug.mfds.go.kr/pbp/cmn/itemImageDownload/147759733649300074,정주용 지질제와 함께 사용 시 의사 또는 약사와 상의하십시오.
201603768,엑스펜시럽(덱시부프로펜),엑스펜,덱시부프로펜,(주)동구바이오제약,,"다른 비스테로이드성 소염진통제, 아스피린, 고용량의 메토트렉세이트와 함께 복용하지 마십시오. 글루코코르티코이드, 알코올, 디곡신, 페니토인, 프로베네시드, 설핀피라존, 설포닐우레아제, 이뇨제, 항고혈압제, ACE 억제제, 푸로세미드, 리튬, 저용량의 메토트렉세이트, 쿠마린계 항응고제(와파린 등), 저용량 아스피린과 함께 복용 시 의사 또는 약사와 상의하십시오."
201604250,칼본맥스연질캡슐,칼본맥스,,코스맥스파마(주),https://nedrug.mfds.go.kr/pbp/cmn/itemImageDownload/147290642243800082,"인산염, 칼슘염, 경구용 테트라사이클린계 제제, 제산제와 함께 복용하지 마십시오.강심배당체, 항알도스테론제, 트리암테렌, 정주용 지질제와 함께 사용 시 의사 또는 약사와 상의하십시오.녹차, 홍차 등 탄닌을 함유하는 차는 복용 중, 복용 전후에는 피하십시오."
201604278,신신디펜쿨플라스타(디클로페낙나트륨),신신디펜쿨플라스타,디클로페낙나트륨,신신제약(주),,"이 약을 사용하는 동안 디클로페낙 제제 혹은 비스테로이드 소염제(항염증제)를 국소적으로 적용하거나 복용하지 마십시오. 뉴퀴놀론계 항균제(에녹사신 등), 루프 이뇨제(푸로세미드 등), 티아자이드계 이뇨제, 지혈을 방해하는 약물(와파린 등), 항혈소판제(아스피린 등), 선택적 세로토닌 재흡수 억제제 및 세로토닌 노르에피네프린 재흡수 억제제를 투여하는 환자는 의사 또는 약사와 상의하십시오."
201604350,렉센엔캡슐(디오스민),렉센엔,디오스민,한림제약(주),https://nedrug.mfds.go.kr/pbp/cmn/itemImageDownload/148059606616100096,
201604351,클리톡외용액2%(살리실산),클리톡외용,살리실산,부광약품(주),,
201604385,에스릴네일라카(아모롤핀염산염),에스릴네일라카,아모롤핀염산염,(주)서울제약,,
201604413,마그투연질캡슐,마그투,,(주)에이프로젠바이오로직스,https://nedrug.mfds.go.kr/pbp/cmn/itemImageDownload/148007720779100063,"인산염, 칼슘염, 경구용 테트라사이클린계 제제, 제산제, 레보도파와 함께 복용하지 마십시오. 에스트로겐을 포함한 경구용 피임제, 항알도스테론제, 트리암테렌, 정주용 지질제와 함께 사용 시 의사 또는 약사와 상의하십시오. 녹차, 홍차 등 탄닌을 함유하는 차는 복용 중, 복용 전후에는 피하십시오."
201604402,챔프이부펜시럽(이부프로펜),챔프이부펜,이부프로펜,동아제약(주),,"항암요법으로 고용량 메토트렉세이트를 투여중인 환자, 다른 비스테로이드성 소염진통제와 함께 이 약을 복용하지 마십시오. 이 약을 복용하기 전에 저용량 아스피린, ACE 저해제 복용자, 리튬, 푸로세미드 및 티아지드계 이뇨제, 저용량 메토트렉세이트, 쿠마린계 항응혈제(와파린 등), 선택적 세로토닌 재흡수억제를 복용하는 환자는 의사 또는 약사와 상의하십시오."
201604458,제뉴파마한방만통고카타플라스마,제뉴파마한방만통고카타플라스마,,(주)제뉴파마,,
201604460,동성디알클린점안액(카르복시메틸셀룰로오스나트륨)(1회용),동성디알클린,1회용,동성제약(주),,
201604489,멘소래담딥릴리프겔,멘소래담딥릴리프,,주식회사제뉴원사이언스,,혈압강하제와 함께 사용 시 의사 또는 약사와 상의하십시오.
201604578,로시놀더블액션크림,로시놀더블액션,,(주)녹십자,,
201604641,펜싹코연질캡슐,펜싹코,,코스맥스파마(주),https://nedrug.mfds.go.kr/pbp/cmn/itemImageDownload/1Mf9b53DgtP,"아세트아미노펜을 포함하는 다른 제품, MAO억제제(항우울제, 항정신병제, 감정조절제, 항파킨슨제 등), 진해(기침을 그치게 함)거담제(가래약), 다른 감기약, 해열진통제, 진정제, 항히스타민제를 함유하는 내복약(비염용 경구제, 멀미약, 알레르기용약)과 함께 복용하지 마십시오. 플루클록사실린, 바르비탈계 약물, 삼환계 항우울제 및 알코올을 투여한 환자는 의사 또는 약사와 상의하십시오. 복용 중에는 음주하지 마십시오."
201604643,애니메디콘센트레이트액(폴리크레줄렌액50%),애니메디콘센트레이트,폴리크레줄렌액50%,경동제약(주),,다른 외용제와 함께 사용하지 마십시오.
201604703,알보제로액(폴리크레줄렌액50%),알보제로,폴리크레줄렌액50%,일양약품(주),,다른 외용제와 함께 사용하지 마십시오.
201604821,제일롱파프플라스타(록소프로펜나트륨수화물),제일롱파프플라스타,록소프로펜나트륨수화물,제일헬스사이언스(주),,
201604711,펜싹코프연질캡슐,펜싹코프,,코스맥스파마(주),https://nedrug.mfds.go.kr/pbp/cmn/itemImageDownload/1Mf9b53Dgt-,"아세트아미노펜을 포함하는 다른 제품, MAO억제제(항우울제, 항정신병제, 감정조절제, 항파킨슨제 등), 진해(기침을 그치게 함)거담제(가래약), 다른 감기약, 해열진통제, 진정제, 항히스타민제를 함유하는 내복약(비염용 경구제, 멀미약, 알레르기용약)과 함께 복용하지 마십시오. 플루클록사실린, 바르비탈계 약물, 삼환계 항우울제 및 알코올을 투여한 환자는 의사 또는 약사와 상의하십시오. 복용 중에는 음주하지 마십시오."
201604876,시카포스겔(카보머),시카포스,카보머,(주)넥스팜코리아,,
201604720,펜싹콜연질캡슐,펜싹콜,,코스맥스파마(주),https://nedrug.mfds.go.kr/pbp/cmn/itemImageDownload/147446859804700047,"아세트아미노펜을 포함하는 다른 제품, MAO억제제(항우울제, 항정신병제, 감정조절제, 항파킨슨제 등), 진해(기침을 그치게 함)거담제(가래약), 다른 감기약, 해열진통제, 진정제, 항히스타민제를 함유하는 내복약(비염용 경구제, 멀미약, 알레르기용약)과 함께 복용하지 마십시오. 플루클록사실린, 당뇨약, 통풍약, 관절염약, 항응고제, 스테로이드제, 바르비탈계 약물, 삼환계 항우울제 및 알코올을 투여한 환자는 의사 또는 약사와 상의하십시오."
201604889,중헌 알마게이트정,중헌 알마게이트,,(주)중헌제약,https://nedrug.mfds.go.kr/pbp/cmn/itemImageDownload/1PmmHJIaYyq,"테트라사이클린계 항생물질과 함께 복용하지 마십시오. 비스테로이드소염진통제(NSAID), 궤양 치료제, 디기탈리스 제제, 클로르프로마진, 란소프라졸, 프레드니솔론, 페니실린, 퀴놀론, 철(Fe)염 제제, 살리실산염과 함께 복용 시 의사 또는 약사와 상의하십시오."
201604895,신폴에이점안액,신폴에이,,삼천당제약(주),,
201604896,이니포텐액(시트룰린말산염),이니포텐,시트룰린말산염,(주)비보존제약,,
201604917,프리번정,프리번,,(주)중헌제약,https://nedrug.mfds.go.kr/pbp/cmn/itemImageDownload/148829652797600090,"테트라사이클린계 항생제는 함께 복용하지 마십시오.이 약을 복용하기 전에 디곡신, 캅토프릴, 시메티딘, 라니티딘, 파모티딘, 테오필린, 프로프라놀롤, 아테놀롤, 황산철, 클로르프로마진, 아세틸살리실산, 나프록센, 메토프롤롤, 레보도파, 시프로플록사신, 오플록사신, 케토데옥시콜린산, 불화나트륨, 이소니아지드, 에녹사신, 노르플록사신, 레보티록신, 쿠마린유도체, 철, 클로르프로마진과 함께 사용 시 의사 또는 약사와 상의하십시오.탄산음료는 복용 전에는 피하십시오."
201604969,시크린원점안액,시크린원,,조아제약(주),,
201604986,레스타민코와파우더크림,레스타민코와파우더,,한국코와(주),,
201605007,렘피드캡슐(에르도스테인),렘피드,에르도스테인,(주)마더스제약,https://nedrug.mfds.go.kr/pbp/cmn/itemImageDownload/147446607885900111,기침약을 복용중인 사람은 의사 또는 약사와 상의하십시오.
201605059,프레시뷰베타점안액,프레시뷰베타,,화일약품(주),,
201605000,슈가린정,슈가린,,알리코제약(주),https://nedrug.mfds.go.kr/pbp/cmn/itemImageDownload/1PobI1ky3db,"아세트아미노펜을 포함하는 다른 제품, MAO 억제제(항우울제, 항정신병제, 감정조절제, 항파킨슨제 등), 진해거담제(가래약), 다른 감기약, 해열진통제, 진정제, 항히스타민제를 함유하는 내복약(비염용 경구제, 멀미약, 알레르기용약)와 함께 복용하지 마십시오. 이 약을 복용하기 전에 플루클록사실린, 바르비탈계 약물, 삼환계 항우울제, 알코올, 당뇨약, 통풍약, 관절염약, 항응고제, 스테로이드제 등 다른 약품과 함께 사용 시 의사 또는 약사와 상의하십시오. 복용 중에는 음주하지 마십시오."
201605095,이누쿨인후스프레이액(포비돈요오드),이누쿨인후스프레이,포비돈요오드,일양바이오팜(주),,
201605110,립톡케어액(폴리크레줄렌액50%),립톡케어,폴리크레줄렌액50%,부광약품(주),,다른 외용제와 함께 사용하지 마십시오.
201605133,마스원큐페이스트(트리암시놀론아세토니드),마스원큐페이스트,트리암시놀론아세토니드,(주)일화,,
201605160,제놀하이드로24카타플라스마(록소프로펜나트륨수화물),제놀하이드로24카타플라스마,록소프로펜나트륨수화물,(주)녹십자,,
201605325,알두스캡슐(에르도스테인),알두스,에르도스테인,아주약품(주),https://nedrug.mfds.go.kr/pbp/cmn/itemImageDownload/1MncJAM5kAd,기침약을 복용중인 사람은 의사 또는 약사와 상의하십시오.
201605326,바로코민골드정,바로코민골드,,신풍제약(주),https://nedrug.mfds.go.kr/pbp/cmn/itemImageDownload/147759760473100164,"인산염, 칼슘염, 경구용 테트라사이클린계 제제, 제산제, 레보도파와 함께 복용하지 마십시오.에스트로겐을 포함한 경구용 피임제, 항알도스테론제, 트리암테렌과 함께 복용 시 의사 또는 약사와 상의하십시오.녹차, 홍차 등 탄닌을 함유하는 차는 복용 중, 복용 전후에는 피하십시오."
201605433,칼니틴정(엘카르니틴),칼니틴,엘카르니틴,알리코제약(주),https://nedrug.mfds.go.kr/pbp/cmn/itemImageDownload/1NmN-TQeVL3,정주용 지질제와 함께 사용 시 의사 또는 약사와 상의하십시오.
201605441,메모큐액,메모큐,,고려제약(주),,
201605486,비맥스액티브정,비맥스액티브,,(주)녹십자,https://nedrug.mfds.go.kr/pbp/cmn/itemImageDownload/147759769438500040,"이 약을 복용하는 동안 인산염, 칼슘염, 경구용 테트라사이클린계 제제, 제산제, 레보도파를 복용하지 마십시오.에스트로겐을 포함한 경구용 피임제, 항알도스테론제, 트리암테렌과 함께 복용 시 의사 또는 약사와 상의하십시오.녹차, 홍차 등 탄닌을 함유하는 차는 복용 중, 복용 전후에는 피하십시오."
201605497,비백파워정,비백파워,,알리코제약(주),https://nedrug.mfds.go.kr/pbp/cmn/itemImageDownload/149140522283400113,"인산염, 칼슘염, 경구용 테트라사이클린계 제제, 제산제, 레보도파와 함께 복용하지 마십시오.항알도스테론제, 트리암테렌과 함께 복용 시 의사 또는 약사와 상의하십시오.녹차, 홍차 등 탄닌을 함유하는 차는 복용 중, 복용 전후에는 피하십시오."
201605499,기가제로연질캡슐,기가제로,,코스맥스파마(주),https://nedrug.mfds.go.kr/pbp/cmn/itemImageDownload/148431162903300136,"다른 진해(기침을 그치게 함)·거담제(가래약), 감기약과 함께 복용하지 마십시오."
201605527,나프날크림(나프티핀염산염),나프날,나프티핀염산염,풍림무약(주),,다른 국소 적용 약물과 함께 사용 시 의사 또는 약사와 상의하십시오.
201605549,리도아번겔(리도카인),리도아번,리도카인,(주)퍼슨,,부정맥용제(토카이니드 등)와 함께 사용 시 의사 또는 약사와 상의하십시오.
201605578,비타케어에프정,비타케어에프,,(주)에이프로젠바이오로직스,https://nedrug.mfds.go.kr/pbp/cmn/itemImageDownload/148864205722200055,"인산염, 칼슘염, 경구용 테트라사이클린계 제제, 제산제, 레보도파와 함께 복용하지 마십시오.에스트로겐을 포함한 경구용 피임제, 항알도스테론제, 트리암테렌과 함께 복용 시 의사 또는 약사와 상의하십시오.녹차, 홍차 등 탄닌을 함유하는 차는 복용 중, 복용 전후에는 피하십시오."
201605694,맥스디스정,맥스디스,,한국코러스(주),https://nedrug.mfds.go.kr/pbp/cmn/itemImageDownload/148362363212600157,"인산염, 칼슘염, 경구용 테트라사이클린계 제제, 제산제와 함께 복용하지 마십시오. 강심배당체, 항알도스테론제, 트리암테렌과 함께 복용 시 의사 또는 약사와 상의하십시오. 녹차, 홍차 등 탄닌을 함유하는 차는 복용 중, 복용 전후에는 피하십시오."
201605724,히트펜정,히트펜,,(주)라이트팜텍,https://nedrug.mfds.go.kr/pbp/cmn/itemImageDownload/1OIac6HFRLO,"아세트아미노펜을 포함하는 다른 제품, MAO 억제제(항우울제, 항정신병제, 감정조절제, 항파킨슨제 등), 진해거담제, 다른 감기약, 해열진통제, 진정제, 항히스타민제를 함유하는 내복약(비염용 경구제, 멀미약, 알레르기용약) 함께 복용하지 마십시오. 플루클록사실린, 바르비탈계 약물, 삼환계 항우울제 및 알코올을 투여한 환자는 의사 또는 약사와 상의하십시오. 복용 중에는 음주하지 마십시오."
201605943,엘카르닌정(L-카르니틴),엘카르닌,L-카르니틴,(주)씨엠지제약,https://nedrug.mfds.go.kr/pbp/cmn/itemImageDownload/1NOwp2F65F6,
201605959,신신아렉스로션,신신아렉스,,신신제약(주),,
201605979,케라티모캡슐,케라티모,,정우신약(주),https://nedrug.mfds.go.kr/pbp/cmn/itemImageDownload/1NqFP7I3D0w,설폰아미드 제제와 동시 복용 시 의사 또는 약사와 상의하십시오.
201606067,더블자임정,더블자임,,에스케이케미칼(주),https://nedrug.mfds.go.kr/pbp/cmn/itemImageDownload/1OGYzwP1-BC,"위장진통, 진경제와 함께 복용하지 마십시오. 칼륨함유제제, 감초함유제제, 글리시리진산 혹은 그 염류 함유제제, 루프계 이뇨제(푸로세미드, 에타크린산) 또는 티아지드계 이뇨제(트리클로르메치아지드)와 함께 복용 시 의사 또는 약사와 상의하십시오."
201606059,로게인5%폼에어로졸(미녹시딜),로게인폼에어로졸,미녹시딜,켄뷰코리아판매유한회사,,"이 약을 사용하는 동안 다른 두피용 약물, 외용 코르티코이드, 레티노이드, 바셀린, 디트라놀 또는 경피흡수를 촉진시킨다고 알려진 약물, 구아네티틴 등의 혈관확장제를 함께 사용하지 마십시오."
201606068,내시콜액(시메티콘),내시콜,시메티콘,(주)퍼슨,,
201606139,큐엔디1000연질캡슐,큐엔디1000,,코스맥스파마(주),https://nedrug.mfds.go.kr/pbp/cmn/itemImageDownload/148431162903300148,에스트로겐을 포함한 경구용 피임제와 함께 복용 시 의사 또는 약사와 상의하십시오.
201606148,파인싹연질캡슐(클로닉신리시네이트),파인싹,클로닉신리시네이트,제일헬스사이언스(주),https://nedrug.mfds.go.kr/pbp/cmn/itemImageDownload/154777200732000128,"이 약을 복용하는 동안 다른 비스테로이드성 소염진통제(NSAIDs), ACE 억제제 또는 안지오텐신Ⅱ 수용체 길항제, 아스피린, 이뇨제, 리튬, 메토트렉세이트, 쿠마린계 항응고제(와르파린 등), 시클로스포린 및 타크로리무스, 항혈소판제 및 선택적 세로토닌 재흡수 억제제(SSRI), 코르티코스테로이드를 함께 복용하지 마십시오. 미소프로스톨을 복용하는 환자는 복용하기 전에 의사 또는 약사와 상의하십시오."
201606231,아이수점안액,아이수,,한림제약(주),,
201606245,오케이원스외용액(테르비나핀염산염),오케이원스외용,테르비나핀염산염,조아제약(주),,
201606259,더마큐어로션2.5%(히드로코르티손),더마큐어,히드로코르티손,에이치엘비제약(주),,
201606264,크록쎈연질캡슐(클로닉신리시네이트),크록쎈,클로닉신리시네이트,(주)마더스제약,https://nedrug.mfds.go.kr/pbp/cmn/itemImageDownload/1MaQuqD9cMU,"이 약을 복용하는 동안 다른 비스테로이드성 소염진통제(NSAIDs), ACE 억제제 또는 안지오텐신Ⅱ 수용체 길항제, 아스피린, 이뇨제, 리튬, 메토트렉세이트, 쿠마린계 항응고제(와르파린 등), 시클로스포린 및 타크로리무스, 항혈소판제 및 선택적 세로토닌 재흡수 억제제(SSRI), 코르티코스테로이드를 함께 복용하지 마십시오. 미소프로스톨을 복용하는 환자는 복용하기 전에 의사 또는 약사와 상의하십시오."
201606382,페리터치액(폴리크레줄렌액50%),페리터치,폴리크레줄렌액50%,(주)녹십자,,다른 외용제와 함께 사용하지 마십시오.
201606414,투와이스플러스연질캡슐,투와이스플러스,,동방에프티엘(주),https://nedrug.mfds.go.kr/pbp/cmn/itemImageDownload/148864205722200067,"인산염, 칼슘염, 경구용 테트라사이클린계 제제, 제산제와 함께 복용하지 마십시오.에스트로겐을 포함한 경구용 피임제, 항알도스테론제, 트리암테렌, 정주용 지질제와 함께 사용 시 의사 또는 약사와 상의하십시오.녹차, 홍차 등 탄닌을 함유하는 차는 복용 중, 복용 전후에는 피하십시오."
201606425,오늘비타더블골드정,오늘비타더블골드,,동아제약(주),https://nedrug.mfds.go.kr/pbp/cmn/itemImageDownload/1Mq0-FtEWnQ,레보도파와 함께 복용하지 마십시오.
201606430,마미센스정,마미센스,,신일제약(주),https://nedrug.mfds.go.kr/pbp/cmn/itemImageDownload/148388284331200018,"인산염, 칼슘염, 경구용 테트라사이클린계 제제, 제산제, 레보도파와 함께 복용하지 마십시오. 항알도스테론제, 트리암테렌과 함께 복용 시 의사 또는 약사와 상의하십시오.녹차, 홍차 등 탄닌을 함유하는 차는 복용 중, 복용 전후에는 피하십시오."
201606463,바이타액트이엑스정,바이타액트이,,일양약품(주),https://nedrug.mfds.go.kr/pbp/cmn/itemImageDownload/148604288603600063,"인산염, 칼슘염, 경구용 테트라사이클린계 제제, 제산제, 레보도파와 함께 복용하지 마십시오. 에스트로겐을 포함한 경구(먹는)용 피임제, 항알도스테론제, 트리암테렌과 함께 복용 시 의사 또는 약사와 상의하십시오. 녹차, 홍차 등 탄닌을 함유하는 차는 복용 중, 복용 전후에는 피하십시오."
201606467,나프젠크림(나프티핀염산염),나프젠,나프티핀염산염,현대약품(주),,다른 국소 적용 약물과 함께 사용 시 의사 또는 약사와 상의하십시오.
201606492,마그토벤연질캡슐,마그토벤,,코스맥스파마(주),https://nedrug.mfds.go.kr/pbp/cmn/itemImageDownload/148431162903300142,"인산염, 칼슘염, 경구용 테트라사이클린계 제제, 제산제, 레보도파와 함께 복용하지 마십시오. 에스트로겐을 포함한 경구용 피임제, 항알도스테론제, 트리암테렌, 정주용 지질제와 함께 사용 시 의사 또는 약사와 상의하십시오. 녹차, 홍차 등 탄닌을 함유하는 차는 복용 중, 복용 전후에는 피하십시오."
201606516,모아타민골드비백정,모아타민골드비백,,(주)한풍제약,https://nedrug.mfds.go.kr/pbp/cmn/itemImageDownload/148613642712300049,"인산염, 칼슘염, 경구용 테트라사이클린계 제제, 제산제, 레보도파와 함께 복용하지 마십시오.항알도스테론제, 트리암테렌과 함께 복용 시 의사 또는 약사와 상의하십시오.녹차, 홍차 등 탄닌을 함유하는 차는 복용 중, 복용 전후에는 피하십시오."
201606577,대화산화마그네슘정,대화산화마그네슘,,대화제약(주),https://nedrug.mfds.go.kr/pbp/cmn/itemImageDownload/1NS5ZX4TpZH,"테트라사이클린계 항생물질과 함께 복용하지 마십시오.다량의 우유, 칼슘제제와 함께 복용 시 의사 또는 약사와 상의하십시오."
201606591,큐앤큐헥시코올거즈액,큐앤큐헥시코올거즈,,큐앤큐팜(주),,
201606592,큐앤큐헥시코올탈지면액,큐앤큐헥시코올탈지면,,큐앤큐팜(주),,
201606593,훼로바맘스케어정,훼로바맘스케어,,부광약품(주),https://nedrug.mfds.go.kr/pbp/cmn/itemImageDownload/148612789757500117,"인산염, 칼슘염, 경구용 테트라사이클린계 제제, 제산제, 레보도파와 함께 복용하지 마십시오.강심배당체, 에스트로겐을 포함한 경구용 피임제, 항알도스테론제, 트리암테렌과 함께 복용 시 의사 또는 약사와 상의하십시오.녹차, 홍차 등 탄닌을 함유하는 차는 복용 중, 복용 전후에는 피하십시오."
201606607,바이타비플러스정,바이타비플러스,,대한뉴팜(주),https://nedrug.mfds.go.kr/pbp/cmn/itemImageDownload/148387985149700107,레보도파와 함께 복용하지 마십시오.
201606619,타바자겔,타바자,,시믹씨엠오코리아주식회사,,"다른 혈액응고저지제(예, 쿠마린, 아스피린, 디피리다몰, 덱스트란, 스트렙토키나제 등)와 함께 사용 시 출혈이 증가 할 수 있으므로 의사 또는 약사와 상의하십시오."
201606639,더마스킨연고,더마스킨,,정우신약(주),,
201606648,두피나액,두피나,,일양약품(주),,
201606681,알벤다정(알벤다졸),알벤다,알벤다졸,(주)바스칸바이오제약,https://nedrug.mfds.go.kr/pbp/cmn/itemImageDownload/148682304213600129,"이 약을 복용하는 동안 테오필린, 시메티딘, 프라지콴텔, 덱사메타손, 리토나비르, 페니토인, 카르바마제핀, 페노바르비탈을 함께 복용하지 마십시오."
201606696,"아이엔젤톡톡점안액(트레할로스수화물)(1회용), 아이엔젤톡톡점안액(트레할로스수화물)","아이엔젤톡톡점안액, 아이엔젤톡톡",트레할로스수화물,유니메드제약(주),,다른 점안제와 동시에 사용할 경우 다른 점안제를 사용하고 약 10분 후에 이 약을 점안하십시오.
201606702,라라올라액(L-아스파르트산-L-아르기닌수화물),라라올라,L-아스파르트산-L-아르기닌수화물,(주)유한양행,,"이 약을 복용하는 동안 항정신병약, 수면제를 함께 복용하지 마십시오."
201606714,벌무덴쿨겔,벌무덴쿨,,일양약품(주),,
201606736,벤포비타100정,벤포비타100,,(주)넥스팜코리아,https://nedrug.mfds.go.kr/pbp/cmn/itemImageDownload/149723255199200027,"인산염, 칼슘염, 경구용 테트라사이클린계 제제, 제산제, 레보도파와 함께 복용하지 마십시오. 항알도스테론제, 트리암테렌과 함께 복용 시 의사 또는 약사와 상의하십시오. 녹차, 홍차 등 탄닌을 함유하는 차는 복용 중, 복용 전후에는 피하십시오."
201606763,마미즈시럽,마미즈,,(주)퍼슨,,"이 약을 복용하는 동안 다른 진토제, 감기약, 해열진통제, 항히스타민제, 진정제, 진해거담제, 알코올성 음료 등을 복용하지 마십시오."
201606791,기가프신연질캡슐,기가프신,,(주)에이프로젠바이오로직스,https://nedrug.mfds.go.kr/pbp/cmn/itemImageDownload/148604072451200106,"다른 진해(기침을 그치게 함)·거담제(가래약), 감기약과 함께 복용하지 마십시오."
201606811,무조무원스외용액(테르비나핀염산염),무조무원스외용,테르비나핀염산염,신신제약(주),,
201606826,치젤연고,치젤,,동국제약(주),,"이 약을 사용하는 동안 dl-메틸에페드린염산염, 스코폴리아 엑스 및 글리시리진산 함유 좌제 또는 연고제, 크림제, 혈압강하제, 항우울약을 복용(사용)하지 마십시오."
201606897,이부쎈에프정(이부프로펜아르기닌),이부쎈에프,이부프로펜아르기닌,(주)마더스제약,https://nedrug.mfds.go.kr/pbp/cmn/itemImageDownload/1Pvn3im1yQr,"이 약을 복용하는 동안 바크로펜, 메토트렉세이트과 함께 복용하지 마십시오. 다른 해열진통제, 프로베네시드, 설핀피라존, 디곡신, 페니토인, 항고혈압제, 이뇨제, ACE억제제, 푸로세미드, 아스피린, 리튬, 경구용 항응혈제(와파린 등)를 복용하는 경우 의사 또는 약사와 상의하십시오."
201606922,프로부틴정(트리메부틴말레산염),프로부틴,트리메부틴말레산염,(주)경보제약,https://nedrug.mfds.go.kr/pbp/cmn/itemImageDownload/148864205722200181,
201606934,라미핀쿨크림,라미핀쿨,,코오롱제약(주),,
201606935,동성에르도스테인캡슐(에르도스테인),동성에르도스테인,에르도스테인,동성제약(주),https://nedrug.mfds.go.kr/pbp/cmn/itemImageDownload/1Pvn3im1xs2,기침약을 복용중인 사람은 의사 또는 약사와 상의하십시오.
201607014,하이간액(L-아스파르트산-L-오르니틴),하이간,L-아스파르트산-L-오르니틴,아이큐어(주),,
201607019,헤모나민정,헤모나민,,(주)마더스제약,https://nedrug.mfds.go.kr/pbp/cmn/itemImageDownload/150186122556700012,"인산염, 칼슘염, 경구용 테트라사이클린계 제제, 제산제와 함께 복용하지 마십시오. 항알도스테론제, 트리암테렌을 함께 사용 시 의사 또는 약사와 상의하십시오. 녹차, 홍차 등 탄닌을 함유하는 차는 복용 중, 복용 전후에는 피하십시오."
201607031,액티나민플러스정,액티나민플러스,,한국휴텍스제약(주),https://nedrug.mfds.go.kr/pbp/cmn/itemImageDownload/148864205722200145,"인산염, 칼슘염, 경구용 테트라사이클린계 제제, 제산제, 레보도파와 함께 복용하지 마십시오. 에스트로겐을 포함한 경구(먹는)용 피임제, 항알도스테론제, 트리암테렌과 함께 복용 시 의사 또는 약사와 상의하십시오. 녹차, 홍차 등 탄닌을 함유하는 차는 복용 중, 복용 전후에는 피하십시오."
201607058,비오틴골드정5밀리그램,비오틴골드,,초당약품공업(주),https://nedrug.mfds.go.kr/pbp/cmn/itemImageDownload/148612789757500135,"날계란과 함께 복용하지 마십시오. 카르바마제핀, 페니토인, 페노바르비탈, 항생제와 함께 복용 시 의사 또는 약사와 상의하십시오."
201607094,피엠원스외용액(테르비나핀염산염),피엠원스외용,테르비나핀염산염,경남제약(주),,
201607103,엔도파액(과아세트산액0.2%),엔도파,과아세트산액0.2%,(주)퍼슨,,차아염소산염 등의 염소계제제와 함께 사용하지 마십시오.
201607113,나프젠액1%(나프티핀염산염),나프젠,나프티핀염산염,현대약품(주),,다른 국소 적용 약물과 함께 사용 시 의사 또는 약사와 상의하십시오.
201607115,퍼슨쿨링겔,퍼슨쿨링,,(주)퍼슨,,
201607126,메디퀵스프레이,메디퀵스프레이,,(주)마더스제약,,
201607127,액티넘이엑스골드정,액티넘이엑스골드,,지피테라퓨틱스코리아주식회사,https://nedrug.mfds.go.kr/pbp/cmn/itemImageDownload/1OIqL7qNEVn,이 약을 복용하는 동안 레보도파를 복용하지 마십시오.에스트로겐을 포함한 경구용 피임제와 함께 복용 시 의사 또는 약사와 상의하십시오.
201607131,테라비타연질캡슐,테라비타,,(주)바스칸바이오제약,https://nedrug.mfds.go.kr/pbp/cmn/itemImageDownload/148682304213600117,정주용 지질제와 함께 사용 시 의사 또는 약사와 상의하십시오.
201607154,크램스탑연질캡슐,크램스탑,,코스맥스파마(주),https://nedrug.mfds.go.kr/pbp/cmn/itemImageDownload/151257486525300173,"이 약을 복용하는 동안 인산염, 칼슘염, 경구용 테트라사이클린계 제제, 제산제를 복용하지 마십시오.항알도스테론제, 트리암테렌, 에스트로겐을 포함한 경구용 피임제를 함께 복용하는 경우 의사 또는 약사와 상의하십시오.녹차, 홍차 등 탄닌을 함유하는 차는 복용 중, 복용 전후에는 피하십시오."
201607164,유원스외용액(테르비나핀염산염),유원스외용,테르비나핀염산염,(주)유유제약,,
201607393,파워비타연질캡슐,파워비타,,(주)바스칸바이오제약,https://nedrug.mfds.go.kr/pbp/cmn/itemImageDownload/148864205722200115,정주용 지질제와 함께 사용 시 의사 또는 약사와 상의하십시오.
201607229,이부뉴펜연질캡슐(이부프로펜),이부뉴펜,이부프로펜,동방에프티엘(주),https://nedrug.mfds.go.kr/pbp/cmn/itemImageDownload/148604284014300026,"고용량 메토트렉세이트, 다른 비스테로이드성 소염진통제와 함께 이 약을 복용하지 마십시오. 저용량 아스피린, ACE 저해제 복용자, 리튬, 푸로세미드 및 티아지드계 이뇨제, 저용량 메토트렉세이트, 쿠마린계 항응혈제(와파린 등), 선택적 세로토닌 재흡수억제제를 복용하는 환자는 의사 또는 약사와 상의하십시오."
201607230,쏙코에스연질캡슐,쏙코에스,,(주)에이프로젠바이오로직스,https://nedrug.mfds.go.kr/pbp/cmn/itemImageDownload/149745351058400010,"아세트아미노펜을 포함하는 다른 제품, MAO억제제(항우울제, 항정신병제, 감정조절제, 항파킨슨제 등), 진해(기침을 그치게 함)거담제(가래약), 다른 감기약, 해열진통제, 진정제, 항히스타민제를 함유하는 내복약(비염용 경구제, 멀미약, 알레르기용약), 플루클록사실린과 함께 복용하지 마십시오. MAO억제제(항우울제, 항정신병제, 감정조절제, 항파킨슨제 등)의 복용을 중단한 후 2주 이내의 사람은 이 약을 복용하지 마십시오. 바르비탈계 약물, 삼환계 항우울제 및 알코올을 투여한 환자는 의사 또는 약사와 상의하십시오. 복용 중에는 음주하지 마십시오."
201607416,유니클린액(염화알루미늄),유니클린,염화알루미늄,(주)유유제약,,
201700107,베노쿨키드크림,베노쿨키드,,(주)유유제약,,
201700144,마그포스감마연질캡슐,마그포스감마,,코오롱제약(주),https://nedrug.mfds.go.kr/pbp/cmn/itemImageDownload/1Pvn3im1xng,"인산염, 칼슘염, 경구용 테트라사이클린계 제제, 제산제, 레보도파와 함께 복용하지 마십시오.에스트로겐을 포함한 경구용 피임제, 항알도스테론제, 트리암테렌과 함께 복용 시 의사 또는 약사와 상의하십시오.녹차, 홍차 등 탄닌을 함유하는 차는 복용 중, 복용 전후에는 피하십시오."
201700124,이지콜씨플러스캡슐,이지콜씨플러스,,(주)한풍제약,https://nedrug.mfds.go.kr/pbp/cmn/itemImageDownload/151456099314400049,"아세트아미노펜을 포함하는 다른 제품, MAO억제제(항우울제, 항정신병제, 감정조절제, 항파킨슨제 등), 진해거담제, 다른 감기약, 해열진통제, 진정제, 항히스타민제를 함유하는 내복약(비염용 경구제, 멀미약, 알레르기용약)과 함께 복용하지 마십시오. MAO 억제제(항우울제, 항정신병제, 감정조절제, 항파킨슨제 등) 복용을 중단한 후 2주 이내의 사람은 이 약을 복용하지 마십시오. 당뇨약, 통풍약, 관절염약, 항응고제, 스테로이드제, 바르비탈계 약물, 삼환계 항우울제, 알코올, 칼륨함유제제, 감초함유제제, 글리시리진산 또는 그 염류 함유제제, 루프계 이뇨제(푸로세미드, 에타크린산) 또는 티아지드계 이뇨제(트리클로르메티아지드)와 함께 복용 시 의사 또는 약사와 상의하십시오. 복용 중에는 음주하지 마십시오."
201700138,쏙콜에스연질캡슐,쏙콜에스,,(주)에이프로젠바이오로직스,https://nedrug.mfds.go.kr/pbp/cmn/itemImageDownload/149745351058400004,"아세트아미노펜을 포함하는 다른 제품, MAO억제제(항우울제, 항정신병제, 감정조절제, 항파킨슨제 등), 진해(기침을 그치게 함)거담제(가래약), 다른 감기약, 해열진통제, 진정제, 항히스타민제를 함유하는 내복약(비염용 경구제, 멀미약, 알레르기용약), 플루클록사실린과 함께 복용하지 마십시오. MAO억제제(항우울제, 항정신병제, 감정조절제, 항파킨슨제 등)를 복용하고 있거나 복용을 중단한 후 2주 이내의 사람은 이 약을 복용하지 마십시오. 바르비탈계 약물, 삼환계 항우울제 및 알코올을 투여한 환자는 의사 또는 약사와 상의하십시오. 복용 중에는 음주하지 마십시오."
201700139,쏙코프에스연질캡슐,쏙코프에스,,(주)에이프로젠바이오로직스,https://nedrug.mfds.go.kr/pbp/cmn/itemImageDownload/149745351058400016,"아세트아미노펜을 포함하는 다른 제품, MAO억제제(항우울제, 항정신병제, 감정조절제, 항파킨슨제 등), 진해(기침을 그치게 함)거담제(가래약), 다른 감기약, 해열진통제, 진정제, 항히스타민제를 함유하는 내복약(비염용 경구제, 멀미약, 알레르기용약), 플루클록사실린과 함께 복용하지 마십시오. 바르비탈계 약물, 삼환계 항우울제 및 알코올을 투여한 환자는 의사 또는 약사와 상의하십시오. 복용 중에는 음주하지 마십시오."
201700225,베노쿨에스액,베노쿨에스,,(주)유유제약,,
201700245,건아이점안액(폴리소르베이트80)(1회용),건아이,1회용,유니메드제약(주),,
201700254,아니스펜8시간이알서방정(아세트아미노펜),아니스펜8시간이알서방,아세트아미노펜,(주)제뉴파마,https://nedrug.mfds.go.kr/pbp/cmn/itemImageDownload/148802168111300173,"다른 소염(항염)진통제, 아세트아미노펜을 포함하는 다른 제품, 바르비탈계 약물, 삼환계 항우울제, 알코올과 함께 이 약을 복용하지 마십시오. 이 약을 복용하기 전에 와파린, 플루클록사실린을 복용한 환자는 의사 또는 약사와 상의하십시오."
201700260,애니피론액(L-아스파르트산-L-아르기닌수화물),애니피론,L-아스파르트산-L-아르기닌수화물,(주)제뉴파마,,"항정신병약, 수면제와 함께 복용하지 마십시오."
201700293,마그온연질캡슐,마그온,,(주)대웅제약,https://nedrug.mfds.go.kr/pbp/cmn/itemImageDownload/150108271437100164,"이 약을 복용하는 동안 인산염, 칼슘염, 경구(먹는, 복용하는)용 테트라사이클린계 제제, 제산제, 레보도파와 함께 복용하지 마십시오.에스트로겐을 포함한 경구용 피임제, 항알도스테론제, 트리암테렌, 정주용 지질제와 함께 사용 시 의사 또는 약사와 상의하십시오.녹차, 홍차 등 탄닌을 함유하는 차는 복용 중, 복용 전후에는 피하십시오."
201700259,애피단정,애피단,,유니메드제약(주),https://nedrug.mfds.go.kr/pbp/cmn/itemImageDownload/148682304213600069,"아세트아미노펜을 포함하는 다른 제품, MAO억제제(항우울제, 항정신병제, 감정조절제, 항파킨슨제 등), 진해거담제, 다른 감기약, 해열진통제, 진정제, 항히스타민제를 함유하는 내복약(비염용 경구제, 멀미약, 알레르기용약)과 함께 복용하지 마십시오. 당뇨약, 통풍약, 관절염약, 항응고제, 스테로이드제, 바르비탈계 약물, 삼환계 항우울제, 알코올과 함께 복용 시 의사 또는 약사와 상의하십시오. 복용 중에는 음주하지 마십시오."
201700353,베노터치힐러플라스타,베노터치힐러플라스타,,(주)유유제약,,
201700401,로젠연질캡슐(나프록센),로젠,나프록센,정우신약(주),https://nedrug.mfds.go.kr/pbp/cmn/itemImageDownload/1Pvn3im1yqX,"다른 비스테로이드성 소염진통제(NSAIDs) 및 나프록센 유도체, 아스피린, 고용량 메토트렉세이트와 함께 복용하지 마십시오. 히단토인계 항간질제, 설파제, 설포닐요소계 혈당강하제, 프로프라놀롤 및 다른 -차단제, ACE 저해제(억제제)(캅토프릴 등), 루프계 이뇨제 및 치아짓계 이뇨제, 프로베네시드, 리튬, 저용량의 메토트렉세이트, 쿠마린계 항응혈제(와파린 등), 지도부딘, 뉴퀴놀론계 항생물질(에녹사신 등)과 함께 복용 시 의사 또는 약사와 상의하십시오."
201700418,에르테인캡슐(에르도스테인),에르테인,에르도스테인,(주)일화,https://nedrug.mfds.go.kr/pbp/cmn/itemImageDownload/149745481738000048,기침약을 복용중인 사람은 의사 또는 약사와 상의하십시오.
201700480,삐콤씨액티브정,삐콤씨액티브,,(주)유한양행,https://nedrug.mfds.go.kr/pbp/cmn/itemImageDownload/148983643102100128,이 약을 복용하는 동안 레보도파를 복용하지 마십시오.에스트로겐을 포함한 경구용 피임제와 함께 복용 시 의사 또는 약사와 상의하십시오.
201700503,혈앤보알파연질캡슐,혈앤보알파,,경남제약(주),https://nedrug.mfds.go.kr/pbp/cmn/itemImageDownload/149140522283400188,"인산염, 칼슘염, 경구용 테트라사이클린계 제제, 제산제, 레보도파와 함께 복용하지 마십시오. 에스트로겐을 포함한 경구용 피임제, 항알도스테론제, 트리암테렌, 정주용 지질제와 함께 사용시 의사 또는 약사와 상의하십시오. 녹차, 홍차 등 탄닌을 함유하는 차는 복용 중, 복용 전후에는 피하십시오."
201700500,세다큐코프연질캡슐,세다큐코프,,경남제약(주),https://nedrug.mfds.go.kr/pbp/cmn/itemImageDownload/149520842210400196,"아세트아미노펜을 포함하는 다른 제품, MAO억제제(항우울제, 항정신병제, 감정조절제, 항파킨슨제 등), 진해(기침을 그치게 함)거담제(가래약), 다른 감기약, 해열진통제, 진정제, 항히스타민제를 함유하는 내복약(비염용 경구제, 멀미약, 알레르기용약), 플루클록사실린과 함께 복용하지 마십시오. 바르비탈계 약물, 삼환계 항우울제 및 알코올을 투여한 환자는 의사 또는 약사와 상의하십시오."
201700510,메가트루액티브정,메가트루액티브,,(주)유한양행,https://nedrug.mfds.go.kr/pbp/cmn/itemImageDownload/148975427410700133,"인산염, 칼슘염, 경구용 테트라사이클린계 제제, 제산제, 레보도파와 함께 복용하지 마십시오. 항알도스테론제, 트리암테렌과 함께 복용 시 의사 또는 약사와 상의하십시오. 녹차, 홍차 등 탄닌을 함유하는 차는 복용 중, 복용 전후에는 피하십시오."
201700501,세다큐콜드연질캡슐,세다큐콜드,,경남제약(주),https://nedrug.mfds.go.kr/pbp/cmn/itemImageDownload/149520846957200002,"아세트아미노펜을 포함하는 다른 제품, MAO억제제(항우울제, 항정신병제, 감정조절제, 항파킨슨제 등), 진해(기침을 그치게 함)거담제(가래약), 다른 감기약, 해열진통제, 진정제, 항히스타민제를 함유하는 내복약(비염용 경구제, 멀미약, 알레르기용약), 플루클록사실린과 함께 복용하지 마십시오. 바르비탈계 약물, 삼환계 항우울제 및 알코올을 투여한 환자는 의사 또는 약사와 상의하십시오. 복용 중에는 음주하지 마십시오."
201700502,세다큐노즈연질캡슐,세다큐노즈,,경남제약(주),https://nedrug.mfds.go.kr/pbp/cmn/itemImageDownload/1Pvn3im1xd0,"아세트아미노펜을 포함하는 다른 제품, MAO억제제(항우울제, 항정신병제, 감정조절제, 항파킨슨제 등), 진해(기침을 그치게 함)거담제(가래약), 다른 감기약, 해열진통제, 진정제, 항히스타민제를 함유하는 내복약(비염용 경구제, 멀미약, 알레르기용약)과 함께 복용하지 마십시오. MAO억제제(항우울제, 항정신병제, 감정조절제, 항파킨슨제 등) 복용을 중단한 후 2주 이내의 사람은 이 약을 복용하지 마십시오. 바르비탈계 약물, 삼환계 항우울제 및 알코올을 투여한 환자는 의사 또는 약사와 상의하십시오. 복용 중에는 음주하지 마십시오."
201700539,모아헬드원정,모아헬드원,,(주)한풍제약,https://nedrug.mfds.go.kr/pbp/cmn/itemImageDownload/1M_fFrB4MTu,"인산염, 칼슘염, 경구용 테트라사이클린계 제제, 제산제, 레보도파와 함께 복용하지 마십시오.에스트로겐을 포함한 경구용 피임제, 항알도스테론제, 트리암테렌과 함께 복용 시 의사 또는 약사와 상의하십시오.녹차, 홍차 등 탄닌을 함유하는 차는 복용 중, 복용 전후에는 피하십시오."
201700567,유니도스캡슐(에르도스테인),유니도스,에르도스테인,한국유니온제약(주),https://nedrug.mfds.go.kr/pbp/cmn/itemImageDownload/1OXIaryg0Ja,기침약과 함께 복용하지 마십시오.
201700641,비나플러스연질캡슐,비나플러스,,코스맥스파마(주),https://nedrug.mfds.go.kr/pbp/cmn/itemImageDownload/149256825326800079,"인산염, 칼슘염, 경구용 테트라사이클린계 제제, 제산제, 레보도파와 함께 복용하지 마십시오.에스트로겐을 포함한 경구용 피임제, 항알도스테론제, 트리암테렌, 정주용 지질제와 함께 사용 시 의사 또는 약사와 상의하십시오.녹차, 홍차 등 탄닌을 함유하는 차는 복용 중, 복용 전후에는 피하십시오."
201700700,벤포맥스100정,벤포맥스100,,(주)한풍제약,https://nedrug.mfds.go.kr/pbp/cmn/itemImageDownload/150350284927300031,"인산염, 칼슘염, 경구용 테트라사이클린계 제제, 제산제, 레보도파와 함께 복용하지 마십시오.항알도스테론제, 트리암테렌과 함께 복용 시 의사 또는 약사와 상의하십시오.녹차, 홍차 등 탄닌을 함유하는 차는 복용 중, 복용 전후에는 피하십시오."
201700722,썬팩타민연질캡슐,썬팩타민,,(주)대웅제약,https://nedrug.mfds.go.kr/pbp/cmn/itemImageDownload/149745351058400028,
201700732,테라젠비타골드정,테라젠비타골드,,(주)테라젠이텍스,https://nedrug.mfds.go.kr/pbp/cmn/itemImageDownload/1MecIOjA61-,"인산염, 칼슘염, 경구용 테트라사이클린계 제제, 제산제, 레보도파와 함께 복용하지 마십시오. 에스트로겐을 포함한 경구용 피임제, 항알도스테론제, 트리암테렌과 함께 복용 시 의사 또는 약사와 상의하십시오. 녹차, 홍차 등 탄닌을 함유하는 차는 복용 중, 복용 전후에는 피하십시오."
201700729,이부로엔에스연질캡슐(이부프로펜),이부로엔에스,이부프로펜,코스맥스파마(주),https://nedrug.mfds.go.kr/pbp/cmn/itemImageDownload/1NcjsrU2ZR9,"다른 비스테로이드성 소염진통제, 저용량 아스피린, 고용량의 메토트렉세이트와 함께 복용하지 마십시오. ACE 저해제, 리튬, 푸로세미드 및 티아지드계 이뇨제, 쿠마린계 항응혈제(와파린 등), 선택적 세로토닌 재흡수억제제와 함께 복용 시 의사 또는 약사와 상의하십시오."
201700750,헤모큐수정,헤모큐수,,(주)대웅제약,https://nedrug.mfds.go.kr/pbp/cmn/itemImageDownload/1PivCLVP3_7,"이 약을 복용하는 동안 인산염, 칼슘염, 경구용 테트라사이클린계 제제, 제산제, 레보도파를 복용하지 마십시오.항알도스테론제, 트리암테렌과 함께 복용 시 의사 또는 약사와 상의하십시오.녹차, 홍차 등 탄닌을 함유하는 차는 복용 중, 복용 전후에는 피하십시오."
201700798,퍼스크린액0.12%(클로르헥시딘글루콘산염액),퍼스크린,클로르헥시딘글루콘산염액,유니메드제약(주),,
201700802,람노스캡슐500밀리그램(락토바실루스카제이변종람노수스),람노스,락토바실루스카제이변종람노수스,한화제약(주),https://nedrug.mfds.go.kr/pbp/cmn/itemImageDownload/149875082827600115,"설사 시 식사를 계속하는 경우 생음식, 과일, 야채, 매운 음식, 냉동된 음식 또는 음료를 먹지 마십시오."
201700813,노코리즈액(과산화수소수30%),노코리즈,과산화수소수30%,동아참메드주식회사,,
201700815,히루도이드포르테겔(뮤코폴리사카리드폴리설페이트),히루도이드포르테,뮤코폴리사카리드폴리설페이트,디케이에스에이치코리아(주),,
201700836,디유비정,디유비,,(주)휴온스,https://nedrug.mfds.go.kr/pbp/cmn/itemImageDownload/149085618332800060,제산제 또는 우유 섭취 후 1시간 이내에는 이 약을 복용하지 마십시오.
201700839,가네타인액,가네타인,,동성제약(주),,
201700854,레베스정,레베스,,(주)아이월드제약,https://nedrug.mfds.go.kr/pbp/cmn/itemImageDownload/148907400873300038,레보도파와 함께 복용하지 마십시오.에스트로겐을 포함한 경구용피임제와 함께 복용 시 의사 또는 약사와 상의하십시오.
201700907,위엔탑정,위엔탑,,일양바이오팜(주),https://nedrug.mfds.go.kr/pbp/cmn/itemImageDownload/1ODWhLtN6MR,"위장진통, 진경제와 함께 복용하지 마십시오.칼륨함유제제, 감초함유제제, 글리시리진산 혹은 그 염류 함유제제, 루프계 이뇨제(푸로세미드, 에타크린산) 또는 티아지드계 이뇨제(트리클로르메치아지드)와 함께 복용 시 의사 또는 약사와 상의하십시오."
201700909,치아탄캡슐,치아탄,,삼남제약(주),https://nedrug.mfds.go.kr/pbp/cmn/itemImageDownload/1MxlCk9Fpk3,
201701023,마이메가100정,마이메가100,,광동제약(주),https://nedrug.mfds.go.kr/pbp/cmn/itemImageDownload/149693644717000038,"인산염, 칼슘염, 경구용 테트라사이클린계 제제, 제산제, 레보도파와 함께 복용하지 마십시오. 강심배당체, 항알도스테론제, 트리암테렌과 함께 복용 시 의사 또는 약사와 상의하십시오. 녹차, 홍차 등 탄닌을 함유하는 차는 복용 중, 복용 전후에는 피하십시오."
201701043,마그넥신연질캡슐,마그넥신,,코스맥스파마(주),https://nedrug.mfds.go.kr/pbp/cmn/itemImageDownload/149287456392300164,"인산염, 칼슘염, 경구용 테트라사이클린계 제제, 제산제, 레보도파와 함께 복용하지 마십시오.에스트로겐을 포함한 경구용 피임제, 항알도스테론제, 트리암테렌, 정주용 지질제와 함께 사용 시 의사 또는 약사와 상의하십시오.녹차, 홍차 등 탄닌을 함유하는 차는 복용 중, 복용 전후에는 피하십시오."
201701092,넬케어네일라카(아모롤핀염산염),넬케어네일라카,아모롤핀염산염,(주)마더스제약,,
201701095,광동벤포파워액,광동벤포파워,,광동제약(주),,"이 약을 복용하는 동안 인산염, 칼슘염, 경구용 테트라사이클린계 제제, 제산제, 레보도파를 복용하지 마십시오. 항알도스테론제, 트리암테렌과 함께 복용 시 의사 또는 약사와 상의하십시오. 녹차, 홍차 등 탄닌을 함유하는 차는 복용 중, 복용 전후에는 피하십시오."
201701108,엘도프로정(에르도스테인),엘도프로,에르도스테인,영진약품(주),https://nedrug.mfds.go.kr/pbp/cmn/itemImageDownload/149805964888000073,기침약을 복용중인 사람은 의사 또는 약사와 상의하십시오.
201701117,디터점스울트라액(차아염소산나트륨0.14%),디터점스울트라,차아염소산나트륨0.14%,주식회사이엠비제약,,
201701133,유나모캡슐,유나모,,(주)바이넥스,https://nedrug.mfds.go.kr/pbp/cmn/itemImageDownload/1NcKioYQEir,설폰아미드 제제와 함께 사용 시 의사 또는 약사와 상의하십시오.
201701134,무조라실쿨크림,무조라실쿨,,일동제약(주),,
201701138,에뜨비정,에뜨비,,(주)휴온스메디텍,https://nedrug.mfds.go.kr/pbp/cmn/itemImageDownload/1PfWnnZ6gKj,제산제 또는 우유 섭취 후 1시간 이내에는 이 약을 복용하지 마십시오.
201701161,엘비타정,엘비타,,(주)휴온스메디텍,https://nedrug.mfds.go.kr/pbp/cmn/itemImageDownload/149140683129300006,레보도파와 함께 복용하지 마십시오.에스트로겐을 포함한 경구용 피임제와 함께 복용 시 의사 또는 약사와 상의하십시오.
201701140,프리스펜연질캡슐(이부프로펜),프리스펜,이부프로펜,코스맥스파마(주),https://nedrug.mfds.go.kr/pbp/cmn/itemImageDownload/150350280703000123,"항암요법으로 고용량 메토트렉세이트를 투여중인 환자, 다른 비스테로이드성 소염진통제와 함께 이 약을 복용하지 마십시오. 이 약을 복용하기 전에 저용량 아스피린, ACE 저해제 복용자, 리튬, 푸로세미드 및 티아지드계 이뇨제, 저용량 메토트렉세이트, 쿠마린계 항응혈제(와파린 등), 선택적 세로토닌 재흡수억제제를 복용하는 환자는 의사 또는 약사와 상의하십시오."
201701158,에페젠정,에페젠,,(주)휴온스메디텍,https://nedrug.mfds.go.kr/pbp/cmn/itemImageDownload/1NmN-TQeVWE,"아세트아미노펜을 포함하는 다른 제품, MAO억제제(항우울제, 항정신병제, 감정조절제, 항파킨슨제 등), 진해거담제, 다른 감기약, 해열진통제, 진정제, 항히스타민제를 함유하는 내복약(비염용 경구제, 멀미약, 알레르기용약), 디펜히드라민을 함유하는 제제(피부에 적용하는 제제 포함), 플루클록사실린과 함께 복용하지 마십시오. 바르비탈계 약물, 삼환계 항우울제 및 알코올을 투여한 환자는 의사 또는 약사와 상의하십시오."
201701163,판토시딜캡슐,판토시딜,,주식회사제뉴원사이언스,https://nedrug.mfds.go.kr/pbp/cmn/itemImageDownload/1NXGIZYt2Ks,설폰아미드 제제와 함께 사용 시 의사 또는 약사와 상의하십시오.
201701182,임팩타민케어정,임팩타민케어,,(주)대웅제약,https://nedrug.mfds.go.kr/pbp/cmn/itemImageDownload/151697289835800154,"인산염, 칼슘염, 경구용 테트라사이클린계 제제, 제산제, 레보도파와 함께 복용하지 마십시오.항알도스테론제, 트리암테렌과 함께 복용 시 의사 또는 약사와 상의하십시오.녹차, 홍차 등 탄닌을 함유하는 차는 복용 중, 복용 전후에는 피하십시오."
201701191,이지굿정,이지굿,,동국제약(주),https://nedrug.mfds.go.kr/pbp/cmn/itemImageDownload/1Pvn3im1xoU,다른 하제(설사약)와 함께 복용하지 마십시오. 제산제 또는 우유 섭취 후 1시간 이내에는 이 약을 복용하지 마십시오.
201701196,임팩셀연질캡슐,임팩셀,,코스맥스파마(주),https://nedrug.mfds.go.kr/pbp/cmn/itemImageDownload/151939939483100037,"인산염, 칼슘염, 경구용 테트라사이클린계 제제, 제산제, 레보도파와 함께 복용하지 마십시오. 에스트로겐을 포함한 경구용 피임제, 항알도스테론제, 트리암테렌, 정주용 지질제와 함께 사용 시 의사 또는 약사와 상의하십시오. 녹차, 홍차 등 탄닌을 함유하는 차는 복용 중, 복용 전후에는 피하십시오."
201701248,나프록소정(나프록센나트륨),나프록소,나프록센나트륨,오스템파마주식회사,https://nedrug.mfds.go.kr/pbp/cmn/itemImageDownload/154817162448300012,"다른 비스테로이드성 소염진통제, 나프록센 유도체, 고용량의 메토트렉세이트와 함께 복용하지 마십시오. 히단토인계 항뇌전증약, 설파제, 설포닐요소계 혈당강하제, 프로프라놀롤 및 다른 -차단제, ACE억제제(캅토프릴 등), 루프계 이뇨제 및 티아지드계 이뇨제, 프로베네시드, 아스피린, 리튬, 저용량의 메토트렉세이트, 쿠마린계 혈액응고저지제(와파린 등), 지도부딘, 뉴퀴놀론계 항생물질(에녹사신 등)과 함께 복용 시 의사 또는 약사와 상의하십시오."
201701257,터비뉴더블액션에어로솔,터비뉴더블액션에어로솔,,동아제약(주),,
201701269,부로멜장용정(브로멜라인),부로멜장용,브로멜라인,(주)바이넥스,https://nedrug.mfds.go.kr/pbp/cmn/itemImageDownload/1PHvcFIJhLs,항응고제 또는 혈소판응집억제제와 함께 사용하지 마십시오. 항생제(테트라싸이클린 등)와 함께 사용 시 의사 또는 약사와 상의하십시오.
201701295,파워콘드로600에프정,파워콘드로600에프,,주식회사 노바엠헬스케어,https://nedrug.mfds.go.kr/pbp/cmn/itemImageDownload/1Ob3ehS4L28,레보도파와 함께 복용하지 마십시오.
201701296,슈락스골드장용정,슈락스골드장용,,영풍제약(주),https://nedrug.mfds.go.kr/pbp/cmn/itemImageDownload/150108368273200046,제산제 또는 우유 섭취 후 1시간 이내에는 이 약을 복용하지 마십시오.
201701300,원기쏘플러스정,원기쏘플러스,,주식회사 노바엠헬스케어,https://nedrug.mfds.go.kr/pbp/cmn/itemImageDownload/1Ogz8Ct6tzQ,
201701325,코르텍골드구강붕해필름,코르텍골드구강붕해필름,,(주)씨엘팜,,"MAO 억제제(항우울제, 항정신병제, 감정조절제, 항파킨슨제 등), 다른 비염용 내복약, 항히스타민제를 함유하는 내복약(감기약, 진해 거담제, 멀미약, 알레르기 약 등), 위장 진통 진경제와 함께 복용하지 마십시오.복용 중에는 음주하지 마십시오."
201701347,비타콤보정,비타콤보,,(주)테라젠이텍스,https://nedrug.mfds.go.kr/pbp/cmn/itemImageDownload/149996040389900037,"인산염, 칼슘염, 경구용 테트라사이클린계 제제, 제산제, 레보도파와 함께 복용하지 마십시오. 에스트로겐을 포함한 경구용 피임제, 항알도스테론제, 트리암테렌과 함께 복용 시 의사 또는 약사와 상의하십시오. 녹차, 홍차 등 탄닌을 함유하는 차는 복용 중, 복용 전후에는 피하십시오."
201701352,파워본앤킹연질캡슐,파워본앤킹,,(주)에이프로젠바이오로직스,https://nedrug.mfds.go.kr/pbp/cmn/itemImageDownload/1Pvn3im1yD6,"인산염, 칼슘염, 경구용 테트라사이클린계 제제, 제산제와 함께 복용하지 마십시오. 강심배당체, 항알도스테론제, 트리암테렌, 정주용 지질제와 함께 사용 시 의사 또는 약사와 상의하십시오. 녹차, 홍차 등 탄닌을 함유하는 차는 복용 중, 복용 전후에는 피하십시오."
201701380,치센캡슐(디오스민),치센,디오스민,동국제약(주),https://nedrug.mfds.go.kr/pbp/cmn/itemImageDownload/149261640373800030,
201701416,조인파워연질캡슐,조인파워,,구주제약(주),https://nedrug.mfds.go.kr/pbp/cmn/itemImageDownload/150013321875100007,레보도파와 함께 복용하지 마십시오. 에스트로겐을 포함한 경구용 피임제와 함께 복용 시 의사 또는 약사와 상의하십시오.
201701443,에이클로크림,에이클로,,(주)동구바이오제약,,프로베네시드와 함께 사용 시 의사 또는 약사와 상담하십시오.
201701383,덱펜정(덱시부프로펜),덱펜,덱시부프로펜,(주)경보제약,https://nedrug.mfds.go.kr/pbp/cmn/itemImageDownload/150160203116300165,"아스피린, 다른 비스테로이드성 소염진통제, 항암요법으로 사용하는 고용량(15 mg/주 이상)의 메토트렉세이트와 함께 복용하지 마십시오. 이 약을 복용하기 전에 코르티코스테로이드, 알코올, 디곡신, 페니토인, 프로베네시드, 설핀피라존, 설포닐우레아제, ACE 억제제, 안지오텐신Ⅱ 수용체 길항제, 이뇨제, 리튬, 쿠마린계 항응고제(와르파린 등), 바클로펜, 면역억제제(시클로스포린, 타크로리무스, 시롤리무스), 혈전용해제, 티클로피딘, 항혈전제, 혈중 칼륨농도를 증가시키는 약물(트리메토프림, 헤파린 등), CYP2C8, CYP2C9의 유도제(예, 리팜피신, 페노바르비탈), 저용량(15 mg/주 미만)의 메토트렉세이트, 항혈소판제 및 선택적 세로토닌 재흡수 억제제, 심근경색이나 뇌졸중 예방목적으로 저용량 아스피린을 복용하는 사람, 황색5호에 과민증 또는 알레르기 반응 경험자는 의사 또는 약사와 상의하십시오."
201701571,1.셀레뉴원오랄액(아셀렌산나트륨오수화물) 2.셀큐민185오랄액(아셀렌산나트륨오수화물),1.셀레뉴원오랄액 2.셀큐민185오랄,아셀렌산나트륨오수화물,(주)한국비엠아이,,비타민 C와 같은 환원제는 함께 복용하지 마십시오. 비타민 C를 복용하려면 이 약과 약 4시간의 간격을 두고 따로 복용해야 합니다.
201701612,노이제로정,노이제로,,태극제약(주),https://nedrug.mfds.go.kr/pbp/cmn/itemImageDownload/1N7WiIONw_z,"멀미약, 감기약, 해열진통제, 진정제, 진해거담제, 항히스타민제 성분의 내복약(비염 또는 알레르기용 약)과 함께 복용하지 마십시오."
201701617,임팩마그파워연질캡슐,임팩마그파워,,코스맥스파마(주),https://nedrug.mfds.go.kr/pbp/cmn/itemImageDownload/151764830088100070,"인산염, 칼슘염, 경구용 테트라사이클린계 제제, 제산제, 레보도파와 함께 복용하지 마십시오.에스트로겐을 포함한 경구용 피임제, 항알도스테론제, 트리암테렌, 정주용 지질제와 함께 사용 시 의사 또는 약사와 상의하십시오.녹차, 홍차 등 탄닌을 함유하는 차는 복용 중, 복용 전후에는 피하십시오."
201701734,클로안에스큐점안액,클로안에스큐,,유니메드제약(주),,
201701774,모게인정,모게인,,(주)비보존제약,https://nedrug.mfds.go.kr/pbp/cmn/itemImageDownload/149693644717000032,"인산염, 칼슘염, 경구용 테트라사이클린계 제제, 제산제와 함께 복용하지 마십시오.항알도스테론제, 트리암테렌과 함께 복용 시 의사 또는 약사와 상의하십시오.녹차, 홍차 등 탄닌을 함유하는 차는 복용 중, 복용 전후에는 피하십시오."
201701882,에르도민캡슐(에르도스테인),에르도민,에르도스테인,동국제약(주),https://nedrug.mfds.go.kr/pbp/cmn/itemImageDownload/1Mp3yEn24g4,기침약을 복용중인 사람은 의사 또는 약사와 상의하십시오.
201701905,조아포인트플라스타,조아포인트플라스타,,조아제약(주),,
201701906,피엠외용액,피엠외용,,경남제약(주),,와파린과 함께 사용(복용) 시 의사 또는 약사와 상의하십시오.
201702015,광동아스피린장용정100mg,광동아스피린장용,,광동제약(주),https://nedrug.mfds.go.kr/pbp/cmn/itemImageDownload/149805864617300171,"다른 비스테로이드성 소염진통제 및 살리실산 제제, 일주일 동안 메토트렉세이트 15밀리그람(15mg/주) 이상의 용량은 이 약과 병용 투여 시 출혈이 증가되거나 신기능이 감소될 수 있으므로 함께 사용하지 않습니다. 항응고제, 이부프로펜, 나프록센 등 일부 비스테로이드성 소염진통제, 혈전용해제, 다른 혈소판응집억제제, 지혈제, 당뇨병치료제(인슐린제제, 톨부타미드 등), 요산배설촉진제(벤즈브로마론, 프로베네시드), 티아지드계 이뇨제, 리튬제제, 선택적 세포토닌 재흡수 억제제, 디곡신, 전신 작용 부신피질호르몬 제제(애디슨병 대체요법용 히드로코티손 제외), 안지오텐신 전환 효소 억제제, 발프로산 제제를 복용하는 사람은 의사 또는 약사와 상의하십시오. 알칼리제제(예: 탄산수소나트륨, 탄산마그네슘) 또는 습기가 차기 쉬운 제제와 함께 섞지 마십시오. 알코올과 병용 투여 시 위장관 점막 손상이 증가하고, 이 약과 알코올의 상승효과로 인해 출혈시간이 연장될 수 있습니다."
201702024,치클리덴탈페이스트,치클리덴탈페이스트,,아이큐어(주),,
201702245,제타프렉스겔,제타프렉스,,(주)에이치피앤씨,,
201702265,파워킹연질캡슐,파워킹,,(주)바스칸바이오제약,https://nedrug.mfds.go.kr/pbp/cmn/itemImageDownload/151032841143200021,정주용 지질제와 함께 사용 시 의사 또는 약사와 상의하십시오.
201702275,콜대원키즈코프시럽,콜대원키즈코프,,대원제약(주),,"MAO 억제제(항우울제, 항정신병제, 감정조절제, 항파킨슨제 등), 다른 진해거담제[기침·가래약], 감기약, 항히스타민제를 함유하는 내복약(비염[코염]용 경구제, 멀미약, 알레르기용약), 진정제와 함께 복용하지 마십시오."
201702297,이브터치연질캡슐,이브터치,,일양바이오팜(주),https://nedrug.mfds.go.kr/pbp/cmn/itemImageDownload/150160203116300123,"다른 해열진통제, 감기약, 진정제와 함께 복용하지 마십시오. 당뇨약, 통풍약, 관절염약, 항응고제, 스테로이드제, 이뇨제, 저용량 아스피린과 함께 복용 시 의사 또는 약사와 상의하십시오. 복용 중에는 음주하지 마십시오."
201702436,영비원정,영비원,,영진약품(주),https://nedrug.mfds.go.kr/pbp/cmn/itemImageDownload/154246922660700037,"인산염, 칼슘염, 경구용 테트라사이클린계 제제, 제산제와 함께 복용하지 마십시오.항알도스테론제, 트리암테렌과 함께 복용 시 의사 또는 약사와 상의하십시오.녹차, 홍차 등 탄닌을 함유하는 차는 복용 중, 복용 전후에는 피하십시오."
201702324,코스빌연질캡슐(덱시부프로펜),코스빌,덱시부프로펜,코스맥스파마(주),https://nedrug.mfds.go.kr/pbp/cmn/itemImageDownload/1MmZCvzws9h,"아스피린, 다른 비스테로이드성 소염진통제, 항암요법으로 사용하는 고용량(15 mg/주 이상)의 메토트렉세이트와 함께 복용하지 마십시오. 이 약을 복용하기 전에 코르티코스테로이드, 알코올, 디곡신, 페니토인, 프로베네시드, 설핀피라존, 설포닐우레아제, ACE 억제제, 안지오텐신Ⅱ 수용체 길항제, 이뇨제, 리튬, 쿠마린계 항응고제(와르파린 등), 바클로펜, 면역억제제(시클로스포린, 타크로리무스, 시롤리무스), 혈전용해제, 티클로피딘, 항혈전제, 혈중 칼륨농도를 증가시키는 약물(트리메토프림, 헤파린 등), CYP2C8, CYP2C9의 유도제(예, 리팜피신, 페노바르비탈), 저용량(15 mg/주 미만)의 메토트렉세이트, 항혈소판제 및 선택적 세로토닌 재흡수 억제제, 심근경색이나 뇌졸중 예방목적으로 저용량 아스피린을 복용하는 사람, 황색5호에 과민증 또는 알레르기 반응 경험자는 의사 또는 약사와 상의하십시오."
201702434,마이녹실겔3%(미녹시딜),마이녹실,미녹시딜,현대약품(주),,"다른 두피용 약물, 외용 코르티코이드, 레티노이드, 바셀린, 디트라놀 또는 경피흡수를 촉진시킨다고 알려진 약물, 구아네티틴 등의 혈관확장제와 함께 사용하지 마십시오."
201702575,오라메칠액(폴리크레줄렌액50%),오라메칠,폴리크레줄렌액50%,동국제약(주),,다른 외용제와 함께 사용하지 마십시오.
201702647,셀트리온아시클로버크림,셀트리온아시클로버,,(주)셀트리온제약,,프로베네시드를 투여한 환자는 의사 또는 약사와 상의하십시오.
201702682,킥센연질캡슐(나프록센),킥센,나프록센,지엘팜텍(주),https://nedrug.mfds.go.kr/pbp/cmn/itemImageDownload/154596854345600035,"다른 비스테로이드성 소염진통제 및 나프록센 유도체와 함께 복용하지 마십시오. 히단토인계 항간질제, 설파제, 설포닐요소계 혈당강하제, 프로프라놀롤 및 다른 -차단제, ACE 저해제(캅토프릴 등), 루프계 및 티아지드계 이뇨제, 프로베네시드, 아스피린, 리튬, 메토트렉세이트, 쿠마린계 항응혈제(와파린 등), 지도부딘, 뉴퀴놀론계 항생물질(에녹사신 등)과 함께 복용 시 의사 또는 약사와 상의하십시오."
201702784,콜대원키즈펜시럽(아세트아미노펜),콜대원키즈펜,아세트아미노펜,대원제약(주),,"아세트아미노펜을 포함하는 다른 제품, 다른 소염(항염)진통제, 바르비탈계 약물, 삼환계 항우울제, 알코올과 함께 복용하지 마십시오. 와파린, 리튬, 타아지드계 이뇨제, 플루클록사실린과 함께 복용 시 의사 또는 약사와 상의하십시오."
201703045,쿼드케어연고,쿼드케어,,일양약품(주),,
201703064,디카본100정,디카본100,,코스맥스파마(주),https://nedrug.mfds.go.kr/pbp/cmn/itemImageDownload/150471247127400059,"인산염, 칼슘염, 경구용 테트라사이클린계 제제, 제산제와 함께 복용하지 마십시오. 강심배당체, 항알도스테론제, 트리암테렌과 함께 복용 시 의사 또는 약사와 상의하십시오. 녹차, 홍차 등 탄닌을 함유하는 차는 복용 중, 복용 전후에는 피하십시오."
201703065,디카본300정,디카본300,,코스맥스파마(주),https://nedrug.mfds.go.kr/pbp/cmn/itemImageDownload/150471247127400053,"인산염, 칼슘염, 경구용 테트라사이클린계 제제, 제산제와 함께 복용하지 마십시오. 이 약을 복용하기 전에 강심배당체를 투여 중인 환자는 의사 또는 약사와 상의하십시오. 항알도스테론제, 트리암테렌과 함께 복용 시 의사 또는 약사와 상의하십시오. 녹차, 홍차 등 탄닌을 함유하는 차는 복용 중, 복용 전후에는 피하십시오."
201703066,디카본500정,디카본500,,코스맥스파마(주),https://nedrug.mfds.go.kr/pbp/cmn/itemImageDownload/150471247127400065,"인산염, 칼슘염, 경구용 테트라사이클린계 제제, 제산제와 함께 복용하지 마십시오. 이 약을 복용하기 전에 강심배당체를 투여 중인 환자는 의사 또는 약사와 상의하십시오. 항알도스테론제, 트리암테렌과 함께 복용 시 의사 또는 약사와 상의하십시오. 녹차, 홍차 등 탄닌을 함유하는 차는 복용 중, 복용 전후에는 피하십시오."
201703175,크린클관류제(염화나트륨),크린클관류제,염화나트륨,제이더블유생명과학(주),,
201703185,유클리어톡외용액(살리실산),유클리어톡외용,살리실산,(주)유유제약,,
201703186,제놀코인플라스타,제놀코인플라스타,,(주)녹십자,,
201704002,노펜파워핫카타플라스마,노펜파워핫카타플라스마,,제이더블유중외제약(주),,
201704017,모바렌캡슐,모바렌,,(주)대웅제약,https://nedrug.mfds.go.kr/pbp/cmn/itemImageDownload/151973917096800109,설폰아미드 제제와 함께 사용 시 의사 또는 약사와 상의하십시오.
201704468,디노타시럽,디노타,,조아제약(주),,"이 약을 복용하는 동안 다른 진토제, 감기약, 해열진통제, 항히스타민제, 진정제, 진해거담제, 알코올성 음료 등을 복용하지 마십시오."
201704496,아세릴네일라카 (아모롤핀염산염),아세릴네일라카,아모롤핀염산염,알리코제약(주),,
201704734,이지톡크림,이지톡,,시믹씨엠오코리아주식회사,,
201704840,폴레디정(폴산),폴레디,폴산,(주)에이프로젠바이오로직스,https://nedrug.mfds.go.kr/pbp/cmn/itemImageDownload/1Pvn3im1yd-,"아미노살리실산, 경구용 피임제, 디하이드로폴레이트 환원효소 저해제(메토트렉세이트, 트리메토프림 등), 페니토인 같은 히단토인계 항전간제, 설파살라진, 콜레스티라민을 복용 중인 환자는 의사 또는 약사와 상의하십시오."
201704841,벤스쿨크림,벤스쿨,,알파제약(주),,
201704843,본디칼정,본디칼,,(주)아이월드제약,https://nedrug.mfds.go.kr/pbp/cmn/itemImageDownload/150488501735900011,"인산염, 칼슘염, 경구용 테트라사이클린계 제제, 제산제와 함께 복용하지 마십시오. 강심배당체, 항알도스테론제, 트리암테렌과 함께 복용 시 의사 또는 약사와 상의하십시오. 녹차, 홍차 등 탄닌을 함유하는 차는 복용 중, 복용 전후에는 피하십시오."
201704844,본디칼맥스정,본디칼맥스,,(주)아이월드제약,https://nedrug.mfds.go.kr/pbp/cmn/itemImageDownload/150488501735800106,"인산염, 칼슘염, 경구용 테트라사이클린계 제제, 제산제와 함께 복용하지 마십시오. 강심배당체, 항알도스테론제, 트리암테렌과 함께 복용 시 의사 또는 약사와 상의하십시오. 녹차, 홍차 등 탄닌을 함유하는 차는 복용 중, 복용 전후에는 피하십시오."
201704845,본디칼플러스정,본디칼플러스,,(주)아이월드제약,https://nedrug.mfds.go.kr/pbp/cmn/itemImageDownload/150488501735900005,"인산염, 칼슘염, 경구용 테트라사이클린계 제제, 제산제와 함께 복용하지 마십시오. 강심배당체, 항알도스테론제, 트리암테렌과 함께 복용 시 의사 또는 약사와 상의하십시오. 녹차, 홍차 등 탄닌을 함유하는 차는 복용 중, 복용 전후에는 피하십시오."
201705165,예나젠질용액0.1%(벤지다민염산염),예나젠질용,벤지다민염산염,(주)베키오바이오젠,,
201705176,제놀더블액션카타플라스마,제놀더블액션카타플라스마,,(주)녹십자,,
201705219,그날엔콜드플러스연질캡슐,그날엔콜드플러스,,경동제약(주),https://nedrug.mfds.go.kr/pbp/cmn/itemImageDownload/150539922160400068,"진해거담제, 다른 감기약, 해열진통제, 진정제, 항히스타민제를 함유하는 내복약(비염용 경구제, 멀미약, 알레르기용약)과 함께 복용하지 마십시오. MAO억제제(항우울제, 항정신병제, 감정조절제, 항파킨슨제 등)를 복용하고 있거나 복용을 중단한 후 2주 이내의 사람은 이 약을 복용하지 마십시오. 당뇨약, 통풍약, 관절염약, 항응고제, 스테로이드제, 바르비탈계 약물, 삼환계 항우울제, 알코올과 함께 복용 시 의사 또는 약사와 상의하십시오. 복용 중에는 음주하지 마십시오."
201705220,그날엔코프플러스연질캡슐,그날엔코프플러스,,경동제약(주),https://nedrug.mfds.go.kr/pbp/cmn/itemImageDownload/150539922160400080,"진해거담제, 다른 감기약, 해열진통제, 진정제, 항히스타민제를 함유하는 내복약(비염용 경구제, 멀미약, 알레르기용약)과 함께 복용하지 마십시오. 당뇨약, 통풍약, 관절염약, 항응고제, 스테로이드제, 바르비탈계 약물, 삼환계 항우울제, 알코올, 플루클록사실린과 함께 복용 시 의사 또는 약사와 상의하십시오. 복용 중에는 음주하지 마십시오."
201705249,마그칼연질캡슐,마그칼,,코스맥스파마(주),https://nedrug.mfds.go.kr/pbp/cmn/itemImageDownload/150470345187400093,"인산염, 칼슘염, 경구용 테트라사이클린계 제제, 제산제와 함께 복용하지 마십시오.강심배당체, 항알도스테론제, 트리암테렌, 정주용 지질제와 함께 사용 시 의사 또는 약사와 상의하십시오.녹차, 홍차 등 탄닌을 함유하는 차는 복용 중, 복용 전후에는 피하십시오."
201705221,그날엔노즈플러스연질캡슐,그날엔노즈플러스,,경동제약(주),https://nedrug.mfds.go.kr/pbp/cmn/itemImageDownload/150539922160400074,"진해거담제, 다른 감기약, 해열진통제, 진정제, 항히스타민제를 함유하는 내복약(비염용 경구제, 멀미약, 알레르기용약)과 함께 복용하지 마십시오. MAO억제제(항우울제, 항정신병제, 감정조절제, 항파킨슨제 등)를 복용하고 있거나 복용을 중단한 후 2주 이내의 사람은 이 약을 복용하지 마십시오. 당뇨약, 통풍약, 관절염약, 항응고제, 스테로이드제, 바르비탈계 약물, 삼환계 항우울제, 알코올, 플루클록사실린과 함께 복용 시 의사 또는 약사와 상의하십시오. 복용 중에는 음주하지 마십시오."
201705251,파워콤프액,파워콤프,,경동제약(주),,레보도파와 함께 복용하지 마십시오.
201705252,투엑스비엠연질캡슐,투엑스비엠,,코스맥스파마(주),https://nedrug.mfds.go.kr/pbp/cmn/itemImageDownload/150911875983700010,"인산염, 칼슘염, 경구용 테트라사이클린계 제제, 제산제, 레보도파와 함께 복용하지 마십시오.에스트로겐을 포함한 경구용 피임제, 항알도스테론제, 트리암테렌, 정주용 지질제와 함께 사용 시 의사 또는 약사와 상의하십시오.녹차, 홍차 등 탄닌을 함유하는 차는 복용 중, 복용 전후에는 피하십시오."
201705483,아세틴캡슐(아세틸시스테인),아세틴,아세틸시스테인,아이큐어(주),https://nedrug.mfds.go.kr/pbp/cmn/itemImageDownload/150903241909900088,"경구용 항생제(아목시실린, 세푸록심, 독시사이클린, 에리트로마이신, 티암페니콜)와 함께 복용 시 적어도 2시간 간격을 두고 복용하십시오."
201705256,솔루샷노즈연질캡슐,솔루샷노즈,,현대약품(주),https://nedrug.mfds.go.kr/pbp/cmn/itemImageDownload/150350284927300019,"진해거담제, 다른 감기약, 해열진통제, 진정제, 항히스타민제를 함유하는 내복약(비염용 경구제, 멀미약, 알레르기용약)과 함께 복용하지 마십시오. MAO억제제(항우울제, 항정신병제, 감정조절제, 항파킨슨제 등)를 복용하고 있거나 복용을 중단한 후 2주 이내의 사람은 이 약을 복용하지 마십시오. 당뇨약, 통풍약, 관절염약, 항응고제, 스테로이드제, 바르비탈계 약물, 삼환계 항우울제, 알코올, 플루클록사실린과 함께 복용 시 의사 또는 약사와 상의하십시오. 복용 중에는 음주하지 마십시오."
201705257,솔루샷코프연질캡슐,솔루샷코프,,현대약품(주),https://nedrug.mfds.go.kr/pbp/cmn/itemImageDownload/150350284927300013,"진해거담제, 다른 감기약, 해열진통제, 진정제, 항히스타민제를 함유하는 내복약(비염용 경구제, 멀미약, 알레르기용약)과 함께 복용하지 마십시오. 당뇨약, 통풍약, 관절염약, 항응고제, 스테로이드제, 바르비탈계 약물, 삼환계 항우울제, 알코올, 플루클록사실린과 함께 복용 시 의사 또는 약사와 상의하십시오. 복용 중에는 음주하지 마십시오."
201705493,티스탑에프캡슐,티스탑에프,,(주)시어스제약,https://nedrug.mfds.go.kr/pbp/cmn/itemImageDownload/1NCPBl3FiMt,
201705258,솔루샷쿨연질캡슐,솔루샷쿨,,현대약품(주),https://nedrug.mfds.go.kr/pbp/cmn/itemImageDownload/150350284927300025,"진해거담제, 다른 감기약, 해열진통제, 진정제, 항히스타민제를 함유하는 내복약(비염용 경구제, 멀미약, 알레르기용약)과 함께 복용하지 마십시오. MAO억제제(항우울제, 항정신병제, 감정조절제, 항파킨슨제 등)를 복용하고 있거나 복용을 중단한 후 2주 이내의 사람은 이 약을 복용하지 마십시오. 당뇨약, 통풍약, 관절염약, 항응고제, 스테로이드제, 바르비탈계 약물, 삼환계 항우울제, 알코올, 플루클록사실린과 함께 복용 시 의사 또는 약사와 상의하십시오. 복용 중에는 음주하지 마십시오."
201705259,일펜정(이부프로펜리신),일펜,이부프로펜리신,일양약품(주),https://nedrug.mfds.go.kr/pbp/cmn/itemImageDownload/150160203116300129,"다른 비스테로이드성 소염진통제, 고용량 메토트렉세이트와 함께 복용하지 마십시오. 고용량 메토트렉세이트, 저용량 아스피린, ACE 저해제, 리튬, 푸로세미드 및 티아지드계 이뇨제, 쿠마린계 항응혈제(와파린 등), 선택적 세로토닌 재흡수억제제와 함께 복용 시 의사 또는 약사와 상의하십시오."
201705505,앤티팻정(엘카르니틴),앤티팻,엘카르니틴,구주제약(주),https://nedrug.mfds.go.kr/pbp/cmn/itemImageDownload/151257490529200036,정주용 지질제와 함께 사용 시 의사 또는 약사와 상의하십시오.
201705576,스토마제정,스토마제,,한국신텍스제약(주),https://nedrug.mfds.go.kr/pbp/cmn/itemImageDownload/1M_kb4Aa6Kr,이 약을 복용하기 전에 다른 약물을 복용하고 있는 경우 의사 또는 약사와 상의하십시오.
201705636,일성아세트아미노펜정325밀리그램,일성아세트아미노펜,,일성아이에스(주),https://nedrug.mfds.go.kr/pbp/cmn/itemImageDownload/151922356075000155,"아세트아미노펜을 포함하는 다른 제품, 다른 소염진통제, 바르비탈계 약물, 삼환계 항우울제, 알코올, 플루클록사실린과 함께 복용하지 마십시오. 이 약을 복용하기 전에 와파린, 리튬, 티아지드계 이뇨제와 함께 복용 시 의사 또는 약사와 상의하십시오."
201705734,푸레파인연고,푸레파인,,일동제약(주),,"이 약을 사용하는 동안 dl-메틸에페드린염산염, 스코폴리아 엑스 및 글리시리진산 함유 좌제 또는 연고제, 크림제, 혈압강하제, 항우울약을 사용하지 복용(사용)하지 마십시오."
201705676,벤포벨브이정,벤포벨브이,,(주)종근당,https://nedrug.mfds.go.kr/pbp/cmn/itemImageDownload/1Pvn3im1ywi,"인산염, 칼슘염, 경구용 테트라사이클린계 제제, 제산제, 레보도파와 함께 복용하지 마십시오. 에스트로겐을 포함한 경구용 피임제, 항알도스테론제, 트리암테렌과 함께 복용 시 의사 또는 약사와 상의하십시오. 녹차, 홍차 등 탄닌을 함유하는 차는 복용 중, 복용 전후에는 피하십시오."
201705764,네오프라신연고,네오프라신,,(주)테라젠이텍스,,
201705788,포스톤지엑스액,포스톤지,,초당약품공업(주),,레보도파와 함께 복용하지 마십시오.
201705793,디카테오400정,디카테오400,,(주)다림바이오텍,https://nedrug.mfds.go.kr/pbp/cmn/itemImageDownload/1Mva4bz2ZkF,"인산염, 칼슘염, 경구용 테트라사이클린계 제제, 제산제와 함께 복용하지 마십시오.강심배당체, 항알도스테론제, 트리암테렌과 함께 사용 시 의사 또는 약사와 상의하십시오.녹차, 홍차 등 탄닌을 함유하는 차는 복용 중, 복용 전후에는 피하십시오."
201706160,위소탈정,위소탈,,(주)에이프로젠바이오로직스,https://nedrug.mfds.go.kr/pbp/cmn/itemImageDownload/1OCxjzi8rvM,"위장진통, 진경제와 함께 복용하지 마십시오.칼륨함유제제, 감초함유제제, 글리시리진산 혹은 그 염류 함유제제, 루프계 이뇨제(푸로세미드, 에타크린산) 또는 티아지드계 이뇨제(트리클로르메치아지드)와 함께 복용 시 의사 또는 약사와 상의하십시오."
201706174,슬리온겔,슬리온,,(주)종근당,,"다른 혈액응고저지제(예, 쿠마린, 아스피린, 디피리다몰, 덱스트란, 스트렙토키나제 등)와 함께 사용 시 출혈이 증가 할 수 있으므로 의사 또는 약사와 상의하십시오."
201706199,코메키나캡슐,코메키나,,(주)대웅제약,https://nedrug.mfds.go.kr/pbp/cmn/itemImageDownload/151698121845500002,"MAO 억제제(항우울제, 항정신병제, 감정조절제, 항파킨슨제 등), 다른 비염용 경구제, 항히스타민제를 함유하는 내복약(감기약, 진해거담제, 멀미약, 알레르기용약 등)과 함께 복용(사용)하지 마십시오. 복용 중에는 음주하지 마십시오."
201706380,모아비액티브정,모아비액티브,,한국코러스(주),https://nedrug.mfds.go.kr/pbp/cmn/itemImageDownload/151525327782000142,"인산염, 칼슘염, 경구용 테트라사이클린계 제제, 제산제, 레보도파와 함께 복용하지 마십시오. 에스트로겐을 포함한 경구용 피임제, 항알도스테론제, 트리암테렌과 함께 복용 시 의사 또는 약사와 상의하십시오. 녹차, 홍차 등 탄닌을 함유하는 차는 복용 중, 복용 전후에는 피하십시오."
201706237,보니타정,보니타,,현대약품(주),https://nedrug.mfds.go.kr/pbp/cmn/itemImageDownload/1Pm1vy6QIu0,"C형간염 직접작용 항바이러스제, 자몽주스, 페니토인, 히단토인, 바르비탈계 약물, 프리미돈, 카르바마제핀, 리팜피신, 리파부틴, 옥스카르바제핀, 토피라메이트, 펠바메이트, 리토나비르, 그리세오풀빈, 루피나미드, 아프레피탄트, 일부 HIV 프로테아제 저해제(예 : 리토나비르), 비클레오시드유사체 역전사효소억제제(예 : 에파비렌즈), 성 요한 풀 함유 제품, 고지혈증약물, 항생제와 함께 복용하지 마십시오."
201706350,센스데이정,센스데이,,(주)유한양행,https://nedrug.mfds.go.kr/pbp/cmn/itemImageDownload/154609816285900048,"C형 간염 직접 작용 항바이러스제, 페니토인, 히단토인, 바르비탈계 약물, 프리미돈, 카르바마제핀, 리팜피신, 리파부틴, 옥스카르바제핀, 토피라메이트, 펠바메이트, 그리세오풀빈, 루피나미드, 아프레피탄트, 일부 HIV 프로테아제 저해제(예 : 리토나비르),비뉴클레오시드유사체 역전사효소억제제(에파비렌즈), 성요한풀 함유 제품 및 자몽주스와 함께 복용하지 마십시오.상세한 상호작용 약물은 허가사항 상세정보를 확인하십시오."
201706382,콘파워600정,콘파워600,,(주)한풍제약,https://nedrug.mfds.go.kr/pbp/cmn/itemImageDownload/1M_kb4Aa6Gh,레보도파와 함께 복용하지 마십시오.
201706391,복합테르비나쿨크림,복합테르비나쿨,,(주)에이프로젠바이오로직스,,
201706393,룩스씨엠씨점안액(카르복시메틸셀룰로오스나트륨)(1회용),룩스씨엠씨,1회용,(주)씨엠지제약,,
201706415,알바트정(알마게이트),알바트,알마게이트,(주)바이넥스,https://nedrug.mfds.go.kr/pbp/cmn/itemImageDownload/1O1hVd7OtZu,"테트라사이클린계 항생물질과 함께 복용하지 마십시오. 비스테로이드 소염진통제, 궤양 치료제, 디기탈리스 제제, 클로르프로마진, 란소프라졸, 프레드니솔론, 페니실린, 퀴놀론, 철(Fe)염 제제, 살리실산염과 함께 복용 시 의사 또는 약사와 상의하십시오."
201706431,제일케토파워카타플라스마(케토프로펜),제일케토파워카타플라스마,케토프로펜,제일헬스사이언스(주),,
201706432,록소크린플라스타(록소프로펜나트륨수화물),록소크린플라스타,록소프로펜나트륨수화물,신신제약(주),,
201706447,칼디쓰리정,칼디쓰리,,(주)아이월드제약,https://nedrug.mfds.go.kr/pbp/cmn/itemImageDownload/151032841143200057,"인산염, 칼슘염, 경구용 테트라사이클린계 제제, 제산제와 함께 복용하지 마십시오. 강심배당체, 항알도스테론제, 트리암테렌과 함께 복용 시 의사 또는 약사와 상의하십시오. 녹차, 홍차 등 탄닌을 함유하는 차는 복용 중, 복용 전후에는 피하십시오."
201706490,마그엠정(알마게이트),마그엠,알마게이트,(주)마더스제약,https://nedrug.mfds.go.kr/pbp/cmn/itemImageDownload/1Q1Ev4cHwOu,"테트라사이클린계 항생물질과 함께 복용하지 마십시오. 비스테로이드 소염진통제, 궤양 치료제, 디기탈리스 제제, 클로르프로마진, 란소프라졸, 프레드니솔론, 페니실린, 퀴놀론, 철(Fe)염 제제, 살리실산염과 함께 복용 시 의사 또는 약사와 상의하십시오."
201706514,아락실소프트시럽(락툴로오즈농축액),아락실소프트,락툴로오즈농축액,부광약품(주),,"아카보즈 등의 α-글리코시다아제 저해제, 광범위 항균 스펙트럼 항생제, 이뇨제, 코르티코이드, 암포테리신 B, 강심배당체, 제산제를 복용하는 환자는 의사 또는 약사와 상의하십시오."
201706530,다리아정,다리아,,한국신텍스제약(주),https://nedrug.mfds.go.kr/pbp/cmn/itemImageDownload/151672206274500117,
201706552,유앤아이프레쉬점안액(카르복시메틸셀룰로오스나트륨)(1회용),유앤아이프레쉬,1회용,(주)유유제약,,
201706578,콜드샷시럽,콜드샷,,(주)팜젠사이언스,,"진해거담제, 다른 감기약, 해열진통제, 진정제, 항히스타민제를 함유하는 내복약(비염용 경구제, 멀미약, 알레르기용약)과 함께 복용하지 마십시오. 당뇨약, 통풍약, 관절염약, 항응고제, 스테로이드제, 바르비탈계 약물, 삼환계 항우울제 및 알코올, 플루클록사실린과 함께 복용 시 의사 또는 약사와 상의하십시오. 복용 중에는 음주하지 마십시오."
201706608,코푸샷시럽,코푸샷,,(주)팜젠사이언스,,"진해거담제, 다른 감기약, 해열진통제, 진정제, 항히스타민제를 함유하는 내복약(비염용 경구제, 멀미약, 알레르기용약)과 함께 복용하지 마십시오. MAO 억제제(항우울제, 항정신병제, 감정조절제, 항파킨슨제 등)를 복용하고 있거나 복용을 중단한 후 2주 이내의 사람은 이 약을 복용하지 마십시오. 당뇨약, 통풍약, 관절염약, 항응고제, 스테로이드제, 바르비탈계 약물, 삼환계 항우울제, 알코올과 함께 복용 시 의사 또는 약사와 상의하십시오. 복용 중에는 음주하지 마십시오."
201706656,이알펜8시간서방정(아세트아미노펜),이알펜8시간서방,아세트아미노펜,(주)경보제약,https://nedrug.mfds.go.kr/pbp/cmn/itemImageDownload/1Mxwka5v2xl,"다른 소염(항염)진통제, 아세트아미노펜을 포함하는 다른 제품, 바르비탈계 약물, 삼환계 항우울제, 알코올과 함께 이 약을 복용하지 마십시오. 이 약을 복용하기 전에 와파린, 플루클록사실린을 복용한 환자는 의사 또는 약사와 상의하십시오."
201706689,크로니신연질캡슐(클로닉신리시네이트),크로니신,클로닉신리시네이트,(주)테라젠이텍스,https://nedrug.mfds.go.kr/pbp/cmn/itemImageDownload/1MdYV-PxYPe,"이 약을 복용하는 동안 다른 비스테로이드성 소염진통제(NSAIDs), ACE 억제제 또는 안지오텐신Ⅱ 수용체 길항제, 아스피린, 이뇨제, 리튬, 메토트렉세이트, 쿠마린계 항응고제(와르파린 등), 시클로스포린 및 타크로리무스, 항혈소판제 및 선택적 세로토닌 재흡수 억제제(SSRI), 코르티코스테로이드를 함께 복용하지 마십시오. 미소프로스톨을 복용하는 환자는 복용하기 전에 의사 또는 약사와 상의하십시오."
201706677,킥코프에프연질캡슐,킥코프에프,,코스맥스파마(주),https://nedrug.mfds.go.kr/pbp/cmn/itemImageDownload/150825481273400012,"진해거담제, 다른 감기약, 해열진통제, 진정제, 항히스타민제를 함유하는 내복약(비염용 경구제, 멀미약, 알레르기용약)과 함께 복용하지 마십시오. 당뇨약, 통풍약, 관절염약, 항응고제, 스테로이드제, 바르비탈계 약물, 삼환계 항우울제, 알코올과 함께 복용 시 의사 또는 약사와 상의하십시오. 복용 중에는 음주하지 마십시오."
201706690,듀오그린정,듀오그린,,한국신텍스제약(주),https://nedrug.mfds.go.kr/pbp/cmn/itemImageDownload/152415243654100039,다른 설사약과 함께 복용하지 마십시오.
201706678,킥노즈에프연질캡슐,킥노즈에프,,코스맥스파마(주),https://nedrug.mfds.go.kr/pbp/cmn/itemImageDownload/1Pvn3im1ytU,"진해거담제, 다른 감기약, 해열진통제, 진정제, 항히스타민제를 함유하는 내복약(비염용 경구제, 멀미약, 알레르기용약)과 함께 복용하지 마십시오. 당뇨약, 통풍약, 관절염약, 항응고제, 스테로이드제, 바르비탈계 약물, 삼환계 항우울제, 알코올과 함께 복용 시 의사 또는 약사와 상의하십시오. 복용 중에는 음주하지 마십시오."
201706739,엘로인캡슐(에르도스테인),엘로인,에르도스테인,한국코러스(주),https://nedrug.mfds.go.kr/pbp/cmn/itemImageDownload/152734921040200065,기침약을 복용중인 사람은 의사 또는 약사와 상의하십시오.
201706691,네오콜캡슐,네오콜,,한국신텍스제약(주),https://nedrug.mfds.go.kr/pbp/cmn/itemImageDownload/151672206274500105,"진해거담제, 다른 감기약, 해열진통제, 진정제, 항히스타민제를 함유하는 내복약(비염용 경구제, 멀미약, 알레르기용약)과 함께 복용하지 마십시오. 바르비탈계 약물, 삼환계 항우울제, 알코올을 투여한 환자, 칼륨함유제제, 감초함유제제, 글리시리진산 또는 그 염류 함유제제, 루프계 이뇨제(푸로세미드, 에타크린산) 또는 티아지드계 이뇨제(트리클로르메티아지드), 플루클록사실린과 함께 복용 시 의사 또는 약사와 상의하십시오. 복용 중에는 음주하지 마십시오."
201706740,마그비액티브정,마그비액티브,,(주)유한양행,https://nedrug.mfds.go.kr/pbp/cmn/itemImageDownload/150609485689100022,"인산염, 칼슘염, 경구용 테트라사이클린계 제제, 제산제, 레보도파와 함께 복용하지 마십시오.에스트로겐을 포함한 경구용 피임제, 항알도스테론제, 트리암테렌과 함께 복용 시 의사 또는 약사와 상의하십시오.녹차, 홍차 등 탄닌을 함유하는 차는 복용 중, 복용 전후에는 피하십시오."
201706797,더마칸크림(리도카인),더마칸,리도카인,구주제약(주),,
201706804,위클린정,위클린,,삼성제약(주),https://nedrug.mfds.go.kr/pbp/cmn/itemImageDownload/150852483214500007,
201706818,알코타민정,알코타민,,동화약품(주),https://nedrug.mfds.go.kr/pbp/cmn/itemImageDownload/1Pvn3im1yuM,
201706824,비타빅연질캡슐,비타빅,,(주)테라젠이텍스,https://nedrug.mfds.go.kr/pbp/cmn/itemImageDownload/150652358607300118,정주용 지질제와 함께 사용 시 의사 또는 약사와 상의하십시오.
201706849,알마펜정(알마게이트),알마펜,알마게이트,오스템파마주식회사,https://nedrug.mfds.go.kr/pbp/cmn/itemImageDownload/1OeimlOsRV0,"테트라사이클린계 항생물질과 함께 복용하지 마십시오. 비스테로이드 소염진통제, 궤양 치료제, 디기탈리스 제제, 클로르프로마진, 란소프라졸, 프레드니솔론, 페니실린, 퀴놀론, 철(Fe)염 제제, 살리실산염과 함께 복용 시 의사 또는 약사와 상의하십시오."
201706852,터빈쿨플러스크림,터빈쿨플러스,,경동제약(주),,
201706865,에코파워600정,에코파워600,,(주)한풍제약,https://nedrug.mfds.go.kr/pbp/cmn/itemImageDownload/1MnHPqjXzLA,"인산염, 칼슘염, 경구용 테트라사이클린계 제제, 제산제, 레보도파와 함께 복용하지 마십시오. 항알도스테론제, 트리암테렌과 함께 복용 시 의사 또는 약사와 상의하십시오. 녹차, 홍차 등 탄닌을 함유하는 차는 복용 중, 복용 전후에는 피하십시오."
201706882,아스팜장용정(아스피린),아스팜장용,아스피린,한국코러스(주),https://nedrug.mfds.go.kr/pbp/cmn/itemImageDownload/1NZvdZ5CUjB,"다른 비스테로이드성 소염진통제 및 살리실산 제제, 일주일 동안 메토트렉세이트 15밀리그람(15mg/주) 이상의 용량은 이 약과 병용 투여 시 출혈이 증가되거나 신기능이 감소될 수 있으므로 함께 사용하지 않습니다. 항응고제, 이부프로펜, 나프록센 등 일부 비스테로이드성 소염진통제, 혈전용해제, 다른 혈소판응집억제제, 지혈제, 당뇨병치료제(인슐린제제, 톨부타미드 등), 요산배설촉진제(벤즈브로마론, 프로베네시드), 티아지드계 이뇨제, 리튬제제, 선택적 세포토닌 재흡수 억제제, 디곡신, 전신 작용 부신피질호르몬 제제(애디슨병 대체요법용 히드로코티손 제외), 안지오텐신 전환 효소 억제제, 발프로산 제제를 복용하는 사람은 의사 또는 약사와 상의하십시오. 알칼리제제(예: 탄산수소나트륨, 탄산마그네슘) 또는 습기가 차기 쉬운 제제와 함께 섞지 마십시오. 알코올과 병용 투여 시 위장관 점막 손상이 증가하고, 이 약과 알코올의 상승효과로 인해 출혈시간이 연장될 수 있습니다."
201706946,챔프노즈시럽,챔프노즈,,동아제약(주),,"모노아민옥시다아제 억제제(우울증, 정신 및 감정장애, 파킨슨병 치료제 중 일부 약물)와 함께 복용하지 마십시오. 모노아민옥시다아제 억제제(우울증, 정신 및 감정장애, 파킨슨병 치료제 중 일부 약물) 투여를 중지한지 2주 이내인 사람은 이 약을 복용하지 마십시오. 진정제, 신경안정제를 함께 복용하는 경우 의사 또는 약사와 상의하십시오."
201706955,속크린에스정,속크린에스,,한솔신약(주),https://nedrug.mfds.go.kr/pbp/cmn/itemImageDownload/1MzSGdZk4E0,테트라사이클린계 항생제와 함께 복용하지 마십시오.
201706970,마레오키즈시럽,마레오키즈,,(주)한풍제약,,"다른 진토제, 감기약, 해열진통제, 항히스타민제, 진정제, 진해거담제, 디펜히드라민을 함유한 외용제와 함께 사용하지 마십시오.복용 중에는 음주하지 마십시오."
201706971,한풍제통고온혈플라스타,한풍제통고온혈플라스타,,(주)한풍제약,,
201706996,안티푸라민액티브롤파스(펠비낙),안티푸라민액티브롤파스,펠비낙,(주)유한양행,,
201707027,치아로겔(히알루론산나트륨),치아로,히알루론산나트륨,동국생명과학(주),,
201707030,메가비액티브정,메가비액티브,,동성제약(주),https://nedrug.mfds.go.kr/pbp/cmn/itemImageDownload/151308878099700120,"인산염, 칼슘염, 경구용 테트라사이클린계 제제, 제산제, 레보도파와 함께 복용하지 마십시오.에스트로겐을 포함한 경구용 피임제, 항알도스테론제, 트리암테렌과 함께 복용 시 의사 또는 약사와 상의하십시오.녹차, 홍차 등 탄닌을 함유하는 차는 복용 중, 복용 전후에는 피하십시오."
201707039,쎄이네슘골드연질캡슐,쎄이네슘골드,,동방에프티엘(주),https://nedrug.mfds.go.kr/pbp/cmn/itemImageDownload/151764830088100082,"인산염, 칼슘염, 경구(먹는, 복용하는)용 테트라사이클린계 제제, 제산제와 함께 복용하지 마십시오.에스트로겐을 포함한 경구(먹는, 복용하는)용 피임제, 항알도스테론제, 트리암테렌, 정주용 지질제와 함께 복용 시 의사 또는 약사와 상의하십시오.녹차, 홍차 등 탄닌을 함유하는 차는 복용 중, 복용 전후에는 피하십시오."
201707150,카네손크림,카네손,,일양바이오팜(주),,
201707159,큐아크네크림,큐아크네,,광동제약(주),,
201707212,이스탄캡슐(에르도스테인),이스탄,에르도스테인,(주)이든파마,https://nedrug.mfds.go.kr/pbp/cmn/itemImageDownload/152415225040500115,기침약을 복용중인 사람은 의사 또는 약사와 상의하십시오.
201707227,쎄스콘노아정,쎄스콘노아,,지엘팜텍(주),https://nedrug.mfds.go.kr/pbp/cmn/itemImageDownload/1NqJz3b6hz6,"C형 간염 직접 작용 항바이러스제, 바르비탈계 약물, 항전간제(카르벡사클론, 카르바마제핀, 페니토인, 히단토인, 프리미돈), 리파부틴, 리팜피신, 암피실린, 테트라사이클린, 글리세오풀빈, 루피나미드, 아프레피탄트, 보센탄, 에파비렌즈, 펠바메이트, 옥스카르바제핀, 약용탄, 완하제, 베타차단제(메토프롤올 등), 벤조디아제핀, 사이클로스포린, 리토나비르, 세인트존스풀, 모다피닐, 플루나리진, 페니실린 등과 함께 복용하지 마십시오. 상세한 상호작용 약물은 허가사항 상세정보를 확인하십시오."
201707275,라시베베산(바실루스리케니포르미스균),라시베베,바실루스리케니포르미스균,(주)한국팜비오,,"시프로플록사신, 이미페넴, 실라스타틴나트륨과 함께 사용 시 의사 또는 약사와 상의하십시오."
201707283,리클란점안액(폴리데옥시리보뉴클레오티드나트륨)(1회용),리클란,1회용,동국제약(주),,
201707302,프리엔에프연질캡슐(나프록센),프리엔에프,나프록센,동국제약(주),https://nedrug.mfds.go.kr/pbp/cmn/itemImageDownload/1PzJRoMJKEG,"다른 비스테로이드성 소염진통제 및 나프록센 유도체와 함께 복용하지 마십시오. 히단토인계 항간질제, 설파제, 설포닐요소계 혈당강하제, 프로프라놀롤 및 다른 -차단제, ACE 저해제(캅토프릴 등), 루프계 및 티아지드계 이뇨제, 프로베네시드, 아스피린, 리튬, 메토트렉세이트, 쿠마린계 항응혈제(와파린 등), 지도부딘, 뉴퀴놀론계 항생물질(에녹사신 등)과 함께 복용 시 의사 또는 약사와 상의하십시오."
201707304,알마디정(알마게이트),알마디,알마게이트,메딕스제약(주),https://nedrug.mfds.go.kr/pbp/cmn/itemImageDownload/151032841143300011,"이 약을 복용하는 동안 테트라사이클린계 항생제는 복용하지 마십시오.이 약을 복용하기 전에 비스테로이드소염(항염)진통제, 궤양치료제, 디기탈리스 제제, 클로르프로마진, 란소프라졸, 프레드니솔론, 페니실린, 퀴놀론, 철(Fe)염 제제, 살리실산염을 복용하는 환자는 의사 또는 약사와 상의하십시오."
201707306,트리스펜8시간이알서방정(아세트아미노펜),트리스펜8시간이알서방,아세트아미노펜,동화약품(주),https://nedrug.mfds.go.kr/pbp/cmn/itemImageDownload/1Mxwka5v1dl,"다른 소염(항염)진통제, 아세트아미노펜을 포함하는 다른 제품, 바르비탈계 약물, 삼환계 항우울제, 알코올과 함께 이 약을 복용하지 마십시오. 이 약을 복용하기 전에 와파린, 플루클록사실린을 복용한 환자는 의사 또는 약사와 상의하십시오."
201707307,타미스펜8시간이알서방정(아세트아미노펜),타미스펜8시간이알서방,아세트아미노펜,(주)킵스바이오파마,https://nedrug.mfds.go.kr/pbp/cmn/itemImageDownload/151395721256200037,"다른 소염진통제, 바르비탈계 약물, 삼환계 항우울제, 알코올과 함께 복용하지 마십시오. 와파린, 플루클록사실린과 함께 복용 시 의사 또는 약사와 상의하십시오."
201707322,아이포레점안액(트레할로스수화물)(1회용),아이포레,1회용,(주)녹십자,,
201707373,반테린코와이엑스크림,반테린코와이,,한국코와(주),,
201707372,아너린정,아너린,,태극제약(주),https://nedrug.mfds.go.kr/pbp/cmn/itemImageDownload/1N7WiIONwzB,"진해거담제, 다른 감기약, 해열진통제, 진정제, 항히스타민제를 함유하는 내복약(비염용 경구제, 멀미약, 알레르기용약)과 함께 복용하지 마십시오. 바르비탈계 약물, 삼환계 항우울제 및 알코올, 플루클록사실린을 투여한 환자는 의사 또는 약사와 상의하십시오. 복용 중에는 음주하지 마십시오."
201707395,에너프레쉬액(L-아스파르트산-L-아르기닌수화물),에너프레쉬,L-아스파르트산-L-아르기닌수화물,명문제약(주),,"이 약을 복용하는 동안 항정신병약, 수면제를 함께 복용하지 마십시오."
201707501,마네카인크림9.6%(리도카인),마네카인,리도카인,(주)에이치피앤씨,,
201707523,이브더블샷연질캡슐,이브더블샷,,지엘팜텍(주),https://nedrug.mfds.go.kr/pbp/cmn/itemImageDownload/151248841983500030,"다른 해열진통제, 감기약, 진정제와 함께 복용하지 마십시오. 당뇨약, 통풍약, 관절염약, 항응고제, 스테로이드제, 저용량 아스피린, 이뇨제와 함께 복용 시 의사 또는 약사와 상의하십시오. 복용 중에는 음주하지 마십시오."
201707524,킥콜연질캡슐,킥콜,,지엘팜텍(주),https://nedrug.mfds.go.kr/pbp/cmn/itemImageDownload/151248841983500024,"진해거담제, 다른 감기약, 해열진통제, 진정제, 항히스타민제를 함유하는 내복약(비염용 경구제, 멀미약, 알레르기용약)과 함께 복용하지 마십시오. MAO억제제(항우울제, 항정신병제, 감정조절제, 항파킨슨제 등)를 복용하고 있거나 복용을 중단한 후 2주 이내의 사람은 이 약을 복용하지 마십시오. 당뇨약, 통풍약, 관절염약, 항응고제, 스테로이드제, 바르비탈계 약물, 삼환계 항우울제 및 알코올, 플루클록사실린과 함께 복용 시 의사 또는 약사와 상의하십시오. 복용 중에는 음주하지 마십시오."
201707533,멜팅에프크림,멜팅에프,,(주)셀릭스,,
201707545,맘스폴릭정1000마이크로그램(폴산),맘스폴릭,폴산,(주)동구바이오제약,https://nedrug.mfds.go.kr/pbp/cmn/itemImageDownload/151525327782000076,"아미노살리실산, 경구용 피임제, 디하이드로폴레이트 환원효소 저해제(메토트렉세이트, 트리메토프림 등), 페니토인 같은 히단토인계 항전간제, 설파살라진, 콜레스티라민을 복용 중인 환자는 의사 또는 약사와 상의하십시오."
201707596,헤모포민에스35정,헤모포민에스35,,(주)동구바이오제약,https://nedrug.mfds.go.kr/pbp/cmn/itemImageDownload/151525327782000082,"인산염, 칼슘염, 경구용 테트라사이클린계 제제, 제산제와 함께 복용하지 마십시오. 항알도스테론제, 트리암테렌과 함께 복용 시 의사 또는 약사와 상의하십시오. 녹차, 홍차 등 탄닌을 함유하는 차는 복용 중, 복용 전후에는 피하십시오."
201707551,하디콜에스연질캡슐,하디콜에스,,광동제약(주),https://nedrug.mfds.go.kr/pbp/cmn/itemImageDownload/151698121845600089,"진해거담제, 다른 감기약, 해열진통제, 진정제, 항히스타민제를 함유하는 내복약(비염용 경구제, 멀미약, 알레르기용약)과 함께 복용하지 마십시오. MAO억제제(항우울제, 항정신병제, 감정조절제, 항파킨슨제 등)를 복용하고 있거나 복용을 중단한 후 2주 이내의 사람은 이 약을 복용하지 마십시오. 당뇨약, 통풍약, 관절염약, 항응고제, 스테로이드제, 바르비탈계 약물, 삼환계 항우울제 및 알코올, 플루클록사실린과 함께 복용 시 의사 또는 약사와 상의하십시오. 복용 중에는 음주하지 마십시오."
201707611,에너라민파워액,에너라민파워,,일동제약(주),,
201707621,엘씨비탐미정,엘씨비탐미,,구주제약(주),https://nedrug.mfds.go.kr/pbp/cmn/itemImageDownload/151525327782000100,
201707822,뉴믹스탈정,뉴믹스탈,,안국뉴팜(주),https://nedrug.mfds.go.kr/pbp/cmn/itemImageDownload/153183302756200062,"위장진통제, 진경제와 함께 복용하지 마십시오. 칼륨함유제제, 감초함유제제, 글리시리진산 혹은 그 염류 함유제제, 루프계이뇨제(푸로세미드, 에타크린산) 또는 티아지드계 이뇨제(트리클로르메치아지드)와 함께 복용 시 의사 또는 약사와 상의하십시오."
201707836,훼리폴엠캡슐,훼리폴엠,,아이큐어(주),https://nedrug.mfds.go.kr/pbp/cmn/itemImageDownload/151764830088100112,"인산염, 칼슘염, 경구용 테트라사이클린계 항생제, 제산제와 함께 복용하지 마십시오.항알도스테론제, 트리암테렌과 함께 복용 시 의사 또는 약사와 상의하십시오.녹차, 홍차 등 탄닌을 함유하는 차는 복용 중, 복용 전후에는 피하십시오."
201707838,엑셀렌비정,엑셀렌비,,(주)씨엠지제약,https://nedrug.mfds.go.kr/pbp/cmn/itemImageDownload/152415225040500034,"인산염, 칼슘염, 경구용 테트라사이클린계 제제, 제산제, 레보도파와 함께 복용하지 마십시오. 항알도스테론제, 트리암테렌과 함께 복용 시 의사 또는 약사와 상의하십시오. 녹차, 홍차 등 탄닌을 함유하는 차는 복용 중, 복용 전후에는 피하십시오."
201707853,폴비정,폴비,,(주)에이프로젠바이오로직스,https://nedrug.mfds.go.kr/pbp/cmn/itemImageDownload/151853642687600047,레보도파와 함께 복용하지 마십시오.
201707864,엠피신연고(무피로신),엠피신,무피로신,(주)바이넥스,,
201707895,비사콜장용정,비사콜장용,,안국약품(주),https://nedrug.mfds.go.kr/pbp/cmn/itemImageDownload/151671426051700107,제산제와 함께 복용하지 마십시오. 우유 섭취 후 1시간 이내는 복용을 피하십시오.
201707899,"화콜나잘스프레이0.1%(자일로메타졸린염산염)(무향,멘톨향)",화콜나잘스프레이,무향|멘톨향,제이더블유중외제약(주),,"MAO 억제제(항우울제, 항정신병제, 감정조절제, 항파킨슨제 등)를 복용(사용)하고 있거나 복용(사용)을 중단한 후 2주 이내의 사람은 이 약을 사용하지 마십시오. 이 약을 사용하기 전에 삼환계 혹은 사환계 항우울제 투여 중인 환자는 의사 또는 약사와 상의하십시오. 사용 중에는 음주하지 마십시오."
201707900,화콜나잘스프레이0.05%(자일로메타졸린염산염),화콜나잘스프레이,자일로메타졸린염산염,제이더블유중외제약(주),,"MAO 억제제(항우울제, 항정신병제, 감정조절제, 항파킨슨제 등)를 복용하고 있거나 복용을 중단한 후 2주 이내의 사람은 이 약을 사용하지 마십시오. 이 약을 사용하기 전에 삼환계 혹은 사환계 항우울제를 투여 중인 환자는 의사 또는 약사와 상의하십시오. 사용 중에는 음주하지 마십시오."
201707943,엑스코프에이연질캡슐,엑스코프에이,,코오롱제약(주),https://nedrug.mfds.go.kr/pbp/cmn/itemImageDownload/1N925qYaI7K,"MAO억제제(항우울제, 항정신병제, 감정조절제, 항파킨슨제 등), 다른 진해거담제, 감기약, 항히스타민제를 함유하는 내복약(비염용 경구제, 멀미약, 알레르기용약), 진정제와 함께 복용하지 마십시오. 복용 중에는 음주하지 마십시오."
201707965,프리미엄미네코다정,프리미엄미네코다,,미래바이오제약(주),https://nedrug.mfds.go.kr/pbp/cmn/itemImageDownload/151764830088100040,"인산염, 칼슘염, 경구용 테트라사이클린계 제제, 제산제와 함께 복용하지 마십시오.강심배당체, 항알도스테론제, 트리암테렌과 함께 복용 시 의사 또는 약사와 상의하십시오.녹차, 홍차 등 탄닌을 함유하는 차는 복용 중, 복용 전후에는 피하십시오."
201707988,진한고카타플라스마,진한고카타플라스마,,(주)시어스제약,,
201708001,엘씨비탐파워정,엘씨비탐파워,,구주제약(주),https://nedrug.mfds.go.kr/pbp/cmn/itemImageDownload/151525327782000094,레보도파와 함께 복용하지 마십시오. 에스트로겐을 포함한 경구용 피임제와 함께 복용 시 의사 또는 약사와 상의하십시오.
201708002,굿모닝에이스정,굿모닝에이스,,(주)한풍제약,https://nedrug.mfds.go.kr/pbp/cmn/itemImageDownload/1NZ_B2rUzxn,"칼륨함유제제, 감초함유제제, 글리시리진산 혹은 그 염류 함유제제, 루프계 이뇨제(푸로세미드, 에타그린산) 또는 치아지드계 이뇨제(트리클로르메치아지드)와 함께 복용 시 의사 또는 약사와 상의하십시오. 제산제 또는 우유 섭취 후 1시간 이내에는 이 약을 복용하지 마십시오."
201708036,클로맥스연질캡슐(클로닉신리시네이트),클로맥스,클로닉신리시네이트,코스맥스파마(주),https://nedrug.mfds.go.kr/pbp/cmn/itemImageDownload/153339721554900093,"이 약을 복용하는 동안 다른 비스테로이드성 소염진통제(NSAIDs), ACE 억제제 또는 안지오텐신Ⅱ 수용체 길항제, 아스피린, 이뇨제, 리튬, 메토트렉세이트, 쿠마린계 항응고제(와르파린 등), 시클로스포린 및 타크로리무스, 항혈소판제 및 선택적 세로토닌 재흡수 억제제(SSRI), 코르티코스테로이드를 함께 복용하지 마십시오. 미소프로스톨을 복용하는 환자는 복용하기 전에 의사 또는 약사와 상의하십시오."
201708055,마그네비정,마그네비,,한미약품(주),https://nedrug.mfds.go.kr/pbp/cmn/itemImageDownload/1PFJiEnypkw,"인산염, 칼슘염, 경구용 테트라사이클린계 제제, 제산제와 함께 복용하지 마십시오. 에스트로겐을 포함한 경구용 피임제, 항알도스테론제, 트리암테렌과 함께 복용 시 의사 또는 약사와 상의하십시오. 녹차, 홍차 등 탄닌을 함유하는 차는 복용 중, 복용 전후에는 피하십시오."
201708080,레이디퀸연질캡슐,레이디퀸,,(주)에이프로젠바이오로직스,https://nedrug.mfds.go.kr/pbp/cmn/itemImageDownload/152345165220300058,"다른 해열진통제, 감기약, 진정제와 함께 복용하지 마십시오. 당뇨약, 통풍약, 관절염약, 항응고제, 스테로이드제, 저용량 아스피린, 이뇨제와 함께 복용 시 의사 또는 약사와 상의하십시오. 복용 중에 음주하지 마십시오."
201708135,칼맥포르테연질캡슐,칼맥포르테,,코스맥스파마(주),https://nedrug.mfds.go.kr/pbp/cmn/itemImageDownload/151764830088100076,"인산염, 칼슘염, 경구용 테트라사이클린계 제제, 제산제와 함께 복용하지 마십시오.강심배당체, 항알도스테론제, 트리암테렌, 정주용 지질제와 함께 사용 시 의사 또는 약사와 상의하십시오.녹차, 홍차 등 탄닌을 함유하는 차는 복용 중, 복용 전후에는 피하십시오."
201708145,유스테인캡슐(에르도스테인),유스테인,에르도스테인,(주)유영제약,https://nedrug.mfds.go.kr/pbp/cmn/itemImageDownload/151740996245500116,기침약을 복용중인 사람은 의사 또는 약사와 상의하십시오.
201708185,일양투아이블루점안액,일양투아이블루,,일양약품(주),,
201708217,일양투아이케어점안액,일양투아이케어,,일양약품(주),,
201708262,엑스코프디시럽,엑스코프디,,코오롱제약(주),,"다른 진해거담제, 감기약, 항히스타민제, 진정제, 알코올과 함께 복용하지 마십시오. MAO억제제를 복용하고 있거나 복용을 중단한 후 2주 이내의 사람은 이 약을 복용하지 마십시오."
201708197,콜드펜코프연질캡슐,콜드펜코프,,동국제약(주),https://nedrug.mfds.go.kr/pbp/cmn/itemImageDownload/151809943539100033,"아세트아미노펜을 포함하는 다른 제품, MAO억제제(항우울제, 항정신병제, 감정조절제, 항파킨슨제 등), 진해(기침을 그치게 함)거담제(가래약), 다른 감기약, 해열진통제, 진정제, 항히스타민제를 함유하는 내복약(비염용 경구제, 멀미약, 알레르기용약)과 함께 복용하지 마십시오. 당뇨약, 통풍약, 관절염약, 항응고제, 스테로이드제, 바르비탈계 약물, 삼환계 항우울제 및 알코올, 플루클록사실린을 투여한 환자는 의사 또는 약사와 상의하십시오."
201708285,헥사메딘액0.12%(클로르헥시딘글루콘산염액),헥사메딘,클로르헥시딘글루콘산염액,부광약품(주),,
201708198,콜드펜연질캡슐,콜드펜,,동국제약(주),https://nedrug.mfds.go.kr/pbp/cmn/itemImageDownload/151809943539100021,"이 약을 복용하는 동안 아세트아미노펜을 포함하는 다른 제품, MAO 억제제(항우울제, 항정신병제, 감정조절제, 항파킨슨제 등), 진해거담제, 다른 감기약, 해열진통제, 진정제, 항히스타민제를 함유하는 내복약(비염용 경구제, 멀미약, 알레르기용약)과 함께 복용하지 마십시오. MAO 억제제(항우울제, 항정신병제, 감정조절제, 항파킨슨제 등) 복용을 중단한 후 2주 이내의 사람은 이 약을 복용하지 마십시오. 바르비탈계 약물, 삼환계 항우울제, 알코올, 당뇨약, 통풍약, 관절염약, 항응고제, 스테로이드제, 플루클록사실린과 함께 복용 시 의사 또는 약사와 상의하십시오."
201708199,콜드펜노즈연질캡슐,콜드펜노즈,,동국제약(주),https://nedrug.mfds.go.kr/pbp/cmn/itemImageDownload/151809943539100027,"아세트아미노펜을 포함하는 다른 제품, MAO억제제(항우울제, 항정신병제, 감정조절제, 항파킨슨제 등), 진해(기침을 그치게 함)거담제(가래약), 다른 감기약, 해열진통제, 진정제, 항히스타민제를 함유하는 내복약(비염용 경구제, 멀미약, 알레르기용약)과 함께 복용하지 마십시오. MAO억제제(항우울제, 항정신병제, 감정조절제, 항파킨슨제 등) 복용을 중단한 후 2주 이내의 사람은 이 약을 복용하지 마십시오. 당뇨약, 통풍약, 관절염약, 항응고제, 스테로이드제, 바르비탈계 약물, 삼환계 항우울제 및 알코올, 플루클록사실린을 투여한 환자는 의사 또는 약사와 상의하십시오."
201708249,덱시디펜시럽(덱시부프로펜),덱시디펜,덱시부프로펜,경동제약(주),,"다른 비스테로이드성 소염진통제, 아스피린, 고용량의 메토트렉세이트와 함께 사용하지 마십시오. 글루코코르티코이드, 알코올, 디곡신, 페니토인, 프로베네시드, 설핀피라존, 설포닐우레아제, 이뇨제와 항고혈압제 병용, ACE 억제제, 푸로세미드, 리튬, 저용량의 메토트렉세이트, 쿠마린계 항응고제(와파린 등)와 함께 사용 시 의사 또는 약사와 상담하십시오."
201708295,뮤코반캡슐200mg(아세틸시스테인),뮤코반,아세틸시스테인,(주)넥스팜코리아,https://nedrug.mfds.go.kr/pbp/cmn/itemImageDownload/1Pm1vy6QJUg,"경구용 항생제(아목시실린, 세푸록심, 독시사이클린, 에리트로마이신, 티암페니콜)와 함께 복용 시 적어도 2시간 간격을 두고 복용하십시오."
201708381,큐앤큐헥시알콜스틱스왑액,큐앤큐헥시알콜스틱스왑,,큐앤큐팜(주),,
201708389,솔표위청수에프액,솔표위청수에프,,광동제약(주),,
201708393,에르페시버크림(아시클로버),에르페시버,아시클로버,(주)다산제약,,프로베네시드를 투여한 환자는 의사 또는 약사와 상의하십시오.
201708490,비엘피린장용정100밀리그램(아스피린),비엘피린장용,아스피린,(주)씨엘팜,https://nedrug.mfds.go.kr/pbp/cmn/itemImageDownload/1OZ25fiXc8d,"다른 비스테로이드성 소염진통제 및 살리실산 제제, 일주일 동안 메토트렉세이트 15밀리그람(15mg/주) 이상의 용량은 이 약과 병용 투여 시 출혈이 증가되거나 신기능이 감소될 수 있으므로 함께 사용하지 않습니다. 항응고제, 이부프로펜, 나프록센 등 일부 비스테로이드성 소염진통제, 혈전용해제, 다른 혈소판응집억제제, 지혈제, 당뇨병치료제(인슐린제제, 톨부타미드 등), 요산배설촉진제(벤즈브로마론, 프로베네시드), 티아지드계 이뇨제, 리튬제제, 선택적 세포토닌 재흡수 억제제, 디곡신, 전신 작용 부신피질호르몬 제제(애디슨병 대체요법용 히드로코티손 제외), 안지오텐신 전환 효소 억제제, 발프로산 제제를 복용하는 사람은 의사 또는 약사와 상의하십시오. 알칼리제제(예: 탄산수소나트륨, 탄산마그네슘) 또는 습기가 차기 쉬운 제제와 함께 섞지 마십시오. 알코올과 병용 투여 시 위장관 점막 손상이 증가하고, 이 약과 알코올의 상승효과로 인해 출혈시간이 연장될 수 있습니다."
201708500,게보핏파워플라스타(디클로페낙나트륨),게보핏파워플라스타,디클로페낙나트륨,삼진제약(주),,"이 약을 사용하는 동안 디클로페낙 제제 혹은 비스테로이드 소염제(항염증제)를 국소적으로 적용하거나 복용하지 마십시오. 뉴퀴놀론계 항균제(에녹사신 등), 루프 이뇨제(푸로세미드 등), 티아자이드계 이뇨제, 지혈을 방해하는 약물(와파린 등), 항혈소판제(아스피린 등), 선택적 세로토닌 재흡수 억제제 및 세로토닌 노르에피네프린 재흡수 억제제를 투여하는 환자는 의사 또는 약사와 상의하십시오."
201708524,페라플루디액(과아세트산액0.2%),페라플루디,과아세트산액0.2%,주식회사 밸리,,차아염소산염 등의 염소계제제와 함께 사용하지 마십시오.
201708579,토마쎈플러스연질캡슐,토마쎈플러스,,동방에프티엘(주),https://nedrug.mfds.go.kr/pbp/cmn/itemImageDownload/1Pvn3im1zEi,"인산염, 칼슘염, 경구용 테트라사이클린계 제제, 제산제와 함께 복용하지 마십시오. 에스트로겐을 포함한 경구용 피임제, 항알도스테론제, 트리암테렌, 정주용 지질제와 함께 사용 시 의사 또는 약사와 상의하십시오.녹차, 홍차 등 탄닌을 함유하는 차는 복용 중, 복용 전후에는 피하십시오."
201708580,겔포스엘현탁액,겔포스엘,,(주)보령,,이 약을 복용하는 동안 테트라사이클린계 항생제를 함께 복용하지 마십시오.이 약을 복용하기 전에 다른 약물을 복용하고 있는 사람은 의사 또는 약사와 상의하십시오.
201708605,벨노즈캡슐,벨노즈,,한솔신약(주),https://nedrug.mfds.go.kr/pbp/cmn/itemImageDownload/154609807502200125,"MAO 억제제(항우울제, 항정신병제, 감정조절제, 항파킨슨제 등), 다른 비염용 경구제, 항히스타민제를 함유하는 내복약(감기약, 진해거담제, 멀미약, 알레르기용약 등)과 함께 복용하지 마십시오."
201708637,바이코민정,바이코민,,(주)메디카코리아,https://nedrug.mfds.go.kr/pbp/cmn/itemImageDownload/151698121845600095,레보도파와 함께 복용하지 마십시오.에스트로겐을 포함한 경구용 피임제와 함께 복용 시 의사 또는 약사와 상의하십시오.
201708640,세파셀렌정100마이크로그램(아셀렌산나트륨),세파셀렌,아셀렌산나트륨,(주)한국팜비오,https://nedrug.mfds.go.kr/pbp/cmn/itemImageDownload/153037326829900040,"비타민 C와 같은 환원제는 함께 복용하지 마십시오. 비타민 C를 복용하려면 이 약과 약 4시간의 간격을 두고 따로 복용해야 합니다.녹차, 홍차 등 탄닌을 함유하는 차는 복용 중, 복용 전후에는 피하십시오."
201708634,푸로싹연질캡슐(나프록센),푸로싹,나프록센,제일헬스사이언스(주),https://nedrug.mfds.go.kr/pbp/cmn/itemImageDownload/1Pvn3im1zIz,"다른 비스테로이드성 소염진통제, 나프록센 유도체, 고용량의 메토트렉세이트와 함께 복용하지 마십시오. 히단토인계 항뇌전증약, 설파제, 설포닐요소계 혈당강하제, 프로프라놀롤 및 다른 -차단제, ACE억제제(캅토프릴 등), 루프계 이뇨제 및 티아지드계 이뇨제, 프로베네시드, 아스피린, 리튬, 저용량의 메토트렉세이트, 쿠마린계 혈액응고저지제(와파린 등), 지도부딘, 뉴퀴놀론계 항생물질(에녹사신 등)과 함께 복용 시 의사 또는 약사와 상의하십시오."
201800106,제일디쿨24플라스타(디클로페낙나트륨),제일디쿨24플라스타,디클로페낙나트륨,제일헬스사이언스(주),,"이 약을 사용하는 동안 디클로페낙 제제 혹은 비스테로이드 소염제(항염증제)를 국소적으로 적용하거나 복용하지 마십시오. 뉴퀴놀론계 항균제(에녹사신 등), 루프 이뇨제(푸로세미드 등), 티아자이드계 이뇨제, 지혈을 방해하는 약물(와파린 등), 항혈소판제(아스피린 등), 선택적 세로토닌 재흡수 억제제 및 세로토닌 노르에피네프린 재흡수 억제제를 투여하는 환자는 의사 또는 약사와 상의하십시오."
201800123,메가비텐정,메가비텐,,동국제약(주),https://nedrug.mfds.go.kr/pbp/cmn/itemImageDownload/152276810905200047,"인산염, 칼슘염, 경구용 테트라사이클린계 제제, 제산제, 레보도파와 함께 복용하지 마십시오. 에스트로겐을 포함한 경구용 피임제, 항알도스테론제, 트리암테렌과 함께 복용 시 의사 또는 약사와 상의하십시오. 녹차, 홍차 등 탄닌을 함유하는 차는 복용 중, 복용 전후에는 피하십시오."
201800115,세파콜과립,세파콜,,(주)아이월드제약,,"아세트아미노펜을 포함하는 다른 제품, MAO억제제(항우울제, 항정신병제, 감정조절제, 항파킨슨제 등), 진해거담제, 다른 감기약, 해열진통제, 진정제, 항히스타민제를 함유하는 내복약(비염용 경구제, 멀미약, 알레르기용약)과 함께 복용하지 마십시오. 당뇨약, 통풍약, 관절염약, 항응고제, 스테로이드제, 바르비탈계 약물, 삼환계 항우울제, 알코올, 칼륨함유제제, 감초함유제제, 글리시리진산 또는 그 염류 함유제제, 루프계 이뇨제(푸로세미드, 에타크린산), 티아지드계 이뇨제(트리클로르메티아지드)와 함께 복용 시 의사 또는 약사와 상의하십시오."
201800124,쎈비백정,쎈비백,,한국코러스(주),https://nedrug.mfds.go.kr/pbp/cmn/itemImageDownload/154056842685300024,"인산염, 칼슘염, 경구용 테트라사이클린계 제제, 제산제, 레보도파와 함께 복용하지 마십시오. 에스트로겐을 포함한 경구용 피임제, 항알도스테론제, 트리암테렌과 함께 복용 시 의사 또는 약사와 상의하십시오. 녹차, 홍차 등 탄닌을 함유하는 차는 복용 중, 복용 전후에는 피하십시오."
201800133,치스민캡슐(디오스민),치스민,디오스민,동성제약(주),https://nedrug.mfds.go.kr/pbp/cmn/itemImageDownload/1Pvn3im1zC7,
201800145,무조날에스네일라카(시클로피록스),무조날에스네일라카,시클로피록스,한미약품(주),,
201800201,비오딜정5밀리그램(비오틴),비오딜,비오틴,태극제약(주),https://nedrug.mfds.go.kr/pbp/cmn/itemImageDownload/1N7WiIONw-Z,"날계란과 함께 복용하지 마십시오.카르바마제핀, 페니토인, 페노바르비탈, 항생제와 함께 복용 시 의사 또는 약사와 상의하십시오."
201800231,프리에스연질캡슐(클로닉신리시네이트),프리에스,클로닉신리시네이트,동국제약(주),https://nedrug.mfds.go.kr/pbp/cmn/itemImageDownload/1MovEOYgaXM,"이 약을 복용하는 동안 다른 비스테로이드성 소염진통제(NSAIDs), ACE 억제제 또는 안지오텐신Ⅱ 수용체 길항제, 아스피린, 이뇨제, 리튬, 메토트렉세이트, 쿠마린계 항응고제(와르파린 등), 시클로스포린 및 타크로리무스, 항혈소판제 및 선택적 세로토닌 재흡수 억제제(SSRI), 코르티코스테로이드를 함께 복용하지 마십시오. 미소프로스톨을 복용하는 환자는 복용하기 전에 의사 또는 약사와 상의하십시오."
201800233,구미포비돈세정액7.5%(포비돈요오드),구미포비돈세,포비돈요오드,구미제약(주),,"과산화수소와 함께 사용하지 마십시오.리튬제제, 클로르헥시딘, 설파디아진ㆍ은화합물, 알칼리, 수은을 함유한 제제, 효소성분의 상처치료제와 함께 사용 시 의사 또는 약사와 상의하십시오."
201800286,네오콜코프캡슐,네오콜코프,,한국신텍스제약(주),https://nedrug.mfds.go.kr/pbp/cmn/itemImageDownload/152415243654100033,"MAO억제제(항우울제, 항정신병제, 감정조절제, 항파킨슨제 등), 다른 진해거담제, 감기약, 항히스타민제를 함유하는 내복약(비염용 경구제, 멀미약, 알레르기용약), 진정제와 함께 복용하지 마십시오. 칼륨함유제제, 감초함유제제, 글리시리진산 혹은 그 염류 함유제제, 루프계이뇨제(푸로세미드, 에타크린산) 또는 티아지드계 이뇨제(트리클로르메티아지드)와 함께 복용 시 의사 또는 약사와 상의하십시오. 복용 중에는 음주하지 마십시오."
201800317,아미푸렉스골드정,아미푸렉스골드,,고려제약(주),https://nedrug.mfds.go.kr/pbp/cmn/itemImageDownload/152225161583400028,레보도파와 함께 복용하지 마십시오. 에스트로겐을 포함한 경구용 피임제와 함께 복용 시 의사 또는 약사와 상의하십시오.
201800344,아노덱스정,아노덱스,,(주)팜젠사이언스,https://nedrug.mfds.go.kr/pbp/cmn/itemImageDownload/152216525755800055,"인산염, 칼슘염, 경구용 테트라사이클린계 제제, 제산제, 레보도파와 함께 복용하지 마십시오. 에스트로겐을 포함한 경구용 피임제, 항알도스테론제, 트리암테렌과 함께 복용 시 의사 또는 약사와 상의하십시오. 녹차, 홍차 등 탄닌을 함유하는 차는 복용 중, 복용 전후에는 피하십시오."
201800352,치클리스연고,치클리스,,일양바이오팜(주),,"이 약을 사용하는 동안 dl-메틸에페드린염산염, 스코폴리아 엑스 및 글리시리진산 함유 좌제 또는 연고제, 크림제, 혈압강하제, 항우울약을 복용(사용)하지 마십시오."
201800353,아로나민이맥스플러스정,아로나민이맥스플러스,,일동제약(주),https://nedrug.mfds.go.kr/pbp/cmn/itemImageDownload/1Mcb1OgUCpq,레보도파와 함께 복용하지 마십시오.에스트로겐을 포함한 경구용 피임제와 함께 복용 시 의사 또는 약사와 상의하십시오.
201800515,마겐정(알마게이트),마겐,알마게이트,(주)시어스제약,https://nedrug.mfds.go.kr/pbp/cmn/itemImageDownload/1MYVLzDTTY9,"이 약을 복용하는 동안 테트라사이클린계 항생제는 복용하지 마십시오.이 약을 복용하기 전에 비스테로이드소염(항염)진통제, 궤양치료제, 디기탈리스 제제, 클로르프로마진, 란소프라졸, 프레드니솔론, 페니실린, 퀴놀론, 철(Fe)염 제제, 살리실산염을 복용하는 환자는 의사 또는 약사와 상의하십시오."
201800567,타세놀8시간이알서방정325밀리그램(아세트아미노펜),타세놀8시간이알서방,아세트아미노펜,부광약품(주),https://nedrug.mfds.go.kr/pbp/cmn/itemImageDownload/152345165220300046,"다른 소염진통제, 아세트아미노펜을 포함하는 다른 제품, 바르비탈계 약물, 삼환계 항우울제와 함께 복용하지 마십시오.와파린, 리튬, 티아지드계 이뇨제와 함께 복용 시 의사 또는 약사와 상의하십시오."
201800637,생큐환,생큐,,신화제약(주),,
201800675,락스타캡슐(락토바실루스카제이변종람노수스의동결건조배양물),락스타,락토바실루스카제이변종람노수스의동결건조배양물,코오롱제약(주),https://nedrug.mfds.go.kr/pbp/cmn/itemImageDownload/154367884505000054,"주로 익힌 고기 및 밥을 먹고, 생 음식, 과일, 야채, 매운 음식 및 냉동된 음식 또는 음료는 피하십시오."
201800681,리도킨크림9.6%(리도카인)(수출명: SM Lido Cream 9.6%(Lidocaine)),리도킨,,오스틴제약(주),,
201800701,슬라드린정,슬라드린,,동국제약(주),https://nedrug.mfds.go.kr/pbp/cmn/itemImageDownload/1Pvn3im1zRk,"아세트아미노펜을 포함하는 다른 제품, MAO 억제제(항우울제, 항정신병제, 감정조절제, 항파킨슨제 등), 진해거담제, 다른 감기약, 해열진통제, 진정제, 항히스타민제를 함유하는 내복약(비염용 경구제, 멀미약, 알레르기용약)은 복용하지 마십시오. MAO 억제제(항우울제, 항정신병제, 감정조절제, 항파킨슨제 등) 복용을 중단한 후 2주 이내의 사람은 이 약을 복용하지 마십시오. 당뇨약, 통풍약, 관절염약, 항응고제, 스테로이드제, 바르비탈계 약물, 삼환계 항우울제 및 알코올을 투여한 환자는 의사 또는 약사와 상의하십시오. 복용 중에는 음주하지 마십시오."
201800707,케로펜디플라스타(케토프로펜),케로펜디플라스타,케토프로펜,(주)티디에스팜,,
201800709,리도킨겔9.6%(리도카인)(수출명: SM Lido Gel 9.6%(Lidocaine)),리도킨,,오스틴제약(주),,
201800754,훼로큐캡슐,훼로큐,,(주)바스칸바이오제약,https://nedrug.mfds.go.kr/pbp/cmn/itemImageDownload/1Mcb1OgU-Dx,"인산염, 칼슘염, 경구용 테트라사이클린계 항생제, 제산제와 함께 복용하지 마십시오.항알도스테론제, 트리암테렌과 함께 복용 시 의사 또는 약사와 상의하십시오.녹차, 홍차등 탄닌을 함유하는 차 및 우유ㆍ유제품은 복용 중, 복용 전후에는 피하십시오."
201800782,터비뉴원스외용액(테르비나핀염산염),터비뉴원스외용,테르비나핀염산염,동아제약(주),,
201800788,간프로액(L-아스파르트산-L-오르니틴),간프로,L-아스파르트산-L-오르니틴,(주)유유제약,,
201800836,이소프트캡슐,이소프트,,코스맥스파마(주),https://nedrug.mfds.go.kr/pbp/cmn/itemImageDownload/1PMH_02KOpT,이 약을 복용하기 전에 다른 약물을 복용하고 있는 경우 의사 또는 약사와 상의하십시오.
201800891,그날엔딥24플라스타(디클로페낙나트륨),그날엔딥24플라스타,디클로페낙나트륨,경동제약(주),,"이 약을 사용하는 동안 디클로페낙 제제 혹은 비스테로이드 소염제(항염증제)를 국소적으로 적용하거나 복용하지 마십시오. 뉴퀴놀론계 항균제(에녹사신 등), 루프 이뇨제(푸로세미드 등), 티아자이드계 이뇨제, 지혈을 방해하는 약물(와파린 등), 항혈소판제(아스피린 등), 선택적 세로토닌 재흡수 억제제 및 세로토닌 노르에피네프린 재흡수 억제제를 투여하는 환자는 의사 또는 약사와 상의하십시오."
201800862,아이소펜시럽(덱시부프로펜),아이소펜,덱시부프로펜,한국휴텍스제약(주),,"다른 비스테로이드성 소염진통제, 아스피린, 고용량의 메토트렉세이트와 함께 사용하지 마십시오. 글루코코르티코이드, 알코올, 디곡신, 페니토인, 프로베네시드, 설핀피라존, 설포닐우레아제, 이뇨제와 항고혈압제 병용, ACE 억제제, 푸로세미드, 리튬, 저용량의 메토트렉세이트, 쿠마린계 항응고제(와파린 등)와 함께 사용 시 의사 또는 약사와 상담하십시오."
201800911,콘티플러스연질캡슐,콘티플러스,,(주)씨엘팜,https://nedrug.mfds.go.kr/pbp/cmn/itemImageDownload/1N_ONkylBmB,레보도파와 함께 복용하지 마십시오. 에스트로겐을 포함한 경구용 피임제와 함께 복용 시 의사 또는 약사와 상의하십시오.
201800949,더모메디큐액,더모메디큐,,부광약품(주),,
201800970,미녹시딜바이그루트액3%(미녹시딜),미녹시딜바이그루트,미녹시딜,태극제약(주),,"다른 두피용 약물, 외용 코르티코이드, 레티노이드, 바셀린, 디트라놀 또는 경피흡수를 촉진시킨다고 알려진 약물과 함께 사용하지 마십시오."
201800971,미녹시딜바이그루트액5%(미녹시딜),미녹시딜바이그루트,미녹시딜,태극제약(주),,"외용 코르티코이드, 레티노이드, 바셀린, 디트라놀 또는 경피흡수를 촉진시킨다고 알려진 약물, 다른 두피용 약물과 함께 사용하지 마십시오."
201801000,엔포르테액(L-아스파르트산-L-아르기닌수화물),엔포르테,L-아스파르트산-L-아르기닌수화물,구주제약(주),,"이 약을 복용하는 동안 항정신병약, 수면제를 함께 복용하지 마십시오."
201800980,키즈부스터비타츄어블정,키즈부스터비타츄어블,,코오롱제약(주),https://nedrug.mfds.go.kr/pbp/cmn/itemImageDownload/1N5PLuAiUqF,"이 약을 복용하는 동안 인산염, 칼슘염, 경구용 테트라사이클린계 제제, 제산제, 레보도파를 복용하지 마십시오.강심배당체, 에스트로겐을 포함한 경구용 피임제, 항알도스테론제, 트리암테렌을 함께 복용하는 경우 의사 또는 약사와 상의하십시오.녹차, 홍차 등 탄닌을 함유하는 차는 복용 중, 복용 전후에는 피하십시오."
201801010,이치논크림,이치논,,동아제약(주),,
201800994,카펜에스정,카펜에스,,(주)아이월드제약,https://nedrug.mfds.go.kr/pbp/cmn/itemImageDownload/152941971828400093,"아세트아미노펜을 포함하는 다른 제품, MAO 억제제(항우울제, 항정신병제, 감정조절제, 항파킨슨제 등), 진해거담제, 다른 감기약, 해열진통제, 진정제, 항히스타민제를 함유하는 내복약(비염용 경구제, 멀미약, 알레르기용약)과 함께 복용하지 마십시오 당뇨약, 통풍약, 관절염약, 항응고제, 스테로이드제, 바르비탈계 약물, 삼환계 항우울제 및 알코올, 당뇨약, 통풍약, 관절염약, 항응고제, 스테로이드제 등 다른 약물을 복용하는 경우 의사 또는 약사와 상의하십시오."
201801011,소보민시럽,소보민,,삼익제약(주),,"다른 진토제, 감기약, 해열진통제, 항히스타민제, 진정제, 진해거담제, 디펜히드라민을 함유한 외용제와 함께 사용하지 마십시오. 복용 중에는 음주하지 마십시오."
201801021,투수콜포르테연질캡슐,투수콜포르테,,신일제약(주),https://nedrug.mfds.go.kr/pbp/cmn/itemImageDownload/153002768343400010,"다른 비염(코염)용 경구제, 항히스타민제를 함유하는 내복약(감기약, 진해거담제, 멀미약, 알레르기용약)과 함께 복용하지 마십시오. 정주용 지질제와 함께 사용 시 의사 또는 약사와 상의하십시오. 복용 중에는 음주하지 마십시오."
201801073,훼리큐캡슐,훼리큐,,(주)에이프로젠바이오로직스,https://nedrug.mfds.go.kr/pbp/cmn/itemImageDownload/152699874330600046,"인산염, 칼슘염, 경구용 테트라사이클린계 항생제, 제산제와 함께 복용하지 마십시오. 항알도스테론제, 트리암테렌과 함께 복용 시 의사 또는 약사와 상의하십시오. 녹차, 홍차등 탄닌을 함유하는 차 및 우유ㆍ유제품은 복용 중, 복용 전후에는 피하십시오."
201801085,엘부틴정(트리메부틴말레산염),엘부틴,트리메부틴말레산염,(주)인트로바이오파마,https://nedrug.mfds.go.kr/pbp/cmn/itemImageDownload/153002376643000012,
201801088,통클리어연질캡슐(클로닉신리시네이트),통클리어,클로닉신리시네이트,(주)에이프로젠바이오로직스,https://nedrug.mfds.go.kr/pbp/cmn/itemImageDownload/153331087001500106,"이 약을 복용하는 동안 다른 비스테로이드성 소염진통제(NSAIDs), ACE 억제제 또는 안지오텐신Ⅱ 수용체 길항제, 아스피린, 이뇨제, 리튬, 메토트렉세이트, 쿠마린계 항응고제(와르파린 등), 시클로스포린 및 타크로리무스, 항혈소판제 및 선택적 세로토닌 재흡수 억제제(SSRI), 코르티코스테로이드를 함께 복용하지 마십시오. 미소프로스톨을 복용하는 환자는 복용하기 전에 의사 또는 약사와 상의하십시오."
201801116,이니바실루스산(바실루스리케니포르미스균),이니바실루스,바실루스리케니포르미스균,(주)비보존제약,,"시프로플록사신, 이미페넴, 실라스타틴나트륨과 함께 사용 시 의사 또는 약사와 상의하십시오."
201801145,템페라연질캡슐,템페라,,(주)아이월드제약,https://nedrug.mfds.go.kr/pbp/cmn/itemImageDownload/152550471652100169,"인산염, 칼슘염, 경구용 테트라사이클린계 제제, 제산제와 함께 복용하지 마십시오.에스트로겐을 포함한 경구(먹는)용 피임제, 항알도스테론제, 트리암테렌과 함께 복용 시 의사 또는 약사와 상의하십시오.녹차, 홍차 등 탄닌을 함유하는 차는 복용 중, 복용 전후에는 피하십시오."
201801160,빅조인에프정,빅조인에프,,미래바이오제약(주),https://nedrug.mfds.go.kr/pbp/cmn/itemImageDownload/1NOwp2F6LSk,"인산염, 칼슘염, 경구용 테트라사이클린계 제제, 제산제, 레보도파와 함께 복용하지 마십시오. 항알도스테론제, 트리암테렌과 함께 복용하지 마십시오. 녹차, 홍차 등 탄닌을 함유하는 차는 복용 중, 복용 전후에는 피하십시오."
201801170,엘카틸정(엘카르니틴),엘카틸,엘카르니틴,(주)비보존제약,https://nedrug.mfds.go.kr/pbp/cmn/itemImageDownload/152734921040200053,정주용 지질제와 함께 사용 시 의사 또는 약사와 상의하십시오.
201801177,메가골드플러스정,메가골드플러스,,한국코러스(주),https://nedrug.mfds.go.kr/pbp/cmn/itemImageDownload/153339724594600097,레보도파와 함께 복용하지 마십시오.
201801178,파워콜코프연질캡슐,파워콜코프,,동화약품(주),https://nedrug.mfds.go.kr/pbp/cmn/itemImageDownload/1PK0UBnXvJg,"MAO 억제제(항우울제, 항정신병제, 감정조절제, 항파킨슨제 등), 진해(기침을 그치게 함)거담제(가래약), 다른 감기약, 해열진통제, 진정제, 항히스타민제를 함유하는 내복약(비염(코염)용 경구제, 멀미약, 알레르기용약)과 함께 복용하지 마십시오. 바르비탈계 약물, 삼환계 항우울제, 알코올, 당뇨약, 통풍약, 관절염약, 항응고제, 스테로이드제와 함께 복용 시 의사 또는 약사와 상의하십시오."
201801256,칼디쓰리플러스정,칼디쓰리플러스,,(주)아이월드제약,https://nedrug.mfds.go.kr/pbp/cmn/itemImageDownload/1Pvn3im1-eQ,"인산염, 칼슘염, 경구용 테트라사이클린계 제제, 제산제와 함께 복용하지 마십시오. 강심배당체, 항알도스테론제, 트리암테렌과 함께 복용 시 의사 또는 약사와 상의하십시오. 녹차, 홍차 등 탄닌을 함유하는 차는 복용 중, 복용 전후에는 피하십시오."
201801263,그린헥시딘브러쉬액(클로르헥시딘글루콘산염액),그린헥시딘브러쉬,클로르헥시딘글루콘산염액,(주)그린제약,,"혈청, 농 등의 유기물질, 비누류는 이 약의 살균작용을 약화시키므로 충분히 씻어 제거한 후 사용하십시오."
201801264,그린포비돈브러쉬액(포비돈요오드),그린포비돈브러쉬,포비돈요오드,(주)그린제약,,"과산화수소와 함께 사용하지 마십시오.리튬제제, 클로르헥시딘, 설파디아진ㆍ은화합물, 알칼리, 수은을 함유한 제제, 효소성분의 상처치료제와 함께 사용 시 의사 또는 약사와 상의하십시오."
201801272,삼아리도멕스크림0.15%(프레드니솔론발레로아세테이트),삼아리도멕스,프레드니솔론발레로아세테이트,삼아제약(주),,
201801344,이니바실루스캡슐(바실루스리케니포르미스균),이니바실루스,바실루스리케니포르미스균,(주)비보존제약,https://nedrug.mfds.go.kr/pbp/cmn/itemImageDownload/153253323143600027,"시프로플록사신, 이미페넴, 실라스타틴나트륨과 함께 사용 시 의사 또는 약사와 상의하십시오."
201801352,헥시타놀2%스틱스왑액,헥시타놀스틱스왑,,(주)퍼슨,,
201801353,우루리버정100mg(우르소데옥시콜산),우루리버,우르소데옥시콜산,한국휴텍스제약(주),https://nedrug.mfds.go.kr/pbp/cmn/itemImageDownload/152699874330700037,"경구용 당뇨병제(톨부타미드), 콜레스티라민, 콜레스티폴, 약용탄, 마그네슘 및 수산화알루미늄을 함유하는 제산제, 간에서 콜레스테롤 분비를 증가시키는 약물(에스트로겐 함유 경구용 피임제, 클로피브레이트와 같이 지질감소약물), 간에 손상을 주는 약물을 함께 복용하지 마십시오."
201801355,액티진정,액티진,,한국코러스(주),https://nedrug.mfds.go.kr/pbp/cmn/itemImageDownload/153183302756200122,"인산염, 칼슘염, 경구용 테트라사이클린계 제제, 제산제, 레보도파와 함께 복용하지 마십시오. 에스트로겐을 포함한 경구용 피임제, 항알도스테론제, 트리암테렌과 함께 복용 시 의사 또는 약사와 상의하십시오. 녹차, 홍차 등 탄닌을 함유하는 차는 복용 중, 복용 전후에는 피하십시오."
201801370,큐앤큐헥시딘스틱스왑액,큐앤큐헥시딘스틱스왑,,큐앤큐팜(주),,
201801390,류펜프리플라스타(디클로페낙나트륨),류펜프리플라스타,디클로페낙나트륨,대화제약(주),,"이 약을 사용하는 동안 디클로페낙 제제 혹은 비스테로이드 소염제(항염증제)를 국소적으로 적용하거나 복용하지 마십시오. 뉴퀴놀론계 항균제(에녹사신 등), 루프 이뇨제(푸로세미드 등), 티아자이드계 이뇨제, 지혈을 방해하는 약물(와파린 등), 항혈소판제(아스피린 등), 선택적 세로토닌 재흡수 억제제 및 세로토닌 노르에피네프린 재흡수 억제제를 투여하는 환자는 의사 또는 약사와 상의하십시오."
201801356,뉴스피린장용정100밀리그램(아스피린),뉴스피린장용,아스피린,(주)다산제약,https://nedrug.mfds.go.kr/pbp/cmn/itemImageDownload/1Pzc9DvobZR,"다른 비스테로이드성 소염진통제 및 살리실산 제제, 일주일 동안 메토트렉세이트 15밀리그람(15mg/주) 이상의 용량은 이 약과 병용 투여 시 출혈이 증가되거나 신기능이 감소될 수 있으므로 함께 사용하지 않습니다. 항응고제, 이부프로펜, 나프록센 등 일부 비스테로이드성 소염진통제, 혈전용해제, 다른 혈소판응집억제제, 지혈제, 당뇨병치료제(인슐린제제, 톨부타미드 등), 요산배설촉진제(벤즈브로마론, 프로베네시드), 티아지드계 이뇨제, 리튬제제, 선택적 세포토닌 재흡수 억제제, 디곡신, 전신 작용 부신피질호르몬 제제(애디슨병 대체요법용 히드로코티손 제외), 안지오텐신 전환 효소 억제제, 발프로산 제제를 복용하는 사람은 의사 또는 약사와 상의하십시오. 알칼리제제(예: 탄산수소나트륨, 탄산마그네슘) 또는 습기가 차기 쉬운 제제와 함께 섞지 마십시오. 알코올과 병용 투여 시 위장관 점막 손상이 증가하고, 이 약과 알코올의 상승효과로 인해 출혈시간이 연장될 수 있습니다."
201801393,플로리진연질캡슐(세티리진염산염),플로리진,세티리진염산염,동화약품(주),https://nedrug.mfds.go.kr/pbp/cmn/itemImageDownload/1P2JYwFs7jl,"테오필린, 리토나비르, 과량의 알코올과 함께 복용하지 마십시오."
201801373,미녹시딜바이그루트겔5%(미녹시딜),미녹시딜바이그루트,미녹시딜,태극제약(주),,"외용 코르티코이드, 레티노이드, 바셀린, 디트라놀 또는 경피흡수를 촉진시킨다고 알려진 약물, 다른 두피용 약물과 함께 사용하지 마십시오."
201801425,계안겔(수출용),계안,,동아제약(주),,
201801429,바토루스캡슐(바실루스리케니포르미스균),바토루스,바실루스리케니포르미스균,한국프라임제약(주),https://nedrug.mfds.go.kr/pbp/cmn/itemImageDownload/153339724594600121,"시프로플록사신, 이미페넴, 실라스타틴나트륨과 함께 사용 시 의사 또는 약사와 상의하십시오."
201801484,바레톡크림(나프티핀염산염),바레톡,나프티핀염산염,일양바이오팜(주),,다른 국소 적용 약물과 함께 사용 시 의사 또는 약사와 상의하십시오.
201801497,일양바이오알벤다졸정,일양바이오알벤다졸,,일양바이오팜(주),https://nedrug.mfds.go.kr/pbp/cmn/itemImageDownload/154238284590800093,"이 약을 복용하는 동안 테오필린, 시메티딘, 프라지콴텔, 덱사메타손, 리토나비르, 페니토인, 카르바마제핀, 페노바르비탈을 함께 복용하지 마십시오."
201801498,레이디원연질캡슐,레이디원,,제일헬스사이언스(주),https://nedrug.mfds.go.kr/pbp/cmn/itemImageDownload/152795406231200063,"다른 해열진통제, 감기약, 진정제와 함께 복용하지 마십시오. 당뇨약, 통풍약, 관절염약, 항응고제, 스테로이드제, 이뇨제와 함께 복용 시 의사 또는 약사와 상의하십시오. 복용 중에는 음주하지 마십시오."
201801516,비타월드정,비타월드,,(주)아이월드제약,https://nedrug.mfds.go.kr/pbp/cmn/itemImageDownload/153002376643000024,레보도파와 함께 복용하지 마십시오.
201801538,파워콜노즈연질캡슐,파워콜노즈,,동화약품(주),https://nedrug.mfds.go.kr/pbp/cmn/itemImageDownload/1PK0UBnXvIf,"아세트아미노펜을 포함하는 다른 제품, MAO억제제(항우울제, 항정신병제, 감정조절제, 항파킨슨제 등), 진해(기침을 그치게 함)거담제(가래약), 다른 감기약, 해열진통제, 진정제, 항히스타민제를 함유하는 내복약(비염용 경구제, 멀미약, 알레르기용약)과 함께 복용하지 마십시오. 당뇨약, 통풍약, 관절염약, 항응고제, 스테로이드제, 바르비탈계 약물, 삼환계 항우울제 및 알코올을 투여한 환자는 의사 또는 약사와 상의하십시오."
201801542,써버쿨플라스타,써버쿨플라스타,,진양제약(주),,
201801546,더블엑스투카타플라스마,더블엑스투카타플라스마,,(주)시어스제약,,
201801561,뮤트린캡슐200밀리그램(아세틸시스테인),뮤트린,아세틸시스테인,에이치엘비제약(주),https://nedrug.mfds.go.kr/pbp/cmn/itemImageDownload/153097807861600052,"경구용 항생제(아목시실린, 세푸록심, 독시사이클린, 에리트로마이신, 티암페니콜)와 함께 복용 시 적어도 2시간 간격을 두고 복용하십시오."
201801599,다나큐아크림,다나큐아,,광동제약(주),,
201801608,휴펜텍카타플라스마(록소프로펜나트륨수화물),휴펜텍카타플라스마,록소프로펜나트륨수화물,(주)시어스제약,,
201801617,노이텍정,노이텍,,아이큐어(주),https://nedrug.mfds.go.kr/pbp/cmn/itemImageDownload/1P2JYwFs9NY,"멀미약, 감기약, 해열진통제, 진정제, 진해거담제, 항히스타민제 성분의 내복약(비염 또는 알레르기용 약)과 함께 복용하지 마십시오."
201801676,메디알정500mg(알마게이트),메디알,알마게이트,에스피씨(주),https://nedrug.mfds.go.kr/pbp/cmn/itemImageDownload/153814921631300067,"이 약을 복용하는 동안 테트라사이클린계 항생제는 복용하지 마십시오. 이 약을 복용하기 전에 비스테로이드소염(항염)진통제, 궤양치료제, 디기탈리스 제제, 클로르프로마진, 란소프라졸, 프레드니솔론, 페니실린, 퀴놀론, 철(Fe)염 제제, 살리실산염을 복용하는 환자는 의사 또는 약사와 상의하십시오."
201801678,슬리마정(수출용),슬리마,,(주)아이월드제약,https://nedrug.mfds.go.kr/pbp/cmn/itemImageDownload/1N4wuy1lBAb,"다른 약과 동시에 복용하지 않는 것이 좋으며, 복용할 경우 30분~1시간의 간격을 두고 복용하는 것이 권장됩니다."
201801679,제일빅파프카타플라스마(플루르비프로펜),제일빅파프카타플라스마,플루르비프로펜,제일헬스사이언스(주),,
201801688,이부페노정,이부페노,,(주)아이월드제약,https://nedrug.mfds.go.kr/pbp/cmn/itemImageDownload/1MpNPEsu-Uv,"다른 해열진통제, 감기약, 진정제와 함께 복용하지 마십시오. 당뇨약, 통풍약, 관절염약, 항응고제, 스테로이드제, 저용량 아스피린, 이뇨제, 칼륨함유제제, 감초함유제제, 글리시리진산 또는 그 염류 함유제제, 루프계 이뇨제(푸로세미드, 에타크린산) 또는 티아지드계 이뇨제(트리클로르메티아지드)와 함께 복용 시 의사 또는 약사와 상의하십시오. 복용 중에는 음주하지 마십시오."
201801695,더블액티브정,더블액티브,,한국코러스(주),https://nedrug.mfds.go.kr/pbp/cmn/itemImageDownload/153391561594900009,"인산염, 칼슘염, 경구용 테트라사이클린계 제제, 제산제와 함께 복용하지 마십시오.에스트로겐을 포함한 경구용 피임제, 항알도스테론제, 트리암테렌과 함께 복용 시 의사 또는 약사와 상의하십시오.녹차, 홍차 등 탄닌을 함유하는 차는 복용 중, 복용 전후에는 피하십시오."
201801702,엘타인캡슐(에르도스테인),엘타인,에르도스테인,동광제약(주),https://nedrug.mfds.go.kr/pbp/cmn/itemImageDownload/153037322892500053,기침약을 복용중인 사람은 의사 또는 약사와 상의하십시오.
201801769,락토필캡슐300밀리그램(락토바실루스아시도필루스균),락토필,락토바실루스아시도필루스균,(주)아이월드제약,https://nedrug.mfds.go.kr/pbp/cmn/itemImageDownload/153002376643000018,
201801714,엑쎈코연질캡슐,엑쎈코,,(주)알피바이오,https://nedrug.mfds.go.kr/pbp/cmn/itemImageDownload/1M-IpzP1S07,"진해(기침을 그치게 함)거담제(가래약), 다른 감기약, 해열진통제, 진정제, 항히스타민제를 함유하는 내복약(비염용 경구제, 멀미약, 알레르기용약)과 함께 복용하지 마십시오. MAO억제제(항우울제, 항정신병제, 감정조절제, 항파킨슨제 등)를 복용하고 있거나 복용을 중단한 후 2주 이내의 사람은 이 약을 복용하지 마십시오. 당뇨약, 통풍약, 관절염약, 항응고제, 스테로이드제, 바르비탈계 약물, 삼환계 항우울제 및 알코올과 함께 복용 시 의사 또는 약사와 상의하십시오."
201801775,아모스겔,아모스,,정우신약(주),,
201801818,비디클로라프렙외용액,비디클로라프렙외용,,(주)지리페,,
201801843,에르도캡슐300밀리그램(에르도스테인),에르도,에르도스테인,(주)씨엠지제약,https://nedrug.mfds.go.kr/pbp/cmn/itemImageDownload/1Pvn3im1zn1,기침약을 복용중인 사람은 의사 또는 약사와 상의하십시오.
201801854,옥테니셉트액,옥테니셉트,,(주)한국유니팜,,포비돈요오드계의 살균소독제와 함께 사용하지 마십시오.
201801882,메가엑트액(시트룰린말산염),메가엑트,시트룰린말산염,하나제약(주),,
201801905,에르틴정(엘카르니틴),에르틴,엘카르니틴,(주)아이월드제약,https://nedrug.mfds.go.kr/pbp/cmn/itemImageDownload/153210183305000078,
201801921,피엠쿨에어로솔,피엠쿨에어로솔,,경남제약(주),,
201801917,케이콜드시럽,케이콜드,,주식회사제뉴원사이언스,,"진해거담제, 다른 감기약, 해열진통제, 진정제, 항히스타민제를 함유하는 내복약(비염용 경구제, 멀미약, 알레르기용약)과 함께 복용하지 마십시오. 당뇨약, 통풍약, 관절염약, 항응고제, 스테로이드제, 바르비탈계 약물, 삼환계 항우울제 및 알코올과 함께 복용 시 의사 또는 약사와 상의하십시오."
201801922,리액타민연질캡슐,리액타민,,(주)서흥,https://nedrug.mfds.go.kr/pbp/cmn/itemImageDownload/154817162448400029,"인산염, 칼슘염, 경구용 테트라사이클린계 제제, 제산제, 레보도파와 함께 복용하지 마십시오.정주용 지질제와 함께 사용 시 의사 또는 약사와 상의하십시오.녹차, 홍차 등 탄닌을 함유하는 차는 복용 중, 복용 전후에는 피하십시오."
201801926,엑쎈콜연질캡슐,엑쎈콜,,(주)알피바이오,https://nedrug.mfds.go.kr/pbp/cmn/itemImageDownload/1PEPKBUclZy,"아세트아미노펜을 포함하는 다른 제품, MAO억제제(항우울제, 항정신병제, 감정조절제, 항파킨슨제 등), 진해(기침을 그치게 함)거담제(가래약), 다른 감기약, 해열진통제, 진정제, 항히스타민제를 함유하는 내복약(비염용 경구제, 멀미약, 알레르기용약)과 함께 복용하지 마십시오. MAO억제제(항우울제, 항정신병제, 감정조절제, 항파킨슨제 등) 복용을 중단한 후 2주 이내의 사람은 이 약을 복용하지 마십시오. 당뇨약, 통풍약, 관절염약, 항응고제, 스테로이드제, 바르비탈계 약물, 삼환계 항우울제 및 알코올을 투여한 환자는 의사 또는 약사와 상의하십시오."
201802006,케어믹신플러스연고,케어믹신플러스,,에스케이케미칼(주),,
201802080,비코그린이지시럽(락툴로오스농축액),비코그린이지,락툴로오스농축액,코오롱제약(주),,"아카보즈 등의 α-글리코시다아제 저해제, 광범위 항균 스펙트럼 항생제, 이뇨제, 코르티코이드, 암포테리신 B, 강심배당체, 제산제를 복용하는 환자는 의사 또는 약사와 상의하십시오."
201802085,바실리스캡슐(바실루스리케니포르미스균),바실리스,바실루스리케니포르미스균,알리코제약(주),https://nedrug.mfds.go.kr/pbp/cmn/itemImageDownload/153676522674200071,"시프로플록사신, 이미페넴, 실라스타틴나트륨과 함께 사용 시 의사 또는 약사와 상의하십시오."
201802086,비나폴로100정,비나폴로100,,(주)유유제약,https://nedrug.mfds.go.kr/pbp/cmn/itemImageDownload/154817162448400101,"인산염, 칼슘염, 경구용 테트라사이클린계 제제, 제산제, 레보도파와 함께 복용하지 마십시오.강심배당체, 항알도스테론제, 트리암테렌과 함께 복용 시 의사 또는 약사와 상의하십시오.녹차, 홍차 등 탄닌을 함유하는 차는 복용 중, 복용 전후에는 피하십시오."
201802096,바실리스산(바실루스리케니포르미스균),바실리스,바실루스리케니포르미스균,알리코제약(주),,"시프로플록사신, 이미페넴, 실라스타틴나트륨과 함께 사용 시 의사 또는 약사와 상의하십시오."
201802103,탈리부틴정200밀리그램(트리메부틴말레산염),탈리부틴,트리메부틴말레산염,국제약품(주),https://nedrug.mfds.go.kr/pbp/cmn/itemImageDownload/1Nz64xJO6W8,
201802107,코만코정,코만코,,(주)팜젠사이언스,https://nedrug.mfds.go.kr/pbp/cmn/itemImageDownload/153331090191700020,"MAO 저해제, 진정제, 신경안정제와 함께 사용하지 마십시오."
201802109,그린쿨인후스프레이액(포비돈요오드),그린쿨인후스프레이,포비돈요오드,(주)그린제약,,
201802134,판콜아이콜드시럽,판콜아이콜드,,동화약품(주),,"아세트아미노펜을 포함하는 다른 제품, MAO억제제(항우울제, 항정신병제, 감정조절제, 항파킨슨제 등), 진해(기침을 그치게 함)거담제(가래약), 다른 감기약, 해열진통제, 진정제, 항히스타민제를 함유하는 내복약(비염용 경구제, 멀미약, 알레르기용약), 디펜히드라민을 함유하는 제제와 함께 복용하지 마십시오. 당뇨약, 통풍약, 관절염약, 항응고제, 스테로이드제, 바르비탈계 약물, 삼환계 항우울제 및 알코올과 함께 복용 시 의사 또는 약사와 상의하십시오."
201802142,한방동의고플라스타,한방동의고플라스타,,(주)티디에스팜,,
201802148,광동만수고골드플라스타,광동만수고골드플라스타,,광동제약(주),,
201802149,올비틸플러스디시럽,올비틸플러스디,,영진약품(주),,"레보도파와 함께 복용하지 마십시오.에스트로겐을 포함한 경구용 피임제와 함께 복용 시 의사 또는 약사와 상의하십시오.이 약 복용 중 또는 복용 전후에 탄닌을 함유하는 차(예: 녹차, 홍차 등)를 피하십시오."
201802157,니조랄2%액(케토코나졸),니조랄,케토코나졸,(주)휴온스,,"동종의 항진균(곰팡이)제(미코나졸, 에코나졸, 이소코나졸 등)와 함께 사용 시 의사 또는 약사와 상의하십시오."
201802172,맨포스5000액(L-아스파르트산-L-아르기닌),맨포스5000,L-아스파르트산-L-아르기닌,조아제약(주),,"이 약을 복용하는 동안 항정신병약, 수면제를 함께 복용하지 마십시오."
201802210,콜대원키즈노즈에스시럽,콜대원키즈노즈에스,,대원제약(주),,"모노아민옥시다아제 억제제(우울증, 정신 및 감정장애, 파킨슨병 치료제 중 일부 약물)와 함께 복용하지 마십시오. 모노아민옥시다아제 억제제(우울증, 정신 및 감정장애, 파킨슨병 치료제 중 일부 약물) 투여를 중지한지 2주 이내인 사람은 이 약을 복용하지 마십시오. 이 약을 복용하기 전에 진정제 또는 신경안정제를 복용중인 사람은 의사 또는 약사와 상의하십시오."
201802219,큐라민골드정,큐라민골드,,경남제약(주),https://nedrug.mfds.go.kr/pbp/cmn/itemImageDownload/153253323143600063,레보도파와 함께 복용하지 마십시오.에스트로겐을 포함한 경구용 피임제와 함께 복용 시 의사 또는 약사와 상의하십시오.
201802270,내간애액,내간애,,초당약품공업(주),,
201802301,테라콘600에프정,테라콘600에프,,(주)테라젠이텍스,https://nedrug.mfds.go.kr/pbp/cmn/itemImageDownload/1MpNPEsu-Ql,레보도파와 함께 복용하지 마십시오.
201802334,마그포스액티브연질캡슐,마그포스액티브,,코오롱제약(주),https://nedrug.mfds.go.kr/pbp/cmn/itemImageDownload/153814921631300007,"인산염, 칼슘염, 경구용 테트라사이클린계 제제, 제산제, 레보도파와 함께 복용하지 마십시오. 에스트로겐을 포함한 경구용 피임제, 항알도스테론제, 트리암테렌, 정주용 지질제와 함께 사용 시 의사 또는 약사와 상의하십시오.녹차, 홍차 등 탄닌을 함유하는 차는 복용 중, 복용 전후에는 피하십시오."
201802335,젬비오캡슐(엔테로코쿠스페슘스트레인세르넬레68균),젬비오,엔테로코쿠스페슘스트레인세르넬레68균,(주)바스칸바이오제약,https://nedrug.mfds.go.kr/pbp/cmn/itemImageDownload/1MZmMwzxvpC,"테트라사이클린, 암피실린, 클로람페니콜, 세팔로리딘과 함께 사용 시 의사 또는 약사와 상의하십시오."
201802357,에르코프캡슐(에르도스테인),에르코프,에르도스테인,(주)다산제약,https://nedrug.mfds.go.kr/pbp/cmn/itemImageDownload/153676681537900020,기침약을 복용중인 사람은 의사 또는 약사와 상의하십시오.
201802364,메가트루파워정,메가트루파워,,(주)유한양행,https://nedrug.mfds.go.kr/pbp/cmn/itemImageDownload/153253327081900060,"인산염, 칼슘염, 경구용 테트라사이클린계 제제, 제산제, 레보도파와 함께 복용하지 마십시오. 항알도스테론제, 트리암테렌과 함께 복용 시 의사 또는 약사와 상의하십시오. 녹차, 홍차 등 탄닌을 함유하는 차는 복용 중, 복용 전후에는 피하십시오."
201802384,퍼스가글액(벤지다민염산염),퍼스가글,벤지다민염산염,유니메드제약(주),,
201802397,캐롤비코프연질캡슐,캐롤비코프,,(주)알피바이오,https://nedrug.mfds.go.kr/pbp/cmn/itemImageDownload/1Pb3fw5iUS7,"아세트아미노펜을 포함하는 다른 제품, MAO억제제(항우울제, 항정신병제, 감정조절제, 항파킨슨제 등), 진해(기침을 그치게 함)거담제(가래약), 다른 감기약, 해열진통제, 진정제, 항히스타민제를 함유하는 내복약(비염용 경구제, 멀미약, 알레르기용약)과 함께 복용하지 마십시오. 당뇨약, 통풍약, 관절염약, 항응고제, 스테로이드제, 바르비탈계 약물, 삼환계 항우울제 및 알코올과 함께 복용 시 의사 또는 약사와 상의하십시오."
201802398,캐롤비노즈연질캡슐,캐롤비노즈,,(주)알피바이오,https://nedrug.mfds.go.kr/pbp/cmn/itemImageDownload/1PEPKBUclY1,"아세트아미노펜을 포함하는 다른 제품, MAO억제제(항우울제, 항정신병제, 감정조절제, 항파킨슨제 등), 진해(기침을 그치게 함)거담제(가래약), 다른 감기약, 해열진통제, 진정제, 항히스타민제를 함유하는 내복약(비염용 경구제, 멀미약, 알레르기용약)과 함께 복용하지 마십시오. MAO억제제(항우울제, 항정신병제, 감정조절제, 항파킨슨제 등) 복용을 중단한 후 2주 이내의 사람은 이 약을 복용하지 마십시오. 당뇨약, 통풍약, 관절염약, 항응고제, 스테로이드제, 바르비탈계 약물, 삼환계 항우울제 및 알코올과 함께 복용 시 의사 또는 약사와 상의하십시오."
201802416,세지날정(세티리진염산염),세지날,세티리진염산염,(주)다산제약,https://nedrug.mfds.go.kr/pbp/cmn/itemImageDownload/153579389714500061,"테오필린, 리토나비어와 함께 복용하지 마십시오. 과량의 알코올과 함께 복용하지 마십시오."
201802446,로스테인캡슐(아세틸시스테인),로스테인,아세틸시스테인,(주)인트로바이오파마,https://nedrug.mfds.go.kr/pbp/cmn/itemImageDownload/153676681538000066,"경구용 항생제(아목시실린, 세푸록심, 독시사이클린, 에리트로마이신, 티암페니콜)와 함께 복용 시 적어도 2시간 간격을 두고 복용하십시오."
201802453,휴게이트정500밀리그램(알마게이트),휴게이트,알마게이트,(주)휴온스메디텍,https://nedrug.mfds.go.kr/pbp/cmn/itemImageDownload/153624840697100049,"이 약을 복용하는 동안 테트라사이클린계 항생제는 복용하지 마십시오.이 약을 복용하기 전에 비스테로이드소염(항염)진통제, 궤양치료제, 디기탈리스 제제, 클로르프로마진, 란소프라졸, 프레드니솔론, 페니실린, 퀴놀론, 철(Fe)염 제제, 살리실산염을 복용하는 환자는 의사 또는 약사와 상의하십시오."
201802464,동성정로환에프환,동성정로환에프,,동성제약(주),,
201802469,아프머스엘플라스타(디클로페낙나트륨),아프머스엘플라스타,디클로페낙나트륨,영진약품(주),,"이 약을 사용하는 동안 디클로페낙 제제 혹은 비스테로이드 소염제(항염증제)를 국소적으로 적용하거나 복용하지 마십시오. 뉴퀴놀론계 항균제(에녹사신 등), 루프 이뇨제(푸로세미드 등), 티아자이드계 이뇨제, 지혈을 방해하는 약물(와파린 등), 항혈소판제(아스피린 등), 선택적 세로토닌 재흡수 억제제 및 세로토닌 노르에피네프린 재흡수 억제제를 투여하는 환자는 의사 또는 약사와 상의하십시오."
201802557,렉센에스연고,렉센에스,,한림제약(주),,"dl-메틸에페드린염산염, 스코폴리아 엑스 및 글리시리진산 함유 좌제 또는 연고제, 크림제, 혈압강하제, 항우울약과 함께 사용하지 마십시오."
201802534,휴텍스아스피린장용정100mg(아스피린),휴텍스아스피린장용,아스피린,한국휴텍스제약(주),https://nedrug.mfds.go.kr/pbp/cmn/itemImageDownload/153624840697100031,"다른 비스테로이드성 소염진통제 및 살리실산 제제, 일주일 동안 메토트렉세이트 15밀리그람(15mg/주) 이상의 용량은 이 약과 병용 투여 시 출혈이 증가되거나 신기능이 감소될 수 있으므로 함께 사용하지 않습니다. 항응고제, 이부프로펜, 나프록센 등 일부 비스테로이드성 소염진통제, 혈전용해제, 다른 혈소판응집억제제, 지혈제, 당뇨병치료제(인슐린제제, 톨부타미드 등), 요산배설촉진제(벤즈브로마론, 프로베네시드), 티아지드계 이뇨제, 리튬제제, 선택적 세포토닌 재흡수 억제제, 디곡신, 전신 작용 부신피질호르몬 제제(애디슨병 대체요법용 히드로코티손 제외), 안지오텐신 전환 효소 억제제, 발프로산 제제를 복용하는 사람은 의사 또는 약사와 상의하십시오. 알칼리제제(예: 탄산수소나트륨, 탄산마그네슘) 또는 습기가 차기 쉬운 제제와 함께 섞지 마십시오. 알코올과 병용 투여 시 위장관 점막 손상이 증가하고, 이 약과 알코올의 상승효과로 인해 출혈시간이 연장될 수 있습니다."
201802601,아르쿨연질캡슐(세티리진염산염),아르쿨,세티리진염산염,(주)마더스제약,https://nedrug.mfds.go.kr/pbp/cmn/itemImageDownload/153676522674200077,"테오필린, 리토나비르, 과량의 알코올과 함께 복용하지 마십시오."
201802556,엘씨펜연질캡슐400mg(이부프로펜),엘씨펜,이부프로펜,구주제약(주),https://nedrug.mfds.go.kr/pbp/cmn/itemImageDownload/1N9-UdVMRgH,"다른 비스테로이드성 소염진통제, 저용량 아스피린, 고용량의 메토트렉세이트와 함께 복용하지 마십시오. ACE 저해제, 리튬, 푸로세미드 및 티아지드계 이뇨제, 저용량의 메토트렉세이트, 쿠마린계 항응혈제(와파린 등), 선택적 세로토닌 재흡수억제제와 함께 복용 시 의사 또는 약사와 상의하십시오."
201802564,복합마이녹실액5%,복합마이녹실,,현대약품(주),,"다른 두피용 약물, 경피흡수 촉진 약물(예: 외용 코르티코이드, 레티노이드, 바셀린, 디트라놀), 혈관확장제(예: 구아네티틴 등)을 함께 사용하지 마십시오."
201802608,코디톱쿨플라스타(디클로페낙나트륨),코디톱쿨플라스타,디클로페낙나트륨,코오롱제약(주),,"이 약을 사용하는 동안 디클로페낙 제제 혹은 비스테로이드 소염제(항염증제)를 국소적으로 적용하거나 복용하지 마십시오. 뉴퀴놀론계 항균제(에녹사신 등), 루프 이뇨제(푸로세미드 등), 티아자이드계 이뇨제, 지혈을 방해하는 약물(와파린 등), 항혈소판제(아스피린 등), 선택적 세로토닌 재흡수 억제제 및 세로토닌 노르에피네프린 재흡수 억제제를 투여하는 환자는 의사 또는 약사와 상의하십시오."
201802575,코감노즈정,코감노즈,,경방신약(주),https://nedrug.mfds.go.kr/pbp/cmn/itemImageDownload/153987723009500037,"MAO억제제(항우울제, 항정신병제, 감정조절제, 항파킨슨제 등), 진해(기침을 그치게 함)거담제(가래약), 다른 감기약, 해열진통제, 진정제, 항히스타민제를 함유하는 내복약(비염(코염)용 경구제, 멀미약, 알레르기용약)과 함께 복용하지 마십시오. 당뇨약, 통풍약, 관절염약, 항응고제, 스테로이드제, 바르비탈계 약물, 삼환계 항우울제 및 알코올, 칼륨함유제제, 감초함유제제, 글리시리진산 또는 그 염류 함유제제, 루프계 이뇨제(푸로세미드, 에타크린산) 또는 티아지드계 이뇨제(트리클로르메티아지드)와 함께 복용 시 의사 또는 약사와 상의하십시오. 복용 중에는 음주하지 마십시오."
201802576,치감플러스정,치감플러스,,경방신약(주),https://nedrug.mfds.go.kr/pbp/cmn/itemImageDownload/154065480340000023,"아세트아미노펜을 포함하는 다른 제품, MAO억제제(항우울제, 항정신병제, 감정조절제, 항파킨슨제 등), 진해거담제, 다른 감기약, 해열진통제, 진정제, 항히스타민제를 함유하는 내복약(비염용 경구제, 멀미약, 알레르기용약)과 함께 복용하지 마십시오. 당뇨약, 통풍약, 관절염약, 항응고제, 스테로이드제, 바르비탈계 약물, 삼환계 항우울제, 알코올, 칼륨함유제제, 감초함유제제, 글리시리진산 또는 그 염류 함유제제, 루프계 이뇨제(푸로세미드, 에타크린산) 또는 티아지드계 이뇨제(트리클로르메티아지드)와 함께 복용 시 의사 또는 약사와 상의하십시오."
201802652,에르덱스캡슐(에르도스테인),에르덱스,에르도스테인,안국약품(주),https://nedrug.mfds.go.kr/pbp/cmn/itemImageDownload/154116102474900046,기침약을 복용중인 사람은 의사 또는 약사와 상의하십시오.
201802592,바이펜연질캡슐300mg(덱시부프로펜),바이펜,덱시부프로펜,구주제약(주),https://nedrug.mfds.go.kr/pbp/cmn/itemImageDownload/1Ml0cyo02ET,"아스피린, 다른 비스테로이드성 소염진통제, 고용량의 메토트렉세이트와 함께 복용하지 마십시오. 이 약을 복용하기 전에 코르티코스테로이드, 알코올, 디곡신, 페니토인, 프로베네시드, 설핀피라존, 설포닐우레아제, ACE 억제제 또는 안지오텐신Ⅱ 수용체 길항제, 이뇨제, 리튬, 쿠마린계 항응고제(와르파린 등), 바클로펜, 면역억제제(시클로스포린, 타크로리무스, 시롤리무스), 혈전용해제, 티클로피딘, 항혈전제, 혈중 칼륨농도를 증가시키는 약물(예, 칼륨 저류형 이뇨제, ACE 억제제, 안지오텐신-Ⅱ 수용체 길항제, 시클로스포린과 타크로리무스와 같은 면역억제제, 트리메토프림, 헤파린 등), CYP2C8, CYP2C9의 유도제(예, 리팜피신, 페노바르비탈), 저용량(15 mg/주 미만)의 메토트렉세이트, 항혈소판제 및 선택적 세로토닌 재흡수 억제제, 저용량 아스피린과 함께 복용 시 의사 또는 약사와 상의하십시오."
201802617,모가프텐트로키(플루르비프로펜),모가프텐트로키,플루르비프로펜,동화약품(주),https://nedrug.mfds.go.kr/pbp/cmn/itemImageDownload/154367884505000042,"COX-2 저해제를 포함하여 다른 비스테로이드성 소염진통제, 아스피린 등 혈소판 응집 억제제, 글루코코르티코이드, 칼륨보전이뇨제, 안지오텐신전환효소 억제제, 안지오텐신 II 길항제, 싸이클로스포린, 메토트렉세이트, 디곡신, 페니토인, 퀴놀론계 항균제, 푸로세미드 이뇨제, 경구용 항응혈제(예: 와파린), 항고혈압제, 리튬제제, 미페프리스톤, 프로베네시드, 설핀피라존을 함께 복용하지 마십시오. 비스테로이드성 소염제(NSAIDs)와 함께 복용 시 의사 또는 약사와 상의하십시오."
201802687,바이락스클리어크림,바이락스클리어,,고려제약(주),,프로베네시드와 함께 사용 시 의사 또는 약사와 상담하십시오.
201802672,캐롤비콜드연질캡슐,캐롤비콜드,,(주)알피바이오,https://nedrug.mfds.go.kr/pbp/cmn/itemImageDownload/1Pb3fw5iUSh,"아세트아미노펜을 포함하는 다른 제품, MAO억제제(항우울제, 항정신병제, 감정조절제, 항파킨슨제 등), 진해거담제, 다른 감기약, 해열진통제, 진정제, 항히스타민제를 함유하는 내복약(비염용 경구제, 멀미약, 알레르기용약)과 함께 복용하지 마십시오. MAO억제제(항우울제, 항정신병제, 감정조절제, 항파킨슨제 등) 복용을 중단한 후 2주 이내의 사람은 이 약을 복용하지 마십시오. 당뇨약, 통풍약, 관절염약, 항응고제, 스테로이드제, 바르비탈계 약물, 삼환계 항우울제, 알코올과 함께 복용 시 의사 또는 약사와 상의하십시오."
201802676,판콜아이시럽(덱시부프로펜),판콜아이,덱시부프로펜,동화약품(주),,"다른 비스테로이드성 소염진통제, 아스피린, 고용량의 메토트렉세이트와 함께 사용하지 마십시오. 글루코코르티코이드, 알코올, 디곡신, 페니토인, 프로베네시드, 설핀피라존, 설포닐우레아제, 이뇨제와 항고혈압제 병용, ACE 억제제, 푸로세미드, 리튬, 저용량의 메토트렉세이트, 쿠마린계 항응고제(와파린 등)와 함께 사용 시 의사 또는 약사와 상담하십시오."
201802696,코프패스연질캡슐,코프패스,,코스맥스파마(주),https://nedrug.mfds.go.kr/pbp/cmn/itemImageDownload/1MZGLmiMsPY,"MAO 억제제(항우울제, 항정신병제, 감정조절제, 항파킨슨제 등), 다른 진해(기침을 그치게 함)·거담제(가래약), 감기약, 항히스타민제를 함유하는 내복약(비염(코염)용 경구제, 멀미약, 알레르기용약), 진정제와 함께 복용하지 마십시오."
201802693,콜민코연질캡슐,콜민코,,코스맥스파마(주),https://nedrug.mfds.go.kr/pbp/cmn/itemImageDownload/1MZGLmiMsQA,"MAO억제제(항우울제, 항정신병제, 감정조절제, 항파킨슨제 등), 진해(기침을 그치게 함)거담제(가래약), 다른 감기약, 해열진통제, 진정제, 항히스타민제를 함유하는 내복약(비염(코염)용 경구제, 멀미약, 알레르기용약)과 함께 복용하지 마십시오. 당뇨약, 통풍약, 관절염약, 항응고제, 스테로이드제, 바르비탈계 약물, 삼환계 항우울제 및 알코올을 투여한 환자는 의사 또는 약사와 상의하십시오. 복용 중에는 음주하지 마십시오."
201802700,락비오캡슐(바실루스리케니포르미스균),락비오,바실루스리케니포르미스균,(주)씨엠지제약,https://nedrug.mfds.go.kr/pbp/cmn/itemImageDownload/154272840543500005,"시프로플록사신, 이미페넴, 실라스타틴나트륨과 함께 사용 시 의사 또는 약사와 상의하십시오."
201802694,콜민코프연질캡슐,콜민코프,,코스맥스파마(주),https://nedrug.mfds.go.kr/pbp/cmn/itemImageDownload/1MZGLmiMsRS,"MAO억제제(항우울제, 항정신병제, 감정조절제, 항파킨슨제 등), 진해(기침을 그치게 함)거담제(가래약), 다른 감기약, 해열진통제, 진정제, 항히스타민제를 함유하는 내복약(비염(코염)용 경구제, 멀미약, 알레르기용약)과 함께 복용하지 마십시오. 당뇨약, 통풍약, 관절염약, 항응고제, 스테로이드제, 바르비탈계 약물, 삼환계 항우울제 및 알코올을 투여한 환자는 의사 또는 의사 또는 약사와 상의하십시오. 복용 중에는 음주하지 마십시오."
201802746,본탑600골드정,본탑600골드,,동화약품(주),https://nedrug.mfds.go.kr/pbp/cmn/itemImageDownload/153857449238000016,레보도파와 함께 복용하지 마십시오.
201802695,콜민콜드연질캡슐,콜민콜드,,코스맥스파마(주),https://nedrug.mfds.go.kr/pbp/cmn/itemImageDownload/1MZGLmiMsQo,"아세트아미노펜을 포함하는 다른 제품, MAO억제제(항우울제, 항정신병제, 감정조절제, 항파킨슨제 등), 진해(기침을 그치게 함)거담제(가래약), 다른 감기약, 해열진통제, 진정제, 항히스타민제를 함유하는 내복약(비염용 경구제, 멀미약, 알레르기용약)과 함께 복용하지 마십시오. 당뇨약, 통풍약, 관절염약, 항응고제, 스테로이드제, 바르비탈계 약물, 삼환계 항우울제 및 알코올을 투여한 환자는 의사 또는 약사와 상의하십시오."
201802763,비카페롤플러스정,비카페롤플러스,,동국제약(주),https://nedrug.mfds.go.kr/pbp/cmn/itemImageDownload/1ODWhLtN5_K,"인산염, 칼슘염, 경구용 테트라사이클린계 제제, 제산제와 함께 복용하지 마십시오. 강심배당체, 항알도스테론제, 트리암테렌과 함께 복용 시 의사 또는 약사와 상의하십시오. 녹차, 홍차 등 탄닌을 함유하는 차는 복용 중, 복용 전후에는 피하십시오."
201802728,알코펜연질캡슐(이부프로펜),알코펜,이부프로펜,알리코제약(주),https://nedrug.mfds.go.kr/pbp/cmn/itemImageDownload/154150769877400102,"고용량 메토트렉세이트, 다른 비스테로이드성 소염진통제와 함께 이 약을 복용하지 마십시오. 저용량 아스피린, ACE 저해제, 리튬, 푸로세미드 및 티아지드계 이뇨제, 저용량 메토트렉세이트, 쿠마린계 항응혈제(와파린 등), 선택적 세로토닌 재흡수억제제를 함께 복용 시 의사 또는 약사와 상의하십시오."
201802764,비카페롤정,비카페롤,,동국제약(주),https://nedrug.mfds.go.kr/pbp/cmn/itemImageDownload/1O0bxj5Fjo-,"인산염, 칼슘염, 경구용 테트라사이클린계 제제, 제산제와 함께 복용하지 마십시오. 강심배당체, 항알도스테론제, 트리암테렌과 함께 복용 시 의사 또는 약사와 상의하십시오. 녹차, 홍차 등 탄닌을 함유하는 차는 복용 중, 복용 전후에는 피하십시오."
201802791,신코에프연질캡슐,신코에프,,구주제약(주),https://nedrug.mfds.go.kr/pbp/cmn/itemImageDownload/154055956537400101,"아세트아미노펜을 포함하는 다른 제품, MAO억제제(항우울제, 항정신병제, 감정조절제, 항파킨슨제 등), 진해(기침을 그치게 함)거담제(가래약), 다른 감기약, 해열진통제, 진정제, 항히스타민제를 함유하는 내복약(비염용 경구제, 멀미약, 알레르기용약)과 함께 복용하지 마십시오. MAO억제제(항우울제, 항정신병제, 감정조절제, 항파킨슨제 등) 복용을 중단한 후 2주 이내의 사람은 이 약을 복용하지 마십시오. 당뇨약, 통풍약, 관절염약, 항응고제, 스테로이드제, 바르비탈계 약물, 삼환계 항우울제 및 알코올을 투여한 환자는 의사 또는 약사와 상의하십시오."
201802819,엑티본연질캡슐,엑티본,,위더스제약(주),https://nedrug.mfds.go.kr/pbp/cmn/itemImageDownload/153987723009500091,"인산염, 칼슘염, 경구용 테트라사이클린계 제제, 제산제와 함께 복용하지 마십시오.강심배당체, 항알도스테론제, 트리암테렌, 정주용 지질제와 함께 사용 시 의사 또는 약사와 상의하십시오.녹차, 홍차 등 탄닌을 함유하는 차는 복용 중, 복용 전후에는 피하십시오."
201802836,그린나잘스프레이모이스쳐액(옥시메타졸린염산염),그린나잘스프레이모이스쳐,옥시메타졸린염산염,(주)그린제약,,사용 중에는 음주하지 마십시오.
201802851,둘코라인정,둘코라인,,한국휴텍스제약(주),https://nedrug.mfds.go.kr/pbp/cmn/itemImageDownload/1PEPKBUcg8v,제산제와 함께 복용하지 마십시오.우유 섭취 후 1시간 이내는 복용을 피하십시오.
201802877,알마스정(알마게이트),알마스,알마게이트,아이큐어(주),https://nedrug.mfds.go.kr/pbp/cmn/itemImageDownload/1Mp3yEn24w6,"이 약을 복용하는 동안 테트라사이클린계 항생물질과 함께 복용하지 마십시오. 이 약을 복용하기 전에 비스테로이드소염(항염)진통제, 궤양치료제, 디기탈리스 제제, 클로르프로마진, 란소프라졸, 프레드니솔론, 페니실린, 퀴놀론, 철(Fe)염 제제, 살리실산염을 복용하는 환자는 의사 또는 약사와 상의하십시오."
201802916,헤모맘플러스캡슐,헤모맘플러스,,(주)셀릭스,https://nedrug.mfds.go.kr/pbp/cmn/itemImageDownload/154816836149100012,"인산염, 칼슘염, 경구용 테트라사이클린계 항생제, 제산제와 함께 복용하지 마십시오.항알도스테론제, 트리암테렌과 함께 복용 시 의사 또는 약사와 상의하십시오.녹차, 홍차 등 탄닌을 함유하는 차는 복용 중, 복용 전후에는 피하십시오."
201802940,울츠오랄겔1%(클로르헥시딘글루콘산염액),울츠오랄,클로르헥시딘글루콘산염액,(주)퍼슨,,이 약은 비누 또는 일반적인 치약 구성 성분인 음이온물질과 잘 배합되지 않으므로 이 약을 해당 성분과 동시에 사용하지 않고 양치를 한 후 구강을 충분한 물로 세척하고 적어도 5분 후에 이 약을 사용하십시오.이 약의 사용 이후 설탕이 포함된 음식 또는 음료 섭취를 자제하십시오. 설탕은 이 약의 효과를 저해시킬 수 있습니다.
201802978,사라펜플라스타(케토프로펜),사라펜플라스타,케토프로펜,동국제약(주),,
201802994,이지엔6에이스연질캡슐(아세트아미노펜),이지엔6에이스,아세트아미노펜,(주)대웅제약,https://nedrug.mfds.go.kr/pbp/cmn/itemImageDownload/1Mp3yEn24lQ,"아세트아미노펜을 포함하는 다른 제품, 바르비탈계 약물, 삼환계 항우울제, 알코올과 함께 복용하지 마십시오.와파린, 리튬, 티아지드계 이뇨제, 다른 소염진통제와 함께 복용 시 의사 또는 약사와 상의하십시오."
201802995,타이맥스연질캡슐(아세트아미노펜),타이맥스,아세트아미노펜,코스맥스파마(주),https://nedrug.mfds.go.kr/pbp/cmn/itemImageDownload/1MzSGdZk4B2,"아세트아미노펜을 포함하는 다른 제품, 바르비탈계 약물, 삼환계 항우울제, 알코올과 함께 복용하지 마십시오.와파린, 리튬, 티아지드계 이뇨제, 다른 소염진통제와 함께 복용 시 의사 또는 약사와 상의하십시오."
201803016,목앤탁인후스프레이,목앤탁인후스프레이,,태극제약(주),,
201803043,이반크린액(폴리크레줄렌액50%),이반크린,폴리크레줄렌액50%,조아제약(주),,다른 외용제와 함께 사용하지 마십시오.
201803063,스로쿨트로키(레몬향)(플루르비프로펜),스로쿨트로키,플루르비프로펜,지엘팜텍(주),https://nedrug.mfds.go.kr/pbp/cmn/itemImageDownload/1ONpCOpRcvm,"COX-2 저해제를 포함하여 다른 비스테로이드성 소염진통제, 아스피린 등 혈소판 응집 억제제, 글루코코르티코이드, 칼륨보전이뇨제, 안지오텐신전환효소 억제제, 안지오텐신 II 길항제, 싸이클로스포린, 메토트렉세이트, 디곡신, 페니토인, 퀴놀론계 항균제, 푸로세미드 이뇨제, 경구용 항응혈제(예: 와파린), 항고혈압제, 리튬제제, 미페프리스톤, 프로베네시드, 설핀피라존을 함께 복용하지 마십시오. 비스테로이드성 소염제(NSAIDs)와 함께 복용 시 의사 또는 약사와 상의하십시오."
201803065,신콜에프연질캡슐,신콜에프,,구주제약(주),https://nedrug.mfds.go.kr/pbp/cmn/itemImageDownload/154055956537400095,"아세트아미노펜을 포함하는 다른 제품, MAO억제제(항우울제, 항정신병제, 감정조절제, 항파킨슨제 등), 진해(기침을 그치게 함)거담제(가래약), 다른 감기약, 해열진통제, 진정제, 항히스타민제를 함유하는 내복약(비염용 경구제, 멀미약, 알레르기용약)과 함께 복용하지 마십시오. MAO억제제(항우울제, 항정신병제, 감정조절제, 항파킨슨제 등) 복용을 중단한 후 2주 이내의 사람은 이 약을 복용하지 마십시오. 바르비탈계 약물, 삼환계 항우울제 및 알코올을 투여한 환자, 당뇨약, 통풍약, 관절염약, 항응고제, 스테로이드제 등 다른 약물을 투여 받고 있는 사람은 의사 또는 약사와 상의하십시오. 복용 중에는 음주하지 마십시오."
201803067,신코프에프연질캡슐,신코프에프,,구주제약(주),https://nedrug.mfds.go.kr/pbp/cmn/itemImageDownload/154055956537400083,"아세트아미노펜을 포함하는 다른 제품, MAO억제제(항우울제, 항정신병제, 감정조절제, 항파킨슨제 등), 진해(기침을 그치게 함)거담제(가래약), 다른 감기약, 해열진통제, 진정제, 항히스타민제를 함유하는 내복약(비염용 경구제, 멀미약, 알레르기용약)과 함께 복용하지 마십시오. 바르비탈계 약물, 삼환계 항우울제 및 알코올을 투여한 환자, 당뇨약, 통풍약, 관절염약, 항응고제, 스테로이드제 등 다른 약물을 투여 받고 있는 사람은 의사 또는 약사와 상의하십시오. 복용 중에는 음주하지 마십시오."
201803085,맥스원플러스연질캡슐,맥스원플러스,,아이큐어(주),https://nedrug.mfds.go.kr/pbp/cmn/itemImageDownload/154039561327900044,"인산염, 칼슘염, 경구용 테트라사이클린계 제제, 제산제와 함께 복용하지 마십시오.에스트로겐을 포함한 경구용 피임제, 항알도스테론제, 트리암테렌, 정주용 지질제와 함께 사용 시 의사 또는 약사와 상의하십시오.녹차, 홍차 등 탄닌을 함유하는 차는 복용 중, 복용 전후에는 피하십시오."
201803126,대웅바이오아스피린장용정100밀리그램,대웅바이오아스피린장용,,대웅바이오(주),https://nedrug.mfds.go.kr/pbp/cmn/itemImageDownload/154242315129600012,"다른 비스테로이드성 소염진통제 및 살리실산 제제, 일주일 동안 메토트렉세이트 15밀리그람(15mg/주) 이상의 용량은 이 약과 병용 투여 시 출혈이 증가되거나 신기능이 감소될 수 있으므로 함께 사용하지 않습니다.항응고제, 이부프로펜, 나프록센 등 일부 비스테로이드성 소염진통제, 혈전용해제, 다른 혈소판응집억제제, 지혈제, 당뇨병치료제(인슐린제제, 톨부타미드 등), 요산배설촉진제(벤즈브로마론, 프로베네시드), 티아지드계 이뇨제, 리튬제제, 선택적 세포토닌 재흡수 억제제, 디곡신, 전신 작용 부신피질호르몬 제제(애디슨병 대체요법용 히드로코티손 제외), 안지오텐신 전환 효소 억제제, 발프로산 제제를 복용하는 사람은 의사 또는 약사와 상의하십시오.알칼리제제(예: 탄산수소나트륨, 탄산마그네슘) 또는 습기가 차기 쉬운 제제와 함께 섞지 마십시오.알코올과 병용 투여 시 위장관 점막 손상이 증가하고, 이 약과 알코올의 상승효과로 인해 출혈시간이 연장될 수 있습니다."
201803130,크로쎈연질캡슐(클로닉신리시네이트),크로쎈,클로닉신리시네이트,위더스제약(주),https://nedrug.mfds.go.kr/pbp/cmn/itemImageDownload/153987723009500097,"이 약을 복용하는 동안 다른 비스테로이드성 소염진통제(NSAIDs), ACE 억제제 또는 안지오텐신Ⅱ 수용체 길항제, 아스피린, 이뇨제, 리튬, 메토트렉세이트, 쿠마린계 항응고제(와르파린 등), 시클로스포린 및 타크로리무스, 항혈소판제 및 선택적 세로토닌 재흡수 억제제(SSRI), 코르티코스테로이드를 함께 복용하지 마십시오. 미소프로스톨을 복용하는 환자는 복용하기 전에 의사 또는 약사와 상의하십시오."
201803160,쎄스콘미니정,쎄스콘미니,,지엘팜텍(주),https://nedrug.mfds.go.kr/pbp/cmn/itemImageDownload/153813987332900000,"C형간염 직접작용 항바이러스제, 자몽주스, 페니토인, 히단토인, 바르비탈계 약물, 프리미돈, 카르바마제핀, 리팜피신, 리파부틴, 옥스카르바제핀, 토피라메이트, 펠바메이트, 리토나비르, 그리세오풀빈, 루피나미드, 아프레피탄트, 일부 HIV 프로테아제 저해제(예 : 리토나비르), 비클레오시드유사체 역전사효소억제제(예 : 에파비렌즈), 성 요한 풀 함유 제품, 고지혈증약물, 항생제와 함께 복용하지 마십시오."
201803183,메디콘600정,메디콘600,,(주)바스칸바이오제약,https://nedrug.mfds.go.kr/pbp/cmn/itemImageDownload/1NOwp2F6D7P,"인산염, 칼슘염, 경구용 테트라사이클린계 제제, 제산제, 레보도파와 함께 복용하지 마십시오. 강심배당체, 항알도스테론제, 트리암테렌과 함께 복용 시 의사 또는 약사와 상의하십시오. 녹차, 홍차 등 탄닌을 함유하는 차는 복용 중, 복용 전후에는 피하십시오."
201803204,동성정로환에프정,동성정로환에프,,동성제약(주),https://nedrug.mfds.go.kr/pbp/cmn/itemImageDownload/1MksuF0DXLY,
201803206,제일알지싹로라연질캡슐(로라타딘),제일알지싹로라,로라타딘,제일헬스사이언스(주),https://nedrug.mfds.go.kr/pbp/cmn/itemImageDownload/153857449238000076,"시메티딘, 에리트로마이신, 케토코나졸, 퀴니딘, 플루코나졸, 플루옥세틴과 함께 복용하지 마십시오."
201803217,콜대원코나에스나잘스프레이액,콜대원코나에스나잘스프레이,,대원제약(주),,"MAO 억제제(항우울제, 항정신병제, 감정조절제, 항파킨슨제 등)와 함께 사용하지 마십시오. MAO 억제제(항우울제, 항정신병제, 감정조절제, 항파킨슨제 등) 복용을 중단한 후 2주 이내의 사람은 이 약을 사용하지 마십시오. 사용 중에는 음주하지 마십시오."
201803219,베타손크림,베타손,,(주)경보제약,,
201803233,엘도브론정(에르도스테인),엘도브론,에르도스테인,주식회사제뉴원사이언스,https://nedrug.mfds.go.kr/pbp/cmn/itemImageDownload/1NXa2J_KdT-,기침약을 복용중인 사람은 의사 또는 약사와 상의하십시오.
201803236,제일알지싹세티연질캡슐(세티리진염산염),제일알지싹세티,세티리진염산염,제일헬스사이언스(주),https://nedrug.mfds.go.kr/pbp/cmn/itemImageDownload/1MksuF0DX8J,"테오필린, 리토나비어, 세티리진, 과량의 알코올과 함께 복용하지 마십시오."
201803248,메가콘600정,메가콘600,,(주)경보제약,https://nedrug.mfds.go.kr/pbp/cmn/itemImageDownload/1Of5opuN51Q,레보도파와 함께 복용하지 마십시오.
201803263,헤파코엔정,헤파코엔,,미래바이오제약(주),https://nedrug.mfds.go.kr/pbp/cmn/itemImageDownload/1NQk_pnrA7T,"인산염, 칼슘염, 경구용 테트라사이클린계 제제, 제산제, 레보도파와 함께 복용하지 마십시오. 항알도스테론제, 트리암테렌과 함께 복용 시 의사 또는 약사와 상의하십시오. 녹차, 홍차 등 탄닌을 함유하는 차는 복용 중, 복용 전후에는 피하십시오."
201803284,솔트스틱액,솔트스틱,,(주)그린제약,,
201803375,녹십자폴산정,녹십자폴,,(주)녹십자,https://nedrug.mfds.go.kr/pbp/cmn/itemImageDownload/1PEPKBUce1U,"아미노살리실산, 경구용 피임제, 디하이드로폴레이트 환원효소 저해제(메토트렉세이트, 트리메토프림 등), 페니토인 같은 히단토인계 항전간제, 설파살라진, 콜레스티라민을 복용 중인 환자는 의사 또는 약사와 상의하십시오."
201803371,이브원큐연질캡슐(이부프로펜),이브원큐,이부프로펜,동아제약(주),https://nedrug.mfds.go.kr/pbp/cmn/itemImageDownload/1PhSbAqjIv7,"항암요법으로 고용량 메토트렉세이트를 투여중인 환자, 다른 비스테로이드성 소염진통제와 함께 이 약을 복용하지 마십시오. 이 약을 복용하기 전에 저용량 아스피린, ACE 저해제 복용자, 리튬, 푸로세미드 및 티아지드계 이뇨제, 저용량 메토트렉세이트, 쿠마린계 항응혈제(와파린 등), 선택적 세로토닌 재흡수억제제를 복용하는 환자는 의사 또는 약사와 상의하십시오."
201803409,포세라정,포세라,,(주)팜젠사이언스,https://nedrug.mfds.go.kr/pbp/cmn/itemImageDownload/1OnUY_VtDgb,"테트라사이클린계 항생제와 함께 복용하지 마십시오. 디곡신, 캅토프릴, 시메티딘, 라니티딘, 파모티딘, 테오필린, 프로프라놀롤, 아테놀롤, 황산철, 클로르프로마진, 아세틸살리실산, 나프록센, 메토프롤롤, 레보도파, 테트라사이클린, 시프로플록사신, 오플록사신, 케토데옥시콜린산, 불화나트륨, 이소니아지드, 에녹사신, 노르플록사신, 레보티록신, 쿠마린유도체, 철, 클로르프로마진, 탄산음료와 함께 복용 시 의사 또는 약사와 상의하십시오."
201803431,마더스아스피린장용정100mg(아스피린),마더스아스피린장용,아스피린,(주)마더스제약,https://nedrug.mfds.go.kr/pbp/cmn/itemImageDownload/1Otfi5Stu5T,"다른 비스테로이드성 소염진통제 및 살리실산 제제, 일주일 동안 메토트렉세이트 15밀리그람(15mg/주) 이상의 용량은 이 약과 병용 투여 시 출혈이 증가되거나 신기능이 감소될 수 있으므로 함께 사용하지 않습니다. 항응고제, 이부프로펜, 나프록센 등 일부 비스테로이드성 소염진통제, 혈전용해제, 다른 혈소판응집억제제, 지혈제, 당뇨병치료제(인슐린제제, 톨부타미드 등), 요산배설촉진제(벤즈브로마론, 프로베네시드), 티아지드계 이뇨제, 리튬제제, 선택적 세포토닌 재흡수 억제제, 디곡신, 전신 작용 부신피질호르몬 제제(애디슨병 대체요법용 히드로코티손 제외), 안지오텐신 전환 효소 억제제, 발프로산 제제를 복용하는 사람은 의사 또는 약사와 상의하십시오. 알칼리제제(예: 탄산수소나트륨, 탄산마그네슘) 또는 습기가 차기 쉬운 제제와 함께 섞지 마십시오. 알코올과 병용 투여 시 위장관 점막 손상이 증가하고, 이 약과 알코올의 상승효과로 인해 출혈시간이 연장될 수 있습니다."
201803438,라라골드액(L-아스파르트산-L-아르기닌수화물),라라골드,L-아스파르트산-L-아르기닌수화물,(주)텔콘알에프제약,,"항정신병약, 수면제와 함께 복용하지 마십시오."
201803486,캐롤쿨링더블파워카타플라스마(케토프로펜),캐롤쿨링더블파워카타플라스마,케토프로펜,일동제약(주),,
201803487,엘도스테인캡슐(에르도스테인),엘도스테인,에르도스테인,화일약품(주),https://nedrug.mfds.go.kr/pbp/cmn/itemImageDownload/154177805612200033,기침약을 복용중인 사람은 의사 또는 약사와 상의하십시오.
201803607,라이트프레쉬점안액0.5%(카르복시메틸셀룰로오스나트륨)(1회용),라이트프레쉬,1회용,(주)라이트팜텍,,
201803647,네오크로신연질캡슐(클로닉신리시네이트),네오크로신,클로닉신리시네이트,(주)넥스팜코리아,https://nedrug.mfds.go.kr/pbp/cmn/itemImageDownload/1N8jUtEiHm-,"이 약을 복용하는 동안 다른 비스테로이드성 소염진통제(NSAIDs), ACE 억제제 또는 안지오텐신Ⅱ 수용체 길항제, 아스피린, 이뇨제, 리튬, 메토트렉세이트, 쿠마린계 항응고제(와르파린 등), 시클로스포린 및 타크로리무스, 항혈소판제 및 선택적 세로토닌 재흡수 억제제(SSRI), 코르티코스테로이드를 함께 복용하지 마십시오. 미소프로스톨을 복용하는 환자는 복용하기 전에 의사 또는 약사와 상의하십시오."
201803649,엘도클캡슐(에르도스테인),엘도클,에르도스테인,에이치케이이노엔(주),https://nedrug.mfds.go.kr/pbp/cmn/itemImageDownload/1MZmMwzxvmS,기침약을 복용중인 사람은 의사 또는 약사와 상의하십시오.
201803651,그린헥시딘세정액4%(클로르헥시딘글루콘산염액),그린헥시딘세,클로르헥시딘글루콘산염액,(주)그린제약,,
201803664,마그비스피드액,마그비스피드,,(주)유한양행,,"인산염, 칼슘염, 경구용 테트라사이클린계 제제, 제산제, 레보도파와 함께 복용하지 마십시오.항알도스테론제, 트리암테렌과 함께 복용 시 의사 또는 약사와 상의하십시오.녹차, 홍차 등 탄닌을 함유하는 차는 복용 중, 복용 전후에는 피하십시오."
201803704,벤비노정,벤비노,,(주)아이월드제약,https://nedrug.mfds.go.kr/pbp/cmn/itemImageDownload/1MZmMwzxvvk,제산제와 함께 복용하지 마십시오. 우유 섭취 후 1시간 이내는 복용을 피하십시오.
201803717,안티푸라민로션,안티푸라민,,(주)유한양행,,
201803753,두피앤액,두피앤,,한미약품(주),,
201803766,젠콤정(알벤다졸),젠콤,알벤다졸,(주)넥스팜코리아,https://nedrug.mfds.go.kr/pbp/cmn/itemImageDownload/1MZGLmiMsfQ,"이 약을 복용하는 동안 테오필린, 시메티딘, 프라지콴텔, 덱사메타손, 리토나비르, 페니토인, 카르바마제핀, 페노바르비탈을 함께 복용하지 마십시오."
201803803,이지팩트액(시트룰린말산염),이지팩트,시트룰린말산염,맥널티제약(주),,
201803770,모나이지액,모나이지,,광동제약(주),,"다른 두피용 약물, 경피흡수 촉진 약물(예: 외용 코르티코이드, 레티노이드, 바셀린, 디트라놀), 혈관확장제(예: 구아네티틴 등)을 함께 사용하지 마십시오."
201803833,푸레파베인캡슐(디오스민),푸레파베인,디오스민,일동제약(주),https://nedrug.mfds.go.kr/pbp/cmn/itemImageDownload/154609810414600051,
201803840,리카엘크림(리도카인),리카엘,리도카인,아이큐어(주),,
201803842,노펜24쿨플라스타(디클로페낙나트륨),노펜24쿨플라스타,디클로페낙나트륨,제이더블유중외제약(주),,"이 약을 사용하는 동안 디클로페낙 제제 혹은 비스테로이드 소염제(항염증제)를 국소적으로 적용하거나 복용하지 마십시오. 뉴퀴놀론계 항균제(에녹사신 등), 루프 이뇨제(푸로세미드 등), 티아자이드계 이뇨제, 지혈을 방해하는 약물(와파린 등), 항혈소판제(아스피린 등), 선택적 세로토닌 재흡수 억제제 및 세로토닌 노르에피네프린 재흡수 억제제를 투여하는 환자는 의사 또는 약사와 상의하십시오."
201803896,리치정,리치,,미래바이오제약(주),https://nedrug.mfds.go.kr/pbp/cmn/itemImageDownload/1Pvn3im1_KS,제산제와 함께 복용하지 마십시오.우유 섭취 후 1시간 이내는 복용을 피하십시오.
201803902,안티푸라민케토플라스타(케토프로펜),안티푸라민케토플라스타,케토프로펜,(주)유한양행,,
201803907,카베진코와알파정,카베진코와알파,,한국코와(주),https://nedrug.mfds.go.kr/pbp/cmn/itemImageDownload/1Pvn3im1zxr,"이 약을 복용하는 동안 위장진통, 진경제는 복용하지 마십시오.다량의 우유, 칼슘제제와 함께 복용 시 의사 또는 약사와 상의하십시오."
201803970,팜페인파워연질캡슐(나프록센),팜페인파워,나프록센,이연제약(주),https://nedrug.mfds.go.kr/pbp/cmn/itemImageDownload/1N6T3OpVntp,"다른 비스테로이드성 소염진통제 및 나프록센 유도체와 함께 복용하지 마십시오. 히단토인계 항간질제, 설파제, 설포닐요소계 혈당강하제, 프로프라놀롤 및 다른 -차단제, ACE 저해제(캅토프릴 등), 루프계 및 티아지드계 이뇨제, 프로베네시드, 아스피린, 리튬, 메토트렉세이트, 쿠마린계 항응혈제(와파린 등), 지도부딘, 뉴퀴놀론계 항생물질(에녹사신 등)과 함께 복용 시 의사 또는 약사와 상의하십시오."
201804122,안티푸라민케토카타플라스마(케토프로펜),안티푸라민케토카타플라스마,케토프로펜,(주)유한양행,,
201804147,미카펜정,미카펜,,에이치엘비제약(주),https://nedrug.mfds.go.kr/pbp/cmn/itemImageDownload/1M_4NHfUrTo,"MAO억제제(항우울제, 항정신병제, 감정조절제, 항파킨슨제 등), 진해거담제, 다른 감기약, 해열진통제, 진정제, 항히스타민제를 함유하는 내복약(비염용 경구제, 멀미약, 알레르기용약)과 함께 복용하지 마십시오. 당뇨약, 통풍약, 관절염약, 항응고제, 스테로이드제 등, 바르비탈계 약물, 삼환계 항우울제 및 알코올과 함께 복용 시 의사 또는 약사와 상의하십시오. 복용 중에는 음주하지 마십시오."
201804150,뷰티스홈10%겔(카바마이드퍼옥사이드),뷰티스홈,카바마이드퍼옥사이드,오스템파마주식회사,,"이 약으로 치료하는 동안에는 담배, 커피, 주스를 금지하십시오."
201804151,뷰티스홈15%겔,뷰티스홈,,오스템파마주식회사,,"치료 중 담배, 커피 및 쥬스를 피하십시오."
201804159,팜젠산화마그네슘정,팜젠산화마그네슘,,(주)팜젠사이언스,https://nedrug.mfds.go.kr/pbp/cmn/itemImageDownload/154596860060500081,"이 약을 복용하는 동안 테트라사이클린계 항생물질을 복용하지 마십시오.다량의 우유, 칼슘제제와 함께 복용 시 의사 또는 약사와 상의하십시오."
201804163,엘도투캡슐300밀리그램(에르도스테인),엘도투,에르도스테인,코스맥스파마(주),https://nedrug.mfds.go.kr/pbp/cmn/itemImageDownload/1O2wzPVLAQ3,기침약과 함께 투여하지 마십시오.
201804157,한신노콜-에스액,한신노콜-에스,,(주)한국신약,,"MAO억제제(항우울제, 항정신병제, 감정조절제, 항파킨슨제 등), 진해거담제, 다른 감기약, 해열진통제, 진정제, 항히스타민제를 함유하는 내복약(비염용 경구제, 멀미약, 알레르기용약)과 함께 복용하지 마십시오. 당뇨약, 통풍약, 관절염약, 항응고제, 스테로이드제, 바르비탈계 약물, 삼환계 항우울제 및 알코올, 칼륨함유제제, 감초함유제제, 글리시리진산 또는 그 염류 함유제제, 루프계 이뇨제(푸로세미드, 에타크린산) 또는 티아지드계 이뇨제(트리클로르메티아지드)를 복용하는 경우 의사 또는 약사와 상의하십시오. 복용 중에는 음주하지 마십시오."
201804166,속이쿨정,속이쿨,,경방신약(주),https://nedrug.mfds.go.kr/pbp/cmn/itemImageDownload/1Pe9ChhzLrJ,"위장진통, 진경제와 함께 투여하지 마십시오. 칼륨함유제제, 감초함유제제, 글리시리진산 혹은 그 염류 함유제제, 루프계 이뇨제(푸로세미드, 에타 크린산) 또는 치아지드계 이뇨제(트리클로르메치아지드)와 함께 투여 시 의사 또는 약사와 상의하십시오."
201804247,듀얼아쿠아점안액(트레할로스수화물)(1회용),듀얼아쿠아,1회용,(주)라이트팜텍,,
201804264,베타케어에이플러스점안액(폴리소르베이트80)(1회용),베타케어에이플러스,1회용,(주)제뉴파마,,
201804285,맨담록소펜카타플라스마(록소프로펜나트륨수화물),맨담록소펜카타플라스마,록소프로펜나트륨수화물,(주)보령,,
201804349,클로나인연질캡슐(클로닉신리시네이트),클로나인,클로닉신리시네이트,동화약품(주),https://nedrug.mfds.go.kr/pbp/cmn/itemImageDownload/1Pvn3im1_8y,"이 약을 복용하는 동안 다른 비스테로이드성 소염진통제(NSAIDs), ACE 억제제 또는 안지오텐신Ⅱ 수용체 길항제, 아스피린, 이뇨제, 리튬, 메토트렉세이트, 쿠마린계 항응고제(와르파린 등), 시클로스포린 및 타크로리무스, 항혈소판제 및 선택적 세로토닌 재흡수 억제제(SSRI), 코르티코스테로이드를 함께 복용하지 마십시오. 미소프로스톨을 복용하는 환자는 복용하기 전에 의사 또는 약사와 상의하십시오."
201804368,챔프코프액,챔프코프,,동아제약(주),,"MAO 억제제(항우울제, 항정신병제, 감정조절제, 항파킨슨제 등), 다른 진해거담제, 감기약, 항히스타민제를 함유하는 내복약(비염[코염]용 경구제, 멀미약, 알레르기용약), 진정제와 함께 복용하지 마십시오. 복용 중에는 음주하지 마십시오."
201804383,넥콘600에프정,넥콘600에프,,(주)넥스팜코리아,https://nedrug.mfds.go.kr/pbp/cmn/itemImageDownload/1MYVLzDTTrv,레보도파와 함께 복용하지 마십시오.
201804386,크로씬탑연질캡슐(클로닉신리시네이트),크로씬탑,클로닉신리시네이트,이연제약(주),https://nedrug.mfds.go.kr/pbp/cmn/itemImageDownload/1N6T3OpVnun,"이 약을 복용하는 동안 다른 비스테로이드성 소염진통제(NSAIDs), ACE 억제제 또는 안지오텐신Ⅱ 수용체 길항제, 아스피린, 이뇨제, 리튬, 메토트렉세이트, 쿠마린계 항응고제(와르파린 등), 시클로스포린 및 타크로리무스, 항혈소판제 및 선택적 세로토닌 재흡수 억제제(SSRI), 코르티코스테로이드를 함께 복용하지 마십시오. 미소프로스톨을 복용하는 환자는 복용하기 전에 의사 또는 약사와 상의하십시오."
201804394,엘스테인정(에르도스테인),엘스테인,에르도스테인,대원제약(주),https://nedrug.mfds.go.kr/pbp/cmn/itemImageDownload/1MYTX0L3KPy,기침약을 복용중인 사람은 의사 또는 약사와 상의하십시오.
201804395,에르스토캡슐(에르도스테인),에르스토,에르도스테인,(주)아이월드제약,https://nedrug.mfds.go.kr/pbp/cmn/itemImageDownload/1Pvn3im1_zM,기침약을 복용중인 사람은 의사 또는 약사와 상의하십시오.
201804475,제일콘드로600정,제일콘드로600,,제일헬스사이언스(주),https://nedrug.mfds.go.kr/pbp/cmn/itemImageDownload/1McEBdO4BvJ,레보도파와 함께 복용하지 마십시오.
201804495,비스타정,비스타,,(주)바스칸바이오제약,https://nedrug.mfds.go.kr/pbp/cmn/itemImageDownload/154777200732000078,레보도파와 함께 복용하지 마십시오.
201804504,마투탑플러스연질캡슐,마투탑플러스,,코스맥스파마(주),https://nedrug.mfds.go.kr/pbp/cmn/itemImageDownload/1MiQk9lOBvU,"인산염, 칼슘염, 경구용 테트라사이클린계 제제, 제산제, 레보도파와 함께 복용하지 마십시오.에스트로겐을 포함한 경구용 피임제, 항알도스테론제, 트리암테렌과 함께 복용 시 의사 또는 약사와 상의하십시오.녹차, 홍차 등 탄닌을 함유하는 차는 복용 중, 복용 전후에는 피하십시오."
201804530,캐롤프로더블파워플라스타(플루르비프로펜),캐롤프로더블파워플라스타,플루르비프로펜,(주)티디에스팜,,
201804568,스킨베리아크림(우레아),스킨베리아,우레아,태극제약(주),,"코르티코이드, 디트라놀, 5-플루오로우라실을 함께 사용 시 의사 또는 약사와 상의하십시오."
201804518,멀티큐텐플러스정,멀티큐텐플러스,,고려제약(주),https://nedrug.mfds.go.kr/pbp/cmn/itemImageDownload/1Pvn3im1_Fi,"이 약을 복용하는 동안 인산염, 칼슘염, 경구용 테트라사이클린계 제제, 제산제, 레보도파를 복용하지 마십시오.강심배당체, 에스트로겐을 포함한 경구용 피임제, 항알도스테론제, 트리암테렌을 함께 복용하는 경우 의사 또는 약사와 상의하십시오.녹차, 홍차 등 탄닌을 함유하는 차는 복용 중, 복용 전후에는 피하십시오."
201804569,코나프레쉬나잘스프레이액(염화나트륨),코나프레쉬나잘스프레이,염화나트륨,대원제약(주),,
201804576,비코엑스장용정,비코엑스장용,,(주)라이트팜텍,https://nedrug.mfds.go.kr/pbp/cmn/itemImageDownload/1OFwq_fzHJG,제산제와 함께 복용하지 마십시오.우유 섭취 후 1시간 이내는 복용을 피하십시오.
201804577,펜프리연질캡슐(이부프로펜),펜프리,이부프로펜,(주)필인터내셔널,https://nedrug.mfds.go.kr/pbp/cmn/itemImageDownload/1OTUVQKM890,"다른 비스테로이드성 소염진통제(NSAIDs)와 함께 복용하지 마십시오. 이 약을 복용하기 전에 심근경색이나 뇌졸중 예방목적으로 저용량 아스피린을 복용하는 환자는 의사 또는 약사와 상의하십시오. 이 약을 복용하기 전에 ACE 저해제(억제제), 리튬, 푸로세미드 및 티아자이드계 이뇨제, 메토트렉세이트, 쿠마린계 항응혈제(와파린 등), 선택적 세로토닌 재흡수억제제와 함께 복용하는 환자는 의사 또는 약사와 상의하십시오."
201804582,엑스케인크림(리도카인),엑스케인,리도카인,(주)인트로바이오파마,,
201804598,제일한방테이핑파프카타플라스마,제일한방테이핑파프카타플라스마,,제일헬스사이언스(주),,
201804671,페어아크네크림,페어아크네,,(주)제뉴파마,,
201804672,그린헥시딘0.5%액(클로르헥시딘글루콘산염액),그린헥시딘,클로르헥시딘글루콘산염액,(주)그린제약,,"혈청, 농 등의 유기물질, 비누류는 이 약의 살균작용을 약화시키므로 충분히 씻어 제거한 후 사용하십시오."
201804619,엑스콜노즈정,엑스콜노즈,,(주)한풍제약,https://nedrug.mfds.go.kr/pbp/cmn/itemImageDownload/1MxGLPXNloZ,"MAO억제제(항우울제, 항정신병제, 감정조절제, 항파킨슨제 등), 진해거담제, 다른 감기약, 해열진통제, 진정제, 항히스타민제를 함유하는 내복약(비염용 경구제, 멀미약, 알레르기용약)과 함께 복용하지 마십시오. 당뇨약, 통풍약, 관절염약, 항응고제, 스테로이드제, 바르비탈계 약물, 삼환계 항우울제 및 알코올, 칼륨함유제제, 감초함유제제, 글리시리진산 또는 그 염류 함유제제, 루프계 이뇨제(푸로세미드, 에타크린산) 또는 티아지드계 이뇨제(트리클로르메티아지드)와 함께 복용 시 의사 또는 약사와 상의하십시오. 복용 중에는 음주하지 마십시오."
201804704,티어실에어로솔,티어실에어로솔,,삼일제약(주),,
201804692,세파콜에프캡슐,세파콜에프,,(주)아이월드제약,https://nedrug.mfds.go.kr/pbp/cmn/itemImageDownload/1MpNPEsu-UJ,"MAO억제제(항우울제, 항정신병제, 감정조절제, 항파킨슨제 등), 진해거담제, 다른 감기약, 해열진통제, 진정제, 항히스타민제를 함유하는 내복약(비염용 경구제, 멀미약, 알레르기용약)과 함께 복용하지 마십시오. 당뇨약, 통풍약, 관절염약, 항응고제, 스테로이드제, 바르비탈계 약물, 삼환계 항우울제 및 알코올, 칼륨함유제제, 감초함유제제, 글리시리진산 또는 그 염류 함유제제, 루프계 이뇨제 또는 티아지드계 이뇨제와 함께 복용 시 의사 또는 약사와 상의하십시오. 복용 중에는 음주하지 마십시오."
201804892,파워스탑스키니플라스타(케토프로펜),파워스탑스키니플라스타,케토프로펜,경남제약(주),,
201804925,콜로브론캡슐,콜로브론,,정우신약(주),https://nedrug.mfds.go.kr/pbp/cmn/itemImageDownload/1OYGJmTIrj9,"경구용 항생물질(아목시실린, 세푸록심, 독시사이클린, 에리스로마이신, 티암페니콜), 알코올, 중추신경억제제, 클로르페니라민과 함께 사용 시 의사 또는 약사와 상의하십시오."
201804933,오스게이트정(알마게이트),오스게이트,알마게이트,(주)오스코리아제약,https://nedrug.mfds.go.kr/pbp/cmn/itemImageDownload/1McvZckolur,"이 약을 복용하는 동안 테트라사이클린계 항생제는 복용하지 마십시오. 이 약을 복용하기 전에 비스테로이드소염(항염)진통제, 궤양치료제, 디기탈리스 제제, 클로르프로마진, 란소프라졸, 프레드니솔론, 페니실린, 퀴놀론, 철(Fe)염 제제, 살리실산염을 복용하는 환자는 의사 또는 약사와 상의하십시오."
201804962,휴토펜점안액(케토티펜푸마르산염),휴토펜,케토티펜푸마르산염,(주)휴메딕스,,다른 점안제와 함께 사용 시 적어도 5분 이상 시간차를 두고 투여하십시오.
201804964,알마스콘정(알마게이트),알마스콘,알마게이트,(주)다산제약,https://nedrug.mfds.go.kr/pbp/cmn/itemImageDownload/1P-ZxEPp0nZ,"이 약을 복용하는 동안 테트라사이클린계 항생제는 복용하지 마십시오. 이 약을 복용하기 전에 비스테로이드소염(항염)진통제, 궤양치료제, 디기탈리스 제제, 클로르프로마진, 란소프라졸, 프레드니솔론, 페니실린, 퀴놀론, 철(Fe)염 제제, 살리실산염을 복용하는 환자는 의사 또는 약사와 상의하십시오."
201805119,이테란과립(아세틸시스테인),이테란,아세틸시스테인,(주)이든파마,,"경구용 항생물질(아목시실린, 세푸록심, 독시사이클린, 에리트로마이신, 티암페니콜)과 함께 복용 시 적어도 2시간 간격을 두고 복용하십시오.이 약의 용액에 다른 약물의 첨가는 피하십시오."
201805153,동화엘텐정(에르도스테인),동화엘텐,에르도스테인,동화약품(주),https://nedrug.mfds.go.kr/pbp/cmn/itemImageDownload/1MdYV-PxYNG,기침약을 복용중인 사람은 의사 또는 약사와 상의하십시오.
201805155,멘소래담딥액션카타플라스마,멘소래담딥액션카타플라스마,,진양제약(주),,
201805156,멘소래담코인플라스타,멘소래담코인플라스타,,진양제약(주),,
201805184,쿨스탁필름형트로키(세틸피리디늄염화물),쿨스탁필름형트로키,세틸피리디늄염화물,(주)경보제약,,
201805194,엘도프로캡슐(에르도스테인),엘도프로,에르도스테인,영진약품(주),https://nedrug.mfds.go.kr/pbp/cmn/itemImageDownload/1PrMFGTVzSs,기침약과 함께 복용 시 의사 또는 약사와 상의하십시오.
201805203,알게텍정(알마게이트),알게텍,알마게이트,대원바이오텍주식회사,https://nedrug.mfds.go.kr/pbp/cmn/itemImageDownload/1Mgr_7YvP9Y,"이 약을 복용하는 동안 테트라사이클린계 항생제는 복용하지 마십시오.이 약을 복용하기 전에 비스테로이드소염(항염)진통제, 궤양치료제, 디기탈리스 제제, 클로르프로마진, 란소프라졸, 프레드니솔론, 페니실린, 퀴놀론, 철(Fe)염 제제, 살리실산염을 복용하는 환자는 의사 또는 약사와 상의하십시오."
201805224,헬봄액,헬봄,,(주)이든파마,,
201805238,훼럼포유연질캡슐,훼럼포유,,제이더블유중외제약(주),https://nedrug.mfds.go.kr/pbp/cmn/itemImageDownload/1MZmMwzxvsA,"이 약을 복용하는 동안 인산염, 칼슘염, 경구용 테트라사이클린계 항생제, 제산제를 복용하지 마십시오.항알도스테론제, 트리암테렌, 200 ㎎ 이상의 아스코르빈산(비타민 C)을 함께 복용하는 경우 의사 또는 약사와 상의하십시오.녹차, 홍차 등 탄닌을 함유하는 차 및 우유ㆍ유제품은 복용 중, 복용 전후에는 피하십시오."
201805240,엘뮤코정(에르도스테인),엘뮤코,에르도스테인,(주)보령바이오파마,https://nedrug.mfds.go.kr/pbp/cmn/itemImageDownload/1MioOKV_hBX,기침약을 복용중인 사람은 의사 또는 약사와 상의하십시오.
201805282,피록스겔(피록시캄),피록스,피록시캄,한국코러스(주),,
201900024,제놀파워풀플라스타(플루르비프로펜),제놀파워풀플라스타,플루르비프로펜,아이큐어(주),,
201900026,피캄스겔(피록시캄),피캄스,피록시캄,시믹씨엠오코리아주식회사,,
201900045,엑스콜디과립,엑스콜디,,(주)한풍제약,,"MAO억제제(항우울제, 항정신병제, 감정조절제, 항파킨슨제 등), 진해거담제, 다른 감기약, 해열진통제, 진정제, 항히스타민제를 함유하는 내복약(비염용 경구제, 멀미약, 알레르기용약)과 함께 복용하지 마십시오. 당뇨약, 통풍약, 관절염약, 항응고제, 스테로이드제, 바르비탈계 약물, 삼환계 항우울제 및 알코올, 칼륨함유제제, 감초함유제제, 글리시리진산 또는 그 염류 함유제제, 루프계 이뇨제(푸로세미드, 에타크린산) 또는 티아지드계 이뇨제(트리클로르메티아지드)와 함께 복용 시 의사 또는 약사와 상의하십시오. 복용 중에는 음주하지 마십시오."
201900100,마게이트정(알마게이트),마게이트,알마게이트,익수제약(주),https://nedrug.mfds.go.kr/pbp/cmn/itemImageDownload/1NOwp2F6Hsh,"이 약을 복용하는 동안 테트라사이클린계 항생제는 복용하지 마십시오. 이 약을 복용하기 전에 비스테로이드소염(항염)진통제, 궤양치료제, 디기탈리스 제제, 클로르프로마진, 란소프라졸, 프레드니솔론, 페니실린, 퀴놀론, 철(Fe)염 제제, 살리실산염을 복용하는 환자는 의사 또는 약사와 상의하십시오."
201900111,뉴코딜정,뉴코딜,,대한뉴팜(주),https://nedrug.mfds.go.kr/pbp/cmn/itemImageDownload/1MZGLmiMsUc,제산제와 함께 복용하지 마십시오.우유 섭취 후 1시간 이내는 복용을 피하십시오.
201900112,애드민플러스정,애드민플러스,,(주)한국피엠지제약,https://nedrug.mfds.go.kr/pbp/cmn/itemImageDownload/1Mt_LZnrUql,"인산염, 칼슘염, 경구용 테트라사이클린계 제제, 제산제와 함께 복용하지 마십시오.강심배당체, 항알도스테론제, 트리암테렌과 함께 복용 시 의사 또는 약사와 상의하십시오.녹차, 홍차 등 탄닌을 함유하는 차는 복용 중, 복용 전후에는 피하십시오."
201900160,옥솔페이스트(에녹솔론)(허브스피아향),옥솔페이스트,허브스피아향,오스템파마주식회사,,
201900187,독립목클린캡슐200밀리그램(아세틸시스테인),독립목클린,아세틸시스테인,독립바이오제약(주),https://nedrug.mfds.go.kr/pbp/cmn/itemImageDownload/1Me1jz_9peU,"경구용 항생제(아목시실린, 세푸록심, 독시사이클린, 에리트로마이신, 티암페니콜)와 함께 복용 시 적어도 2시간 간격을 두고 복용하십시오."
201900178,서울아스피린장용정,서울아스피린장용,,(주)서울제약,https://nedrug.mfds.go.kr/pbp/cmn/itemImageDownload/1Pzj9E5NSlJ,"다른 비스테로이드성 소염진통제 및 살리실산 제제, 일주일 동안 메토트렉세이트 15밀리그람(15mg/주) 이상의 용량은 이 약과 병용 투여 시 출혈이 증가되거나 신기능이 감소될 수 있으므로 함께 사용하지 않습니다.항응고제, 이부프로펜, 나프록센 등 일부 비스테로이드성 소염진통제, 혈전용해제, 다른 혈소판응집억제제, 지혈제, 당뇨병치료제(인슐린제제, 톨부타미드 등), 요산배설촉진제(벤즈브로마론, 프로베네시드), 티아지드계 이뇨제, 리튬제제, 선택적 세포토닌 재흡수 억제제, 디곡신, 전신 작용 부신피질호르몬 제제(애디슨병 대체요법용 히드로코티손 제외), 안지오텐신 전환 효소 억제제, 발프로산 제제를 복용하는 사람은 의사 또는 약사와 상의하십시오.알칼리제제(예: 탄산수소나트륨, 탄산마그네슘) 또는 습기가 차기 쉬운 제제와 함께 섞지 마십시오.알코올과 병용 투여 시 위장관 점막 손상이 증가하고, 이 약과 알코올의 상승효과로 인해 출혈시간이 연장될 수 있습니다."
201900192,제스쿨정,제스쿨,,(주)씨엠지제약,,
201900221,케이아스피린장용정(아스피린),케이아스피린장용,아스피린,한국넬슨제약(주),https://nedrug.mfds.go.kr/pbp/cmn/itemImageDownload/1OHXkPjtIX2,"다른 비스테로이드성 소염진통제(NSAIDs) 및 살리실산 제제, 고용량의 메토트렉세이트(15mg/주 이상)와 함께 복용하지 마십시오.항응고제, 혈전용해제/다른 혈소판응집억제제, 지혈제 및 당뇨병치료제(인슐린제제, 톨부타미드 등), 요산배설촉진제(벤즈브로마론, 프로베네시드), 저용량의 메토트렉세이트, 리튬제제, 이부프로펜, 선택적 세로토닌 재흡수 억제제(SSRIs), 디곡신, 전신 작용 부신피질호르몬 제제(애디슨병 대체요법용 히드로코티손 제외), 안지오텐신 전환 효소 억제제, 발프로산, 알코올과 함께 복용하는 경우 의사 또는 약사와 상의하십시오."
201900225,디맥트리플정,디맥트리플,,(주)다림바이오텍,https://nedrug.mfds.go.kr/pbp/cmn/itemImageDownload/1Mcb1OgU-BZ,"인산염, 칼슘염, 경구용 테트라사이클린계 제제, 제산제와 함께 복용하지 마십시오.항알도스테론제, 트리암테렌과 함께 복용 시 의사 또는 약사와 상의하십시오.녹차, 홍차 등 탄닌을 함유하는 차는 복용 중, 복용 전후에는 피하십시오."
201900271,더마스탑크림,더마스탑,,일양바이오팜(주),,
201900312,해소코푸에스시럽,해소코푸에스,,지엘팜텍(주),,"MAO억제제(항우울제, 항정신병제, 감정조절제, 항파킨슨제 등), 다른 진해거담제, 감기약, 항히스타민제, 진정제, 알코올과 함께 복용하지 마십시오.복용 중에는 음주하지 마십시오."
201900282,옵티제로연질캡슐(덱시부프로펜),옵티제로,덱시부프로펜,경진제약(주),https://nedrug.mfds.go.kr/pbp/cmn/itemImageDownload/1Mz-_oDkDgR,"다른 비스테로이드성 소염진통제, 아스피린을 사용하지 마십시오. 코르티코스테로이드, 알코올, 디곡신, 페니토인, 프로베네시드, 설핀피라존, 설포닐우레아제, ACE 억제제 또는 안지오텐신Ⅱ 수용체 길항제, 이뇨제, 리튬, 쿠마린계 항응고제, 바클로펜, 면역억제제(시클로스포린, 타크로리무스, 시롤리무스), 혈전용해제, 티클로피딘, 항혈전제, 혈중 칼륨농도를 증가시키는 약물(칼륨 저류형 이뇨제, ACE 억제제, 안지오텐신-Ⅱ 수용체 길항제, 시클로스포린, 타크로리무스, 트리메토프림, 헤파린 등), CYP2C8, CYP2C9의 유도제(리팜피신, 페노바르비탈), 저용량(15 mg/주 미만)의 메토트렉세이트, 항혈소판제 및 선택적 세로토닌 재흡수 억제제, 심근경색이나 뇌졸중 예방목적으로 저용량 아스피린을 함께 복용 시 의사 또는 약사와 상의하십시오."
201900317,카르닐정(엘카르니틴),카르닐,엘카르니틴,(주)인트로바이오파마,https://nedrug.mfds.go.kr/pbp/cmn/itemImageDownload/1MeqxE6La6w,정주용 지질제와 함께 사용 시 의사 또는 약사와 상의하십시오.
201900290,목앤파워스프레이(플루르비프로펜),목앤파워스프레이,플루르비프로펜,한미약품(주),,"해열진통제, 다른 비스테로이드성 소염진통제, 혈소판 응집 억제제(예: 아스피린), 경구용 항응혈제(예: 와파린), 고용량의 메토트렉세이트와 함께 사용하지 마십시오. 항고혈압제, 이뇨제, 안지오텐신전환효소 억제제, 안지오텐신 II 길항제, 강심배당체, 시클로스포린, 타크로리무스, 글루코코르티코이드, 리튬제제, 저용량의 메토트렉세이트, 미페프리스톤, 경구용 혈당강하제, 페니토인, 칼륨보전이뇨제, 프로베네시드, 설핀피라존, 퀴놀론계 항균제, 선택적 세로토닌 재흡수 억제제, 지도부딘과 함께 사용 시 의사 또는 약사와 상의하십시오."
201900598,뮤테론캡슐200밀리그램(아세틸시스테인),뮤테론,아세틸시스테인,풍림무약(주),https://nedrug.mfds.go.kr/pbp/cmn/itemImageDownload/1NbCdZpz8bo,"경구용 항생물질(아목시실린, 세푸록심, 독시사이클린, 에리트로마이신, 치암페니콜)과 함께 복용 시 적어도 2시간의 간격을 두고 투여하십시오."
201900678,훼리너프지캡슐,훼리너프지,,(주)녹십자,https://nedrug.mfds.go.kr/pbp/cmn/itemImageDownload/1MdYV-PxYS0,"인산염, 칼슘염, 경구용 테트라사이클린계 항생제, 제산제와 함께 복용하지 마십시오.항알도스테론제, 트리암테렌과 함께 복용 시 의사 또는 약사와 상의하십시오.녹차, 홍차 등 탄닌을 함유하는 차는 복용 중, 복용 전후에는 피하십시오."
201900682,큐센연질캡슐(나프록센),큐센,나프록센,삼성제약(주),https://nedrug.mfds.go.kr/pbp/cmn/itemImageDownload/1O597tTU9dq,"다른 비스테로이드성 소염진통제 및 나프록센 유도체와 함께 복용하지 마십시오. 히단토인계 항간질제, 설파제, 설포닐요소계 혈당강하제, 프로프라놀롤 및 다른 -차단제, ACE 저해제(캅토프릴 등), 루프계 및 티아지드계 이뇨제, 프로베네시드, 아스피린, 리튬, 메토트렉세이트, 쿠마린계 항응혈제(와파린 등), 지도부딘, 뉴퀴놀론계 항생물질(에녹사신 등)과 함께 복용 시 의사 또는 약사와 상의하십시오."
201900692,서울알마게이트정,서울알마게이트,,(주)서울제약,https://nedrug.mfds.go.kr/pbp/cmn/itemImageDownload/1MlMmwHGNjB,"이 약을 복용하는 동안 테트라사이클린계 항생제는 복용하지 마십시오. 이 약을 복용하기 전에 비스테로이드소염(항염)진통제, 궤양치료제, 디기탈리스 제제, 클로르프로마진, 란소프라졸, 프레드니솔론, 페니실린, 퀴놀론, 철(Fe)염 제제, 살리실산염을 복용하는 환자는 의사 또는 약사와 상의하십시오."
201900696,인터큐텐연질캡슐,인터큐텐,,경남제약(주),https://nedrug.mfds.go.kr/pbp/cmn/itemImageDownload/1MecIOjA6AJ,"이 약을 복용하는 동안 인산염, 칼슘염, 경구용 테트라사이클린계 제제, 제산제를 함께 복용하지 마십시오.에스트로겐을 포함한 경구용 피임제, 항알도스테론제, 트리암테렌, 정주용 지질제와 함께 사용 시 의사 또는 약사와 상의하십시오.녹차, 홍차 등 탄닌을 함유하는 차는 복용 중, 복용 전후에는 피하십시오."
201900720,파워비큐정,파워비큐,,경남제약(주),https://nedrug.mfds.go.kr/pbp/cmn/itemImageDownload/1McMAvsa7w2,"인산염, 칼슘염, 경구용 테트라사이클린계 제제, 제산제, 레보도파와 함께 복용하지 마십시오.에스트로겐을 포함한 경구용 피임제, 항알도스테론제, 트리암테렌과 함께 복용 시 의사 또는 약사와 상의하십시오.녹차, 홍차 등 탄닌을 함유하는 차는 복용 중, 복용 전후에는 피하십시오."
201900725,쿨락트암모늄로션12%(락트산암모늄액),쿨락트암모늄,락트산암모늄액,주식회사제뉴원사이언스,,
201900736,파워쎈연질캡슐,파워쎈,,(주)바스칸바이오제약,https://nedrug.mfds.go.kr/pbp/cmn/itemImageDownload/1MeM47xF7v-,"이 약을 복용하는 동안 레보도파와 함께 복용하지 마십시오.에스트로겐을 포함한 경구용 피임제, 정주용 지질제와 함께 사용 시 의사 또는 약사와 상의하십시오."
201900727,솔루록센연질캡슐(나프록센),솔루록센,나프록센,현대약품(주),https://nedrug.mfds.go.kr/pbp/cmn/itemImageDownload/1MeGuNe7Nsy,"다른 비스테로이드성 소염진통제 및 나프록센 유도체와 함께 복용하지 마십시오. 히단토인계 항간질제, 설파제, 설포닐요소계 혈당강하제, 프로프라놀롤 및 다른 -차단제, ACE 저해제(캅토프릴 등), 루프계 및 티아지드계 이뇨제, 프로베네시드, 아스피린, 리튬, 메토트렉세이트, 쿠마린계 항응혈제(와파린 등), 지도부딘, 뉴퀴놀론계 항생물질(에녹사신 등)과 함께 복용 시 의사 또는 약사와 상의하십시오."
201900742,마더스코연질캡슐,마더스코,,(주)마더스제약,https://nedrug.mfds.go.kr/pbp/cmn/itemImageDownload/1MmZCvzws2Z,"MAO억제제(항우울제, 항정신병제, 감정조절제, 항파킨슨제 등), 진해(기침을 그치게 함)거담제(가래약), 다른 감기약, 해열진통제, 진정제, 항히스타민제를 함유하는 내복약(비염(코염)용 경구제, 멀미약, 알레르기용약)과 함께 복용하지 마십시오. MAO억제제(항우울제, 항정신병제, 감정조절제, 항파킨슨제 등) 복용을 중단한 후 2주 이내의 사람은 이 약을 복용하지 마십시오. 당뇨약, 통풍약, 관절염약, 항응고제, 스테로이드제 등, 바르비탈계 약물, 삼환계 항우울제 및 알코올을 투여한 환자는 의사 또는 약사와 상의하십시오. 복용 중에는 음주하지 마십시오."
201900743,마더스콜드연질캡슐,마더스콜드,,(주)마더스제약,https://nedrug.mfds.go.kr/pbp/cmn/itemImageDownload/1MmZCvzws39,"MAO 억제제(항우울제, 항정신병제, 감정조절제, 항파킨슨제 등), 진해(기침을 그치게 함)거담제(가래약), 다른 감기약, 해열진통제, 진정제, 항히스타민제를 함유하는 내복약(비염(코염)용 경구제, 멀미약, 알레르기용약)과 함께 복용하지 마십시오. MAO 억제제(항우울제, 항정신병제, 감정조절제, 항파킨슨제 등) 복용을 중단한 후 2주 이내의 사람은 이 약을 복용하지 마십시오. 당뇨약, 통풍약, 관절염약, 항응고제, 스테로이드제 등, 바르비탈계 약물, 삼환계 항우울제 및 알코올을 투여한 환자는 의사 또는 약사와 상의하십시오. 복용 중에는 음주하지 마십시오."
201900744,마더스코프연질캡슐,마더스코프,,(주)마더스제약,https://nedrug.mfds.go.kr/pbp/cmn/itemImageDownload/1MmZCvzws1z,"MAO억제제(항우울제, 항정신병제, 감정조절제, 항파킨슨제 등), 진해(기침을 그치게 함)거담제(가래약), 다른 감기약, 해열진통제, 진정제, 항히스타민제를 함유하는 내복약(비염(코염)용 경구제, 멀미약, 알레르기용약)과 함께 복용하지 마십시오. 당뇨약, 통풍약, 관절염약, 항응고제, 스테로이드제 등, 바르비탈계 약물, 삼환계 항우울제 및 알코올을 투여한 환자는 의사 또는 약사와 상의하십시오. 복용 중에는 음주하지 마십시오."
201900764,맨질크림(우레아),맨질,우레아,시믹씨엠오코리아주식회사,,
201900783,코뚜에스시럽,코뚜에스,,코오롱제약(주),,"MAO억제제(항우울제, 항정신병제, 감정조절제, 항파킨슨제 등), 다른 비염용 경구제, 항히스타민제를 함유하는 내복약(감기약, 진해거담제, 멀미약, 알레르기용약 등)과 함께 복용하지 마십시오. 복용 중에는 음주하지 마십시오."
201900787,파워알엑스플라스타(수출명:TD RX Plaster),파워알엑스플라스타,,(주)티디에스팜,,
201900823,엘도르캡슐(에르도스테인),엘도르,에르도스테인,익수제약(주),https://nedrug.mfds.go.kr/pbp/cmn/itemImageDownload/1PamqCHLjfw,기침약과 함께 투여하지 마십시오.
201900824,아카에정,아카에,,한국휴텍스제약(주),https://nedrug.mfds.go.kr/pbp/cmn/itemImageDownload/1PEPKBUcgN8,"MAO억제제(항우울제, 항정신병제, 감정조절제, 항파킨슨제 등), 진해거담제, 다른 감기약, 해열진통제, 진정제, 항히스타민제를 함유하는 내복약(비염용 경구제, 멀미약, 알레르기용약)과 함께 복용하지 마십시오. 당뇨약, 통풍약, 관절염약, 항응고제, 스테로이드제, 바르비탈계 약물, 삼환계 항우울제 및 알코올과 함께 복용 시 의사 또는 약사와 상의하십시오. 복용 중에는 음주하지 마십시오."
201900848,투스테인캡슐(아세틸시스테인),투스테인,아세틸시스테인,코스맥스파마(주),https://nedrug.mfds.go.kr/pbp/cmn/itemImageDownload/1N6ibdbl6B3,"경구용 항생제(아목시실린, 세푸록심, 독시사이클린, 에리트로마이신, 티암페니콜)와 함께 복용 시 적어도 2시간 간격을 두고 복용하십시오."
201900852,휴덱시연질캡슐(덱시부프로펜),휴덱시,덱시부프로펜,(주)휴온스,https://nedrug.mfds.go.kr/pbp/cmn/itemImageDownload/1Me1jz_9pmT,"다른 비스테로이드성 소염진통제, 아스피린을 사용하지 마십시오. 코르티코스테로이드, 알코올, 디곡신, 페니토인, 프로베네시드, 설핀피라존, 설포닐우레아제, ACE 억제제 또는 안지오텐신Ⅱ 수용체 길항제, 이뇨제, 리튬, 쿠마린계 항응고제, 바클로펜, 면역억제제(시클로스포린, 타크로리무스, 시롤리무스), 혈전용해제, 티클로피딘, 항혈전제, 혈중 칼륨농도를 증가시키는 약물(칼륨 저류형 이뇨제, ACE 억제제, 안지오텐신-Ⅱ 수용체 길항제, 시클로스포린, 타크로리무스, 트리메토프림, 헤파린 등), CYP2C8, CYP2C9의 유도제(리팜피신, 페노바르비탈), 저용량(15 mg/주 미만)의 메토트렉세이트, 항혈소판제 및 선택적 세로토닌 재흡수 억제제, 심근경색이나 뇌졸중 예방목적으로 저용량 아스피린을 함께 복용 시 의사 또는 약사와 상의하십시오."
201900892,엘도스트캡슐300밀리그램(에르도스테인),엘도스트,에르도스테인,(주)중헌제약,https://nedrug.mfds.go.kr/pbp/cmn/itemImageDownload/1Mgr_7YvPCW,기침약을 복용중인 사람은 의사 또는 약사와 상의하십시오.
201900904,무조무플러스겔,무조무플러스,,신신제약(주),,
201900939,우리아스킨에프크림(우레아),우리아스킨에프,우레아,영풍제약(주),,"코르티코이드, 디트라놀, 5-플루오로우라실을 함께 사용 시 의사 또는 약사와 상의하십시오."
201900999,조인탑600정,조인탑600,,일양약품(주),https://nedrug.mfds.go.kr/pbp/cmn/itemImageDownload/1MiQk9lOCGT,레보도파와 함께 복용하지 마십시오.
201900962,파나덱스정300밀리그램(덱시부프로펜),파나덱스,덱시부프로펜,아주약품(주),https://nedrug.mfds.go.kr/pbp/cmn/itemImageDownload/1PU5OK3EfZS,"다른 비스테로이드성 소염진통제, 아스피린을 사용하지 마십시오. 코르티코스테로이드, 알코올, 디곡신, 페니토인, 프로베네시드, 설핀피라존, 설포닐우레아제, ACE 억제제 또는 안지오텐신Ⅱ 수용체 길항제, 이뇨제, 리튬, 쿠마린계 항응고제, 바클로펜, 면역억제제(시클로스포린, 타크로리무스, 시롤리무스), 혈전용해제, 티클로피딘, 항혈전제, 혈중 칼륨농도를 증가시키는 약물(칼륨 저류형 이뇨제, ACE 억제제, 안지오텐신-Ⅱ 수용체 길항제, 시클로스포린, 타크로리무스, 트리메토프림, 헤파린 등), CYP2C8, CYP2C9의 유도제(리팜피신, 페노바르비탈), 저용량(15 mg/주 미만)의 메토트렉세이트, 항혈소판제 및 선택적 세로토닌 재흡수 억제제, 심근경색이나 뇌졸중 예방목적으로 저용량 아스피린을 함께 복용 시 의사 또는 약사와 상의하십시오."
201901010,"그린코플시럽(딸기향, 바나나향)",그린코플,딸기향|바나나향,(주)녹십자,,"MAO 억제제, 다른 진해(기침을 그치게 함)거담제(감기약), 감기약, 항히스타민제, 진정제, 알코올 등과 함께 복용하지 마십시오. MAO 억제제(항우울제, 항정신병제, 감정조절제, 항파킨슨제 등) 복용을 중단한 후 2주 이내의 사람은 이 약을 복용하지 마십시오."
201900975,코푸콜드-에스액,코푸콜드-에스,,(주)한국신약,,"아세트아미노펜을 포함하는 다른 제품, MAO 억제제(항우울제, 항정신병제, 감정조절제, 항파킨슨제 등), 진해(기침을 그치게 함)거담제, 다른 감기약, 해열진통제, 진정제, 항히스타민제를 함유하는 내복약(비염(코염)용 경구제, 멀미약, 알레르기용약)과 함께 복용하지 마십시오. 바르비탈계 약물, 삼환계 항우울제 및 알코올, 칼륨함유제제, 감초함유제제, 글리시리진산 또는 그 염류 함유제제, 루프계 이뇨제(푸로세미드, 에타크린산) 또는 티아지드계 이뇨제(트리클로르메티아지드)와 함께 복용 시 의사 또는 약사와 상의하십시오. 복용 중에는 음주하지 마십시오."
201901012,그린헥시딘가글액(클로르헥시딘글루콘산염액),그린헥시딘가글,클로르헥시딘글루콘산염액,(주)그린제약,,
201900977,파워콜캡슐,파워콜,,정우신약(주),https://nedrug.mfds.go.kr/pbp/cmn/itemImageDownload/1OGYzwP1LKw,"MAO억제제(항우울제, 항정신병제, 감정조절제, 항파킨슨제 등), 진해거담제, 다른 감기약, 해열진통제, 진정제, 항히스타민제를 함유하는 내복약(비염용 경구제, 멀미약, 알레르기용약)과 함께 복용하지 마십시오. 당뇨약, 통풍약, 관절염약, 항응고제, 스테로이드제, 바르비탈계 약물, 삼환계 항우울제 및 알코올과 함께 복용 시 의사 또는 약사와 상의하십시오. 복용 중에는 음주하지 마십시오."
201901045,알마케이드정(알마게이트),알마케이드,알마게이트,(주)동구바이오제약,https://nedrug.mfds.go.kr/pbp/cmn/itemImageDownload/1MiQk9lOB-E,"이 약을 복용하는 동안 테트라사이클린계 항생제는 복용하지 마십시오.이 약을 복용하기 전에 비스테로이드소염(항염)진통제, 궤양치료제, 디기탈리스 제제, 클로르프로마진, 란소프라졸, 프레드니솔론, 페니실린, 퀴놀론, 철(Fe)염 제제, 살리실산염을 복용하는 환자는 의사 또는 약사와 상의하십시오."
201900986,디뉴펜정(덱시부프로펜),디뉴펜,덱시부프로펜,동국제약(주),https://nedrug.mfds.go.kr/pbp/cmn/itemImageDownload/1P2JYwFs76N,"다른 비스테로이드성 소염진통제, 아스피린을 사용하지 마십시오. 코르티코스테로이드, 알코올, 디곡신, 페니토인, 프로베네시드, 설핀피라존, 설포닐우레아제, ACE 억제제 또는 안지오텐신Ⅱ 수용체 길항제, 이뇨제, 리튬, 쿠마린계 항응고제, 바클로펜, 면역억제제(시클로스포린, 타크로리무스, 시롤리무스), 혈전용해제, 티클로피딘, 항혈전제, 혈중 칼륨농도를 증가시키는 약물(칼륨 저류형 이뇨제, ACE 억제제, 안지오텐신-Ⅱ 수용체 길항제, 시클로스포린, 타크로리무스, 트리메토프림, 헤파린 등), CYP2C8, CYP2C9의 유도제(리팜피신, 페노바르비탈), 저용량(15 mg/주 미만)의 메토트렉세이트, 항혈소판제 및 선택적 세로토닌 재흡수 억제제, 심근경색이나 뇌졸중 예방목적으로 저용량 아스피린을 함께 복용 시 의사 또는 약사와 상의하십시오."
201901046,키미테정,키미테,,명문제약(주),https://nedrug.mfds.go.kr/pbp/cmn/itemImageDownload/1Me1jz_9pxj,"다른 진토제, 감기약, 해열진통제, 항히스타민제, 진정제, 진해거담제, 위장진통, 진경제와 함께 복용하지 마십시오.복용 중에는 알코올성 음료를 피하십시오."
201900992,쌍패원에스액,쌍패원에스,,정우신약(주),,"진해(기침을 그치게 함)거담제(가래약), 다른 감기약, 해열진통제, 진정제, 항히스타민제를 함유하는 내복약(비(코)염용 경구제, 멀미약, 알레르기용약)과 함께 복용하지 마십시오. 당뇨약, 통풍약, 관절염약, 항응고제, 스테로이드제, 바르비탈계 약물, 삼환계 항우울제, 알코올, 칼륨함유제제, 감초함유제제, 글리시리진산 또는 그 염류 함유제제, 루프계 이뇨제(푸로세미드, 에타크린산), 티아지드계 이뇨제(트리클로르메티아지드)와 함께 복용 시 의사 또는 약사와 상의하십시오. 복용 중에는 음주하지 마십시오."
201901113,트리원정100밀리그램(트리메부틴말레산염),트리원,트리메부틴말레산염,하나제약(주),https://nedrug.mfds.go.kr/pbp/cmn/itemImageDownload/1Pvn3im1-4K,
201901120,케토린점안액(케토티펜푸마르산염),케토린,케토티펜푸마르산염,(주)휴비스트제약,,다른 점안제와 함께 사용 시 적어도 5분 이상 시간차를 두고 투여하십시오.
201901128,치치엔더블유크림,치치엔더블유,,(주)퍼슨,,"dl-메틸에페드린염산염, 스코폴리아 엑스 및 글리시리진산 함유 좌제 또는 연고제, 크림제, 혈압강하제, 항우울약과 함께 사용하지 마십시오."
201901187,액티브피록시캄겔(피록시캄),액티브피록시캄,피록시캄,일양바이오팜(주),,
201901209,동성비오틴정,동성비오틴,,동성제약(주),https://nedrug.mfds.go.kr/pbp/cmn/itemImageDownload/1Mcb1OgU-Cl,"날계란과 함께 복용하지 마십시오.카르바마제핀, 페니토인, 페노바르비탈, 항생제와 함께 복용 시 의사 또는 약사와 상의하십시오."
201901258,모이스아이뷰점안액(트레할로스수화물)(1회용),모이스아이뷰,1회용,(주)마더스제약,,
201901314,인콤정(알벤다졸),인콤,알벤다졸,(주)이든파마,https://nedrug.mfds.go.kr/pbp/cmn/itemImageDownload/1OdfDR31779,"테오필린, 시메티딘, 프라지콴텔, 덱사메타손, 리토나비어, 페니토인, 카르바마제핀, 페노바르비탈과 함께 복용하지 마십시오."
201901304,펜실연질캡슐,펜실,,동화약품(주),https://nedrug.mfds.go.kr/pbp/cmn/itemImageDownload/1MksuF0DXF8,"아세트아미노펜을 포함하는 다른 제품, 다른 해열진통제, 감기약, 진정제와 함께 복용하지 마십시오. 당뇨약, 통풍약, 관절염약, 항응고제, 스테로이드제, 바르비탈계 약물, 삼환계 항우울제, 알코올과 함께 복용 시 의사 또는 약사와 상의하십시오. 복용 중에는 음주하지 마십시오."
201901322,백일후애캡슐,백일후애,,동광제약(주),https://nedrug.mfds.go.kr/pbp/cmn/itemImageDownload/1Ml1y5tPwef,설폰아미드 제제와 함께 사용 시 의사 또는 약사와 상의하십시오.
201901368,디카렉정,디카렉,,(주)바스칸바이오제약,https://nedrug.mfds.go.kr/pbp/cmn/itemImageDownload/1OMgytrjilu,"인산염, 칼슘염, 경구용 테트라사이클린계 제제, 제산제와 함께 복용하지 마십시오.강심배당체, 항알도스테론제, 트리암테렌과 함께 복용 시 의사 또는 약사와 상의하십시오.녹차, 홍차 등 탄닌을 함유하는 차는 복용 중, 복용 전후에는 피하십시오."
201901373,비맥스메타정,비맥스메타,,(주)녹십자,https://nedrug.mfds.go.kr/pbp/cmn/itemImageDownload/1MgMniIZaHF,"이 약을 복용하는 동안 인산염, 칼슘염, 경구용 테트라사이클린계 제제, 제산제, 레보도파를 복용하지 마십시오.항알도스테론제, 트리암테렌과 함께 복용 시 의사 또는 약사와 상의하십시오.녹차, 홍차 등 탄닌을 함유하는 차는 복용 중, 복용 전후에는 피하십시오."
201901374,엘도네오캡슐(에르도스테인),엘도네오,에르도스테인,신일제약(주),https://nedrug.mfds.go.kr/pbp/cmn/itemImageDownload/1Petcjc0EYl,기침약을 복용중인 사람은 의사 또는 약사와 상의하십시오.
201901388,알러캡연질캡슐(세티리진염산염),알러캡,세티리진염산염,일양바이오팜(주),https://nedrug.mfds.go.kr/pbp/cmn/itemImageDownload/1MhfYG_kzgh,"테오필린, 리토나비르와 함께 복용하지 마십시오.과량의 알코올과 함께 복용하지 마십시오."
201901436,마그감마맥스연질캡슐,마그감마맥스,,구주제약(주),https://nedrug.mfds.go.kr/pbp/cmn/itemImageDownload/1MhB3k2XNc-,"인산염, 칼슘염, 경구용 테트라사이클린계 제제, 제산제, 레보도파와 함께 복용하지 마십시오.에스트로겐을 포함한 경구용 피임제, 항알도스테론제, 트리암테렌, 정주용 지질제와 함께 사용 시 의사 또는 약사와 상의하십시오.녹차, 홍차 등 탄닌을 함유하는 차는 복용 중, 복용 전후에는 피하십시오."
201901490,옵티코프연질캡슐,옵티코프,,코스맥스파마(주),https://nedrug.mfds.go.kr/pbp/cmn/itemImageDownload/1Ml-kwRqCoV,"아세트아미노펜을 포함하는 다른 제품, MAO억제제(항우울제, 항정신병제, 감정조절제, 항파킨슨제 등), 진해거담제, 다른 감기약, 해열진통제, 진정제, 항히스타민제를 함유하는 내복약(비염용 경구제, 멀미약, 알레르기용약)과 함께 복용하지 마십시오. 당뇨약, 통풍약, 관절염약, 항응고제, 스테로이드제, 바르비탈계 약물, 삼환계 항우울제, 알코올과 함께 복용 시 의사 또는 약사와 상의하십시오. 복용 중에는 음주하지 마십시오."
201901492,비라밸정,비라밸,,동화약품(주),https://nedrug.mfds.go.kr/pbp/cmn/itemImageDownload/1O6GwjHFDO7,"인산염, 칼슘염, 경구용 테트라사이클린계 제제, 제산제, 레보도파와 함께 복용하지 마십시오.강심배당체, 항알도스테론제, 트리암테렌과 함께 복용 시 의사 또는 약사와 상의하십시오.녹차, 홍차 등 탄닌을 함유하는 차는 복용 중, 복용 전후에는 피하십시오."
201901541,콜드윈시럽,콜드윈,,(주)씨엠지제약,,"MAO억제제(항우울제, 항정신병제, 감정조절제, 항파킨슨제 등), 진해(기침을 그치게 함)거담제(가래약), 다른 감기약, 해열진통제, 진정제, 항히스타민제를 함유하는 내복약(비염(코염)용 경구제, 멀미약, 알레르기용약), 디펜히드라민을 함유하는 제제(피부에 적용하는 제제 포함)과 함께 복용하지 마십시오. 당뇨약, 통풍약, 관절염약, 항응고제, 스테로이드제 등, 바르비탈계 약물, 삼환계 항우울제 및 알코올을 투여한 환자는 의사 또는 약사와 상의하십시오. 복용 중에는 음주하지 마십시오."
201901578,보위황정,보위황,,미래바이오제약(주),,
201901551,릴리애정,릴리애,,(주)한국파비스제약,https://nedrug.mfds.go.kr/pbp/cmn/itemImageDownload/1OguGOIGX0X,"C형 간염 직접 작용 항바이러스제, 페니토인, 히단토인, 바르비탈계 약물, 프리미돈, 카르바마제핀, 리팜피신, 리파부틴, 옥스카르바제핀, 토피라메이트, 펠바메이트, 그리세오풀빈, 루피나미드, 아프레피탄트, 일부 HIV 프로테아제 저해제(예 : 리토나비르),비뉴클레오시드유사체 역전사효소억제제(에파비렌즈), 성요한풀 함유 제품 및 자몽주스와 함께 복용하지 마십시오.상세한 상호작용 약물은 허가사항 상세정보를 확인하십시오."
201901619,더마굿크림,더마굿,,구주제약(주),,
201901623,하니동전파스플라스타,하니동전파스플라스타,,원광제약(주),,
201901656,알마테정(알마게이트),알마테,알마게이트,정우신약(주),https://nedrug.mfds.go.kr/pbp/cmn/itemImageDownload/1Pm1vy6QJSN,"이 약을 복용하는 동안 테트라사이클린계 항생제는 복용하지 마십시오. 이 약을 복용하기 전에 비스테로이드소염(항염)진통제, 궤양치료제, 디기탈리스 제제, 클로르프로마진, 란소프라졸, 프레드니솔론, 페니실린, 퀴놀론, 철(Fe)염 제제, 살리실산염을 복용하는 환자는 의사 또는 약사와 상의하십시오."
201901675,알앤샷연질캡슐(세티리진염산염),알앤샷,세티리진염산염,동광제약(주),https://nedrug.mfds.go.kr/pbp/cmn/itemImageDownload/1MiQk9lOBzv,"테오필린, 리토나비르와 함께 복용하지 마십시오.과량의 알코올과 함께 복용하지 마십시오."
201901708,듀오클로크림,듀오클로,,(주)비보존제약,,프로베네시드와 함께 사용 시 의사 또는 약사와 상담하십시오.
201901721,애크논크림,애크논,,지엘팜텍(주),,
201901857,아세틸란캡슐(아세틸시스테인),아세틸란,아세틸시스테인,지엘팜텍(주),https://nedrug.mfds.go.kr/pbp/cmn/itemImageDownload/1OIqL7qNESV,"경구용 항생제(아목시실린, 세푸록심, 독시사이클린, 에리트로마이신, 티암페니콜)와 함께 복용 시 적어도 2시간 간격을 두고 복용하십시오."
201901869,지엘아스피린장용정100밀리그램,지엘아스피린장용,,지엘팜텍(주),https://nedrug.mfds.go.kr/pbp/cmn/itemImageDownload/1Ml1y5tPwb5,"다른 비스테로이드성 소염진통제 및 살리실산 제제, 일주일 동안 메토트렉세이트 15밀리그람(15mg/주) 이상의 용량은 이 약과 병용 투여 시 출혈이 증가되거나 신기능이 감소될 수 있으므로 함께 사용하지 않습니다.항응고제, 이부프로펜, 나프록센 등 일부 비스테로이드성 소염진통제, 혈전용해제, 다른 혈소판응집억제제, 지혈제, 당뇨병치료제(인슐린제제, 톨부타미드 등), 요산배설촉진제(벤즈브로마론, 프로베네시드), 티아지드계 이뇨제, 리튬제제, 선택적 세포토닌 재흡수 억제제, 디곡신, 전신 작용 부신피질호르몬 제제(애디슨병 대체요법용 히드로코티손 제외), 안지오텐신 전환 효소 억제제, 발프로산 제제를 복용하는 사람은 의사 또는 약사와 상의하십시오.알칼리제제(예: 탄산수소나트륨, 탄산마그네슘) 또는 습기가 차기 쉬운 제제와 함께 섞지 마십시오.알코올과 병용 투여 시 위장관 점막 손상이 증가하고, 이 약과 알코올의 상승효과로 인해 출혈시간이 연장될 수 있습니다."
201901949,람노스산(락토바실루스카제이변종람노수스),람노스,락토바실루스카제이변종람노수스,한화제약(주),,"설사 시 식사를 계속하는 경우 생음식, 과일, 야채, 매운 음식, 냉동된 음식 또는 음료를 먹지 마십시오."
201901873,엔콜시럽,엔콜,,삼남제약(주),,"아세트아미노펜을 포함하는 다른 제품, MAO 억제제(항우울제, 항정신병제, 감정조절제, 항파킨슨제 등), 진해거담제, 다른 감기약, 해열진통제, 진정제, 항히스타민제를 함유하는 내복약(비염용 경구제, 멀미약, 알레르기용약)과 함께 복용하지 마십시오.당뇨약, 통풍약, 관절염약, 항응고제, 스테로이드제, 바르비탈계 약물, 삼환계 항우울제 및 알코올을 투여한 환자는 의사 또는 약사와 상의하십시오.복용 중에는 음주하지 마십시오."
201901959,펜싹프레쉬연질캡슐,펜싹프레쉬,,제일헬스사이언스(주),https://nedrug.mfds.go.kr/pbp/cmn/itemImageDownload/1MksuF0DXkF,"다른 진해(기침을 그치게 함)·거담제(가래약), 감기약과 함께 복용하지 마십시오."
201901965,쏘큐정,쏘큐,,(주)유한양행,https://nedrug.mfds.go.kr/pbp/cmn/itemImageDownload/1NvwvvpEPMJ,
201901968,위앤탁더블액션현탁액,위앤탁더블액션,,구주제약(주),,"테트라사이클린, 디곡신, 플루오로퀴놀론, 철염, 케토코나졸, 신경이완제, 티록신, 페니실라민, 베타차단제(아테놀올, 메토프로롤, 프로프라놀롤), 글루코코르티코이드, 클로로퀸, 에스트라무스틴 및 디포스포네이트 등과 함께 복용하는 경우 의사 또는 약사와 상의하십시오."
201901973,더게인정,더게인,,(주)바이넥스,https://nedrug.mfds.go.kr/pbp/cmn/itemImageDownload/1MmZCvzws6j,"인산염, 칼슘염, 경구용 테트라사이클린계 제제, 제산제와 함께 복용하지 마십시오. 항알도스테론제, 트리암테렌과 함께 복용 시 의사 또는 약사와 상의하십시오. 녹차, 홍차 등 탄닌을 함유하는 차는 복용 중, 복용 전후에는 피하십시오."
201902001,아로나민케어리피정,아로나민케어리피,,일동제약(주),https://nedrug.mfds.go.kr/pbp/cmn/itemImageDownload/1Ml1y5tPwoQ,"인산염, 칼슘염, 경구용 테트라사이클린계 제제, 제산제와 함께 복용하지 마십시오.에스트로겐을 포함한 경구용 피임제, 항알도스테론제, 트리암테렌과 함께 복용 시 의사 또는 약사와 상의하십시오.녹차, 홍차 등 탄닌을 함유하는 차는 복용 중, 복용 전후에는 피하십시오."
201902006,옵티노즈연질캡슐,옵티노즈,,코스맥스파마(주),https://nedrug.mfds.go.kr/pbp/cmn/itemImageDownload/1Ml-kwRqCnv,"아세트아미노펜을 포함하는 다른 제품, MAO억제제(항우울제, 항정신병제, 감정조절제, 항파킨슨제 등), 진해거담제, 다른 감기약, 해열진통제, 진정제, 항히스타민제를 함유하는 내복약(비염용 경구제, 멀미약, 알레르기용약)과 함께 복용하지 마십시오. 당뇨약, 통풍약, 관절염약, 항응고제, 스테로이드제, 바르비탈계 약물, 삼환계 항우울제, 알코올과 함께 복용 시 의사 또는 약사와 상의하십시오. 복용 중에는 음주하지 마십시오."
201902007,글루타틴정100mg(글루타티온(환원형)),글루타틴,글루타티온,(주)텔콘알에프제약,https://nedrug.mfds.go.kr/pbp/cmn/itemImageDownload/1PSZlZaBRUC,
201902063,엑세라민에이스정,엑세라민에이스,,일동제약(주),https://nedrug.mfds.go.kr/pbp/cmn/itemImageDownload/1MpNPEsu-Zf,"인산염, 칼슘염, 경구용 테트라사이클린계 제제, 제산제, 레보도파를 복용하지 마십시오. 에스트로겐을 포함한 경구용 피임제, 항알도스테론제, 트리암테렌을 함께 복용하는 경우 의사 또는 약사와 상의하십시오. 녹차, 홍차 등 탄닌을 함유하는 차는 복용 중, 복용 전후에는 피하십시오."
201902077,아로나민케어콤플렉스정,아로나민케어콤플렉스,,일동제약(주),https://nedrug.mfds.go.kr/pbp/cmn/itemImageDownload/1Ml1y5tPwp0,"인산염, 칼슘염, 경구용 테트라사이클린계 제제, 제산제와 함께 복용하지 마십시오.강심배당체, 에스트로겐을 포함한 경구용 피임제, 항알도스테론제, 트리암테렌과 함께 복용 시 의사 또는 약사와 상의하십시오.녹차, 홍차 등 탄닌을 함유하는 차는 복용 중, 복용 전후에는 피하십시오."
201902097,디에클렌스프레이,디에클렌스프레이,,현대약품(주),,
201902124,제이코티손로션2.5%(히드로코르티손),제이코티손,히드로코르티손,(주)라이트팜텍,,
201902138,케어롤핀네일라카(아모롤핀염산염),케어롤핀네일라카,아모롤핀염산염,대웅바이오(주),,
201902137,엑쎈코프에스연질캡슐,엑쎈코프에스,,(주)알피바이오,https://nedrug.mfds.go.kr/pbp/cmn/itemImageDownload/1PEPKBUclag,"아세트아미노펜을 포함하는 다른 제품, MAO 억제제(항우울제, 항정신병제, 감정조절제, 항파킨슨제 등), 진해거담제, 다른 감기약, 해열진통제, 진정제, 항히스타민제를 함유하는 내복약(비염용 경구제, 멀미약, 알레르기용약)과 함께 복용하지 마십시오. 당뇨약, 통풍약, 관절염약, 항응고제, 스테로이드제, 바르비탈계 약물, 삼환계 항우울제 및 알코올을 투여한 환자는 복용 시 의사 또는 약사와 상의하십시오. 복용 중에는 음주하지 마십시오."
201902226,엘도에스정(에르도스테인),엘도에스,에르도스테인,맥널티제약(주),https://nedrug.mfds.go.kr/pbp/cmn/itemImageDownload/1Ml1y5tPwh1,기침약을 복용중인 사람은 의사 또는 약사와 상의하십시오.
201902261,래피콜코프플러스연질캡슐,래피콜코프플러스,,(주)유한양행,https://nedrug.mfds.go.kr/pbp/cmn/itemImageDownload/1Oo7XeTdk3p,"아세트아미노펜을 포함하는 다른 제품, MAO억제제(항우울제, 항정신병제, 감정조절제, 항파킨슨제 등), 진해거담제, 다른 감기약, 해열진통제, 진정제, 항히스타민제를 함유하는 내복약(비염용 경구제, 멀미약, 알레르기용약)과 함께 복용하지 마십시오. 당뇨약, 통풍약, 관절염약, 항응고제, 스테로이드제, 바르비탈계 약물, 삼환계 항우울제, 알코올과 함께 복용 시 의사 또는 약사와 상의하십시오. 복용 중에는 음주하지 마십시오."
201902272,엘도스텐캡슐(에르도스테인),엘도스텐,에르도스테인,(주)엘앤씨바이오,https://nedrug.mfds.go.kr/pbp/cmn/itemImageDownload/1Oi_9icqFuf,기침약과 함께 복용 시 기침 완화에 의한 기관지 내 가래 배출 곤란으로 기관지감염의 위험을 높일 수 있고 기관지연축을 야기할 수 있으므로 주의하십시오.
201902312,정우형개연교탕연조엑스(단미엑스혼합제),정우형개연교탕연조,단미엑스혼합제,정우신약(주),,"칼륨함유제제, 감초함유제제, 글리시리진산 또는 그 염류 함유제제, 루프계 이뇨제(푸로세미드, 에타크린산) 또는 티아지드계 이뇨제(트리클로르메티아지드), 다른 한방제제와 함께 복용 시 의사 또는 약사와 상의하십시오."
201902342,알마트로정(알마게이트),알마트로,알마게이트,독립바이오제약(주),https://nedrug.mfds.go.kr/pbp/cmn/itemImageDownload/1NCPBl3FiUb,"이 약을 복용하는 동안 테트라사이클린계 항생제는 복용하지 마십시오.이 약을 복용하기 전에 비스테로이드소염(항염)진통제, 궤양치료제, 디기탈리스 제제, 클로르프로마진, 란소프라졸, 프레드니솔론, 페니실린, 퀴놀론, 철(Fe)염 제제, 살리실산염을 복용하는 환자는 의사 또는 약사와 상의하십시오."
201902441,본에탑연질캡슐,본에탑,,동화약품(주),,"인산염, 칼슘염, 경구용 테트라사이클린계 제제, 제산제와 함께 복용하지 마십시오.강심배당체, 항알도스테론제, 트리암테렌, 정주용 지질제와 함께 사용 시 의사 또는 약사와 상의하십시오.녹차, 홍차 등 탄닌을 함유하는 차는 복용 중, 복용 전후에는 피하십시오."
201902449,헥시와입스4%(클로르헥시딘글루콘산염),헥시와입스,클로르헥시딘글루콘산염,(주)휴온스메디텍,,
201902450,헥시와입스2%(클로르헥시딘글루콘산염),헥시와입스,클로르헥시딘글루콘산염,(주)휴온스메디텍,,다른 화학물질이나 세정제와 함께 사용하지 마십시오.
201902472,비테인캡슐,비테인,,(주)서흥,https://nedrug.mfds.go.kr/pbp/cmn/itemImageDownload/1Mu8cPencuG,
201902561,일성알마게이트정500밀리그램,일성알마게이트,,일성아이에스(주),https://nedrug.mfds.go.kr/pbp/cmn/itemImageDownload/1OS6hQuOXLH,"테트라사이클린계 항생물질과 함께 복용하지 마십시오. 이 약을 복용하기 전에 비스테로이드소염진통제(NSAID), 궤양 치료제, 디기탈리스 제제, 클로르프로마진, 란소프라졸, 프레드니솔론, 페니실린, 퀴놀론, 철(Fe)염 제제, 살리실산염을 복용하고 있는 환자는 의사 또는 약사와 상의하십시오."
201902527,모아콜연질캡슐,모아콜,,(주)알피바이오,https://nedrug.mfds.go.kr/pbp/cmn/itemImageDownload/1N0L6J0YIrL,"진해(기침을 그치게 함)거담제(가래약), 다른 감기약, 해열진통제, 진정제, 항히스타민제를 함유하는 내복약(비염(코염)용 경구제, 멀미약, 알레르기용약)과 함께 복용하지 마십시오. MAO 억제제(항우울제, 항정신병제, 감정조절제, 항파킨슨제 등)를 복용하고 있거나 복용을 중단한 후 2주 이내의 사람은 이 약을 복용하지 마십시오. 당뇨약, 통풍약, 관절염약, 항응고제, 스테로이드제, 바르비탈계 약물, 삼환계 항우울제 및 알코올을 투여한 환자는 복용 시 의사 또는 약사와 상의하십시오. 복용 중에는 음주하지 마십시오."
201902565,티라노골드플러스츄어블정,티라노골드플러스츄어블,,(주)녹십자,https://nedrug.mfds.go.kr/pbp/cmn/itemImageDownload/1MhfYG_kzZZ,"인산염, 칼슘염, 경구(먹는)용 테트라사이클린계 제제, 제산제, 레보도파와 함께 복용하지 마십시오. 에스트로겐을 포함한 경구(먹는)용 피임제, 항알도스테론제, 트리암테렌, 강심배당체와 함께 복용 시 의사 또는 약사와 상의하십시오. 녹차, 홍차 등 탄닌을 함유하는 차는 복용 중, 복용 전후에는 피하십시오."
201902572,디로펜24쿨플라스타(디클로페낙나트륨),디로펜24쿨플라스타,디클로페낙나트륨,(주)시어스제약,,"이 약을 사용하는 동안 디클로페낙 제제 혹은 비스테로이드 소염제(항염증제)를 국소적으로 적용하거나 복용하지 마십시오. 뉴퀴놀론계 항균제(에녹사신 등), 루프 이뇨제(푸로세미드 등), 티아자이드계 이뇨제, 지혈을 방해하는 약물(와파린 등), 항혈소판제(아스피린 등), 선택적 세로토닌 재흡수 억제제 및 세로토닌 노르에피네프린 재흡수 억제제를 투여하는 환자는 의사 또는 약사와 상의하십시오."
201902587,리도케인크림(리도카인),리도케인,리도카인,(주)아이월드제약,,
201902611,히미팔팔액(L-아스파르트산-L-아르기닌수화물),히미팔팔,L-아스파르트산-L-아르기닌수화물,(주)마더스제약,,"이 약을 복용하는 동안 항정신병약, 수면제를 함께 복용하지 마십시오."
201902614,마인트롤정(세인트존스워트80%메탄올건조엑스),마인트롤,세인트존스워트80%메탄올건조엑스,동국제약(주),https://nedrug.mfds.go.kr/pbp/cmn/itemImageDownload/1Mm5TBIV2A2,"항레트로바이러스제 및 만성C형 간염 치료제(에파비렌즈, 네비라핀, 데라비르딘, 라미부딘, 지도부딘, 스타부딘, 아바카비르, 디다노신, 잘시타빈, 인디나비르, 사퀴나비르, 리토나비르, 넬피나비르, 암프레나비르, 소포스부비르, 레디파스비르 등), 항응고제(아세노쿠마롤, 펜프로쿠몬, 와르파린, 다비가트란, 리바록사반, 아픽사반 등), 세포증식 억제제(이리노테칸, 시클로포스파마이드, 타목시펜, 탁솔, 에토포시드 등), 면역억제제(시클로스포린, 타크로리무스, 시롤리무스, 에베로리무스 등)와 함께 사용하지 마십시오.강심약(디기톡신, 디곡신, 메틸디곡신 등), 기관지확장제(아미노필린, 콜린테오필린, 테오필린 등), 항부정맥약(아미오다론, 퀴니딘, 디소피라미드, 프로파페논, 리도카인 등), 항경련약(페노바르비탈, 페니토인, 카르바마제핀, 프리미돈 등), 진정수면제(미다졸람 등), 경구 또는 주사용 피임제(에티닐에스트라디올, 데소게스트렐, 노르에티스테론, 레보노르게스트렐 등) 또는 이 약물을 포함한 피임기구(이식제 포함), 편두통치료제(수마트립탄, 나라트립탄, 리자트립탄, 졸미트립탄 등), 선택적세로토닌재흡수저해제 등 항우울제(이미프라민, 아미트립틸린, 노르트립틸린, 시탈로프람, 플루옥세틴, 플루복사민, 파록세틴, 설트랄린, 네파조돈, 에스시탈로프람, 벤라팍신 등), 메사돈, 지질저하제(심바스타틴과 같은 특정 HMG-CoA reductase 저해제(프라바스타틴은 제외)), 스테로이드 호르몬(경구용 또는 정맥 투여용), 비스테로이드성 소염진통제, 관절염치료(COX-2 저해제), 혈압강하제(칼슘채널차단제), 경구용 혈당강하제(메트포르민) 또는 기타 혈당조절제, 마약성 진통제와 함께 사용 시 의사 또는 약사와 상의하십시오."
201902832,페노크린첩부제스트롱(플루르비프로펜),페노크린첩부제스트롱,플루르비프로펜,신신제약(주),,
201902786,레티코연질캡슐,레티코,,(주)서흥,https://nedrug.mfds.go.kr/pbp/cmn/itemImageDownload/1OeD8xwOeOO,"MAO억제제(항우울제, 항정신병제, 감정조절제, 항파킨슨제 등), 진해거담제, 다른 감기약, 해열진통제, 진정제, 항히스타민제를 함유하는 내복약(비염용 경구제, 멀미약, 알레르기용약)과 함께 복용하지 마십시오. MAO억제제(항우울제, 항정신병제, 감정조절제, 항파킨슨제 등) 복용을 중단한 후 2주 이내의 사람은 이 약을 복용하지 마십시오. 당뇨약, 통풍약, 관절염약, 항응고제, 스테로이드제 등, 바르비탈계 약물, 삼환계 항우울제 및 알코올을 투여한 환자는 의사 또는 약사와 상의하십시오. 복용 중에는 음주하지 마십시오."
201902787,레티코프연질캡슐,레티코프,,(주)서흥,https://nedrug.mfds.go.kr/pbp/cmn/itemImageDownload/1OeD8xwOeO6,"MAO억제제(항우울제, 항정신병제, 감정조절제, 항파킨슨제 등), 진해거담제, 다른 감기약, 해열진통제, 진정제, 항히스타민제를 함유하는 내복약(비염용 경구제, 멀미약, 알레르기용약)과 함께 복용하지 마십시오. 당뇨약, 통풍약, 관절염약, 항응고제, 스테로이드제, 바르비탈계 약물, 삼환계 항우울제 및 알코올과 함께 복용 시 의사 또는 약사와 상의하십시오. 복용 중에는 음주하지 마십시오."
201902857,삐콤씨파워정,삐콤씨파워,,(주)유한양행,https://nedrug.mfds.go.kr/pbp/cmn/itemImageDownload/1MlMmwHGNkQ,레보도파와 함께 복용하지 마십시오. 에스트로겐을 포함한 경구용 피임제와 함께 복용 시 의사 또는 약사와 상의하십시오.
201902788,레티콜연질캡슐,레티콜,,(주)서흥,https://nedrug.mfds.go.kr/pbp/cmn/itemImageDownload/1OeD8xwOeOg,"MAO 억제제(항우울제, 항정신병제, 감정조절제, 항파킨슨제 등), 진해(기침을 그치게 함)거담제(가래약), 다른 감기약, 해열진통제, 진정제, 항히스타민제를 함유하는 내복약(비염(코염)용 경구(먹는)제, 멀미약, 알레르기용약)과 함께 복용하지 마십시오. MAO 억제제(항우울제, 항정신병제, 감정조절제, 항파킨슨제 등) 복용을 중단한 후 2주 이내의 사람은 이 약을 복용하지 마십시오. 당뇨약, 통풍약, 관절염약, 항응고제, 스테로이드제, 바르비탈계 약물, 삼환계 항우울제 및 알코올과 함께 복용 시 의사 또는 약사와 상의하십시오. 복용 중에는 음주하지 마십시오."
201902859,프로콘틴600정,프로콘틴600,,정우신약(주),https://nedrug.mfds.go.kr/pbp/cmn/itemImageDownload/1O7oG5g7jgh,"인산염, 칼슘염, 경구용 테트라사이클린계 제제, 제산제, 레보도파와 함께 복용하지 마십시오. 강심배당체, 항알도스테론제, 트리암테렌과 함께 투여 시 의사 또는 약사와 상의하십시오. 녹차, 홍차 등 탄닌을 함유하는 차는 복용 중, 복용 전후에는 피하십시오."
201902973,타미노펜연질캡슐(아세트아미노펜),타미노펜,아세트아미노펜,(주)녹십자,https://nedrug.mfds.go.kr/pbp/cmn/itemImageDownload/1MncJAM5kXn,"아세트아미노펜을 포함하는 다른 제품, 바르비탈계 약물, 삼환계 항우울제, 알코올과 함께 복용하지 마십시오.와파린, 리튬, 티아지드계 이뇨제, 다른 소염진통제와 함께 복용 시 의사 또는 약사와 상의하십시오."
201902876,나프원큐연질캡슐(나프록센),나프원큐,나프록센,동아제약(주),https://nedrug.mfds.go.kr/pbp/cmn/itemImageDownload/1Pen6DWRNtP,"다른 비스테로이드성 소염진통제 및 나프록센 유도체와 함께 복용하지 마십시오. 히단토인계 항간질제, 설파제, 설포닐요소계 혈당강하제, 프로프라놀롤 및 다른 -차단제, ACE 저해제(캅토프릴 등), 루프계 및 티아지드계 이뇨제, 프로베네시드, 아스피린, 리튬, 메토트렉세이트, 쿠마린계 항응혈제(와파린 등), 지도부딘, 뉴퀴놀론계 항생물질(에녹사신 등)과 함께 복용 시 의사 또는 약사와 상의하십시오."
201902982,덱스원큐연질캡슐(덱시부프로펜),덱스원큐,덱시부프로펜,동아제약(주),https://nedrug.mfds.go.kr/pbp/cmn/itemImageDownload/1PhSbAqjIwL,"다른 비스테로이드성 소염진통제, 아스피린을 사용하지 마십시오. 코르티코스테로이드, 알코올, 디곡신, 페니토인, 프로베네시드, 설핀피라존, 설포닐우레아제, ACE 억제제 또는 안지오텐신Ⅱ 수용체 길항제, 이뇨제, 리튬, 쿠마린계 항응고제, 바클로펜, 면역억제제(시클로스포린, 타크로리무스, 시롤리무스), 혈전용해제, 티클로피딘, 항혈전제, 혈중 칼륨농도를 증가시키는 약물(칼륨 저류형 이뇨제, ACE 억제제, 안지오텐신-Ⅱ 수용체 길항제, 시클로스포린, 타크로리무스, 트리메토프림, 헤파린 등), CYP2C8, CYP2C9의 유도제(리팜피신, 페노바르비탈), 저용량(15 mg/주 미만)의 메토트렉세이트, 항혈소판제 및 선택적 세로토닌 재흡수 억제제, 심근경색이나 뇌졸중 예방목적으로 저용량 아스피린을 함께 복용 시 의사 또는 약사와 상의하십시오."
201903071,엘도씽캡슐(에르도스테인),엘도씽,에르도스테인,대웅바이오(주),https://nedrug.mfds.go.kr/pbp/cmn/itemImageDownload/1OpUNcKXiiU,기침약을 복용중인 사람은 의사 또는 약사와 상의하십시오.
201903015,그날엔덱스연질캡슐(덱시부프로펜),그날엔덱스,덱시부프로펜,경동제약(주),https://nedrug.mfds.go.kr/pbp/cmn/itemImageDownload/1Ml-kwRqCx-,"다른 비스테로이드성 소염진통제, 아스피린을 사용하지 마십시오. 코르티코스테로이드, 알코올, 디곡신, 페니토인, 프로베네시드, 설핀피라존, 설포닐우레아제, ACE 억제제 또는 안지오텐신Ⅱ 수용체 길항제, 이뇨제, 리튬, 쿠마린계 항응고제, 바클로펜, 면역억제제(시클로스포린, 타크로리무스, 시롤리무스), 혈전용해제, 티클로피딘, 항혈전제, 혈중 칼륨농도를 증가시키는 약물(칼륨 저류형 이뇨제, ACE 억제제, 안지오텐신-Ⅱ 수용체 길항제, 시클로스포린, 타크로리무스, 트리메토프림, 헤파린 등), CYP2C8, CYP2C9의 유도제(리팜피신, 페노바르비탈), 저용량(15 mg/주 미만)의 메토트렉세이트, 항혈소판제 및 선택적 세로토닌 재흡수 억제제, 심근경색이나 뇌졸중 예방목적으로 저용량 아스피린을 함께 복용 시 의사 또는 약사와 상의하십시오."
201903082,현대에르도스테인캡슐,현대에르도스테인,,현대약품(주),https://nedrug.mfds.go.kr/pbp/cmn/itemImageDownload/1MoApPycZk0,기침약을 복용중인 사람은 의사 또는 약사와 상의하십시오.
201903099,오케이파워겔,오케이파워,,조아제약(주),,
201903112,뮤코나액(아세틸시스테인),뮤코나,아세틸시스테인,아주약품(주),,항생물질과 병용할 필요가 있는 경우에는 각각 흡입하거나 항생물질을 주사 또는 경구투여합니다.
201903189,일양피록시겔(피록시캄),일양피록시,피록시캄,일양약품(주),,
201903198,제이테르빈크림(테르비나핀염산염),제이테르빈,테르비나핀염산염,(주)라이트팜텍,,
201903202,엘도젠캡슐(에르도스테인),엘도젠,에르도스테인,(주)셀릭스,https://nedrug.mfds.go.kr/pbp/cmn/itemImageDownload/1NrCxVBml8k,기침약과 함께 투여 시 의사 또는 약사와 상의하십시오.
201903216,제일테르비케어크림(테르비나핀염산염),제일테르비케어,테르비나핀염산염,제일헬스사이언스(주),,
201903221,오트리빈에스비강분무액(옥시메타졸린염산염),오트리빈에스비강분무,옥시메타졸린염산염,헤일리온코리아주식회사,,"MAO억제제(항우울제, 항정신병제, 감정조절제, 항파킨슨제 등)와 함께 사용하지 마십시오. 사용 중에는 음주하지 마십시오."
201903259,브로립신정,브로립신,,일양약품(주),https://nedrug.mfds.go.kr/pbp/cmn/itemImageDownload/1Ms70TADWyq,항응고제와 함께 복용 시 의사 또는 약사와 상의하십시오.
201903305,레보콤비에스액,레보콤비에스,,고려제약(주),,
201903344,광동벤포파워제트액,광동벤포파워제트,,광동제약(주),,"인산염, 칼슘염, 경구용 테트라사이클린계 제제, 제산제, 레보도파와 함께 복용하지 마십시오.항알도스테론제, 트리암테렌과 함께 복용 시 의사 또는 약사와 상의하십시오.녹차, 홍차 등 탄닌을 함유하는 차는 복용 중, 복용 전후에는 피하십시오."
201903366,알레르텍연질캡슐(세티리진염산염),알레르텍,세티리진염산염,동성제약(주),https://nedrug.mfds.go.kr/pbp/cmn/itemImageDownload/1Mq0-FtEWrC,"테오필린, 리토나비르와 함께 복용하지 마십시오. 과량의 알코올과 함께 복용하지 마십시오."
201903393,이베클로크림,이베클로,,태극제약(주),,프로베네시드와 함께 사용 시 의사 또는 약사와 상담하십시오.
201903442,징키스틴캡슐(히스티딘아연이수화물),징키스틴,히스티딘아연이수화물,(주)한국팜비오,https://nedrug.mfds.go.kr/pbp/cmn/itemImageDownload/1NCPBl3Fi-r,"철, 구리 또는 칼슘염 제제, 테트라사이클린, 디-페니실아민, 에데트산, 퀴놀론계 항균제와 함께 복용하지 마십시오.시리얼, 콩류, 견과류등과 같은 고농도의 피탄산(phytate)을 함유한 음식과 함께 복용하지 마십시오."
201903580,스카덤클리어겔,스카덤클리어,,신신제약(주),,"이 약을 사용하는 동안 항응고제(쿠마린, 아스피린, 디피리다몰, 덱스트란, 스트렙토키나제)와 함께 사용하지 마십시오."
201903568,독립덱시부펜시럽(덱시부프로펜),독립덱시부펜,덱시부프로펜,독립바이오제약(주),,"다른 비스테로이드성 소염진통제, 고용량의 메토트렉세이트와 함께 복용하지 마십시오. 글루코코르티코이드, 알코올, 디곡신, 페니토인, 프로베네시드, 설핀피라존, 설포닐우레아제, 이뇨제, 항고혈압제, ACE 억제제, 푸로세미드, 아스피린, 리튬, 저용량의 메토트렉세이트, 쿠마린계 항응고제(와파린 등)와 함께 복용 시 의사 또는 약사와 상의하십시오."
201903606,에르펙토정(에르도스테인),에르펙토,에르도스테인,조아제약(주),https://nedrug.mfds.go.kr/pbp/cmn/itemImageDownload/1Mq0-FtEWwk,기침약을 복용중인 사람은 의사 또는 약사와 상의하십시오.
201903734,소와엔정,소와엔,,(주)바스칸바이오제약,https://nedrug.mfds.go.kr/pbp/cmn/itemImageDownload/1Pm5Z6eorrc,
201903796,애크린외용액(살리실산),애크린외용,살리실산,동아제약(주),,
201903831,솔루아펜연질캡슐(아세트아미노펜),솔루아펜,아세트아미노펜,현대약품(주),https://nedrug.mfds.go.kr/pbp/cmn/itemImageDownload/1MoApPycZkc,"아세트아미노펜을 포함하는 다른 제품, 바르비탈계 약물, 삼환계 항우울제, 알코올과 함께 복용하지 마십시오.와파린, 리튬, 티아지드계 이뇨제, 다른 소염진통제와 함께 복용 시 의사 또는 약사와 상의하십시오."
201903798,팜플루코프연질캡슐,팜플루코프,,코스맥스파마(주),https://nedrug.mfds.go.kr/pbp/cmn/itemImageDownload/1Mq0-FtEWmE,"MAO억제제(항우울제, 항정신병제, 감정조절제, 항파킨슨제 등), 진해거담제, 다른 감기약, 해열진통제, 진정제, 항히스타민제를 함유하는 내복약(비염용 경구제, 멀미약, 알레르기용약)과 함께 복용하지 마십시오. 당뇨약, 통풍약, 관절염약, 항응고제, 스테로이드제, 바르비탈계 약물, 삼환계 항우울제, 알코올과 함께 복용 시 의사 또는 약사와 상의하십시오. 복용 중에는 음주하지 마십시오."
201904192,셀큐라민정(은행엽건조엑스),셀큐라민,은행엽건조엑스,(주)셀트리온제약,https://nedrug.mfds.go.kr/pbp/cmn/itemImageDownload/1PtbwzzUv1Q,"항응고제(예: 펜프로쿠몬, 와파린), 항혈소판제(예: 클로피도그렐, 아세틸살리실산 및 기타 비스테로이드성 항염증제)와 함께 복용 시 의사 또는 약사와 상의하십시오."
201903799,팜플루노즈연질캡슐,팜플루노즈,,코스맥스파마(주),https://nedrug.mfds.go.kr/pbp/cmn/itemImageDownload/1Mq0-FtEWle,"아세트아미노펜을 포함하는 다른 제품, MAO억제제(항우울제, 항정신병제, 감정조절제, 항파킨슨제 등), 진해거담제, 다른 감기약, 해열진통제, 진정제, 항히스타민제를 함유하는 내복약(비염용 경구제, 멀미약, 알레르기용약)과 함께 복용하지 마십시오. 당뇨약, 통풍약, 관절염약, 항응고제, 스테로이드제, 바르비탈계 약물, 삼환계 항우울제, 알코올과 함께 복용 시 의사 또는 약사와 상의하십시오. 복용 중에는 음주하지 마십시오."
201904215,마하펜연질캡슐(아세트아미노펜),마하펜,아세트아미노펜,일양바이오팜(주),https://nedrug.mfds.go.kr/pbp/cmn/itemImageDownload/1Mq-1T3NOzC,"아세트아미노펜을 포함하는 다른 제품, 바르비탈계 약물, 삼환계 항우울제, 알코올과 함께 복용하지 마십시오.와파린, 리튬, 티아지드계 이뇨제, 다른 소염진통제와 함께 복용 시 의사 또는 약사와 상의하십시오."
201903800,팜플루콜드연질캡슐,팜플루콜드,,코스맥스파마(주),https://nedrug.mfds.go.kr/pbp/cmn/itemImageDownload/1Mq0-FtEWmq,"아세트아미노펜을 포함하는 다른 제품, MAO억제제(항우울제, 항정신병제, 감정조절제, 항파킨슨제 등), 진해거담제, 다른 감기약, 해열진통제, 진정제, 항히스타민제를 함유하는 내복약(비염용 경구제, 멀미약, 알레르기용약)과 함께 복용하지 마십시오. MAO 억제제(항우울제, 항정신병제, 감정조절제, 항파킨슨제 등) 복용을 중단한 후 2주 이내의 사람은 이 약을 복용하지 마십시오. 당뇨약, 통풍약, 관절염약, 항응고제, 스테로이드제, 바르비탈계 약물, 삼환계 항우울제, 알코올과 함께 복용 시 의사 또는 약사와 상의하십시오. 복용 중에는 음주하지 마십시오."
201904167,수프리정,수프리,,(주)아이월드제약,https://nedrug.mfds.go.kr/pbp/cmn/itemImageDownload/1Mq-1T3NOzo,"아세트아미노펜을 포함하는 다른 제품, 다른 해열진통제, 감기약, 진정제와 함께 복용하지 마십시오. 바르비탈계 약물, 삼환계 항우울제, 알코올을 투여한 환자는 의사 또는 약사와 상의하십시오. 복용 중에는 음주하지 마십시오."
201904219,프리간액(L-아스파르트산-L-오르니틴),프리간,L-아스파르트산-L-오르니틴,(주)일화,,
201904220,한미치쏙크림,한미치쏙,,한미약품(주),,"dl-메틸에페드린염산염, 스코폴리아 엑스 및 글리시리진산 함유 좌제 또는 연고제, 크림제, 혈압강하제, 항우울약과 함께 사용하지 마십시오."
201904193,파인큐이부펜시럽(이부프로펜),파인큐이부펜,이부프로펜,대원바이오텍주식회사,,"다른 비스테로이드성 소염진통제, 항암요법으로 고용량의 메토트렉세이트와 함께 복용하지 마십시오. 저용량 아스피린, ACE 저해제, 리튬, 푸로세미드 및 티아지드계 이뇨제, 저용량의 메토트렉세이트, 쿠마린계 항응혈제(와파린 등), 선택적 세로토닌 재흡수억제제와 함께 복용 시 의사 또는 약사와 상의하십시오."
201904226,아로나민케어에이치티정,아로나민케어에이치티,,일동제약(주),https://nedrug.mfds.go.kr/pbp/cmn/itemImageDownload/1MnDFuS19_C,"인산염, 칼슘염, 경구용 테트라사이클린계 제제, 제산제와 함께 복용하지 마십시오.강심배당체, 에스트로겐을 포함한 경구용 피임제, 항알도스테론제, 트리암테렌과 함께 복용 시 의사 또는 약사와 상의하십시오.녹차, 홍차 등 탄닌을 함유하는 차는 복용 중, 복용 전후에는 피하십시오."
201904260,메디녹실플러스액,메디녹실플러스,,(주)동구바이오제약,,"다른 두피용 약물, 외용 코르티코이드, 레티노이드, 바셀린, 디트라놀 또는 경피흡수를 촉진시킨다고 알려진 약물, 구아네티틴 등의 혈관확장제와 함께 사용하지 마십시오."
201904268,애드원정,애드원,,(주)유앤생명과학,https://nedrug.mfds.go.kr/pbp/cmn/itemImageDownload/1NOwp2F6Mx3,레보도파와 함께 복용하지 마십시오.에스트로겐을 포함한 경구용 피임제와 함께 복용 시 의사 또는 약사와 상의하십시오.
201904285,펠비고쿨플라스타,펠비고쿨플라스타,,(주)티디에스팜,,
201904305,아로나민케어디엠정,아로나민케어디엠,,일동제약(주),https://nedrug.mfds.go.kr/pbp/cmn/itemImageDownload/1MmZCvzwsOX,"인산염, 칼슘염, 경구용 테트라사이클린계 제제, 제산제와 함께 복용하지 마십시오.에스트로겐을 포함한 경구용 피임제, 항알도스테론제, 트리암테렌과 함께 복용 시 의사 또는 약사와 상의하십시오.녹차, 홍차 등 탄닌을 함유하는 차는 복용 중, 복용 전후에는 피하십시오."
201904317,알마겐정500밀리그램(알마게이트),알마겐,알마게이트,한국신텍스제약(주),https://nedrug.mfds.go.kr/pbp/cmn/itemImageDownload/1Nq4XM4gmST,"테트라사이클린계 항생물질과 함께 복용하지 마십시오. 비스테로이드소염진통제(NSAID), 궤양 치료제, 디기탈리스 제제, 클로르프로마진, 란소프라졸, 프레드니솔론, 페니실린, 퀴놀론, 철(Fe)염 제제와 함께 복용 시 2~3시간 간격을 두고 복용하십시오. 살리실산염과 함께 복용 시 의사 또는 약사와 상의하십시오."
201904326,메부란정(트리메부틴말레산염),메부란,트리메부틴말레산염,엔비케이제약(주),https://nedrug.mfds.go.kr/pbp/cmn/itemImageDownload/1P2JYwFsAFr,
201904332,티테인캡슐(아세틸시스테인),티테인,아세틸시스테인,한국유니온제약(주),https://nedrug.mfds.go.kr/pbp/cmn/itemImageDownload/1N0_7a4Vssn,"경구용 항생제(아목시실린, 세푸록심, 독시사이클린, 에리트로마이신, 티암페니콜)와 함께 복용 시 적어도 2시간 간격을 두고 복용하십시오."
201904337,엘카렉정(엘카르니틴),엘카렉,엘카르니틴,(주)바스칸바이오제약,https://nedrug.mfds.go.kr/pbp/cmn/itemImageDownload/1N2BCpgVQBH,
201904346,징카민정80mg(은행엽건조엑스),징카민,은행엽건조엑스,영진약품(주),https://nedrug.mfds.go.kr/pbp/cmn/itemImageDownload/1Muwq7fAuCQ,"항응고제(예: 펜프로쿠몬, 와파린), 항혈소판제(예: 클로피도그렐, 아세틸살리실산 및 기타 비스테로이드성 항염증제)와 함께 복용 시 의사 또는 약사와 상의하십시오."
201904356,조인본골드정,조인본골드,,(주)유한양행,https://nedrug.mfds.go.kr/pbp/cmn/itemImageDownload/1MtKf7lr5li,"이 약을 복용하는 동안 인산염, 칼슘염, 경구용 테트라사이클린계 제제, 제산제, 레보도파를 복용하지 마십시오. 강심배당체, 항알도스테론제, 트리암테렌과 함께 복용 시 의사 또는 약사와 상의하십시오. 녹차, 홍차 등 탄닌을 함유하는 차는 복용 중, 복용 전후에는 피하십시오."
201904379,원폴정(폴산),원폴,폴산,아이큐어(주),https://nedrug.mfds.go.kr/pbp/cmn/itemImageDownload/1MtEcZ9Ww3w,"아미노살리실산, 경구용 피임제, 디하이드로폴레이트 환원효소 저해제(메토트렉세이트, 트리메토프림 등), 페니토인 같은 히단토인계 항전간제, 설파살라진, 콜레스티라민을 복용 중인 환자는 의사 또는 약사와 상의하십시오."
201904494,5-엠씨크림(리도카인),5-엠씨,리도카인,주식회사더유제약,,
201904502,브로나제장용정(브로멜라인),브로나제장용,브로멜라인,(주)마더스제약,https://nedrug.mfds.go.kr/pbp/cmn/itemImageDownload/1OhN7YNFLmJ,항응고제 또는 혈소판응집억제제와 함께 사용하지 마십시오.항생제(테트라싸이클린 등)와 함께 사용 시 의사 또는 약사와 상의하십시오.
201904520,엘론드정(엘카르니틴),엘론드,엘카르니틴,(주)라이트팜텍,https://nedrug.mfds.go.kr/pbp/cmn/itemImageDownload/1NOwp2F6Kls,정주용 지질제와 함께 사용 시 의사 또는 약사와 상의하십시오.
201904531,헤파워액,헤파워,,아이큐어(주),,
201904579,터비뉴더블액션겔,터비뉴더블액션,,동아제약(주),,
201904588,파인에스정,파인에스,,대한뉴팜(주),https://nedrug.mfds.go.kr/pbp/cmn/itemImageDownload/1MtKf7lr5Qw,"MAO 억제제(항우울제, 항정신병제, 감정조절제, 항파킨슨제 등), 다른 비염용 경구제, 항히스타민제를 함유하는 내복약(감기약, 진해거담제, 멀미약, 알레르기용약 등), 디펜히드라민을 함유하는 제제(피부에 적용하는 제제 포함)와 함께 복용하지 마십시오. 복용 중에는 음주하지 마십시오."
201904604,비타마스정,비타마스,,미래바이오제약(주),https://nedrug.mfds.go.kr/pbp/cmn/itemImageDownload/1MtKf7lr5Ye,"인산염, 칼슘염, 경구(먹는, 복용하는)용 테트라사이클린계 제제, 제산제, 레보도파와 함께 복용하지 마십시오. 에스트로겐을 포함한 경구용 피임제, 항알도스테론제, 트리암테렌과 함께 복용 시 의사 또는 약사와 상의하십시오. 녹차, 홍차 등 탄닌을 함유하는 차는 복용 중, 복용 전후에는 피하십시오."
201904605,비백큐골드정,비백큐골드,,미래바이오제약(주),https://nedrug.mfds.go.kr/pbp/cmn/itemImageDownload/1N0L6J0YIj1,"인산염, 칼슘염, 경구용 테트라사이클린계 제제, 제산제, 레보도파와 함께 복용하지 마십시오. 강심배당체, 항알도스테론제, 트리암테렌과 함께 복용 시 의사 또는 약사와 상의하십시오. 녹차, 홍차 등 탄닌을 함유하는 차는 복용 중, 복용 전후에는 피하십시오."
201904653,코감콜캡슐,코감콜,,경방신약(주),https://nedrug.mfds.go.kr/pbp/cmn/itemImageDownload/1MtEcZ9Ww7O,"아세트아미노펜을 포함하는 다른 제품, MAO억제제(항우울제, 항정신병제, 감정조절제, 항파킨슨제 등), 진해(기침을 그치게 함)거담제(가래약), 다른 감기약, 해열진통제, 진정제, 항히스타민제를 함유하는 내복약(비염용 경구제, 멀미약, 알레르기용약)과 함께 복용하지 마십시오. 당뇨약, 통풍약, 관절염약, 항응고제, 스테로이드제, 바르비탈계 약물, 삼환계 항우울제, 알코올을 투여한 환자, 칼륨함유제제, 감초함유제제, 글리시리진산 또는 그 염류 함유제제, 루프계 이뇨제(푸로세미드, 에타크린산) 또는 티아지드계 이뇨제(트리클로르메티아지드)와 함께 복용 시 의사 또는 약사와 상의하십시오. 복용 중에는 음주하지 마십시오."
201904700,잘도스캡슐(에르도스테인),잘도스,에르도스테인,대원바이오텍주식회사,https://nedrug.mfds.go.kr/pbp/cmn/itemImageDownload/1MyJO_nSzkf,기침약을 복용중인 사람은 의사 또는 약사와 상의하십시오.
201904705,제이비정,제이비,,코스맥스파마(주),https://nedrug.mfds.go.kr/pbp/cmn/itemImageDownload/1MpNPEsu-hz,제산제와 함께 복용하지 마십시오. 우유 섭취 후 1시간 이내는 복용을 피하십시오.
201904713,스카이비백정,스카이비백,,(주)한풍제약,https://nedrug.mfds.go.kr/pbp/cmn/itemImageDownload/1MtU6vRYsO-,"인산염, 칼슘염, 경구용 테트라사이클린계 제제, 제산제, 레보도파와 함께 복용하지 마십시오. 에스트로겐을 포함한 경구용 피임제, 항알도스테론제, 트리암테렌과 함께 복용 시 의사 또는 약사와 상의하십시오. 녹차, 홍차 등 탄닌을 함유하는 차는 복용 중, 복용 전후에는 피하십시오."
201904717,오큐시스점안액(트레할로스수화물)(1회용),오큐시스,1회용,(주)휴온스메디텍,,
201904772,제일쿨키드크림,제일쿨키드,,제일헬스사이언스(주),,
201904794,시리콤푸연질캡슐175밀리그램(밀크시슬열매건조엑스),시리콤푸,밀크시슬열매건조엑스,경동제약(주),https://nedrug.mfds.go.kr/pbp/cmn/itemImageDownload/1Mva4bz2a31,
201904798,바스크롱에프캡슐,바스크롱에프,,태극제약(주),https://nedrug.mfds.go.kr/pbp/cmn/itemImageDownload/1O8hTAhK8HE,"다른 진해거담제, 감기약, 항히스타민제를 함유하는 내복약(비염용 경구제, 멀미약, 알레르기용약), 진정제와 함께 복용하지 마십시오. 복용 중 음주하지 마십시오."
201904806,덱스프리연질캡슐(덱시부프로펜),덱스프리,덱시부프로펜,(주)필인터내셔널,https://nedrug.mfds.go.kr/pbp/cmn/itemImageDownload/1Pm1vy6QJNM,"이 약을 복용하는 동안 아스피린, 다른 비스테로이드성 소염진통제, 고용량의 메토트렉세이트를 복용하지 마십시오. 이 약을 복용하기 전에 코르티코스테로이드, 알코올, 디곡신, 페니토인, 프로베네시드, 설핀피라존, 설포닐우레아제, ACE 억제제 또는 안지오텐신Ⅱ 수용체 길항제, 이뇨제, 리튬, 쿠마린계 항응고제 (와파린 등), 바클로펜, 면역억제제 (시클로스포린, 타크로리무스, 시롤리무스), 혈전용해제, 티클로피딘, 항혈전제, 혈중 칼륨농도를 증가시키는 약물 (칼륨 저류형 이뇨제, ACE 억제제, 안지오텐신Ⅱ 수용체 길항제, 시클로스포린과 타크로리무스와 같은 면역억제제, 트리메토프림, 헤파린 등), CYP2C8, CYP2C9 유도제 (리팜피신, 페노바르비탈), 저용량 (15mg/주 미만)의 메토트렉세이트, 항혈소판제 및 선택적 세로토닌 재흡수 억제제를 투여하는 환자는 의사 또는 약사와 상의하십시오."
201905072,벤포벨지정,벤포벨지,,(주)종근당,https://nedrug.mfds.go.kr/pbp/cmn/itemImageDownload/1OLYZI_IeAh,"이 약을 복용하는 동안 인산염, 칼슘염, 경구용 테트라사이클린계 제제, 제산제, 레보도파를 복용하지 마십시오.강심배당체, 에스트로겐을 포함한 경구용 피임제, 항알도스테론제, 트리암테렌과 함께 복용 시 의사 또는 약사와 상의하십시오.녹차, 홍차 등 탄닌을 함유하는 차는 복용 중, 복용 전후에는 피하십시오."
201905086,하이비백골드정,하이비백골드,,미래바이오제약(주),https://nedrug.mfds.go.kr/pbp/cmn/itemImageDownload/1OWvYdIR7Rj,"인산염, 칼슘염, 경구용 테트라사이클린계 제제, 제산제, 레보도파와 함께 복용하지 마십시오. 항알도스테론제, 트리암테렌과 함께 복용 시 의사 또는 약사와 상의하십시오. 녹차, 홍차 등 탄닌을 함유하는 차는 복용 중, 복용 전후에는 피하십시오."
201905099,아세트엠8시간이알서방정650밀리그램(아세트아미노펜),아세트엠8시간이알서방,아세트아미노펜,(주)마더스제약,https://nedrug.mfds.go.kr/pbp/cmn/itemImageDownload/1N0L6J0YI6u,"다른 소염(항염)진통제, 아세트아미노펜을 포함하는 다른 제품, 바르비탈계 약물, 삼환계 항우울제, 알코올과 함께 이 약을 복용하지 마십시오. 이 약을 복용하기 전에 와파린, 리튬, 티아지드계 이뇨제를 복용한 환자는 의사 또는 약사와 상의하십시오."
201905265,리도킨연고5%(리도카인),리도킨,리도카인,오스틴제약(주),,부정맥용제(토카이니드 등)와 함께 사용 시 의사 또는 약사와 상의하십시오.
201905287,이티민정40밀리그램(은행엽건조엑스),이티민,은행엽건조엑스,(주)이든파마,https://nedrug.mfds.go.kr/pbp/cmn/itemImageDownload/1NSBhKkKwgU,"항응고제(예: 펜프로쿠몬, 와파린), 항혈소판제(예: 클로피도그렐, 아세틸살리실산 및 기타 비스테로이드성 항염증제)와 함께 복용 시 의사 또는 약사와 상의하십시오."
201905258,마이모닉액5%(미녹시딜),마이모닉,미녹시딜,주식회사더유제약,,"이 약을 사용하는 동안 다른 두피용 약물, 외용 코르티코이드, 레티노이드, 바셀린, 디트라놀 또는 경피흡수를 촉진시킨다고 알려진 약물, 구아네티틴 등의 혈관확장제를 함께 사용하지 마십시오."
201905288,써큐프리정(은행엽건조엑스),써큐프리,은행엽건조엑스,(주)넥스팜코리아,https://nedrug.mfds.go.kr/pbp/cmn/itemImageDownload/1OSm8xoWjyR,"이 약을 복용하기 전에 출혈의 위험을 증가시키는 약물(항응고제(펜프로쿠몬, 와파린), 항혈소판제(클피도그렐, 아세틸살리실산 및 기타 비스테로이드성 항염증제))을 복용하고 있는 환자는 의사 또는 약사와 상의하십시오."
201905292,레드넥콜연질캡슐,레드넥콜,,(주)알피바이오,https://nedrug.mfds.go.kr/pbp/cmn/itemImageDownload/1Pb3fw5iUTp,"MAO억제제(항우울제, 항정신병제, 감정조절제, 항파킨슨제 등), 다른 진해거담제, 감기약, 항히스타민제를 함유하는 내복약(비염용 경구제, 멀미약, 알레르기용약), 진정제와 함께 복용하지 마십시오. 복용 중에는 음주하지 마십시오."
201905304,탄시나정,탄시나,,미래바이오제약(주),https://nedrug.mfds.go.kr/pbp/cmn/itemImageDownload/1Mv12iojCix,
201905326,아진탈플러스정,아진탈플러스,,일양약품(주),https://nedrug.mfds.go.kr/pbp/cmn/itemImageDownload/1MxLfJLJh0c,
201905349,유비센정,유비센,,한국신텍스제약(주),https://nedrug.mfds.go.kr/pbp/cmn/itemImageDownload/1Mu36oGwMcF,제산제와 함께 복용하지 마십시오. 우유 섭취 후 1시간 이내에 이 약을 복용하지 마십시오.
201905366,엘보스캡슐(에르도스테인),엘보스,에르도스테인,삼익제약(주),https://nedrug.mfds.go.kr/pbp/cmn/itemImageDownload/1NTofcj34ai,기침약과 함께 투여 시 의사 또는 약사와 상의하십시오.
201905372,비카인크림(리도카인),비카인,리도카인,알파제약(주),,
201905373,닥터로반연고(무피로신),닥터로반,무피로신,주식회사더유제약,,
201905384,태극우레아연고250밀리그램,태극우레아,,태극제약(주),,"코르티코이드, 디트라놀, 5-플루오로우라실을 함께 사용 시 의사 또는 약사와 상의하십시오."
201905455,에너리티액,에너리티,,광동제약(주),,"다른 졸음방지, 피로회복약, 카페인 함유 음료(커피, 차 등)과 함께 복용하지 마십시오."
201905494,유라미크림(프레드니솔론발레로아세테이트),유라미,프레드니솔론발레로아세테이트,(주)라이트팜텍,,
201905516,로에굿정,로에굿,,동국제약(주),https://nedrug.mfds.go.kr/pbp/cmn/itemImageDownload/1NvwvvpE24s,제산제 또는 우유 섭취 후 1시간 이내에는 이 약을 복용하지 마십시오.
201905600,뮤코린캡슐200밀리그램(아세틸시스테인),뮤코린,아세틸시스테인,한국신텍스제약(주),https://nedrug.mfds.go.kr/pbp/cmn/itemImageDownload/1OS6hQuOXLZ,"경구용 항생물질(아목시실린, 세푸록심, 독시사이클린, 에리트로마이신, 치암페니콜)과 함께 복용 시 적어도 2시간의 간격을 두고 투여하십시오. 이 약의 용액에 다른 약물의 첨가는 피하십시오."
201905649,맨담디클로엔플라스타(디클로페낙나트륨),맨담디클로엔플라스타,디클로페낙나트륨,진양제약(주),,"이 약을 사용하는 동안 디클로페낙 제제 혹은 비스테로이드 소염제(항염증제)를 국소적으로 적용하거나 복용하지 마십시오. 뉴퀴놀론계 항균제(에녹사신 등), 루프 이뇨제(푸로세미드 등), 티아자이드계 이뇨제, 지혈을 방해하는 약물(와파린 등), 항혈소판제(아스피린 등), 선택적 세로토닌 재흡수 억제제 및 세로토닌 노르에피네프린 재흡수 억제제를 투여하는 환자는 의사 또는 약사와 상의하십시오."
201905673,코애탁나잘스프레이액(염화나트륨),코애탁나잘스프레이,염화나트륨,태극제약(주),,
201905687,케로롤네일라카(아모롤핀염산염),케로롤네일라카,아모롤핀염산염,삼천당제약(주),,
201905693,타이레펜8시간이알서방정650밀리그램(아세트아미노펜),타이레펜8시간이알서방,아세트아미노펜,(주)휴비스트제약,https://nedrug.mfds.go.kr/pbp/cmn/itemImageDownload/1OhHsk7U_nI,"와파린을 장기복용하거나 리튬, 티아지드계 이뇨제와 함께 복용 시 의사 또는 약사와 상의하십시오."
201905864,터미졸크림(테르비나핀염산염),터미졸,테르비나핀염산염,주식회사더유제약,,
201905836,덱시네정(덱시부프로펜),덱시네,덱시부프로펜,(주)한풍제약,https://nedrug.mfds.go.kr/pbp/cmn/itemImageDownload/1OYvbveHopz,"아스피린, 다른 비스테로이드성 소염진통제와 함께 사용하지 마십시오. 항응고제, 코르티코스테로이드, 알코올, 디곡신, 페니토인, 프로베네시드, 설핀피라존, 설포닐우레아제, ACE 억제제 또는 안지오텐신Ⅱ 수용체 길항제, 이뇨제, 리튬, 쿠마린계 항응고제(와르파린 등), 바클로펜, 면역억제제(시클로스포린, 타크로리무스, 시롤리무스), 혈전용해제, 티클로피딘, 항혈전제, 혈중 칼륨농도를 증가시키는 약물(칼륨 저류형 이뇨제, ACE 억제제, 안지오텐신-Ⅱ 수용체 길항제, 시클로스포린과 타크로리무스와 같은 면역억제제, 트리메토프림, 헤파린 등), CYP2C8, CYP2C9의 유도제(리팜피신, 페노바르비탈), 저용량(15 mg/주 미만)의 메토트렉세이트, 항혈소판제 및 선택적 세로토닌 재흡수 억제제(SSRI)와 함께 사용 시 의사 또는 약사와 상담하십시오."
201905840,덱브펜정300밀리그램(덱시부프로펜),덱브펜,덱시부프로펜,이연제약(주),https://nedrug.mfds.go.kr/pbp/cmn/itemImageDownload/1Pvn3im1-XX,"이 약을 복용하는 동안 아스피린, 다른 비스테로이드성 소염진통제, 항암요법으로 사용하는 고용량(15 mg/주 이상)의 메토트렉세이트를 사용하지 마십시오. 이 약을 복용하기 전에 코르티코스테로이드, 알코올, 디곡신, 페니토인, 프로베네시드, 설핀피라존, 설포닐우레아제, ACE 억제제, 안지오텐신Ⅱ 수용체 길항제, 이뇨제, 리튬, 쿠마린계 항응고제(와르파린 등), 바클로펜, 면역억제제(시클로스포린, 타크로리무스, 시롤리무스), 혈전용해제, 티클로피딘, 항혈전제, 혈중 칼륨농도를 증가시키는 약물(트리메토프림, 헤파린 등), CYP2C8, CYP2C9의 유도제(예, 리팜피신, 페노바르비탈), 저용량(15 mg/주 미만)의 메토트렉세이트, 항혈소판제 및 선택적 세로토닌 재흡수 억제제를 사용하는 환자는 의사 또는 약사와 상의하십시오."
201905873,리어스탑캡슐,리어스탑,,경방신약(주),https://nedrug.mfds.go.kr/pbp/cmn/itemImageDownload/1M-CjqQQRc_,"위장진통제, 진경(경련완화)제와 함께 복용하지 마십시오.복용 중에는 음주하지 마십시오."
201905907,헤모엔크림(프라목신염산염),헤모엔,프라목신염산염,(주)시어스제약,,"혈압강하제, 항우울약과 함께 사용 시 의사 또는 약사와 상의하십시오."
201905948,셀렌오액(아셀렌산나트륨오수화물),셀렌오,아셀렌산나트륨오수화물,대한약품공업(주),,비타민 C와 같은 환원제는 함께 복용하지 마십시오. 비타민 C를 복용하려면 이 약과 약 4시간의 간격을 두고 따로 복용해야 합니다.
201905964,엔테인캡슐(아세틸시스테인),엔테인,아세틸시스테인,주식회사케이에스제약,https://nedrug.mfds.go.kr/pbp/cmn/itemImageDownload/1Ob3ehS4N4g,"경구용 항생제(아목시실린, 세푸록심, 독시사이클린, 에리트로마이신, 티암페니콜)와 함께 복용 시 적어도 2시간 간격을 두고 복용하십시오."
201905990,엘코프캡슐(에르도스테인),엘코프,에르도스테인,주식회사케이에스제약,https://nedrug.mfds.go.kr/pbp/cmn/itemImageDownload/1OM2GQpPV3b,기침약과 함께 복용하지 마십시오.
201905996,케라티딘캡슐,케라티딘,,동화약품(주),https://nedrug.mfds.go.kr/pbp/cmn/itemImageDownload/1N3ivmErsq3,설폰아미드 제제와 함께 복용 시 의사 또는 약사와 상의하십시오.
201906085,데칼시트산,데칼시트,,한국벡스팜제약(주),,"칼시트리올 또는 다른 비타민 D 제제와 함께 복용하지 마십시오.강심배당체, 바르비투르산염, 페니토인, 리팜피신, 비스포스포네이트, 불화나트륨, 에스트라무스틴, 철분 제제, 아연 제제, 경구용 테트라사이클린, 퀴놀론계 항생제, L-티록신, 콜레스티라민, 오르리스타트, 파라핀과 같은 하제, 코르티코스테로이드, 티아지드계 이뇨제, 루프 이뇨제(푸로세미드, 토라세미드)과 함께 복용 시 의사 또는 약사와 상의하십시오.옥살산(시금치, 대황)과 피트산(통곡물 시리얼)은 칼슘의 흡수를 억제할 수 있으므로 이러한 음식물을 섭취한 후 2시간 후에 복용하십시오."
201906058,팜페인프로연질캡슐(덱시부프로펜),팜페인프로,덱시부프로펜,이연제약(주),https://nedrug.mfds.go.kr/pbp/cmn/itemImageDownload/1N6T3OpVntD,"이 약을 복용하는 동안 다른 비스테로이드성 소염진통제, 아스피린, 고용량의 메토트렉세이트를 사용하지 마십시오. 이 약을 복용하기 전에 코르티코스테로이드, 알코올, 디곡신, 페니토인, 프로베네시드, 설핀피라존, 설포닐우레아제, ACE 억제제 또는 안지오텐신Ⅱ 수용체 길항제, 이뇨제, 리튬, 쿠마린계 항응고제(와르파린 등), 바클로펜, 면역억제제(시클로스포린, 타크로리무스, 시롤리무스), 혈전용해제, 티클로피딘, 항혈전제, 혈중 칼륨농도를 증가시키는 약물(예, 칼륨 저류형 이뇨제, ACE 억제제, 안지오텐신-Ⅱ 수용체 길항제, 시클로스포린과 타크로리무스와 같은 면역억제제, 트리메토프림, 헤파린 등), CYP2C8, CYP2C9의 유도제(예, 리팜피신, 페노바르비탈), 저용량(15 mg/주 미만)의 메토트렉세이트, 항혈소판제 및 선택적 세로토닌 재흡수 억제제를 함께 사용 시 의사 또는 약사와 상의하십시오."
201906059,팜페인이부연질캡슐(이부프로펜),팜페인이부,이부프로펜,이연제약(주),https://nedrug.mfds.go.kr/pbp/cmn/itemImageDownload/1N6T3OpVnsN,"항암요법으로 고용량 메토트렉세이트를 투여중인 환자, 다른 비스테로이드성 소염진통제와 함께 이 약을 복용하지 마십시오. 이 약을 복용하기 전에 저용량 아스피린, ACE 저해제 복용자, 리튬, 푸로세미드 및 티아지드계 이뇨제, 저용량 메토트렉세이트, 쿠마린계 항응혈제(와파린 등), 선택적 세로토닌 재흡수억제제를 복용하는 환자는 의사 또는 약사와 상의하십시오."
201906089,엘도에스캡슐(에르도스테인),엘도에스,에르도스테인,맥널티제약(주),https://nedrug.mfds.go.kr/pbp/cmn/itemImageDownload/1P2JYwFs7H3,기침약과 함께 복용하는 경우 의사 또는 약사와 상의하십시오.
201906113,마파람과립,마파람,,삼익제약(주),,"MAO 억제제(항우울제, 항정신병제, 감정조절제, 항파킨슨제 등), 진해거담제, 다른 감기약, 해열진통제, 진정제, 항히스타민제를 함유하는 내복약(비염용 경구제, 멀미약, 알레르기용약)과 함께 복용하지 마십시오. 이 약을 복용하기 전에 당뇨약, 통풍약, 관절염약, 항응고제, 스테로이드제, 바르비탈계 약물, 삼환계 항우울제 및 알코올을 복용한 환자는 의사 또는 약사와 상의하십시오. 복용 중에는 음주하지 마십시오."
201906127,아마가정(알마게이트),아마가,알마게이트,(주)경보제약,https://nedrug.mfds.go.kr/pbp/cmn/itemImageDownload/1M_4NHfUrw7,"이 약을 복용하는 동안 테트라사이클린계 항생제는 복용하지 마십시오. 이 약을 복용하기 전에 비스테로이드소염(항염)진통제, 궤양치료제, 디기탈리스 제제, 클로르프로마진, 란소프라졸, 프레드니솔론, 페니실린, 퀴놀론, 철(Fe)염 제제, 살리실산염을 복용하는 환자는 의사 또는 약사와 상의하십시오."
201906129,센코프액,센코프,,경방신약(주),,"이 약을 복용하는 동안 다른 진해거담제, 항히스타민제를 함유하는 내복약을 복용하지 마십시오. 우울증, 파킨슨병 치료 등에 사용되는 MAO 억제제를 복용하고 있거나 복용을 중단한 후 2주 이내의 사람은 이 약을 복용하지 마십시오. 복용시에는 음주하지 마십시오."
201906140,디오맥스정600밀리그램(디오스민),디오맥스,디오스민,풍림무약(주),https://nedrug.mfds.go.kr/pbp/cmn/itemImageDownload/1OqO4sCY2JS,
201906177,피록스타플라스타(피록시캄),피록스타플라스타,피록시캄,신신제약(주),,항응고제와 함께 사용 시 의사 또는 약사와 상의하십시오.
201906214,벤포빅정,벤포빅,,(주)한풍제약,https://nedrug.mfds.go.kr/pbp/cmn/itemImageDownload/1M_kb4Aa6G5,"인산염, 칼슘염, 경구용 테트라사이클린계 제제, 제산제, 레보도파와 함께 복용하지 마십시오.에스트로겐을 포함한 경구용 피임제, 항알도스테론제, 트리암테렌과 함께 복용 시 의사 또는 약사와 상의하십시오.녹차, 홍차 등 탄닌을 함유하는 차는 복용 중, 복용 전후에는 피하십시오."
201906314,나스펜연질캡슐(아세트아미노펜),나스펜,아세트아미노펜,조아제약(주),https://nedrug.mfds.go.kr/pbp/cmn/itemImageDownload/1Muwq7fAty_,"아세트아미노펜을 포함하는 다른 제품, 바르비탈계 약물, 삼환계 항우울제, 알코올과 함께 복용하지 마십시오.와파린, 리튬, 티아지드계 이뇨제, 다른 소염진통제와 함께 복용 시 의사 또는 약사와 상의하십시오."
201906326,엘드로캡슐(에르도스테인),엘드로,에르도스테인,성원애드콕제약(주),https://nedrug.mfds.go.kr/pbp/cmn/itemImageDownload/1MxlCk9Fpip,
201906345,안티푸라민쿨파워플라스타,안티푸라민쿨파워플라스타,,(주)유한양행,,
201906374,큐르티손로션(히드로코르티손),큐르티손,히드로코르티손,주식회사큐엘파마,,
201906376,차배비시럽,차배비,,(주)텔콘알에프제약,,"다른 진토제, 감기약, 해열진통제, 항히스타민제, 진정제, 진해거담제 등과 함께 복용하지 마십시오.이 약을 복용하는 동안 알코올 음료를 섭취하지 마십시오."
201906379,엘도타인캡슐300밀리그램(에르도스테인),엘도타인,에르도스테인,주식회사더유제약,https://nedrug.mfds.go.kr/pbp/cmn/itemImageDownload/1NcuRwKmzSk,기침약을 복용중인 사람은 의사 또는 약사와 상의하십시오.
201906400,세노바퀵연질캡슐(세티리진염산염),세노바퀵,세티리진염산염,일동제약(주),https://nedrug.mfds.go.kr/pbp/cmn/itemImageDownload/1MxGLPXNlqx,"테오필린, 리토나비어, 과량의 알코올과 함께 복용하지 마십시오."
201906414,커버롤핀네일라카(아모롤핀염산염),커버롤핀네일라카,아모롤핀염산염,주식회사큐엘파마,,
201906421,펜타셀100마이크로그램퍼오랄정(아셀렌산나트륨오수화물),펜타셀퍼오랄,아셀렌산나트륨오수화물,(주)인트로바이오파마,https://nedrug.mfds.go.kr/pbp/cmn/itemImageDownload/1MtU6vRYsVa,"비타민 C와 같은 환원제는 함께 복용하지 마십시오. 비타민 C를 복용하려면 이 약과 약 4시간의 간격을 두고 따로 복용해야 합니다.녹차, 홍차 등 탄닌을 함유하는 차는 복용 중, 복용 전후에는 피하십시오."
201906430,스카힐골드겔,스카힐골드,,(주)녹십자,,"항응고제(쿠마린, 아스피린, 디피리다몰, 덱스트란, 스트렙토키나제)와 함께 사용하지 마십시오."
201906455,셀레뉴연질캡슐,셀레뉴,,(주)알피바이오,https://nedrug.mfds.go.kr/pbp/cmn/itemImageDownload/1N2lHOy4Ogs,"이 약을 복용하는 동안 인산염, 칼슘염, 경구용 테트라사이클린계 제제, 제산제와 함께 복용하지 마십시오. 에스트로겐을 포함한 경구용 피임제, 항알도스테론제, 트리암테렌, 정주용 지질제와 함께 사용 시 의사 또는 약사와 상의하십시오. 녹차, 홍차 등 탄닌을 함유하는 차는 복용 중, 복용 전후에는 피하십시오."
201906489,평위천프라임액,평위천프라임,,광동제약(주),,
201906500,뮤라텐캡슐100밀리그램(아세틸시스테인),뮤라텐,아세틸시스테인,주식회사더유제약,https://nedrug.mfds.go.kr/pbp/cmn/itemImageDownload/1OIac6HFRUp,"경구용 항생물질(아목시실린, 세푸록심, 독시사이클린, 에리트로마이신, 치암페니콜)과 함께 복용 시 적어도 2시간 간격을 두고 복용하십시오. 이 약의 용액에 다른 약물의 첨가는 피하십시오."
201906501,뮤라텐캡슐200밀리그램(아세틸시스테인),뮤라텐,아세틸시스테인,주식회사더유제약,https://nedrug.mfds.go.kr/pbp/cmn/itemImageDownload/1P2JYwFsC4u,"경구용 항생물질(아목시실린, 세푸록심, 독시사이클린, 에리트로마이신, 치암페니콜)과 함께 복용 시 적어도 2시간 간격을 두고 복용하십시오. 이 약의 용액에 다른 약물의 첨가는 피하십시오."
201906544,엘도텐캡슐(에르도스테인),엘도텐,에르도스테인,제일약품(주),https://nedrug.mfds.go.kr/pbp/cmn/itemImageDownload/1MyJO_nSzwX,기침약을 복용중인 사람은 의사 또는 약사와 상의하십시오.
201906681,비스텐연고(D-판테놀),비스텐,D-판테놀,주식회사더유제약,,
201906886,엘도비캡슐(에르도스테인),엘도비,에르도스테인,(주)서울제약,https://nedrug.mfds.go.kr/pbp/cmn/itemImageDownload/1NQppFCiRJh,기침약과 병용투여 시 특히 주의하십시오.
201906917,경남티어앤톡점안액(트레할로스수화물)(1회용),경남티어앤톡,1회용,경남제약(주),,
201906924,렉스민캡슐(디오스민),렉스민,디오스민,(주)시어스제약,https://nedrug.mfds.go.kr/pbp/cmn/itemImageDownload/1OQdQ5pD5HE,
201906975,세타펜8시간이알서방정650밀리그램(아세트아미노펜),세타펜8시간이알서방,아세트아미노펜,(주)보령바이오파마,https://nedrug.mfds.go.kr/pbp/cmn/itemImageDownload/1NEQUP33IWz,"바르비탈계 약물, 삼환계 항우울제 및 알코올을 복용한 사람은 복용 시 의사 또는 약사와 상의하십시오. 이 약을 복용하기 전에 리튬, 치아짓계이뇨제를 복용한 환자는 의사 또는 약사와 상의하십시오."
201906999,키도멜라인장용정(브로멜라인),키도멜라인장용,브로멜라인,한국휴텍스제약(주),https://nedrug.mfds.go.kr/pbp/cmn/itemImageDownload/1PQoG7qcUUa,"항응고제, 혈소판응집억제제와 함께 복용하지 마십시오.항생제(테트라싸이클린 등)와 함께 복용 시 의사 또는 약사와 상의하십시오."
201907005,"노즈원큐나잘스프레이(무향,멘톨향)",노즈원큐나잘스프레이,무향|멘톨향,동아제약(주),,"MAO 억제제(항우울제, 항정신병제, 감정조절제, 항파킨슨제 등)와 함께 사용하지 마십시오. 사용 중에는 음주하지 마십시오."
201907041,돌체락시럽(락툴로오즈농축액),돌체락,락툴로오즈농축액,삼진제약(주),,"아카보즈 등의 α-글리코시다아제 저해제, 광범위 항균 스펙트럼 항생제, 이뇨제, 코르티코이드, 암포테리신 B, 강심배당체, 제산제를 복용하는 환자는 의사 또는 약사와 상의하십시오."
201907014,로나코프연질캡슐,로나코프,,(주)서흥,https://nedrug.mfds.go.kr/pbp/cmn/itemImageDownload/1OUz3s18TeJ,"MAO억제제(항우울제, 항정신병제, 감정조절제, 항파킨슨제 등), 진해거담제, 다른 감기약, 해열진통제, 진정제, 항히스타민제를 함유하는 내복약(비염용 경구제, 멀미약, 알레르기용약)와 함께 복용하지 마십시오. MAO억제제(항우울제, 항정신병제, 감정조절제, 항파킨슨제 등) 복용을 중단한 후 2주 이내의 사람은 이 약을 복용하지 마십시오. 복용 중 음주하지 마십시오."
201907042,영진브로멜라인장용정100밀리그램,영진브로멜라인장용,,영진약품(주),https://nedrug.mfds.go.kr/pbp/cmn/itemImageDownload/1OoAc19ns3w,"항응고제, 혈소판응집억제제와 함께 복용하지 마십시오.항생제(테트라싸이클린 등)와 함께 복용 시 의사 또는 약사와 상의하십시오."
201907024,로나콜연질캡슐,로나콜,,(주)서흥,https://nedrug.mfds.go.kr/pbp/cmn/itemImageDownload/1OUz3s18Te1,"MAO억제제(항우울제, 항정신병제, 감정조절제, 항파킨슨제 등), 진해거담제, 다른 감기약, 해열진통제, 진정제, 항히스타민제를 함유하는 내복약(비염용 경구제, 멀미약, 알레르기용약)과 함께 복용하지 마십시오. MAO억제제(항우울제, 항정신병제, 감정조절제, 항파킨슨제 등) 복용을 중단한 후 2주 이내의 사람은 이 약을 복용하지 마십시오. 이 약을 복용하기 전에 당뇨약, 통풍약, 관절염약, 항응고제, 스테로이드제 등을 투여 받고 있는 사람은 의사 또는 약사와 상의하십시오. 바르비탈계 약물, 삼환계 항우울제 및 알코올을 투여한 환자는 의사 또는 약사와 상의하십시오. 복용중에는 음주하지 마십시오."
201907080,일양라라포션액(L-아스파르트산-L-아르기닌수화물),일양라라포션,L-아스파르트산-L-아르기닌수화물,일양약품(주),,"이 약을 복용하는 동안 항정신병약, 수면제를 함께 복용하지 마십시오."
201907116,케이파이콜싹과립,케이파이콜싹,,(주)한풍제약,,"이 약을 복용하는 동안 아세트아미노펜을 포함하는 다른 제품, MAO억제제(항우울제, 항정신병제, 감정조절제, 항파킨슨제 등), 진해거담제, 다른 감기약, 해열진통제, 진정제, 항히스타민제를 함유하는 내복약(비염용 경구제, 멀미약, 알레르기용약)을 함께 복용하지 마십시오. MAO억제제(항우울제, 항정신병제, 감정조절제, 항파킨슨제 등)를 복용하고 있거나 복용을 중단한 후 2주 이내의 사람은 이 약을 복용하지 마십시오. 이 약을 복용하기 전에 당뇨약, 통풍약, 관절염약, 항응고제, 스테로이드제 등을 투여 받고 있는 사람은 의사 또는 약사와 상의하십시오. 바르비탈계 약물, 삼환계 항우울제, 칼륨함유제제, 감초함유제제, 글리시리진산 또는 그 염류 함유제제, 루프계 이뇨제(푸로세미드, 에타크린산), 티아지드계 이뇨제(트리클로르메티아지드)와 함께 복용 시 의사 또는 약사와 상의하십시오. 복용 중에는 음주하지 마십시오."
201907157,브로아제장용정(브로멜라인),브로아제장용,브로멜라인,위더스제약(주),https://nedrug.mfds.go.kr/pbp/cmn/itemImageDownload/1OQdQ5pDQE8,"항응고제, 혈소판응집억제제와 함께 복용하지 마십시오.항생제(테트라싸이클린 등)와 함께 복용 시 의사 또는 약사와 상의하십시오."
201907160,풋원겔,풋원,,현대약품(주),,
201907167,시어스피록시캄겔,시어스피록시캄,,(주)시어스제약,,
201907177,투엑스비골드100정,투엑스비골드100,,(주)한풍제약,https://nedrug.mfds.go.kr/pbp/cmn/itemImageDownload/1MzSGdZk4DQ,"인산염, 칼슘염, 경구용 테트라사이클린계 제제, 제산제, 레보도파는 함께 복용하지 마십시오.항알도스테론제, 트리암테렌, 에스트로겐을 포함한 경구용 피임제를 함께 복용 시 의사 또는 약사와 상의하십시오.녹차, 홍차 등 탄닌을 함유하는 차는 복용 중, 복용 전후에는 피하십시오."
201907189,로페리캡슐(로페라미드염산염),로페리,로페라미드염산염,미래바이오제약(주),https://nedrug.mfds.go.kr/pbp/cmn/itemImageDownload/1ONj-6ooUmP,"퀴니딘, 리토나비르와 함께 복용 시 의사 또는 약사와 상의하십시오."
201907324,유한아세트아미노펜연질캡슐,유한아세트아미노펜,,(주)유한양행,https://nedrug.mfds.go.kr/pbp/cmn/itemImageDownload/1OJdSQXzg-V,"아세트아미노펜을 포함하는 다른 제품, 바르비탈계 약물, 삼환계 항우울제, 알코올과 함께 복용하지 마십시오.와파린, 리튬, 티아지드계 이뇨제, 다른 소염진통제와 함께 복용 시 의사 또는 약사와 상의하십시오."
201907340,아너웰정,아너웰,,(주)바스칸바이오제약,https://nedrug.mfds.go.kr/pbp/cmn/itemImageDownload/1MxlCk9Fpbq,제산제와 함께 복용하지 마십시오.우유 섭취 후 1시간 이내는 복용을 피하십시오.
201907347,광동알디액,광동알디,,광동제약(주),,레보도파와 함께 복용하지 마십시오.에스트로겐을 포함한 경구용 피임제와 함께 복용 시 의사 또는 약사와 상의하십시오.
201907355,헬민리버스액,헬민리버스,,동화약품(주),,"경구용 당뇨병용제(톨부타미드), 콜레스티라민, 콜레스티폴, 약용탄, 마그네슘 및 수산화알루미늄을 함유하는 제산제, 담즙(쓸개즙)에서 콜레스테롤을 감소시키는 약물(에스트로겐 함유 경구용 피임제) 또는 혈액의 콜레스테롤을 감소시키는 약물(클로피브레트), 간에 손상을 주는 약물과 함께 복용 시 의사 또는 약사와 상의하십시오."
201907376,록펜텍플라스타(록소프로펜나트륨수화물),록펜텍플라스타,록소프로펜나트륨수화물,(주)티디에스팜,,
201907451,아크원팁스왑액(살리실산),아크원팁스왑,살리실산,(주)그린제약,,
201907458,트리싹정200밀리그램(트리메부틴말레산염),트리싹,트리메부틴말레산염,제일헬스사이언스(주),https://nedrug.mfds.go.kr/pbp/cmn/itemImageDownload/1M_4NHfUrt9,
201907481,멜라토닝크림(히드로퀴논),멜라토닝,히드로퀴논,동아제약(주),,
201907548,메로타제장용정(브로멜라인),메로타제장용,브로멜라인,삼천당제약(주),https://nedrug.mfds.go.kr/pbp/cmn/itemImageDownload/1OmM2OP_0Ym,"항응고제, 혈소판응집억제제와 함께 복용하지 마십시오.항생제(테트라싸이클린 등)와 함께 복용 시 의사 또는 약사와 상의하십시오."
201907572,유한비타민씨디정,유한비타민씨디,,(주)유한양행,https://nedrug.mfds.go.kr/pbp/cmn/itemImageDownload/1N3ivmErt8k,
201907485,큐센400이부프로펜연질캡슐,큐센400이부프로펜,,삼성제약(주),https://nedrug.mfds.go.kr/pbp/cmn/itemImageDownload/1O597tTU9e6,"고용량 메토트렉세이트, 다른 비스테로이드성 소염진통제와 함께 이 약을 복용하지 마십시오. 저용량 아스피린, ACE 저해제, 리튬, 푸로세미드 및 티아지드계 이뇨제, 저용량 메토트렉세이트, 쿠마린계 항응혈제(와파린 등), 선택적 세로토닌 재흡수억제제를 함께 복용 시 의사 또는 약사와 상의하십시오."
201907617,삼성브로멜라인장용정,삼성브로멜라인장용,,삼성제약(주),https://nedrug.mfds.go.kr/pbp/cmn/itemImageDownload/1OrTgJZwy13,"항응고제, 혈소판응집억제제와 함께 복용하지 마십시오.항생제(테트라싸이클린 등)와 함께 복용 시 의사 또는 약사와 상의하십시오."
201907628,더게인디정,더게인디,,(주)바이넥스,https://nedrug.mfds.go.kr/pbp/cmn/itemImageDownload/1NQk_pnr9-O,"인산염, 칼슘염, 경구용 테트라사이클린계 제제, 제산제와 함께 복용하지 마십시오. 항알도스테론제, 트리암테렌과 함께 복용 시 의사 또는 약사와 상의하십시오. 녹차, 홍차 등 탄닌을 함유하는 차는 복용 중, 복용 전후에는 피하십시오."
201907629,트리플라정,트리플라,,정우신약(주),https://nedrug.mfds.go.kr/pbp/cmn/itemImageDownload/1P2JYwFs9yj,이 약을 복용하기 전에 항응고제를 투여하고 있는 환자는 의사 또는 약사와 상의하십시오.
201907633,라니탄큐정,라니탄큐,,미래바이오제약(주),https://nedrug.mfds.go.kr/pbp/cmn/itemImageDownload/1N6ibdbl6cJ,"위장진통, 진경제와 함께 복용하지 마십시오.칼륨함유제제, 감초함유제제, 글리시리진산 또는 그 염류 함유제제, 루프계 이뇨제(푸로세미드, 에타크린산) 또는 티아지드계 이뇨제(트리클로르메티아지드)와 함께 복용 시 의사 또는 약사와 상의하십시오."
201907666,위크린정,위크린,,한국신텍스제약(주),https://nedrug.mfds.go.kr/pbp/cmn/itemImageDownload/1MxrcAij1yE,
201907733,동아제약D-판테놀연고,동아제약D-판테놀,,동아제약(주),,
201907748,파비시드정,파비시드,,(주)한국파비스제약,https://nedrug.mfds.go.kr/pbp/cmn/itemImageDownload/1Mw7xKyRzfP,테트라사이클린계 항생제와 함께 복용하지 마십시오.
201907773,쌍비원에프액,쌍비원에프,,(주)아이월드제약,,"아세트아미노펜을 포함하는 다른 제품, MAO 억제제(항우울제, 항정신병제, 감정조절제, 항파킨슨제 등), 진해(기침을 그치게 함)거담제(가래약), 다른 감기약, 해열진통제, 진정제, 항히스타민제를 함유하는 내복약(비염용 경구제, 멀미약, 알레르기용약)과 함께 복용하지 마십시오. MAO억제제(항우울제, 항정신병제, 감정조절제, 항파킨슨제 등) 복용을 중단한 후 2주 이내의 사람은 이 약을 복용하지 마십시오. 바르비탈계 약물, 삼환계 항우울제, 알코올, 칼륨함유제제, 감초함유제제, 글리시리진산 또는 그 염류 함유제제, 루프계 이뇨제(푸로세미드, 에타크린산) 또는 티아지드계 이뇨제(트리클로르메티아지드), 당뇨약, 통풍약, 관절염약, 항응고제, 스테로이드제와 함께 복용 시 의사 또는 약사와 상의하십시오. 복용 중에는 음주하지 마십시오."
201907790,알미탄겔정,알미탄,,(주)바스칸바이오제약,https://nedrug.mfds.go.kr/pbp/cmn/itemImageDownload/1M-s0nmgu_9,테트라사이클린계 항생제와 함께 복용하지 마십시오.
201907830,미가펜에스연질캡슐(나프록센),미가펜에스,나프록센,(주)팜젠사이언스,https://nedrug.mfds.go.kr/pbp/cmn/itemImageDownload/1PEPKBUclxX,"다른 비스테로이드성 소염진통제 및 나프록센 유도체, 아스피린, 항암요법으로 사용하는 고용량의 메토트렉세이트와 함께 복용하지 마십시오. 히단토인계 항간질제, 설파제, 설포닐요소계 혈당강하제, 프로프라놀롤 및 다른 -차단제, ACE 저해제(캅토프릴 등), 루프계 및 티아지드계 이뇨제, 프로베네시드, 리튬, 저용량의 메토트렉세이트, 쿠마린계 항응혈제(와파린 등), 지도부딘, 뉴퀴놀론계 항생물질(에녹사신 등)과 함께 복용 시 의사 또는 약사와 상의하십시오."
201907883,로멜라인장용정(브로멜라인),로멜라인장용,브로멜라인,에스케이케미칼(주),https://nedrug.mfds.go.kr/pbp/cmn/itemImageDownload/1PEPKBUcmIL,항응고제 또는 혈소판응집억제제와 함께 사용하지 마십시오.항생제(테트라싸이클린 등)와 함께 사용 시 의사 또는 약사와 상의하십시오.
201907915,맥시부키즈시럽(덱시부프로펜),맥시부키즈,덱시부프로펜,(주)퍼슨,,"다른 비스테로이드성 소염진통제와 함께 사용하지 마십시오. 글루코코르티코이드, 알코올, 디곡신, 페니토인, 프로베네시드, 설핀피라존, 설포닐우레아제, 이뇨제, 항고혈압제, ACE 저해제, 푸로세미드, 아스피린, 리튬, 메토트렉세이트, 쿠마린계 항응고제(와파린 등)와 함께 사용 시 의사 또는 약사와 상담하십시오."
201907927,브로엘장용정(브로멜라인),브로엘장용,브로멜라인,에이치엘비제약(주),https://nedrug.mfds.go.kr/pbp/cmn/itemImageDownload/1Pdf_ZRy_fF,항응고제 또는 혈소판응집억제제와 함께 사용하지 마십시오.항생제(테트라싸이클린 등)와 함께 사용 시 의사 또는 약사와 상의하십시오.
201907941,미안블루점안액,미안블루,,대우제약(주),,
201907942,미안케어점안액,미안케어,,대우제약(주),,
201907956,조인트맥스프리미엄정,조인트맥스프리미엄,,(주)한풍제약,https://nedrug.mfds.go.kr/pbp/cmn/itemImageDownload/1N2lHOy4OSc,"인산염, 칼슘염, 경구용 테트라사이클린계 제제, 제산제, 레보도파와 함께 복용하지 마십시오. 강심배당체, 항알도스테론제, 트리암테렌과 함께 복용 시 의사 또는 약사와 상의하십시오. 녹차, 홍차 등 탄닌을 함유하는 차는 복용 중, 복용 전후에는 피하십시오."
201908015,폴락스산4그램(폴리에틸렌글리콜4000),폴락스,폴리에틸렌글리콜4000,안국약품(주),,이뇨제와 함께 사용 시 의사 또는 약사와 상의하십시오.
201908017,위메부틴정150밀리그램(트리메부틴말레산염),위메부틴,트리메부틴말레산염,(주)경보제약,https://nedrug.mfds.go.kr/pbp/cmn/itemImageDownload/1N2lHOy4OXy,
201908022,파워액티브정,파워액티브,,(주)한풍제약,https://nedrug.mfds.go.kr/pbp/cmn/itemImageDownload/1NCPBl3Fie5,"인산염, 칼슘염, 경구용 테트라사이클린계 제제, 제산제, 레보도파와 함께 복용하지 마십시오.강심배당체, 에스트로겐을 포함한 경구용 피임제, 항알도스테론제, 트리암테렌과 함께 복용 시 의사 또는 약사와 상의하십시오.녹차, 홍차 등 탄닌을 함유하는 차는 복용 중, 복용 전후에는 피하십시오."
201908027,캐롤24더블파워플라스타(디클로페낙나트륨),캐롤24더블파워플라스타,디클로페낙나트륨,일동제약(주),,"이 약을 사용하는 동안 디클로페낙 제제 혹은 비스테로이드 소염제(항염증제)를 국소적으로 적용하거나 복용하지 마십시오. 뉴퀴놀론계 항균제(에녹사신 등), 루프 이뇨제(푸로세미드 등), 티아자이드계 이뇨제, 지혈을 방해하는 약물(와파린 등), 항혈소판제(아스피린 등), 선택적 세로토닌 재흡수 억제제 및 세로토닌 노르에피네프린 재흡수 억제제를 투여하는 환자는 의사 또는 약사와 상의하십시오."
201908028,캐롤온감더블파워카타플라스마(펠비낙),캐롤온감더블파워카타플라스마,펠비낙,일동제약(주),,
201908082,칼디온정,칼디온,,(주)넥스팜코리아,https://nedrug.mfds.go.kr/pbp/cmn/itemImageDownload/1P2JYwFsAtn,"인산염, 칼슘염, 경구용 테트라사이클린계 제제, 제산제와 함께 복용하지 마십시오. 강심배당체, 항알도스테론제, 트리암테렌과 함께 복용 시 의사 또는 약사와 상의하십시오. 녹차, 홍차 등 탄닌을 함유하는 차는 복용 중, 복용 전후에는 피하십시오."
201908100,에모젠정,에모젠,,(주)인트로바이오파마,https://nedrug.mfds.go.kr/pbp/cmn/itemImageDownload/1OZOLkIT0Oi,"아세트아미노펜을 포함하는 다른 제품, MAO 억제제(항우울제, 항정신병제, 감정조절제, 항파킨슨제 등), 진해거담제, 다른 감기약, 해열진통제, 진정제, 항히스타민제를 함유하는 내복약(비염용 경구제, 멀미약, 알레르기용약)과 함께 복용하지 마십시오. MAO 억제제(항우울제, 항정신병제, 감정조절제, 항파킨슨제 등) 복용을 중단한 후 2주 이내의 사람은 이 약을 복용하지 마십시오. 이 약을 복용하기 전에 당뇨약, 통풍약, 관절염약, 항응고제, 스테로이드제를 투여 받는 환자는 의사 또는 약사와 상의하십시오. 바르비탈계 약물, 삼환계 항우울제 및 알코올을 투여 받는 환자는 의사 또는 약사와 상의하십시오. 복용 중에는 음주하지 마십시오."
201908104,바스힐캡슐,바스힐,,(주)제뉴파마,https://nedrug.mfds.go.kr/pbp/cmn/itemImageDownload/1M-s0nmgusR,"이 약을 복용하는 동안 인산염, 칼슘염, 경구용 테트라사이클린계 제제, 제산제와 함께 복용하지 마십시오.에스트로겐을 포함한 경구용 피임제, 항알도스테론제, 트리암테렌, 정주용 지질제와 함께 사용 시 의사 또는 약사와 상의하십시오.녹차, 홍차 등 탄닌을 함유하는 차는 복용 중, 복용 전후에는 피하십시오."
201908147,써모젠정,써모젠,,(주)인트로바이오파마,https://nedrug.mfds.go.kr/pbp/cmn/itemImageDownload/1OT8aQ-AZ1M,"아세트아미노펜을 포함하는 다른 제품, MAO 억제제(항우울제, 항정신병제, 감정조절제, 항파킨슨제 등), 진해거담제, 다른 감기약, 해열진통제, 진정제, 항히스타민제를 함유하는 내복약(비염용 경구제, 멀미약, 알레르기용약)과 함께 복용하지 마십시오. MAO 억제제(항우울제, 항정신병제, 감정조절제, 항파킨슨제 등) 복용을 중단한 후 2주 이내의 사람은 이 약을 복용하지 마십시오. 이 약을 복용하기 전에 당뇨약, 통풍약, 관절염약, 항응고제, 스테로이드제, 바르비탈계 약물, 삼환계 항우울제 및 알코올을 복용한 환자는 의사 또는 약사와 상의하십시오. 복용 중에는 음주하지 마십시오."
201908148,황력골드액,황력골드,,일양약품(주),,이 약을 복용하는 동안 레보도파를 복용하지 마십시오.
201908208,위앤정,위앤,,태극제약(주),https://nedrug.mfds.go.kr/pbp/cmn/itemImageDownload/1M_kb4Aa6R2,테트라사이클린계 항생제와 함께 복용하지 마십시오.
201908217,유스카인크림(리도카인),유스카인,리도카인,화일약품(주),,
201908230,칸디스텐질정100밀리그램(클로트리마졸),칸디스텐질,클로트리마졸,주식회사더유제약,https://nedrug.mfds.go.kr/pbp/cmn/itemImageDownload/1NYyLUFhdNe,경구용 타크로리무스와 함께 사용하지 마십시오.
201908257,하이카디정,하이카디,,조아제약(주),https://nedrug.mfds.go.kr/pbp/cmn/itemImageDownload/1PQ48CGj5yX,"인산염, 칼슘염, 경구용 테트라사이클린계 제제, 제산제와 함께 복용하지 마십시오. 강심배당체, 항알도스테론제, 트리암테렌과 함께 복용 시 의사 또는 약사와 상의하십시오. 녹차, 홍차 등 탄닌을 함유하는 차는 복용 중, 복용 전후에는 피하십시오."
201908266,아크스카클리어겔,아크스카클리어,,태극제약(주),,"항응고제(쿠마린, 아스피린, 디피리다몰, 덱스트란, 스트렙토키나제)와 함께 사용하지 마십시오."
201908292,가스부틴정100mg(트리메부틴말레산염),가스부틴,트리메부틴말레산염,주식회사케이에스제약,https://nedrug.mfds.go.kr/pbp/cmn/itemImageDownload/1N34MmQGGmr,
201908325,해피트립액,해피트립,,동아제약(주),,"다른 진토제, 감기약, 해열진통제, 항히스타민제, 진정제, 진해거담제 등과 함께 복용하지 마십시오.복용 중에는 알코올성 음료를 피하십시오."
201908295,게보린소프트연질캡슐,게보린소프트,,삼진제약(주),https://nedrug.mfds.go.kr/pbp/cmn/itemImageDownload/1OcIzQG1ql0,"다른 해열진통제, 감기약, 진정제와 함께 복용하지 마십시오. 복용 중에는 음주하지 마십시오. 이뇨제, 저용량 아스피린, 당뇨약, 통풍약, 관절염약, 항응고제, 스테로이드제와 함께 복용 시 의사 또는 약사와 상의하십시오."
201908351,미소쿨정,미소쿨,,미래바이오제약(주),https://nedrug.mfds.go.kr/pbp/cmn/itemImageDownload/1NAdfG1CxEe,테트라사이클린계 항생제와 함께 복용하지 마십시오.
201908303,보령바이오아스피린장용정100밀리그램,보령바이오아스피린장용,,(주)보령바이오파마,https://nedrug.mfds.go.kr/pbp/cmn/itemImageDownload/1NOwp2F64PN,"다른 비스테로이드성 소염진통제 및 살리실산 제제, 일주일 동안 메토트렉세이트 15밀리그람(15mg/주) 이상의 용량은 이 약과 병용 투여 시 출혈이 증가되거나 신기능이 감소될 수 있으므로 함께 사용하지 않습니다. 항응고제, 이부프로펜, 나프록센 등 일부 비스테로이드성 소염진통제, 혈전용해제, 다른 혈소판응집억제제, 지혈제, 당뇨병치료제(인슐린제제, 톨부타미드 등), 요산배설촉진제(벤즈브로마론, 프로베네시드), 티아지드계 이뇨제, 리튬제제, 선택적 세포토닌 재흡수 억제제, 디곡신, 전신 작용 부신피질호르몬 제제(애디슨병 대체요법용 히드로코티손 제외), 안지오텐신 전환 효소 억제제, 발프로산 제제를 복용하는 사람은 의사 또는 약사와 상의하십시오. 알칼리제제(예: 탄산수소나트륨, 탄산마그네슘) 또는 습기가 차기 쉬운 제제와 함께 섞지 마십시오. 알코올과 병용 투여 시 위장관 점막 손상이 증가하고, 이 약과 알코올의 상승효과로 인해 출혈시간이 연장될 수 있습니다."
201908354,안토원캡슐(포도엽건조엑스),안토원,포도엽건조엑스,하나제약(주),https://nedrug.mfds.go.kr/pbp/cmn/itemImageDownload/1PXe4oTNh7m,
201908384,유미오틴정(비오틴),유미오틴,비오틴,정우신약(주),https://nedrug.mfds.go.kr/pbp/cmn/itemImageDownload/1NCLDMvf2hP,"날계란과 함께 복용하지 마십시오.카르바마제핀, 페니토인, 페노바르비탈, 항생제와 함께 복용 시 의사 또는 약사와 상의하십시오."
201908393,헤리엔톡크림,헤리엔톡,,(주)퍼슨,,프로베네시드와 함께 사용 시 의사 또는 약사와 상담하십시오.
201908399,유니티어즈점안액(1회용),유니티어즈,1회용,유니메드제약(주),,
201908418,휴도스캡슐(에르도스테인),휴도스,에르도스테인,(주)휴비스트제약,https://nedrug.mfds.go.kr/pbp/cmn/itemImageDownload/1N4m05Ypqo7,기침약을 복용중인 사람은 의사 또는 약사와 상의하십시오.
201908406,슈페젠정,슈페젠,,(주)휴온스메디텍,https://nedrug.mfds.go.kr/pbp/cmn/itemImageDownload/1M-s0nmgv45,"아세트아미노펜을 포함하는 다른 제품, MAO억제제(항우울제, 항정신병제, 감정조절제, 항파킨슨제 등), 진해거담제, 다른 감기약, 해열진통제, 진정제, 항히스타민제를 함유하는 내복약(비염용 경구제, 멀미약, 알레르기용약), 디펜히드라민을 함유하는 제제(피부에 적용하는 제제 포함)과 함께 복용하지 마십시오. 당뇨약, 통풍약, 관절염약, 항응고제, 스테로이드제, 바르비탈계 약물, 삼환계 항우울제, 알코올, 플루클록사실린과 함께 복용 시 의사 또는 약사와 상의하십시오. 복용 중에는 음주하지 마십시오."
201908441,액티바이정,액티바이,,부광약품(주),https://nedrug.mfds.go.kr/pbp/cmn/itemImageDownload/1NCLDMvf2KF,"인산염, 칼슘염, 경구용 테트라사이클린계 제제, 제산제, 레보도파와 함께 복용하지 마십시오. 에스트로겐을 포함한 경구용 피임제, 항알도스테론제, 트리암테렌과 함께 복용 시 의사 또는 약사와 상의하십시오. 녹차, 홍차 등 탄닌을 함유하는 차는 복용 중, 복용 전후에는 피하십시오."
201908438,덱시파인정(덱시부프로펜),덱시파인,덱시부프로펜,대한뉴팜(주),https://nedrug.mfds.go.kr/pbp/cmn/itemImageDownload/1N925qYaHw3,"아스피린, 다른 비스테로이드성 소염진통제와 함께 사용하지 마십시오. 항응고제, 코르티코스테로이드, 알코올, 디곡신, 페니토인, 프로베네시드, 설핀피라존, 설포닐우레아제, ACE 억제제 또는 안지오텐신Ⅱ 수용체 길항제, 이뇨제, 리튬, 쿠마린계 항응고제(와르파린 등), 바클로펜, 면역억제제(시클로스포린, 타크로리무스, 시롤리무스), 혈전용해제, 티클로피딘, 항혈전제, 혈중 칼륨농도를 증가시키는 약물(칼륨 저류형 이뇨제, ACE 억제제, 안지오텐신-Ⅱ 수용체 길항제, 시클로스포린과 타크로리무스와 같은 면역억제제, 트리메토프림, 헤파린 등), CYP2C8, CYP2C9의 유도제(리팜피신, 페노바르비탈), 저용량(15 mg/주 미만)의 메토트렉세이트, 항혈소판제 및 선택적 세로토닌 재흡수 억제제(SSRI)와 함께 사용 시 의사 또는 약사와 상담하십시오."
201908451,센스지크림,센스지,,주식회사더유제약,,
201908484,스피롱액,스피롱,,삼성제약(주),,"다른 진토제, 감기약, 해열진통제, 항히스타민제, 진정제, 진해거담제와 함께 복용하지 마십시오.복용 중에는 알코올성 음료를 피하십시오."
201908513,엠지플러스큐연질캡슐,엠지플러스큐,,(주)알피바이오,https://nedrug.mfds.go.kr/pbp/cmn/itemImageDownload/1O0bxj5Fk2T,"인산염, 칼슘염, 경구(먹는, 복용하는)용 테트라사이클린계 제제, 제산제, 레보도파와 함께 복용하지 마십시오. 에스트로겐을 포함한 경구(먹는, 복용하는)용 피임제, 항알도스테론제, 트리암테렌, 다른 정주용 지질제와 함께 복용 시 의사 또는 약사와 상의하십시오. 녹차, 홍차 등 탄닌을 함유하는 차는 복용 중, 복용 전후에는 피하십시오."
201908518,팜시드정10밀리그램(파모티딘),팜시드,파모티딘,하이플생명과학(주),https://nedrug.mfds.go.kr/pbp/cmn/itemImageDownload/1M-CjqQQRUw,"이 약을 복용하기 전에 비스테로이드성 소염(항염)진통제, 무좀치료제 및 항진균제(이트라코나졸 및 포사코나졸 경구현탁액 등), 티로신 키나아제 억제제(다사티닙, 엘로티닙, 게피티니브, 파조파닙 등)를 복용하는 환자는 의사 또는 약사와 상의하십시오. 복용 중에는 음주하지 마십시오."
201908540,대웅바이오알마게이트정500밀리그램,대웅바이오알마게이트,,대웅바이오(주),https://nedrug.mfds.go.kr/pbp/cmn/itemImageDownload/1Pw9ua7ApBW,"이 약을 복용하는 동안 테트라사이클린계 항생제는 복용하지 마십시오. 이 약을 복용하기 전에 비스테로이드소염(항염)진통제, 궤양치료제, 디기탈리스 제제, 클로르프로마진, 란소프라졸, 프레드니솔론, 페니실린, 퀴놀론, 철(Fe)염 제제, 살리실산염을 복용하는 환자는 의사 또는 약사와 상의하십시오."
201908533,탁센엠지연질캡슐,탁센엠지,,(주)녹십자,https://nedrug.mfds.go.kr/pbp/cmn/itemImageDownload/1N5UbBBuceV,"다른 해열진통제, 감기약, 진정제와 함께 복용하지 마십시오. 당뇨약, 통풍약, 관절염약, 항응고제, 스테로이드제, 이뇨제, 저용량 아스피린과 함께 복용 시 의사 또는 약사와 상의하십시오. 복용 중에는 음주하지 마십시오."
201908559,영일알마게이트정500밀리그램,영일알마게이트,,영일제약(주),https://nedrug.mfds.go.kr/pbp/cmn/itemImageDownload/1NhoLkusiJg,"이 약을 복용하는 동안 테트라사이클린계 항생제는 복용하지 마십시오.이 약을 복용하기 전에 비스테로이드소염(항염)진통제, 궤양치료제, 디기탈리스 제제, 클로르프로마진, 란소프라졸, 프레드니솔론, 페니실린, 퀴놀론, 철(Fe)염 제제, 살리실산염을 복용하는 환자는 의사 또는 약사와 상의하십시오."
201908562,시노타딘연질캡슐(로라타딘),시노타딘,로라타딘,현대약품(주),https://nedrug.mfds.go.kr/pbp/cmn/itemImageDownload/1Oq3KTTVDkb,"시메티딘, 에리트로마이신, 케토코나졸, 퀴니딘, 플루코나졸, 플루옥세틴과 함께 복용하지 마십시오."
201908589,버물리알파액,버물리알파,,현대약품(주),,
201908655,아스마에프시럽,아스마에프,,일양약품(주),,"MAO억제제(항우울제, 항정신병제, 감정조절제, 항파킨슨제 등), 다른 진해거담제(가래약), 감기약, 항히스타민제를 함유하는 내복약(비염용 경구제, 멀미약, 알레르기용약), 진정제와 함께 복용하지 마십시오. MAO억제제(항우울제, 항정신병제, 감정조절제, 항파킨슨제 등) 복용을 중단한 후 2주 이내의 사람은 이 약을 복용하지 마십시오. 복용 중에는 음주하지 마십시오."
201908614,미가펜이브연질캡슐,미가펜이브,,(주)팜젠사이언스,https://nedrug.mfds.go.kr/pbp/cmn/itemImageDownload/1N78w75cvDv,"다른 해열진통제, 감기약, 진정제와 함께 복용하지 마십시오. 이뇨제, 저용량 아스피린과 함께 복용 시 의사 또는 약사와 상의하십시오."
201908706,케어모블캡슐,케어모블,,주식회사더유제약,https://nedrug.mfds.go.kr/pbp/cmn/itemImageDownload/1N0_7a4Vsq-,설폰아미드 제제와 함께 복용 시 의사 또는 약사와 상의하십시오.
201908635,광동탕엠액,광동탕엠,,광동제약(주),,"아세트아미노펜을 포함하는 다른 제품, MAO억제제(항우울제, 항정신병제, 감정조절제, 항파킨슨제 등), 진해거담제, 다른 감기약, 해열진통제, 진정제, 항히스타민제를 함유하는 내복약(비염용 경구제, 멀미약, 알레르기용약)과 함께 복용하지 마십시오. MAO억제제(항우울제, 항정신병제, 감정조절제, 항파킨슨제 등) 복용을 중단한 후 2주 이내의 사람은 이 약을 복용하지 마십시오. 당뇨약, 통풍약, 관절염약, 항응고제, 스테로이드제, 바르비탈계 약물, 삼환계 항우울제, 알코올, 칼륨함유제제, 감초함유제제, 글리시리진산 또는 그 염류 함유제제, 루프계 이뇨제(푸로세미드, 에타크린산), 티아지드계 이뇨제(트리클로르메티아지드)와 함께 복용 시 의사 또는 약사와 상의하십시오. 복용 중에는 음주하지 마십시오."
202000009,케프겔(케토프로펜),케프,케토프로펜,(주)시어스제약,,
202000011,콜키퍼시럽,콜키퍼,,(주)한풍제약,,"이 약을 복용하는 동안 아세트아미노펜을 포함하는 다른 제품, MAO억제제(항우울제, 항정신병제, 감정조절제, 항파킨슨제 등), 진해거담제, 다른 감기약, 해열진통제, 진정제, 항히스타민제를 함유하는 내복약(비염용 경구제, 멀미약, 알레르기용약)과 함께 복용하지 마십시오. 당뇨약, 통풍약, 관절염약, 항응고제, 스테로이드제, 바르비탈계 약물, 삼환계 항우울제, 칼륨함유제제, 감초함유제제, 글리시리진산 또는 그 염류 함유제제, 루프계 이뇨제(푸로세미드, 에타크린산), 티아지드계 이뇨제(트리클로르메티아지드)와 함께 복용 시 의사 또는 약사와 상의하십시오. 복용 중에는 음주하지 마십시오."
202000054,엘로스틴캡슐(에르도스테인),엘로스틴,에르도스테인,(주)유앤생명과학,https://nedrug.mfds.go.kr/pbp/cmn/itemImageDownload/1NOwp2F6Mwn,기침약과 함께 복용 시 의사 또는 약사와 상의하십시오.
202000043,캐롤키즈콜드시럽,캐롤키즈콜드,,일동제약(주),,"아세트아미노펜을 포함하는 다른 제품, MAO억제제(항우울제, 항정신병제, 감정조절제, 항파킨슨제 등), 진해거담제, 다른 감기약, 해열진통제, 진정제, 항히스타민제를 함유하는 내복약(비염용 경구제, 멀미약, 알레르기용약)과 함께 복용하지 마십시오. MAO억제제(항우울제, 항정신병제, 감정조절제, 항파킨슨제 등) 복용을 중단한 후 2주 이내의 사람은 이 약을 복용하지 마십시오. 당뇨약, 통풍약, 관절염약, 항응고제, 스테로이드제, 바르비탈계 약물, 삼환계 항우울제, 알코올과 함께 복용 시 의사 또는 약사와 상의하십시오. 복용 중에는 음주하지 마십시오."
202000062,시로제노연질캡슐(세티리진염산염),시로제노,세티리진염산염,현대약품(주),https://nedrug.mfds.go.kr/pbp/cmn/itemImageDownload/1P2JYwFs8Pg,"테오필린, 리토나비르와 함께 복용하지 마십시오. 과량의 알코올과 함께 복용하지 마십시오."
202000064,케이파이위보왕산,케이파이위보왕,,(주)한풍제약,,
202000087,콜키퍼키즈시럽,콜키퍼키즈,,(주)한풍제약,,"아세트아미노펜을 포함하는 다른 제품, MAO억제제(항우울제, 항정신병제, 감정조절제, 항파킨슨제 등), 진해거담제, 다른 감기약, 해열진통제, 진정제, 항히스타민제를 함유하는 내복약(비염용 경구제, 멀미약, 알레르기용약)과 함께 복용하지 마십시오. 당뇨약, 통풍약, 관절염약, 항응고제, 스테로이드제, 바르비탈계 약물, 삼환계 항우울제, 칼륨함유제제, 감초함유제제, 글리시리진산 또는 그 염류 함유제제, 루프계 이뇨제(푸로세미드, 에타크린산), 티아지드계 이뇨제(트리클로르메티아지드)와 함께 복용 시 의사 또는 약사와 상의하십시오. 복용 중에는 음주하지 마십시오."
202000108,애린쏙정(트리메부틴말레산염),애린쏙,트리메부틴말레산염,일양약품(주),https://nedrug.mfds.go.kr/pbp/cmn/itemImageDownload/1N2rVsNLuII,
202000112,브이멜라인장용정(브로멜라인),브이멜라인장용,브로멜라인,주식회사더유제약,https://nedrug.mfds.go.kr/pbp/cmn/itemImageDownload/1PO7Ab2a-pw,항응고제 또는 혈소판응집억제제와 함께 사용하지 마십시오.항생제(테트라싸이클린 등)와 함께 사용 시 의사 또는 약사와 상의하십시오.
202000147,마그네정,마그네,,(주)인트로바이오파마,https://nedrug.mfds.go.kr/pbp/cmn/itemImageDownload/1N8jUtEiHag,
202000200,엘도테인정(에르도스테인),엘도테인,에르도스테인,한국유나이티드제약(주),https://nedrug.mfds.go.kr/pbp/cmn/itemImageDownload/1N34MmQGH6I,기침약과 함께 복용 시 의사 또는 약사와 상의하십시오.
202000214,리놀에스트로키(플루르비프로펜),리놀에스트로키,플루르비프로펜,경남제약(주),https://nedrug.mfds.go.kr/pbp/cmn/itemImageDownload/1P2JYwFsANj,"COX-2 저해제를 포함하여 다른 비스테로이드성 소염진통제, 아스피린 등 혈소판 응집 억제제, 글루코코르티코이드, 칼륨보전이뇨제, 안지오텐신전환효소 억제제, 안지오텐신 II 길항제, 싸이클로스포린, 메토트렉세이트, 디곡신, 페니토인, 퀴놀론계 항균제, 푸로세미드 이뇨제, 경구용 항응혈제(예: 와파린), 항고혈압제, 리튬제제, 미페프리스톤, 프로베네시드, 설핀피라존을 함께 복용하지 마십시오."
202000234,큐엘파마페닐레프린염산염나잘액,큐엘파마페닐레프린염산염나잘,,주식회사큐엘파마,,MAO억제제와 함께 사용하지 마십시오.
202000239,해소민에스캡슐,해소민에스,,지엘팜텍(주),https://nedrug.mfds.go.kr/pbp/cmn/itemImageDownload/1NOwp2F65hu,"MAO억제제(항우울제, 항정신병제, 감정조절제, 항파킨슨제 등), 다른 진해거담제, 감기약, 항히스타민제를 함유하는 내복약(비염용 경구제, 멀미약, 알레르기용약), 진정제와 함께 복용하지 마십시오. MAO억제제(항우울제, 항정신병제, 감정조절제, 항파킨슨제 등) 복용을 중단한 후 2주 이내의 사람은 이 약을 복용하지 마십시오. 복용 중에는 음주하지 마십시오."
202000257,슬램비타정,슬램비타,,(주)에이프로젠바이오로직스,https://nedrug.mfds.go.kr/pbp/cmn/itemImageDownload/1N3ivmErsfY,레보도파와 함께 복용하지 마십시오.에스트로겐을 포함한 경구용 피임제와 함께 복용 시 의사 또는 약사와 상의하십시오.
202000304,카보시드정(탄산수소나트륨),카보시드,탄산수소나트륨,(주)인트로바이오파마,https://nedrug.mfds.go.kr/pbp/cmn/itemImageDownload/1N0L6J0YIYN,"이 약의 소화관내 체액의 pH 상승에 의해 병용약물의 흡수·배설에 영향을 줄 수 있으므로 신중히 투여합니다. 다량의 우유, 칼슘제제와 함께 복용 시 우유 알칼리 증후군(고칼슘혈증, 고질소혈증, 알카리증 등)이 나타날 수 있으므로 의사 또는 약사와 상의하십시오."
202000310,마그탑파워연질캡슐,마그탑파워,,코스맥스파마(주),https://nedrug.mfds.go.kr/pbp/cmn/itemImageDownload/1N2lHOy4OLU,"인산염, 칼슘염, 경구용 테트라사이클린계 제제, 제산제, 레보도파와 함께 복용하지 마십시오.에스트로겐을 포함한 경구용 피임제, 항알도스테론제, 트리암테렌, 정주용 지질제와 함께 사용 시 의사 또는 약사와 상의하십시오.녹차, 홍차 등 탄닌을 함유하는 차는 복용 중, 복용 전후에는 피하십시오."
202000337,유유베노스민정600밀리그램(디오스민),유유베노스민,디오스민,(주)유유제약,https://nedrug.mfds.go.kr/pbp/cmn/itemImageDownload/1OCxjzi8sI8,
202000372,큐립연고,큐립,,동화약품(주),,
202000375,삼성아모롤핀네일라카(아모롤핀염산염),삼성아모롤핀네일라카,아모롤핀염산염,삼성제약(주),,
202000429,하이클로크림,하이클로,,주식회사더유제약,,프로베네시드를 투여한 환자는 의사 또는 약사와 상의하십시오.
202000421,아프소겐정(파모티딘),아프소겐,파모티딘,(주)녹십자,https://nedrug.mfds.go.kr/pbp/cmn/itemImageDownload/1Pe9ChhzLql,"이 약을 복용하기 전에 비스테로이드성 소염(항염)진통제, 무좀치료제 및 항진균제(이트라코나졸 및 포사코나졸 경구현탁액 등), 티로신 키나아제 억제제(다사티닙, 엘로티닙, 게피티니브, 파조파닙 등)를 복용하는 환자는 의사 또는 약사와 상의하십시오. 정주용 지질제를 투여받고 있는 환자는 의사 또는 약사와 상의하십시오. 복용 중에는 음주하지 마십시오."
202000440,한미치쏙정600밀리그램(디오스민),한미치쏙,디오스민,한미약품(주),https://nedrug.mfds.go.kr/pbp/cmn/itemImageDownload/1PEQqCYJLM6,
202000563,발란시드정(탄산수소나트륨),발란시드,탄산수소나트륨,(주)테라젠이텍스,https://nedrug.mfds.go.kr/pbp/cmn/itemImageDownload/1N34MmQGGbl,"다량의 우유, 칼슘제제와 함께 복용 시 우유 알칼리 증후군(고칼슘혈증, 고질소혈증, 알카리증 등)이 나타날 수 있으므로 의사 또는 약사와 상의하십시오."
202000472,파메딘정10밀리그램(파모티딘),파메딘,파모티딘,(주)유앤생명과학,https://nedrug.mfds.go.kr/pbp/cmn/itemImageDownload/1NOwp2F6Mv_,"이 약을 복용하기 전에 비스테로이드성 소염(항염)진통제, 무좀치료제 및 항진균제(이트라코나졸 및 포사코나졸 경구현탁액 등), 티로신 키나아제 억제제(다사티닙, 엘로티닙, 게피티니브, 파조파닙 등)를 복용하는 환자는 의사 또는 약사와 상의하십시오. 복용 중에는 음주하지 마십시오."
202000586,도담도담멀티비타액,도담도담멀티비타,,일양약품(주),,"인산염, 칼슘염, 경구용 테트라사이클린계 제제, 제산제, 레보도파와 함께 복용하지 마십시오. 에스트로겐을 포함한 경구용 피임제와 함께 복용 시 의사 또는 약사와 상의하십시오. 항알도스테론제, 트리암테렌과 함께 복용 시 의사 또는 약사와 상의하십시오. 녹차, 홍차 등 탄닌을 함유하는 차는 복용 중, 복용 전후에는 피하십시오."
202000577,파모퀸정10밀리그램(파모티딘),파모퀸,파모티딘,한국코러스(주),https://nedrug.mfds.go.kr/pbp/cmn/itemImageDownload/1N4C9E6ncfB,"이 약을 복용하기 전에 비스테로이드성 소염(항염)진통제, 무좀치료제 및 항진균제(이트라코나졸 및 포사코나졸 경구현탁액 등), 티로신 키나아제 억제제(다사티닙, 엘로티닙, 게피티니브, 파조파닙 등)를 복용하는 환자는 의사 또는 약사와 상의하십시오. 정주용 지질제를 투여하고 있는 환자는 의사 또는 약사와 상의하십시오. 복용 중에는 음주하지 마십시오."
202000645,센코딜에프정,센코딜에프,,광동제약(주),https://nedrug.mfds.go.kr/pbp/cmn/itemImageDownload/1OeD8xwOrQG,제산제와 함께 복용하지 마십시오. 우유 섭취 후 1시간 이내에 이 약을 복용하지 마십시오.
202000598,파탁정10밀리그램(파모티딘),파탁,파모티딘,(주)라이트팜텍,,"이 약을 복용하기 전에 비스테로이드성 소염(항염)진통제, 무좀치료제 및 항진균제(이트라코나졸 및 포사코나졸 경구현탁액 등), 티로신 키나아제 억제제(다사티닙, 엘로티닙, 게피티니브, 파조파닙 등)를 복용하는 환자는 의사 또는 약사와 상의하십시오. 정주용 지질제를 투여받고 있는 환자는 의사 또는 약사와 상의하십시오. 복용 중에는 음주하지 마십시오."
202000692,임팩칸연질캡슐,임팩칸,,(주)넥스팜코리아,https://nedrug.mfds.go.kr/pbp/cmn/itemImageDownload/1N78w75cvC7,정주용 지질제와 함께 사용 시 의사 또는 약사와 상의하십시오.
202000647,신일파모티딘정10밀리그램,신일파모티딘,,신일제약(주),https://nedrug.mfds.go.kr/pbp/cmn/itemImageDownload/1NCPBl3Fj3P,"이 약을 복용하기 전에 비스테로이드성 소염(항염)진통제, 무좀치료제 및 항진균제(이트라코나졸 및 포사코나졸 경구현탁액 등), 티로신 키나아제 억제제(다사티닙, 엘로티닙, 게피티니브, 파조파닙 등)를 복용하는 환자는 의사 또는 약사와 상의하십시오. 정주용 지질제를 투여받고 있는 환자는 의사 또는 약사와 상의하십시오. 복용 중에는 음주하지 마십시오."
202000703,잔타뉴정,잔타뉴,,조아제약(주),https://nedrug.mfds.go.kr/pbp/cmn/itemImageDownload/1N8jUtEiHbS,테트라사이클린계 항생제와 함께 복용하지 마십시오.
202000726,제일치오스민정(디오스민),제일치오스민,디오스민,제일헬스사이언스(주),https://nedrug.mfds.go.kr/pbp/cmn/itemImageDownload/1NOwp2F6Id8,정주용 지질제와 함께 복용 시 의사 또는 약사와 상의하십시오.
202000676,덱시딜시럽(덱시부프로펜),덱시딜,덱시부프로펜,조아제약(주),,"다른 비스테로이드성 소염진통제와 함께 사용하지 마십시오. 글루코코르티코이드, 알코올, 디곡신, 페니토인, 프로베네시드, 설핀피라존, 설포닐우레아제, 이뇨제, 항고혈압제, ACE 저해제, 푸로세미드, 아스피린, 리튬, 메토트렉세이트, 쿠마린계 항응고제(와파린 등)와 함께 사용 시 의사 또는 약사와 상담하십시오."
202000733,제놀롱플라스타(디클로페낙나트륨),제놀롱플라스타,디클로페낙나트륨,(주)녹십자,,"이 약을 사용하는 동안 디클로페낙 제제 혹은 비스테로이드 소염제(항염증제)를 국소적으로 적용하거나 복용하지 마십시오. 뉴퀴놀론계 항균제(에녹사신 등), 루프 이뇨제(푸로세미드 등), 티아자이드계 이뇨제, 지혈을 방해하는 약물(와파린 등), 항혈소판제(아스피린 등), 선택적 세로토닌 재흡수 억제제 및 세로토닌 노르에피네프린 재흡수 억제제를 투여하는 환자는 의사 또는 약사와 상의하십시오."
202000704,티파딘정10mg(파모티딘),티파딘,파모티딘,경방신약(주),https://nedrug.mfds.go.kr/pbp/cmn/itemImageDownload/1NOwp2F6J87,"이 약을 복용하기 전에 비스테로이드성 소염(항염)진통제, 무좀치료제 및 항진균제(이트라코나졸 및 포사코나졸 경구현탁액 등), 티로신 키나아제 억제제(다사티닙, 엘로티닙, 게피티니브, 파조파닙 등)를 복용하는 환자는 의사 또는 약사와 상의하십시오. 정주용 지질제를 투여받고 있는 환자는 의사 또는 약사와 상의하십시오. 복용 중에는 음주하지 마십시오."
202000770,판다모캡슐,판다모,,코오롱제약(주),https://nedrug.mfds.go.kr/pbp/cmn/itemImageDownload/1P2JYwFsALT,설폰아미드 제제와 함께 복용하는 경우 의사 또는 약사와 상의하십시오.
202000773,미가펜후레쉬연질캡슐(이부프로펜),미가펜후레쉬,이부프로펜,(주)팜젠사이언스,https://nedrug.mfds.go.kr/pbp/cmn/itemImageDownload/1OLJPBoFOg3,"다른 비스테로이드성 소염진통제, 고용량의 메토트렉세이트와 함께 복용하지 마십시오. 저용량 아스피린, ACE 저해제, 리튬, 푸로세미드 및 티아지드계 이뇨제, 쿠마린계 항응혈제(와파린 등), 선택적 세로토닌 재흡수억제제와 함께 복용 시 의사 또는 약사와 상의하십시오."
202000777,칼시마정,칼시마,,초당약품공업(주),https://nedrug.mfds.go.kr/pbp/cmn/itemImageDownload/1Pccaq2fEpA,"인산염, 칼슘염, 경구용 테트라사이클린계 제제, 제산제와 함께 복용하지 마십시오. 강심배당체, 항알도스테론제, 트리암테렌과 함께 복용 시 의사 또는 약사와 상의하십시오. 녹차, 홍차 등 탄닌을 함유하는 차는 복용 중, 복용 전후에는 피하십시오."
202000791,브멜라인장용정(브로멜라인),브멜라인장용,브로멜라인,(주)제뉴파마,https://nedrug.mfds.go.kr/pbp/cmn/itemImageDownload/1OlOLWGgcOC,"항응고제, 혈소판응집억제제와 함께 복용하지 마십시오.항생제(테트라싸이클린 등)와 함께 복용 시 의사 또는 약사와 상의하십시오."
202000797,소부날에이정,소부날에이,,진양제약(주),https://nedrug.mfds.go.kr/pbp/cmn/itemImageDownload/1N9-UdVMRk1,"다른 소염(항염)진통제, 아세트아미노펜을 포함하는 다른 제품, 바르비탈계 약물, 삼환계 항우울제, 알코올과 함께 이 약을 복용하지 마십시오.이 약을 복용하기 전에 와파린, 리튬, 티아지드계 이뇨제를 복용한 환자는 의사 또는 약사와 상의하십시오."
202000831,파모트리정10밀리그램(파모티딘),파모트리,파모티딘,에이치엘비제약(주),https://nedrug.mfds.go.kr/pbp/cmn/itemImageDownload/1N34MmQGGXb,"이 약을 복용하기 전에 비스테로이드성 소염(항염)진통제, 무좀치료제 및 항진균제(이트라코나졸 및 포사코나졸 경구현탁액 등), 티로신 키나아제 억제제(다사티닙, 엘로티닙, 게피티니브, 파조파닙 등)를 복용하는 환자는 의사 또는 약사와 상의하십시오. 정주용 지질제를 투여받고 있는 환자는 의사 또는 약사와 상의하십시오. 복용 중에는 음주하지 마십시오."
202000951,안티클로크림,안티클로,,시믹씨엠오코리아주식회사,,
202001036,마더스민캡슐(디오스민),마더스민,디오스민,(주)마더스제약,https://nedrug.mfds.go.kr/pbp/cmn/itemImageDownload/1Nax--xeaTl,
202001082,록소앤겔(록소프로펜나트륨수화물),록소앤,록소프로펜나트륨수화물,동성제약(주),,다른 국소 진통소염약물과 함께 사용하지 마십시오.
202001085,페리톡겔,페리톡,,(주)퍼슨,,"시메티딘, 프로프라놀롤, 이뇨제와 함께 사용 시 의사 또는 약사와 상의하십시오."
202001134,벤티브정,벤티브,,엔비케이제약(주),https://nedrug.mfds.go.kr/pbp/cmn/itemImageDownload/1N3ivmErsui,레보도파와 함께 복용하지 마십시오.
202001098,화콜키즈콜드시럽,화콜키즈콜드,,제이더블유중외제약(주),,"아세트아미노펜을 포함하는 다른 제품, MAO 억제제(항우울제, 항정신병제, 감정조절제, 항파킨슨제 등), 진해거담제, 다른 감기약, 해열진통제, 진정제, 항히스타민제를 함유하는 내복약(비염용 경구제, 멀미약, 알레르기용약)과 함께 복용하지 마십시오. 당뇨약, 통풍약, 관절염약, 항응고제, 스테로이드제, 바르비탈계 약물, 삼환계 항우울제 및 알코올을 투여한 환자는 의사 또는 약사와 상의하십시오. 복용 중에는 음주하지 마십시오."
202001153,구미헥시에탄올스틱스왑액,구미헥시에탄올스틱스왑,,구미제약(주),,
202001195,파모딘정10밀리그램(파모티딘),파모딘,파모티딘,아이큐어(주),https://nedrug.mfds.go.kr/pbp/cmn/itemImageDownload/1N67WutczKh,"이 약을 복용하기 전에 비스테로이드성 소염(항염)진통제, 무좀치료제 및 항진균제(이트라코나졸 및 포사코나졸 경구현탁액 등), 티로신 키나아제 억제제(다사티닙, 엘로티닙, 게피티니브, 파조파닙 등)를 복용하는 환자는 의사 또는 약사와 상의하십시오. 복용 중에는 음주하지 마십시오."
202001196,마이시딜캡슐,마이시딜,,원광제약(주),,설폰아미드 제제와 함께 복용 시 의사 또는 약사와 상의하십시오.
202001209,올싹정(알벤다졸),올싹,알벤다졸,(주)유앤생명과학,https://nedrug.mfds.go.kr/pbp/cmn/itemImageDownload/1NOwp2F6MwV,"이 약을 복용하는 동안 테오필린, 시메티딘, 프라지콴텔, 덱사메타손, 리토나비르, 페니토인, 카르바마제핀, 페노바르비탈을 함께 복용하지 마십시오."
202001214,타이렌연질캡슐(아세트아미노펜),타이렌,아세트아미노펜,(주)에이프로젠바이오로직스,https://nedrug.mfds.go.kr/pbp/cmn/itemImageDownload/1N9-UdVMRbX,"바르비탈계 약물, 삼환계 항우울제, 다른 소염(항염)진통제와 함께 복용하지 마십시오. 리튬, 치아짓계이뇨제와 함께 복용 시 의사 또는 약사와 상의하십시오. 와파린을 장기복용하는 환자는 의사 또는 약사와 상의하십시오."
202001232,알로판텐정100mg(덱스판테놀),알로판텐,덱스판테놀,(주)제뉴파마,https://nedrug.mfds.go.kr/pbp/cmn/itemImageDownload/1N4C9E6ncRx,
202001254,뷰티네일라카(아모롤핀염산염),뷰티네일라카,아모롤핀염산염,한국휴텍스제약(주),,
202001308,액티브원액(시트룰린말산염),액티브원,시트룰린말산염,대원바이오텍주식회사,,
202001328,파모탑정(파모티딘),파모탑,파모티딘,동성제약(주),https://nedrug.mfds.go.kr/pbp/cmn/itemImageDownload/1N5UbBBucdv,"이 약을 복용하기 전에 비스테로이드성 소염(항염)진통제, 무좀치료제 및 항진균제(이트라코나졸 및 포사코나졸 경구현탁액 등), 티로신 키나아제 억제제(다사티닙, 엘로티닙, 게피티니브, 파조파닙 등)를 복용하는 환자는 의사 또는 약사와 상의하십시오. 복용 중에는 음주하지 마십시오."
202001351,듀오케어액,듀오케어,,(주)퍼슨,,
202001369,하이로버크림,하이로버,,일양약품(주),,
202001409,아네린정,아네린,,일양약품(주),https://nedrug.mfds.go.kr/pbp/cmn/itemImageDownload/1N9r98JmPOq,스코폴리아엑스를 함유하는 제제 및 다른 위장진통ㆍ진경제와 함께 복용하지 마십시오.
202001421,안페라캡슐(포도엽건조엑스),안페라,포도엽건조엑스,(주)바이넥스,https://nedrug.mfds.go.kr/pbp/cmn/itemImageDownload/1O7K2fSf8M-,
202001477,세시텐캡슐(아세틸시스테인),세시텐,아세틸시스테인,엔비케이제약(주),https://nedrug.mfds.go.kr/pbp/cmn/itemImageDownload/1OD_if8mnIR,"경구용 항생물질(아목시실린, 세푸록심, 독시사이클린, 에리트로마이신, 치암페니콜)과 함께 복용 시 적어도 2시간의 간격을 두고 복용하십시오. 이 약의 용액에 다른 약물의 첨가는 피하십시오."
202001489,삼성아스피린장용정100밀리그램,삼성아스피린장용,,삼성제약(주),https://nedrug.mfds.go.kr/pbp/cmn/itemImageDownload/1PvnDGw40Vy,"다른 비스테로이드성 소염진통제 및 살리실산 제제, 일주일 동안 메토트렉세이트 15밀리그람(15mg/주) 이상의 용량은 이 약과 병용 투여 시 출혈이 증가되거나 신기능이 감소될 수 있으므로 함께 사용하지 않습니다. 항응고제, 이부프로펜, 나프록센 등 일부 비스테로이드성 소염진통제, 혈전용해제, 다른 혈소판응집억제제, 지혈제, 당뇨병치료제(인슐린제제, 톨부타미드 등), 요산배설촉진제(벤즈브로마론, 프로베네시드), 티아지드계 이뇨제, 리튬제제, 선택적 세포토닌 재흡수 억제제, 디곡신, 전신 작용 부신피질호르몬 제제(애디슨병 대체요법용 히드로코티손 제외), 안지오텐신 전환 효소 억제제, 발프로산 제제를 복용하는 사람은 의사 또는 약사와 상의하십시오. 알칼리제제(예: 탄산수소나트륨, 탄산마그네슘) 또는 습기가 차기 쉬운 제제와 함께 섞지 마십시오. 알코올과 병용 투여 시 위장관 점막 손상이 증가하고, 이 약과 알코올의 상승효과로 인해 출혈시간이 연장될 수 있습니다."
202001495,탁센덱시연질캡슐(덱시부프로펜),탁센덱시,덱시부프로펜,(주)녹십자,https://nedrug.mfds.go.kr/pbp/cmn/itemImageDownload/1POdHuQ5a1S,"아스피린, 다른 비스테로이드성 소염진통제와 함께 사용하지 마십시오. 항응고제, 코르티코스테로이드, 알코올, 디곡신, 페니토인, 프로베네시드, 설핀피라존, 설포닐우레아제, ACE 억제제 또는 안지오텐신Ⅱ 수용체 길항제, 이뇨제, 리튬, 쿠마린계 항응고제(와르파린 등), 바클로펜, 면역억제제(시클로스포린, 타크로리무스, 시롤리무스), 혈전용해제, 티클로피딘, 항혈전제, 혈중 칼륨농도를 증가시키는 약물(칼륨 저류형 이뇨제, ACE 억제제, 안지오텐신-Ⅱ 수용체 길항제, 시클로스포린과 타크로리무스와 같은 면역억제제, 트리메토프림, 헤파린 등), CYP2C8, CYP2C9의 유도제(리팜피신, 페노바르비탈), 저용량(15 mg/주 미만)의 메토트렉세이트, 항혈소판제 및 선택적 세로토닌 재흡수 억제제(SSRI)와 함께 사용 시 의사 또는 약사와 상담하십시오."
202001517,칼디원정,칼디원,,경동제약(주),https://nedrug.mfds.go.kr/pbp/cmn/itemImageDownload/1NCPBl3Fipz,"인산염, 칼슘염, 경구용 테트라사이클린계 제제, 제산제와 함께 복용하지 마십시오. 강심배당체, 항알도스테론제, 트리암테렌과 함께 복용 시 의사 또는 약사와 상의하십시오. 녹차, 홍차 등 탄닌을 함유하는 차는 복용 중, 복용 전후에는 피하십시오."
202001535,슬림제이정,슬림제이,,한국신텍스제약(주),https://nedrug.mfds.go.kr/pbp/cmn/itemImageDownload/1N8jUtEiHiW,"아세트아미노펜을 포함하는 다른 제품, MAO 억제제(항우울제, 항정신병제, 감정조절제, 항파킨슨제 등), 진해거담제, 다른 감기약, 해열진통제, 진정제, 항히스타민제를 함유하는 내복약(비염용 경구제, 멀미약, 알레르기용약)과 함께 복용하지 마십시오. 이 약을 복용하기 전에 당뇨약, 통풍약, 관절염약, 항응고제, 스테로이드제, 바르비탈계 약물, 삼환계 항우울제 및 알코올을 복용한 환자는 의사 또는 약사와 상의하십시오. 복용 중에는 음주하지 마십시오."
202001554,코자미연질캡슐(디펜히드라민염산염),코자미,디펜히드라민염산염,(주)인트로바이오파마,https://nedrug.mfds.go.kr/pbp/cmn/itemImageDownload/1NDXmGS9f4R,"디펜히드라민염산염을 포함한 다른 제제, 다른 최면진정제, MAO 저해제, 감기약, 해열진통제, 진해거담약, 항히스타민제를 함유하고 있는 내복약(비염용 내복약, 멀미약, 알러지용약)과 함께 복용하지 마십시오.복용 중에는 음주하지 마십시오."
202001560,판제스트에프정,판제스트에프,,조아제약(주),https://nedrug.mfds.go.kr/pbp/cmn/itemImageDownload/1NNuh6mJpJq,
202001565,센스민정(디오스민),센스민,디오스민,아이큐어(주),https://nedrug.mfds.go.kr/pbp/cmn/itemImageDownload/1PvnDGw40Cg,
202001573,제놀푸로탑플라스타(플루르비프로펜),제놀푸로탑플라스타,플루르비프로펜,(주)녹십자,,
202001662,아이파프케어팝카타플라스마(케토프로펜),아이파프케어팝카타플라스마,케토프로펜,아이큐어(주),,
202001706,더마베타신크림,더마베타신,,시믹씨엠오코리아주식회사,,
202001725,코마키텐나잘스프레이,코마키텐나잘스프레이,,동화약품(주),,"MAO 억제제(항우울제, 항정신병제, 감정조절제, 항파킨슨제 등)와 함께 사용하지 마십시오. 사용 중에는 음주하지 마십시오."
202001726,디어미순정,디어미순,,(주)녹십자,https://nedrug.mfds.go.kr/pbp/cmn/itemImageDownload/1NOwp2F6C5P,"간 마이크로좀 효소를 유도하는 약물, 바르비탈류, 항전간제, 리파부틴, 리팜피신, 항생물질, 루피나미드, 아프레피탄트, 보센탄, 에파비렌즈 등이 있으며, 옥스카르바제핀, 토피라메이트, 펠바메이트, 단백분해효소 저해제, 약용탄, 완하제, 세인트존스워트, 항생제, 경구피임제, 리토나비르, 세인트존스풀, 모다피닐, 플루나리진, HIV 프로테아제 저해제, 에스트로겐/프로게스토겐 복합제, 담즙산 제거제와 함께 복용하지 마십시오."
202001730,펩티스정(파모티딘),펩티스,파모티딘,고려제약(주),https://nedrug.mfds.go.kr/pbp/cmn/itemImageDownload/1N4m05Ypqxd,"이 약을 복용하기 전에 비스테로이드성 소염(항염)진통제, 무좀치료제 및 항진균제(이트라코나졸 및 포사코나졸 경구현탁액 등), 티로신 키나아제 억제제(다사티닙, 엘로티닙, 게피티니브, 파조파닙 등)를 복용하는 환자는 의사 또는 약사와 상의하십시오. 복용 중에는 음주하지 마십시오."
202001764,비엘아세틸캡슐(아세틸시스테인),비엘아세틸,아세틸시스테인,(주)라이트팜텍,https://nedrug.mfds.go.kr/pbp/cmn/itemImageDownload/1PEPKBUcktX,"경구용 항생물질(아목시실린, 세푸록심, 독시사이클린, 에리트로마이신, 치암페니콜)과 함께 복용할 경우 적어도 2시간의 간격을 두고 복용하십시오. 이 약의 용액에 다른 약물의 첨가는 피하십시오."
202001792,트리가정(트리메부틴말레산염),트리가,트리메부틴말레산염,(주)보령바이오파마,https://nedrug.mfds.go.kr/pbp/cmn/itemImageDownload/1NOwp2F64Pf,
202001760,파모텍스정10밀리그램(파모티딘),파모텍스,파모티딘,(주)테라젠이텍스,https://nedrug.mfds.go.kr/pbp/cmn/itemImageDownload/1N7lFt9NAep,"이 약을 복용하기 전에 비스테로이드성 소염(항염)진통제, 무좀치료제 및 항진균제(이트라코나졸 및 포사코나졸 경구현탁액 등), 티로신 키나아제 억제제(다사티닙, 엘로티닙, 게피티니브, 파조파닙 등)를 복용하는 환자는 의사 또는 약사와 상의하십시오. 복용 중에는 음주하지 마십시오."
202001867,파워스탑한방핫카타플라스마,파워스탑한방핫카타플라스마,,경남제약(주),,
202001913,뉴베인액(트록세루틴),뉴베인,트록세루틴,대원제약(주),,
202001961,속시탈정,속시탈,,현대약품(주),https://nedrug.mfds.go.kr/pbp/cmn/itemImageDownload/1OCxjzi8s1G,"위장진통, 진경제와 함께 복용하지 마십시오. 칼륨함유제제, 감초함유제제, 글리시리진산 혹은 그 염류 함유제제, 루프계 이뇨제(푸로세미드, 에타 크린산) 또는 치아지드계 이뇨제(트리클로르메치아지드)와 함께 복용 시 의사 또는 약사와 상의하십시오."
202002034,파모큐정(파모티딘),파모큐,파모티딘,(주)유한양행,https://nedrug.mfds.go.kr/pbp/cmn/itemImageDownload/1NOwp2F6SAc,"이 약을 복용하기 전에 비스테로이드성 소염(항염)진통제, 무좀치료제 및 항진균제(이트라코나졸 및 포사코나졸 경구현탁액 등), 티로신 키나아제 억제제(다사티닙, 엘로티닙, 게피티니브, 파조파닙 등)를 복용하는 환자는 의사 또는 약사와 상의하십시오. 복용 중에는 음주하지 마십시오."
202002056,애니큐어연고,애니큐어,,경동제약(주),,
202002068,본스칼엠정,본스칼엠,,조아제약(주),https://nedrug.mfds.go.kr/pbp/cmn/itemImageDownload/1NCzXnoXEsf,"인산염, 칼슘염, 경구용 테트라사이클린계 제제, 제산제와 함께 복용하지 마십시오.강심배당체, 항알도스테론제, 트리암테렌과 함께 복용 시 의사 또는 약사와 상의하십시오.녹차, 홍차 등 탄닌을 함유하는 차는 복용 중, 복용 전후에는 피하십시오."
202002084,다졸정(알벤다졸),다졸,알벤다졸,아이큐어(주),https://nedrug.mfds.go.kr/pbp/cmn/itemImageDownload/1NB7nLey5uL,"이 약을 복용하는 동안 테오필린, 시메티딘, 프라지콴텔, 덱사메타손, 리토나비르, 페니토인, 카르바마제핀, 페노바르비탈을 함께 복용하지 마십시오."
202002074,페인엔젤키즈시럽(덱시부프로펜),페인엔젤키즈,덱시부프로펜,제이더블유중외제약(주),,"다른 비스테로이드성 소염진통제와 함께 사용하지 마십시오. 글루코코르티코이드, 알코올, 디곡신, 페니토인, 프로베네시드, 설핀피라존, 설포닐우레아제, 이뇨제, 항고혈압제, ACE 저해제, 푸로세미드, 아스피린, 리튬, 메토트렉세이트, 쿠마린계 항응고제(와파린 등)와 함께 사용 시 의사 또는 약사와 상담하십시오."
202002089,나노디오정600밀리그램(디오스민),나노디오,디오스민,초당약품공업(주),https://nedrug.mfds.go.kr/pbp/cmn/itemImageDownload/1NpHokfzODi,
202002110,디센플러스카타플라스마(디클로페낙나트륨),디센플러스카타플라스마,디클로페낙나트륨,(주)티디에스팜,,"이 약을 사용하는 동안 디클로페낙 제제 혹은 비스테로이드 소염제(항염증제)를 국소적으로 적용하거나 복용하지 마십시오. 뉴퀴놀론계 항균제(에녹사신 등), 루프 이뇨제(푸로세미드 등), 티아자이드계 이뇨제, 지혈을 방해하는 약물(와파린 등), 항혈소판제(아스피린 등), 선택적 세로토닌 재흡수 억제제 및 세로토닌 노르에피네프린 재흡수 억제제를 투여하는 환자는 의사 또는 약사와 상의하십시오."
202002166,라파부틴정100밀리그램(트리메부틴말레산염),라파부틴,트리메부틴말레산염,(주)라이트팜텍,https://nedrug.mfds.go.kr/pbp/cmn/itemImageDownload/1N7vefXrkKg,
202002302,센티몰액,센티몰,,(주)중헌제약,,
202002173,타이몰8시간이알서방정650밀리그램(아세트아미노펜),타이몰8시간이알서방,아세트아미노펜,(주)동구바이오제약,https://nedrug.mfds.go.kr/pbp/cmn/itemImageDownload/1OnUY_VtDJ5,"다른 소염(항염)진통제, 아세트아미노펜을 포함하는 다른 제품, 바르비탈계 약물, 삼환계 항우울제, 알코올과 함께 이 약을 복용하지 마십시오. 이 약을 복용하기 전에 와파린을 장기복용하거나 리튬, 티아지드계 이뇨제를 복용한 환자는 의사 또는 약사와 상의하십시오."
202002320,엘도랄캡슐(에르도스테인),엘도랄,에르도스테인,경동제약(주),https://nedrug.mfds.go.kr/pbp/cmn/itemImageDownload/1PEPKBUck4D,기침약과 함께 복용하는 경우 의사 또는 약사와 상의하십시오.
202002332,글치온정(글루타티온(환원형)),글치온,글루타티온,(주)테라젠이텍스,https://nedrug.mfds.go.kr/pbp/cmn/itemImageDownload/1PfMRSreTmI,
202002383,코트리나캡슐,코트리나,,부광약품(주),https://nedrug.mfds.go.kr/pbp/cmn/itemImageDownload/1N7vefXrkBA,"MAO억제제(항우울제, 항정신병제, 감정조절제, 항파킨슨제 등), 다른 비염용 경구제, 항히스타민제를 함유하는 내복약(감기약, 진해거담제, 멀미약, 알레르기용약 등)과 함께 복용하지 마십시오. 복용 중에는 음주하지 마십시오."
202002390,요를레이트로키,요를레이트로키,,대원제약(주),https://nedrug.mfds.go.kr/pbp/cmn/itemImageDownload/1NB7nLey5lb,"MAO억제제(항우울제, 항정신병제, 감정조절제, 항파킨슨제 등)를 복용하고 있거나 복용을 중단한 후 2주 이내의 사람은 이 약을 복용하지 마십시오. 다른 진해거담제, 감기약, 항히스타민제를 함유하는 내복약(비염용 경구제, 멀미약, 알레르기용약), 진정제와 함께 복용하지 마십시오. 복용 중에는 음주하지 마십시오."
202002391,타이로펜연질캡슐(아세트아미노펜),타이로펜,아세트아미노펜,(주)알피바이오,https://nedrug.mfds.go.kr/pbp/cmn/itemImageDownload/1O597tTUFV8,"바르비탈계 약물, 삼환계 항우울제, 알코올, 다른 소염(항염)진통제와 함께 복용하지 마십시오. 와파린(장기복용 시), 리튬, 치아짓계이뇨제와 함께 복용 시 의사 또는 약사와 상의하십시오."
202002443,카네스졸플러스크림,카네스졸플러스,,주식회사더유제약,,
202002484,플랜라인정45밀리그램(브로멜라인),플랜라인,브로멜라인,대한뉴팜(주),https://nedrug.mfds.go.kr/pbp/cmn/itemImageDownload/1Nq4XM4gmMz,"항응고제, 혈소판응집억제제와 함께 복용하지 마십시오. 항생제(테트라싸이클린 등)과 함께 복용 시 의사 또는 약사와 상의하십시오."
202002514,푸레파인마일드연고,푸레파인마일드,,일동제약(주),,"dl-메틸에페드린염산염, 스코폴리아 엑스 및 글리시리진산 함유 좌제 또는 연고제, 크림제, 혈압강하제, 항우울약과 함께 사용하지 마십시오."
202002542,브로라제장용정(브로멜라인),브로라제장용,브로멜라인,(주)킵스바이오파마,https://nedrug.mfds.go.kr/pbp/cmn/itemImageDownload/1OlGSH7jtKP,
202002550,알카본정,알카본,,한올바이오파마(주),https://nedrug.mfds.go.kr/pbp/cmn/itemImageDownload/1NOwp2F6D4J,"인산염, 칼슘염, 경구용 테트라사이클린계 제제, 제산제와 함께 복용하지 마십시오. 강심배당체, 항알도스테론제, 트리암테렌과 함께 복용 시 의사 또는 약사와 상의하십시오. 녹차, 홍차 등 탄닌을 함유하는 차는 복용 중, 복용 전후에는 피하십시오."
202002553,아카펜정,아카펜,,(주)셀릭스,https://nedrug.mfds.go.kr/pbp/cmn/itemImageDownload/1NAT_bwbZxK,"MAO억제제(항우울제, 항정신병제, 감정조절제, 항파킨슨제 등), 진해거담제(가래약), 다른 감기약, 해열진통제, 진정제, 항히스타민제를 함유하는 내복약(비염용 경구제, 멀미약, 알레르기용약)과 함께 복용하지 마십시오. 바르비탈계 약물, 삼환계 항우울제, 알코올을 투여한 환자는 의사 또는 약사와 상의하십시오."
202002583,헤르페진크림,헤르페진,,조아제약(주),,
202002568,요모겐트로키(플루르비프로펜),요모겐트로키,플루르비프로펜,대원제약(주),https://nedrug.mfds.go.kr/pbp/cmn/itemImageDownload/1NB7nLey5k-,"COX-2 저해제를 포함하여 다른 비스테로이드성 소염진통제, 아스피린 등 혈소판 응집 억제제, 글루코코르티코이드, 칼륨보전이뇨제, 안지오텐신전환효소 억제제, 안지오텐신 II 길항제, 싸이클로스포린, 메토트렉세이트, 디곡신, 페니토인, 퀴놀론계 항균제, 푸로세미드 이뇨제, 경구용 항응혈제(예: 와파린), 항고혈압제, 리튬제제, 미페프리스톤, 프로베네시드, 설핀피라존을 함께 복용하지 마십시오. 비스테로이드성 소염제(NSAIDs)와 함께 복용 시 의사 또는 약사와 상의하십시오."
202002625,지엘도스캡슐300밀리그램(에르도스테인),지엘도스,에르도스테인,지엘팜텍(주),https://nedrug.mfds.go.kr/pbp/cmn/itemImageDownload/1PG0Cv2hrEl,기침약을 복용중인 사람은 의사 또는 약사와 상의하십시오.
202002635,셀레넘정,셀레넘,,(주)테라젠이텍스,https://nedrug.mfds.go.kr/pbp/cmn/itemImageDownload/1N9-UdVMRep,"인산염, 칼슘염, 경구용 테트라사이클린계 제제, 제산제, 레보도파와 함께 복용하지 마십시오.에스트로겐을 포함한 경구용 피임제, 항알도스테론제, 트리암테렌과 함께 복용 시 의사 또는 약사와 상의하십시오.녹차, 홍차 등 탄닌을 함유하는 차는 복용 중, 복용 전후에는 피하십시오."
202002642,노시드정,노시드,,영진약품(주),https://nedrug.mfds.go.kr/pbp/cmn/itemImageDownload/1NOwp2F6SM0,"테트라사이클린계 항생제와 함께 복용하지 마십시오.디곡신, 캅토프릴, 시메티딘, 라니티딘, 파모티딘, 테오필린, 프로프라놀롤, 아테놀롤, 황산철, 클로르프로마진, 아세틸살리실산, 나프록센, 메토프롤롤과 레보도파, 시프로플록사신, 오플록사신, 케토데옥시콜린산, 불화나트륨, 이소니아지드, 에녹사신, 노르플록사신, 레보티록신, 쿠마린유도체와 함께 복용 시 의사 또는 약사와 상의하십시오.복용 직후 탄산음료는 피하십시오."
202002646,애시컨정(파모티딘),애시컨,파모티딘,동아제약(주),https://nedrug.mfds.go.kr/pbp/cmn/itemImageDownload/1O7K2fSf8O7,"이 약을 복용하기 전에 비스테로이드성 소염(항염)진통제, 무좀치료제 및 항진균제(이트라코나졸 및 포사코나졸 경구현탁액 등), 티로신 키나아제 억제제(다사티닙, 엘로티닙, 게피티니브, 파조파닙 등)를 복용하는 환자는 의사 또는 약사와 상의하십시오. 정주용 지질제를 투여받고 있는 환자는 의사 또는 약사와 상의하십시오. 복용 중에는 음주하지 마십시오."
202002671,푸레파인마일드좌제,푸레파인마일드,,일동제약(주),,"dl-메틸에페드린염산염, 스코폴리아 엑스 및 글리시리진산 함유 좌제 또는 연고제, 크림제, 혈압강하제, 항우울약과 함께 사용하지 마십시오."
202002759,팜도인캡슐(에르도스테인),팜도인,에르도스테인,(주)한국팜비오,https://nedrug.mfds.go.kr/pbp/cmn/itemImageDownload/1Oor9g4dq-k,기침약과 함께 복용하는 경우 의사 또는 약사와 상의하십시오.
202002774,마스터치크림,마스터치,,일양바이오팜(주),,
202002817,트라스트디펜플라스타(디클로페낙나트륨),트라스트디펜플라스타,디클로페낙나트륨,에스케이케미칼(주),,"이 약을 사용하는 동안 디클로페낙 제제 혹은 비스테로이드 소염제(항염증제)를 국소적으로 적용하거나 복용하지 마십시오. 뉴퀴놀론계 항균제(에녹사신 등), 루프 이뇨제(푸로세미드 등), 티아자이드계 이뇨제, 지혈을 방해하는 약물(와파린 등), 항혈소판제(아스피린 등), 선택적 세로토닌 재흡수 억제제 및 세로토닌 노르에피네프린 재흡수 억제제를 투여하는 환자는 의사 또는 약사와 상의하십시오."
202002841,써큐로민정80밀리그램(은행엽건조엑스),써큐로민,은행엽건조엑스,삼천당제약(주),https://nedrug.mfds.go.kr/pbp/cmn/itemImageDownload/1PqHHa5cEzJ,"항응고제(예 : 펜프로쿠몬, 와파린), 항혈소판제(예 : 클로피도그렐, 아세틸살리실산 및 기타 비스테로이드성 항염증제)와 함께 복용 시 의사 또는 약사와 상의하십시오."
202002848,캐롤키즈노즈시럽,캐롤키즈노즈,,일동제약(주),,"모노아민옥시다아제 억제제(MAOI-우울증, 정신 및 감정장애, 파킨슨병 치료제 중 일부)와 함께 복용하지 마십시오. 모노아민옥시다아제 억제제(우울증, 정신 및 감정장애, 파킨슨병 치료제 중 일부) 복용을 중지한지 2주 이내인 사람은 이 약을 복용하지 마십시오. 진정제, 신경안정제와 함께 복용 시 의사 또는 약사와 상의하십시오."
202002866,트라스트핑거플라스타(케토프로펜),트라스트핑거플라스타,케토프로펜,에스케이케미칼(주),,
202003068,올편제에스정,올편제에스,,한국프라임제약(주),https://nedrug.mfds.go.kr/pbp/cmn/itemImageDownload/1PjnrjGO2-h,
202003087,캐롤키즈에이시럽(아세트아미노펜),캐롤키즈에이,아세트아미노펜,일동제약(주),,"아세트아미노펜을 포함하는 다른 제품, 다른 소염(항염)진통제, 바르비탈계 약물, 삼환계 항우울제, 알코올과 함께 복용하지 마십시오.와파린, 리튬, 타아지드계 이뇨제와 함께 복용 시 의사 또는 약사와 상의하십시오."
202002968,마이모닉액3%(미녹시딜),마이모닉,미녹시딜,주식회사더유제약,,"외용 코르티코이드, 레티노이드, 바셀린, 디트라놀 또는 경피흡수를 촉진시킨다고 알려진 약물과 함께 사용하지 마십시오."
202003123,콘비로600정,콘비로600,,코스맥스파마(주),https://nedrug.mfds.go.kr/pbp/cmn/itemImageDownload/1NOwp2F65U6,레보도파와 함께 복용하지 마십시오.
202003209,오스템클로르헥시딘액0.12%(클로르헥시딘글루콘산염액),오스템클로르헥시딘,클로르헥시딘글루콘산염액,오스템파마주식회사,,
202003212,에스알파정,에스알파,,초당약품공업(주),https://nedrug.mfds.go.kr/pbp/cmn/itemImageDownload/1NAT_bwbZcZ,"위장진통·진경제와 함께 복용하지 마십시오. 다량의 우유, 칼슘제제와 병용시 우유 알칼리 증후군(고칼슘혈증, 고질소혈증, 알카리증 등)이 나타날 수 있으므로 충분히 관찰하고 이러한 증상이 나타나는 경우에는 투여를 중지하십시오."
202003237,제일알벤다졸정,제일알벤다졸,,제일헬스사이언스(주),https://nedrug.mfds.go.kr/pbp/cmn/itemImageDownload/1PvnDGw40Gd,"이 약을 복용하는 동안 테오필린, 시메티딘, 프라지콴텔, 덱사메타손, 리토나비르, 페니토인, 카르바마제핀, 페노바르비탈을 함께 복용하지 마십시오."
202003252,엘도라온캡슐(에르도스테인),엘도라온,에르도스테인,정우신약(주),https://nedrug.mfds.go.kr/pbp/cmn/itemImageDownload/1PYbmiyGt6T,기침약과 함께 복용 시 의사 또는 약사와 상의하십시오.
202003288,지엘파모티딘정10밀리그램,지엘파모티딘,,지엘팜텍(주),https://nedrug.mfds.go.kr/pbp/cmn/itemImageDownload/1NQDCuOtpgD,"이 약을 복용하기 전에 비스테로이드성 소염(항염)진통제, 무좀치료제 및 항진균제(이트라코나졸 및 포사코나졸 경구현탁액 등), 티로신 키나아제 억제제(다사티닙, 엘로티닙, 게피티니브, 파조파닙 등)를 복용하는 환자는 의사 또는 약사와 상의하십시오. 복용 중에는 음주하지 마십시오."
202003298,로메라제장용정(브로멜라인),로메라제장용,브로멜라인,동국제약(주),https://nedrug.mfds.go.kr/pbp/cmn/itemImageDownload/1PEvx-atJp5,
202003322,위모닝정,위모닝,,일양바이오팜(주),https://nedrug.mfds.go.kr/pbp/cmn/itemImageDownload/1P2JYwFs9LI,"테트라사이클린계 항생제와 함께 복용하지 마십시오.디곡신, 캅토프릴, 시메티딘, 라니티딘, 파모티딘, 테오필린, 프로프라놀롤, 아테놀롤, 황산철, 클로르프로마진, 아세틸살리실산, 나프록센, 메토프롤롤과 레보도파, 시프로플록사신, 오플록사신, 케토데옥시콜린산, 불화나트륨, 이소니아지드, 에녹사신, 노르플록사신, 레보티록신, 쿠마린유도체와 함께 복용 시 의사 또는 약사와 상의하십시오.복용 직후 탄산음료는 피하십시오."
202003327,뉴트리액티브정,뉴트리액티브,,한국코러스(주),https://nedrug.mfds.go.kr/pbp/cmn/itemImageDownload/1NRstGF7DCh,"인산염, 칼슘염, 경구용 테트라사이클린계 제제, 제산제, 레보도파와 함께 복용하지 마십시오. 에스트로겐을 포함한 경구용 피임제, 항알도스테론제, 트리암테렌과 함께 복용 시 의사 또는 약사와 상의하십시오. 녹차, 홍차 등 탄닌을 함유하는 차는 복용 중, 복용 전후에는 피하십시오."
202003341,마그네스디정,마그네스디,,대화제약(주),https://nedrug.mfds.go.kr/pbp/cmn/itemImageDownload/1NDIL__eKVN,"인산염, 칼슘염 제제, 경구용 테트라사이클린계 제제, 제산제, 레보도파와 함께 복용하지 마십시오. 항알도스테론제, 트리암테렌과 함께 복용 시 의사 또는 약사와 상의하십시오. 녹차, 홍차 등 탄닌을 함유하는 차는 복용 중, 복용 전후에는 피하십시오."
202003344,티엔코프연질캡슐,티엔코프,,코스맥스파마(주),https://nedrug.mfds.go.kr/pbp/cmn/itemImageDownload/1NCLDMvf2ND,"아세트아미노펜을 포함하는 다른 제품, MAO억제제(항우울제, 항정신병제, 감정조절제, 항파킨슨제 등), 진해거담제, 다른 감기약, 해열진통제, 진정제, 항히스타민제를 함유하는 내복약(비염용 경구제, 멀미약, 알레르기용약)과 함께 복용하지 마십시오. 당뇨약, 통풍약, 관절염약, 항응고제, 스테로이드제, 바르비탈계 약물, 삼환계 항우울제, 알코올, 플루클록사실린을 투여한 환자는 의사 또는 약사와 상의하십시오. 복용 중에는 음주하지 마십시오."
202003388,멜라인장용정(브로멜라인),멜라인장용,브로멜라인,(주)아리제약,https://nedrug.mfds.go.kr/pbp/cmn/itemImageDownload/1NEQUP33IRd,항응고제 또는 혈소판응집억제제와 함께 사용하지 마십시오.항생제(테트라싸이클린 등)와 함께 사용 시 의사 또는 약사와 상의하십시오.
202003405,보령펜시럽(덱시부프로펜),보령펜,덱시부프로펜,(주)보령,,"다른 비스테로이드성 소염진통제와 함께 사용하지 마십시오. 글루코코르티코이드, 알코올, 디곡신, 페니토인, 프로베네시드, 설핀피라존, 설포닐우레아제, 이뇨제, 항고혈압제, ACE 저해제, 푸로세미드, 아스피린, 리튬, 메토트렉세이트, 쿠마린계 항응고제(와파린 등)와 함께 사용 시 의사 또는 약사와 상담하십시오."
202003410,티엔코연질캡슐,티엔코,,코스맥스파마(주),https://nedrug.mfds.go.kr/pbp/cmn/itemImageDownload/1NEQUP33Icv,"아세트아미노펜을 포함하는 다른 제품, MAO억제제(항우울제, 항정신병제, 감정조절제, 항파킨슨제 등), 진해거담제, 다른 감기약, 해열진통제, 진정제, 항히스타민제를 함유하는 내복약(비염용 경구제, 멀미약, 알레르기용약)과 함께 복용하지 마십시오. 당뇨약, 통풍약, 관절염약, 항응고제, 스테로이드제, 바르비탈계 약물, 삼환계 항우울제, 알코올, 플루클록사실린과 함께 복용 시 의사 또는 약사와 상의하십시오. 복용 중에는 음주하지 마십시오."
202003421,모이스타점안액(폴리데옥시리보뉴클레오티드나트륨)(1회용),모이스타,1회용,(주)휴온스,,
202003411,파모윈정(파모티딘),파모윈,파모티딘,한국신텍스제약(주),https://nedrug.mfds.go.kr/pbp/cmn/itemImageDownload/1NDXmGS9fAN,"이 약을 복용하기 전에 비스테로이드성 소염(항염)진통제, 무좀치료제 및 항진균제(이트라코나졸 및 포사코나졸 경구현탁액 등), 티로신 키나아제 억제제(다사티닙, 엘로티닙, 게피티니브, 파조파닙 등)를 복용하는 환자는 의사 또는 약사와 상의하십시오. 정주용 지질제를 투여받고 있는 환자는 의사 또는 약사와 상의하십시오. 복용 중에는 음주하지 마십시오."
202003464,뮤카란캡슐200밀리그램(아세틸시스테인),뮤카란,아세틸시스테인,대웅바이오(주),https://nedrug.mfds.go.kr/pbp/cmn/itemImageDownload/1PyQinybkyI,"경구용 항생물질(아목시실린, 세푸록심, 독시사이클린, 에리트로마이신, 치암페니콜)과 함께 복용 시 적어도 2시간의 간격을 두고 복용하십시오. 이 약의 용액에 다른 약물의 첨가는 피하십시오."
202003497,모글원큐스프레이,모글원큐스프레이,,동아제약(주),,다른 살균제와 함께 사용하지 마십시오.
202003528,위엔싹에프정(파모티딘),위엔싹에프,파모티딘,제일헬스사이언스(주),https://nedrug.mfds.go.kr/pbp/cmn/itemImageDownload/1NDIL__eKgw,"이 약을 복용하기 전에 비스테로이드성 소염(항염)진통제, 무좀치료제 및 항진균제(이트라코나졸 및 포사코나졸 경구현탁액 등), 티로신 키나아제 억제제(다사티닙, 엘로티닙, 게피티니브, 파조파닙 등)를 복용하는 환자는 의사 또는 약사와 상의하십시오. 복용 중에는 음주하지 마십시오."
202003611,베나졸크림(테르비나핀염산염),베나졸,테르비나핀염산염,(주)경보제약,,
202003633,알마인정(알마게이트),알마인,알마게이트,(주)인트로바이오파마,https://nedrug.mfds.go.kr/pbp/cmn/itemImageDownload/1OmfiDVrkit,"테트라사이클린계 항생물질과 함께 복용하지 마십시오. 함께 복용시 흡수를 억제할 수 있습니다. 비스테로이드소염진통제(NSAID), 궤양 치료제, 디기탈리스 제제, 클로르프로마진, 란소프라졸, 프레드니솔론, 페니실린, 퀴놀론, 철(Fe)염 제제, 살리실산염을 복용한 환자는 의사 또는 약사와 상의하십시오."
202003660,투엑스비듀얼정,투엑스비듀얼,,(주)한풍제약,https://nedrug.mfds.go.kr/pbp/cmn/itemImageDownload/1NOwp2F6FGr,"인산염, 칼슘염, 경구용 테트라사이클린계 제제, 제산제, 레보도파와 함께 복용하지 마십시오.강심배당체, 에스트로겐을 포함한 경구용 피임제, 항알도스테론제, 트리암테렌과 함께 복용 시 의사 또는 약사와 상의하십시오.녹차, 홍차 등 탄닌을 함유하는 차는 복용 중, 복용 전후에는 피하십시오."
202003642,대웅바이오덱시부프로펜정300밀리그램,대웅바이오덱시부프로펜,,대웅바이오(주),https://nedrug.mfds.go.kr/pbp/cmn/itemImageDownload/1P3diGKSDU4,"이 약을 복용하는 동안 아스피린, 다른 비스테로이드성 소염진통제, 고용량의 메토트렉세이트를 복용하지 마십시오. 이 약을 복용하기 전에 코르티코스테로이드, 알코올, 디곡신, 페니토인, 프로베네시드, 설핀피라존, 설포닐우레아제, ACE 억제제 또는 안지오텐신Ⅱ 수용체 길항제, 이뇨제, 리튬, 쿠마린계 항응고제 (와파린 등), 바클로펜, 면역억제제 (시클로스포린, 타크로리무스, 시롤리무스), 혈전용해제, 티클로피딘, 항혈전제, 혈중 칼륨농도를 증가시키는 약물 (칼륨 저류형 이뇨제, ACE 억제제, 안지오텐신Ⅱ 수용체 길항제, 시클로스포린과 타크로리무스와 같은 면역억제제, 트리메토프림, 헤파린 등), CYP2C8, CYP2C9 유도제 (리팜피신, 페노바르비탈), 저용량 (15mg/주 미만)의 메토트렉세이트, 항혈소판제 및 선택적 세로토닌 재흡수 억제제를 투여하는 환자는 의사 또는 약사와 상의하십시오."
202003662,이브원큐에스연질캡슐(이부프로펜),이브원큐에스,이부프로펜,동아제약(주),https://nedrug.mfds.go.kr/pbp/cmn/itemImageDownload/1NvwvvpEN-r,"고용량 메토트렉세이트, 다른 비스테로이드성 소염(항염)진통제(NSAIDs)와 함께 복용하지 마십시오. 저용량 아스피린, ACE 억제제, 리튬, 푸로세미드 및 티아지드계 이뇨제, 저용량 메토트렉세이트, 쿠마린계 항응혈제(와파린 등), 선택적 세로토닌 재흡수억제제와 함께 복용 시 의사 또는 약사와 상의하십시오."
202003699,베아파모정10밀리그램(파모티딘),베아파모,파모티딘,대웅바이오(주),https://nedrug.mfds.go.kr/pbp/cmn/itemImageDownload/1NVEnjhkQ4O,"이 약을 복용하기 전에 비스테로이드성 소염(항염)진통제, 무좀치료제 및 항진균제(이트라코나졸 및 포사코나졸 경구현탁액 등), 티로신 키나아제 억제제(다사티닙, 엘로티닙, 게피티니브, 파조파닙 등)를 복용하는 환자는 의사 또는 약사와 상의하십시오. 정주용 지질제를 투여받고 있는 환자는 의사 또는 약사와 상의하십시오. 알코올이 함유된 음료와 함께 복용하지 마십시오."
202003708,"아이엔점안액(순), 아이엔점안액(쿨), 아이엔점안액(쿨하이)","아이엔점안액, 아이엔점안액, 아이엔",쿨하이,대우제약(주),,
202003733,파워비큐액,파워비큐,,경남제약(주),,"인산염, 칼슘염, 경구용 테트라사이클린계 제제, 제산제, 레보도파와 함께 복용하지 마십시오. 에스트로겐을 포함한 경구용 피임제, 항알도스테론제, 트리암테렌과 함께 복용 시 의사 또는 약사와 상의하십시오. 녹차, 홍차 등 탄닌을 함유하는 차는 복용 중, 복용 전후에는 피하십시오."
202003761,브로나인장용정(브로멜라인),브로나인장용,브로멜라인,(주)일화,https://nedrug.mfds.go.kr/pbp/cmn/itemImageDownload/1OnErPceaiq,항응고제 또는 혈소판응집억제제와 함께 복용하지 마십시오. 이 약을 복용하기 전에 항생제(테트라싸이클린 등)를 투여하고 있는 환자는 의사 또는 약사와 상의하십시오.
202003789,치치렌정(디오스민),치치렌,디오스민,주식회사더유제약,https://nedrug.mfds.go.kr/pbp/cmn/itemImageDownload/1PRRb_Rik6B,
202003827,레비타점안액(폴리소르베이트80)(1회용),레비타,1회용,(주)이든파마,,
202003788,덱스원큐에스연질캡슐(덱시부프로펜),덱스원큐에스,덱시부프로펜,동아제약(주),https://nedrug.mfds.go.kr/pbp/cmn/itemImageDownload/1NvwvvpEO07,"다른 비스테로이드성 소염진통제, 아스피린을 사용하지 마십시오. 코르티코스테로이드, 알코올, 디곡신, 페니토인, 프로베네시드, 설핀피라존, 설포닐우레아제, ACE 억제제 또는 안지오텐신Ⅱ 수용체 길항제, 이뇨제, 리튬, 쿠마린계 항응고제, 바클로펜, 면역억제제(시클로스포린, 타크로리무스, 시롤리무스), 혈전용해제, 티클로피딘, 항혈전제, 혈중 칼륨농도를 증가시키는 약물(칼륨 저류형 이뇨제, ACE 억제제, 안지오텐신-Ⅱ 수용체 길항제, 시클로스포린, 타크로리무스, 트리메토프림, 헤파린 등), CYP2C8, CYP2C9의 유도제(리팜피신, 페노바르비탈), 저용량(15 mg/주 미만)의 메토트렉세이트, 항혈소판제 및 선택적 세로토닌 재흡수 억제제, 심근경색이나 뇌졸중 예방목적으로 저용량 아스피린을 함께 복용 시 의사 또는 약사와 상의하십시오."
202003848,"미안점안액(순), 미안점안액(쿨), 미안점안액(쿨하이)","미안점안액, 미안점안액, 미안",쿨하이,일양약품(주),,
202003864,장이락산(바실루스리케니포르미스균),장이락,바실루스리케니포르미스균,광동제약(주),,"시프로플록사신, 이미페넴, 실라스타틴나트륨과 함께 복용 시 의사 또는 약사와 상의하십시오."
202003868,엘도트린캡슐(에르도스테인),엘도트린,에르도스테인,에이치엘비제약(주),https://nedrug.mfds.go.kr/pbp/cmn/itemImageDownload/1NOwp2F64x5,기침약을 복용중인 사람은 의사 또는 약사와 상의하십시오.
202003917,헤모데이캡슐(폴리사카리드철착염),헤모데이,폴리사카리드철착염,(주)시어스제약,https://nedrug.mfds.go.kr/pbp/cmn/itemImageDownload/1NOwp2F647A,"인산염, 칼슘염, 경구용 테트라사이클린계 항생제, 제산제와 함께 복용하지 마십시오.철 함유제제(철분제, MRI용 간장 조영제 등), 항알도스테론제, 트리암테렌, 퀴놀론계, 페니실라민, 콜레스티라민, 췌장엑스 및 비타민 E와 같은 제제, 디포스폰산 염류, 티록신, 세프디니르 제제, 200 ㎎ 이상의 아스코르빈산(비타민 C)과 함께 복용 시 의사 또는 약사와 상의하십시오.녹차, 홍차 등 탄닌을 함유하는 차 및 우유ㆍ유제품은 복용 중, 복용 전후에는 피하십시오."
202003978,브롤라인장용정(브로멜라인),브롤라인장용,브로멜라인,대화제약(주),https://nedrug.mfds.go.kr/pbp/cmn/itemImageDownload/1OJwvDq2oyQ,"항응고제, 혈소판응집억제제와 함께 복용하지 마십시오.항생제(테트라싸이클린 등)와 함께 복용 시 의사 또는 약사와 상의하십시오."
202003877,나프원큐에스연질캡슐(나프록센),나프원큐에스,나프록센,동아제약(주),https://nedrug.mfds.go.kr/pbp/cmn/itemImageDownload/1NoOiJmZUtt,"다른 비스테로이드성 소염[항염]진통제(NSAIDs), 나프록센 유도체와 함께 복용하지 마십시오. 히단토인계 항간질제, 설파제, 설포닐요소계 혈당강하제, 프로프라놀롤 및 다른 -차단제, ACE 저해제[억제제](캅토프릴 등), 루프계 이뇨제 및 치아짓계 이뇨제, 프로베네시드, 아스피린, 리튬, 메토트렉세이트, 쿠마린계 항응혈제(와파린 등), 지도부딘, 뉴퀴놀론계 항생물질(에녹사신 등)과 함께 복용 시 의사 또는 약사와 상의하십시오."
202003994,엑세라민프로정,엑세라민프로,,일동제약(주),https://nedrug.mfds.go.kr/pbp/cmn/itemImageDownload/1NOwp2F6Jqb,"인산염, 칼슘염, 경구용 테트라사이클린계 제제, 제산제, 레보도파와 함께 복용하지 마십시오. 항알도스테론제, 트리암테렌과 함께 복용 시 의사 또는 약사와 상의하십시오. 녹차, 홍차 등 탄닌을 함유하는 차는 복용 중, 복용 전후에는 피하십시오."
202004017,브로멜란장용정(브로멜라인),브로멜란장용,브로멜라인,(주)테라젠이텍스,https://nedrug.mfds.go.kr/pbp/cmn/itemImageDownload/1PJOectnJYS,"항응고제, 혈소판응집억제제를 투여 중인 환자는 이 약을 복용하지 마십시오. 이 약을 복용하기 전에 항생제(테트라싸이클린 등)를 투여하고 있는 환자는 의사 또는 약사와 상의하십시오."
202004020,밸리씬정(방풍통성산건조엑스(4.6→1)),밸리씬,방풍통성산건조엑스,케이엠에스제약(주),https://nedrug.mfds.go.kr/pbp/cmn/itemImageDownload/1OnUY_VtDa7,"다른 설사약과 함께 복용하지 마십시오.마황 또는 에페드린 함유제제, MAO억제제, 갑상선제제(티록신, 리오치오닌), 카테콜아민제제(에피네프린, 이소프레날린), 크산틴계제제(테오필린, 디프로필린), 칼륨함유제제, 감초함유제제, 글리시리진산 또는 그 염류 함유제제, 루프계 이뇨제(푸로세미드, 에타크린산), 티아지드계 이뇨제(트리클로르메티아지드)와 함께 복용 시 의사 또는 약사와 상의하십시오."
202004088,마그페롤플러스연질캡슐,마그페롤플러스,,지엘팜텍(주),https://nedrug.mfds.go.kr/pbp/cmn/itemImageDownload/1NOwp2F65gx,"인산염, 칼슘염, 경구용 테트라사이클린계 제제, 제산제, 레보도파와 함께 복용하지 마십시오.에스트로겐을 포함한 경구용 피임제, 항알도스테론제, 트리암테렌, 정주용 지질제와 함께 사용 시 의사 또는 약사와 상의하십시오.녹차, 홍차 등 탄닌을 함유하는 차는 복용 중, 복용 전후에는 피하십시오."
202004112,장이락캡슐(바실루스리케니포르미스균),장이락,바실루스리케니포르미스균,광동제약(주),https://nedrug.mfds.go.kr/pbp/cmn/itemImageDownload/1NOwp2F6JZ2,"시프로플록사신, 이미페넴, 실라스타틴나트륨과 함께 사용 시 의사 또는 약사와 상의하십시오."
202004223,신신플루넥연조엑스(구풍해독탕),신신플루넥연조,구풍해독탕,신신제약(주),,"다른 한약(생약)제제, 칼륨함유제제, 감초함유제제, 글리시리진산 또는 그 염류 함유제제, 루프계 이뇨제(푸로세미드, 에타크린산) 또는 티아지드계 이뇨제(트리클로르메티아지드)와 함께 복용 시 의사 또는 약사와 상의하십시오."
202004224,다산알벤다졸정400밀리그램,다산알벤다졸,,(주)다산제약,https://nedrug.mfds.go.kr/pbp/cmn/itemImageDownload/1NOwp2F66xS,"이 약을 복용하는 동안 테오필린, 시메티딘, 프라지콴텔, 덱사메타손, 리토나비르, 페니토인, 카르바마제핀, 페노바르비탈을 함께 복용하지 마십시오."
202004238,콜드브레이크캡슐,콜드브레이크,,알파제약(주),https://nedrug.mfds.go.kr/pbp/cmn/itemImageDownload/1OGYzwP1L7i,"MAO 억제제(항우울제, 항정신병제, 감정조절제, 항파킨슨제 등), 진해거담제(기침·가래약), 다른 감기약, 해열진통제, 진정제, 항히스타민제를 함유하는 내복약(비염[코염]용 경구제, 멀미약, 알레르기용약)과 함께 복용하지 마십시오. 바르비탈계 약물, 삼환계 항우울제 및 알코올, 당뇨약, 통풍약, 관절염약, 항응고제, 스테로이드제 등 다른 약물을 투여 받고 있는 사람은 의사 또는 약사와 상의하십시오."
202004247,알젠다졸정(알벤다졸),알젠다졸,알벤다졸,주식회사더유제약,https://nedrug.mfds.go.kr/pbp/cmn/itemImageDownload/1NbgIvS1r6m,"이 약을 복용하는 동안 테오필린, 시메티딘, 프라지콴텔, 덱사메타손, 리토나비르, 페니토인, 카르바마제핀, 페노바르비탈을 함께 복용하지 마십시오."
202004278,시어스테그프리미움겔9.6%(리도카인),시어스테그프리미움,리도카인,(주)시어스제약,,
202004286,테리나플러스크림,테리나플러스,,시믹씨엠오코리아주식회사,,
202004385,덱스녹실정(덱스판테놀),덱스녹실,덱스판테놀,현대약품(주),https://nedrug.mfds.go.kr/pbp/cmn/itemImageDownload/1NXVKYFvlMP,
202004515,이바나파연고(덱사메타손),이바나파,덱사메타손,태극제약(주),,
202004530,풋파인크림1%(테르비나핀염산염),풋파인,테르비나핀염산염,(주)아이월드제약,,
202004532,새로덱스정100밀리그램(덱스판테놀),새로덱스,덱스판테놀,(주)팜젠사이언스,https://nedrug.mfds.go.kr/pbp/cmn/itemImageDownload/1NXqH06PVDe,
202004542,맥세렌디정,맥세렌디,,맥널티제약(주),https://nedrug.mfds.go.kr/pbp/cmn/itemImageDownload/1NUguTYAPr9,"인산염, 칼슘염, 경구용 테트라사이클린계 제제, 제산제와 함께 복용하지 마십시오. 녹차, 홍차 등 탄닌을 함유하는 차는 복용 중, 복용 전후에는 피하십시오."
202004644,리케락캡슐(바실루스리케니포르미스균),리케락,바실루스리케니포르미스균,동국제약(주),https://nedrug.mfds.go.kr/pbp/cmn/itemImageDownload/1OKRXo9l4Bh,"시프로플록사신, 이미페넴, 실라스타틴나트륨과 함께 복용할 시 의사 또는 약사와 상의하십시오."
202004701,리케락산(바실루스리케니포르미스균),리케락,바실루스리케니포르미스균,동국제약(주),,"시프로플록사신, 이미페넴, 실라스타틴나트륨과 함께 복용 시 의사 또는 약사와 상의하십시오."
202004825,콘조탑골드600정,콘조탑골드600,,(주)일화,https://nedrug.mfds.go.kr/pbp/cmn/itemImageDownload/1NRID60LgIx,레보도파와 함께 복용하지 마십시오.
202004710,에스빌이부연질캡슐200밀리그램(이부프로펜),에스빌이부,이부프로펜,(주)킵스바이오파마,https://nedrug.mfds.go.kr/pbp/cmn/itemImageDownload/1NOwp2F6CiY,"고용량 메토트렉세이트, 다른 비스테로이드성 소염진통제와 함께 이 약을 복용하지 마십시오. 이 약을 복용하기 전에 저용량 아스피린, ACE 저해제 복용자, 리튬, 푸로세미드 및 티아지드계 이뇨제, 저용량 메토트렉세이트, 쿠마린계 항응혈제(와파린 등), 선택적 세로토닌 재흡수억제제를 복용하는 환자는 의사 또는 약사와 상의하십시오."
202004867,돌체락원스산,돌체락원스,,삼진제약(주),,"경구투여 약물(항간질약 등), 알코올에는 잘 녹고, 물에는 상대적으로 용해도가 낮은 약과 함께 복용하지 마십시오. 이 약에 함유된 폴리에틸렌글리콜3350에 의해 용해도가 증가할 수 있습니다."
202004872,소겐큐정,소겐큐,,(주)한국파비스제약,https://nedrug.mfds.go.kr/pbp/cmn/itemImageDownload/1NDXmGS9fC0,"스테로이드제, 항생물질, 항암제, 아졸계 항진균제, 다른 위장약과 함께 복용하지 마십시오.기관지확장제(테오필린 등), 혈액응고저지제(와파린 등), 항전간제(페니토인 등), 벤조디아제핀계 약제(디아제팜, 트리아졸람 등), 삼환계항우울제(이미프라민 등), 협심증·고혈압 치료제(베타-차단제 프로프라놀롤 등), 칼슘길항제(니페디핀 등), 부정맥치료제(멕실레틴 등), 마크로라이드계 항생물질(테트라사이클린 등), 뉴퀴놀론계 항균제(오플록사신 등), 테트라사이클린계 항생물질과 함께 사용 시 의사 또는 약사와 상의하십시오.복용 중에는 알코올성 음료를 피하십시오."
202004930,뉴락스에프정,뉴락스에프,,태극제약(주),https://nedrug.mfds.go.kr/pbp/cmn/itemImageDownload/1NNuh6mJnaU,제산제와 함께 복용하지 마십시오. 우유 섭취 후 1시간 이내에 이 약을 복용하지 마십시오.
202004950,케프로텍카타플라스마(케토프로펜),케프로텍카타플라스마,케토프로펜,현대약품(주),,
202004970,베베클나잘스프레이(염화나트륨),베베클나잘스프레이,염화나트륨,제이더블유중외제약(주),,
202005006,페인엔젤레이디연질캡슐,페인엔젤레이디,,제이더블유중외제약(주),https://nedrug.mfds.go.kr/pbp/cmn/itemImageDownload/1PEPKBUcc5R,"다른 해열진통제, 감기약, 진정제와 함께 복용하지 마십시오. 당뇨약, 통풍약, 관절염약, 항응고제, 스테로이드제, 이뇨제, 저용량 아스피린과 함께 복용 시 의사 또는 약사와 상의하십시오. 복용 중에는 음주하지 마십시오."
202005018,코푸엔에스시럽,코푸엔에스,,(주)제뉴파마,,"MAO억제제(항우울제, 항정신병제, 감정조절제, 항파킨슨제 등), 다른 진해거담제, 감기약, 항히스타민제, 진정제, 알코올과 함께 복용하지 마십시오.복용 중에는 음주하지 마십시오."
202005041,쎈파워비타연질캡슐,쎈파워비타,,(주)텔콘알에프제약,https://nedrug.mfds.go.kr/pbp/cmn/itemImageDownload/1NearEtoZt3,
202005052,브로젠장용정45mg(브로멜라인),브로젠장용,브로멜라인,이연제약(주),https://nedrug.mfds.go.kr/pbp/cmn/itemImageDownload/1NOwp2F6NZh,"항응고제, 혈소판응집억제제와 함께 복용하지 마십시오.항생제(테트라싸이클린 등)와 함께 복용 시 의사 또는 약사와 상의하십시오."
202005203,히알핑점안액(히알루론산나트륨),히알핑,히알루론산나트륨,현대약품(주),,
202005205,아이리스케어점안액(폴리데옥시리보뉴클레오티드나트륨)(1회용),아이리스케어,1회용,삼천당제약(주),,
202005237,그린헥시딘가글액0.12%(클로르헥시딘글루콘산염액),그린헥시딘가글,클로르헥시딘글루콘산염액,(주)그린제약,,
202005249,비엘비정,비엘비,,한국코러스(주),https://nedrug.mfds.go.kr/pbp/cmn/itemImageDownload/1NRstGF7DCM,"인산염, 칼슘염, 경구용 테트라사이클린계 제제, 제산제, 레보도파와 함께 복용하지 마십시오. 에스트로겐을 포함한 경구용 피임제, 항알도스테론제, 트리암테렌과 함께 복용 시 의사 또는 약사와 상의하십시오. 녹차, 홍차 등 탄닌을 함유하는 차는 복용 중, 복용 전후에는 피하십시오."
202005275,뮤코에이시럽,뮤코에이,,(주)보령바이오파마,,"경구용 항생물질(아목시실린, 세푸록심, 독시사이클린, 에리스로마이신, 티암페니콜), 알코올, 중추신경억제제, 클로르페니라민을 함께 사용 시 의사 또는 약사와 상의하십시오."
202005449,액티비씨정,액티비씨,,경남제약(주),https://nedrug.mfds.go.kr/pbp/cmn/itemImageDownload/1NOwp2F6KGG,"인산염, 칼슘염, 경구용 테트라사이클린계 제제, 제산제, 레보도파와 함께 복용하지 마십시오.에스트로겐을 포함한 경구용 피임제, 항알도스테론제, 트리암테렌과 함께 복용 시 의사 또는 약사와 상의하십시오.녹차, 홍차 등 탄닌을 함유하는 차는 복용 중, 복용 전후에는 피하십시오."
202005464,팜편안엠정,팜편안엠,,코스맥스파마(주),https://nedrug.mfds.go.kr/pbp/cmn/itemImageDownload/1O597tTUEiB,"스테로이드제, 항생물질, 항암제, 아졸계 항진균제, 알콜음료, 다른 위장약과 함께 복용하지 마십시오. 기관지확장제(테오필린 등), 혈액응고저지제(와르파린 등), 항전간제(페니토인 등), 벤조디아제핀계 약제(디아제팜, 트리아졸람 등), 삼환계항우울제(이미프리민 등), 협심증·고혈압 치료제(베타-차단제 프로프라놀롤 등), 칼슘길항제(니페디핀 등), 부정매치료제(멕실레틴 등), 마크로라이드계 항생물질(테트라사이클린 등), 뉴-퀴놀론계 항균제(오플록사신 등), 테트라사이클린계 항생물질 및 뉴-퀴놀론계 항균제와 함께 복용 시 의사 또는 약사와 상의하십시오."
202005474,"시크린점안액(순),시크린점안액(쿨),시크린점안액(쿨하이)","시크린점안액,시크린점안액,시크린",쿨하이,조아제약(주),,
202005495,벤포스정,벤포스,,알리코제약(주),https://nedrug.mfds.go.kr/pbp/cmn/itemImageDownload/1Nz64xJO6KY,레보도파와 함께 복용하지 마십시오.
202005491,테라록센연질캡슐(나프록센),테라록센,나프록센,(주)테라젠이텍스,https://nedrug.mfds.go.kr/pbp/cmn/itemImageDownload/1NOwp2F6Bh5,"다른 비스테로이드성 소염진통제 및 나프록센 유도체와 함께 복용하지 마십시오. 히단토인계 항간질제, 설파제, 설포닐요소계 혈당강하제, 프로프라놀롤 및 다른 -차단제, ACE 저해제(캅토프릴 등), 루프계 및 티아지드계 이뇨제, 프로베네시드, 아스피린, 리튬, 메토트렉세이트, 쿠마린계 항응혈제(와파린 등), 지도부딘, 뉴퀴놀론계 항생물질(에녹사신 등)과 함께 복용 시 의사 또는 약사와 상의하십시오."
202005496,루피엔연질캡슐(이부프로펜),루피엔,이부프로펜,(주)바스칸바이오제약,https://nedrug.mfds.go.kr/pbp/cmn/itemImageDownload/1NOwp2F6D7i,"다른 비스테로이드성 소염진통제, 고용량의 메토트렉세이트와 함께 복용하지 마십시오. 저용량 아스피린, ACE 저해제, 리튬, 푸로세미드 및 티아지드계 이뇨제, 저용량의 메토트렉세이트, 쿠마린계 항응혈제(와파린 등), 선택적 세로토닌 재흡수억제제와 함께 복용 시 의사 또는 약사와 상의하십시오."
202005599,디카듀오정100/1000,디카듀오정100/1000,,대웅바이오(주),https://nedrug.mfds.go.kr/pbp/cmn/itemImageDownload/1Pn9qM67oDW,"인산염, 칼슘염, 경구용 테트라사이클린계 제제, 제산제와 함께 복용하지 마십시오. 강심배당체, 항알도스테론제, 트리암테렌과 함께 복용 시 의사 또는 약사와 상의하십시오. 녹차, 홍차 등 탄닌을 함유하는 차는 복용 중, 복용 전후에는 피하십시오."
202005623,어린이타이레놀산160밀리그램(아세트아미노펜),어린이타이레놀,아세트아미노펜,켄뷰코리아판매유한회사,,"바르비탈계 약물, 삼환계 항우울제, 알코올, 다른 소염(항염)진통제와 함께 복용하지 마십시오. 와파린, 플루클록사실린과 함께 복용 시 의사 또는 약사와 상의하십시오."
202005641,가네치온정100밀리그램(글루타티온(환원형)),가네치온,글루타티온,주식회사더유제약,https://nedrug.mfds.go.kr/pbp/cmn/itemImageDownload/1PYbmiyGt7b,
202005642,잇티플란트페이스트(에녹솔론),잇티플란트페이스트,에녹솔론,주식회사더유제약,,
202005650,아나프리스프레이,아나프리스프레이,,(주)그린제약,,"혈압강하제, 항우울약과 함께 사용하지 마십시오."
202005763,피아렌점안액(폴리데옥시리보뉴클레오티드나트륨)(1회용),피아렌,1회용,(주)옵투스제약,,
202005892,노펜펠비낙카타플라스마(펠비낙),노펜펠비낙카타플라스마,펠비낙,제이더블유중외제약(주),,
202005973,리치칼비정,리치칼비,,미래바이오제약(주),https://nedrug.mfds.go.kr/pbp/cmn/itemImageDownload/1NQk_pnrA77,제산제와 함께 복용하지 마십시오.우유 섭취 후 1시간 이내에 이 약을 복용하지 마십시오.
202005998,파머티딘정(파모티딘),파머티딘,파모티딘,부광약품(주),,"이 약을 복용하기 전에 비스테로이드성 소염(항염)진통제, 무좀치료제 및 항진균제(이트라코나졸 및 포사코나졸 경구현탁액 등), 티로신 키나아제 억제제(다사티닙, 엘로티닙, 게피티니브, 파조파닙 등)를 복용하는 환자는 의사 또는 약사와 상의하십시오. 복용 중에는 음주하지 마십시오."
202006021,제놀빅카타플라스마(펠비낙),제놀빅카타플라스마,펠비낙,(주)녹십자,,
202006143,브로멜장용정45밀리그램(브로멜라인),브로멜장용,브로멜라인,(주)경보제약,https://nedrug.mfds.go.kr/pbp/cmn/itemImageDownload/1NNuh6mJpLd,"항응고제, 혈소판응집억제제와 함께 복용하지 마십시오.항생제(테트라싸이클린 등)와 함께 복용 시 의사 또는 약사와 상의하십시오."
202006186,판덱스정(덱스판테놀),판덱스,덱스판테놀,(주)씨엠지제약,https://nedrug.mfds.go.kr/pbp/cmn/itemImageDownload/1NhoLkusiFD,
202006196,데일리질정(클로트리마졸),데일리질,클로트리마졸,아이큐어(주),https://nedrug.mfds.go.kr/pbp/cmn/itemImageDownload/1NOwp2F6HS9,경구용 타크로리무스(FK-506; 면역억제제)와 함께 사용하지 마십시오.
202006338,리쥬셀크림(리도카인),리쥬셀,리도카인,(주)팜젠사이언스,,
202006359,글린타민캡슐,글린타민,,엔비케이제약(주),https://nedrug.mfds.go.kr/pbp/cmn/itemImageDownload/1OSm8xoWjxb,
202006366,알미틴플러스정,알미틴플러스,,(주)바스칸바이오제약,https://nedrug.mfds.go.kr/pbp/cmn/itemImageDownload/1NbgIvS1r04,"테트라사이클린계 항생제와 함께 복용하지 마십시오. 디곡신, 캅토프릴, 시메티딘, 라니티딘, 파모티딘, 테오필린, 프로프라놀롤, 아테놀롤, 황산철, 클로르프로마진, 아세틸살리실산, 나프록센, 메토프롤롤, 레보도파, 시프로플록사신, 오플록사신, 케토데옥시콜린산, 불화나트륨, 이소니아지드, 에녹사신, 노르플록사신, 레보티록신, 쿠마린유도체, 철, 탄산음료와 함께 복용 시 의사 또는 약사와 상의하십시오. 알루미늄이 함유된 제산제의 복용후, 1∼2시간 이내에 다른 약물의 복용을 피하십시오."
202006448,터비졸플러스크림,터비졸플러스,,일양약품(주),,프로필렌글리콜과 함께 사용 시 의사 또는 약사와 상의하십시오.
202006476,시메탑정,시메탑,,아이큐어(주),https://nedrug.mfds.go.kr/pbp/cmn/itemImageDownload/1NRstGF7D8r,"스테로이드제, 항생물질, 항암제, 아졸계 항진균제, 다른 위장약, 알콜음료와 함께 복용하지 마십시오. 기관지확장제(테오필린 등), 혈액응고저지제(와르파린 등), 항전간제(페니토인 등), 벤조디아제핀계 약제(디아제팜, 트리아졸람 등), 삼환계항우울제(이미프리민 등), 협심증·고혈압 치료제(베타-차단제 프로프라놀롤 등), 칼슘길항제(니페디핀 등), 부정맥치료제(멕실레틴 등), 마크로라이드계 항생물질(테트라사이클린 등), 뉴-퀴놀론계 항균제(오플록사신 등), 테트라사이클린계 항생물질 및 뉴-퀴놀론계 항균제와 함께 복용 시 의사 또는 약사와 상의하십시오."
202006701,다모판텐정100밀리그램(덱스판테놀),다모판텐,덱스판테놀,맥널티제약(주),https://nedrug.mfds.go.kr/pbp/cmn/itemImageDownload/1NhoLkusiFv,
202006755,엘앤씨메가펜정(아세트아미노펜제피세립),엘앤씨메가펜,아세트아미노펜제피세립,(주)엘앤씨바이오,https://nedrug.mfds.go.kr/pbp/cmn/itemImageDownload/1NRstGF7DEj,"바르비탈계 약물, 삼환계 항우울제, 알코올, 다른 소염(항염)진통제와 함께 복용하지 마십시오. 리튬, 치아짓계 이뇨제와 함께 복용 시 의사 또는 약사와 상의하십시오."
202006761,이부스타플라스타(이부프로펜),이부스타플라스타,이부프로펜,신신제약(주),,아스피린 또는 비스테로이드성 소염(항염)진통제와 함께 사용하지 마십시오.
202006967,벤포액티브연질캡슐,벤포액티브,,현대약품(주),https://nedrug.mfds.go.kr/pbp/cmn/itemImageDownload/1NgBQQRiuYs,"인산염, 칼슘염, 경구용 테트라사이클린계 제제, 제산제, 레보도파와 함께 복용하지 마십시오. 에스트로겐을 포함한 경구용 피임제, 항알도스테론제, 트리암테렌, 정주용 지질제와 함께 복용 시 의사 또는 약사와 상의하십시오. 녹차, 홍차 등 탄닌을 함유하는 차는 복용 중, 복용 전후에 피하십시오."
202006820,파모위튼정10밀리그램(파모티딘),파모위튼,파모티딘,맥널티제약(주),https://nedrug.mfds.go.kr/pbp/cmn/itemImageDownload/1NUguTYAPqp,"이 약을 복용하기 전에 비스테로이드성 소염(항염)진통제, 무좀치료제 및 항진균제(이트라코나졸 및 포사코나졸 경구현탁액 등), 티로신 키나아제 억제제(다사티닙, 엘로티닙, 게피티니브, 파조파닙 등)를 복용하는 환자는 의사 또는 약사와 상의하십시오. 알코올이 함유된 음료와 함께 복용하지 마십시오."
202006992,콜콜트로키,콜콜트로키,,조아제약(주),https://nedrug.mfds.go.kr/pbp/cmn/itemImageDownload/1NRID60LgJc,"MAO억제제(항우울제, 항정신병제, 감정조절제, 항파킨슨제 등), 다른 진해거담제, 감기약, 항히스타민제를 함유하는 내복약(비염용 경구제, 멀미약, 알레르기용약), 진정제와 함께 복용하지 마십시오. 복용 중에는 음주하지 마십시오."
202007060,아시클로크림(아시클로버),아시클로,아시클로버,시믹씨엠오코리아주식회사,,
202007065,엔드콜에프과립,엔드콜에프,,정우신약(주),,"MAO억제제(항우울제, 항정신병제, 감정조절제, 항파킨슨제 등), 진해(기침을 그치게 함)거담제(가래약), 다른 감기약, 해열진통제, 진정제, 항히스타민제를 함유하는 내복약(비염(코염)용 경구제, 멀미약, 알레르기용약)과 함께 복용하지 마십시오. 당뇨약, 통풍약, 관절염약, 항응고제, 스테로이드제, 바르비탈계 약물, 삼환계 항우울제 및 알코올, 칼륨함유제제, 감초함유제제, 글리시리진산 또는 그 염류 함유제제, 루프계 이뇨제(푸로세미드, 에타크린산) 또는 티아지드계 이뇨제(트리클로르메티아지드) 등과 함께 복용 시 의사 또는 약사와 상의하십시오. 복용 시 음주하지 마십시오."
202007078,멀티브큐골드정,멀티브큐골드,,미래바이오제약(주),https://nedrug.mfds.go.kr/pbp/cmn/itemImageDownload/1NbCdZpz8ZE,"인산염, 칼슘염, 경구용 테트라사이클린계 제제, 제산제, 레보도파와 함께 복용하지 마십시오. 강심배당체, 에스트로겐을 포함한 경구용 피임제, 항알도스테론제, 트리암테렌과 함께 복용 시 의사 또는 약사와 상의하십시오. 녹차, 홍차 등 탄닌을 함유하는 차는 복용 중, 복용 전후에는 피하십시오."
202007081,엠비오캡슐(엔테로코쿠스페슘스트레인세르넬레68균),엠비오,엔테로코쿠스페슘스트레인세르넬레68균,(주)인트로바이오파마,,"암피실린, 클로람페니콜, 세팔로리딘과 함께 사용 시 의사 또는 약사와 상의하십시오."
202007119,케어모닉정100밀리그램(덱스판테놀),케어모닉,덱스판테놀,주식회사더유제약,https://nedrug.mfds.go.kr/pbp/cmn/itemImageDownload/1NXqH06PVJs,약물의 상호작용을 피하기 위하여 최근 치료 상황을 의사나 약사에게 알리십시오.
202007130,셀레뉴원포르테액,셀레뉴원포르테,,(주)한국비엠아이,,"인산염, 칼슘염, 경구용 테트라사이클린계 제제, 제산제와 함께 복용하지 마십시오. 항알도스테론제, 트리암테렌과 함께 복용 시 의사 또는 약사와 상의하십시오. 녹차, 홍차 등 탄닌을 함유하는 차는 복용 중, 복용 전후에 피하십시오."
202007142,센스락유연질캡슐,센스락유,,현대약품(주),https://nedrug.mfds.go.kr/pbp/cmn/itemImageDownload/1NgBQQRiuYW,제산제 또는 우유 섭취 후 1시간이내에 이 약을 복용하지 마십시오. 정주용 지질제와 함께 복용 시 의사 또는 약사와 상의하십시오.
202007332,콘트로본600정,콘트로본600,,(주)시어스제약,https://nedrug.mfds.go.kr/pbp/cmn/itemImageDownload/1NcKioYQEfs,"인산염, 칼슘염, 경구용 테트라사이클린계 제제, 제산제, 레보도파와 함께 복용하지 마십시오. 녹차, 홍차 등 탄닌을 함유하는 차는 복용 중, 복용 전후에는 피하십시오."
202007294,게보린릴랙스연질캡슐,게보린릴랙스,,삼진제약(주),https://nedrug.mfds.go.kr/pbp/cmn/itemImageDownload/1NXqH06PVHI,"다른 해열진통제, 감기약, 진정제와 함께 복용하지 마십시오. 당뇨약, 통풍약, 관절염약, 항응고제, 스테로이드제, 이뇨제, 저용량 아스피린과 함께 복용 시 의사 또는 약사와 상의하십시오. 복용 중에는 음주하지 마십시오."
202007568,세코라시럽,세코라,,하나제약(주),,"아목시실린, 세푸록심, 독시사이클린, 에리스로마이신, 치암페니콜과 함께 복용 시 적어도 2시간의 간격을 두고 복용하십시오. 알코올, 중추신경억제제와 함꼐 복용 시 졸음을 유발할 수 있습니다. 클로르페니라민과 함께 복용 시 의사 또는 약사와 상의하십시오."
202007317,알파디연질캡슐(알파칼시돌),알파디,알파칼시돌,익수제약(주),https://nedrug.mfds.go.kr/pbp/cmn/itemImageDownload/1NNuh6mJpIB,"마그네슘 함유제제, 비타민 D와 그 유도체, 칼슘 함유제제 또는 치아지드계 이뇨제와 함께 복용하지 마십시오. 이 약을 복용하기 전에 디기탈리스를 복용 중인 환자, 콜레스티라민 같은 수지나 사하제인 미네랄 오일을 복용 중인 환자, 페니토인과 글루코코르티코이드, 콜레스티폴, 수크랄페이트 또는 알루미늄이 다량 함유된 제산제를 복용 중인 환자, 에스트로겐(에치닐에스트라디올, 노르에티스테론)을 복용 중인 환자, 바르비탈계 약물 또는 항전간제를 복용 중인 환자는 의사 또는 약사와 상의하십시오."
202007594,셀라손크림,셀라손,,(주)텔콘알에프제약,,
202007434,조아파모티딘정10밀리그램,조아파모티딘,,조아제약(주),,"이 약을 복용하기 전에 비스테로이드성 소염(항염)진통제, 무좀치료제 및 항진균제(이트라코나졸 및 포사코나졸 경구현탁액 등), 티로신 키나아제 억제제(다사티닙, 엘로티닙, 게피티니브, 파조파닙 등)를 복용하는 환자는 의사 또는 약사와 상의하십시오. 복용 중에는 음주하지 마십시오."
202007638,벤포칸정,벤포칸,,한국코러스(주),https://nedrug.mfds.go.kr/pbp/cmn/itemImageDownload/1NQDCuOtsJp,레보도파와 함께 복용하지 마십시오.
202007707,아크스팟크림,아크스팟,,시믹씨엠오코리아주식회사,,
202007739,테라콜드연질캡슐,테라콜드,,코스맥스파마(주),https://nedrug.mfds.go.kr/pbp/cmn/itemImageDownload/1NS_W1EmQcT,"아세트아미노펜을 포함하는 다른 제품, MAO억제제(항우울제, 항정신병제, 감정조절제, 항파킨슨제 등), 진해거담제, 다른 감기약, 해열진통제, 진정제, 항히스타민제를 함유하는 내복약(비염용 경구제, 멀미약, 알레르기용약)과 함께 복용하지 마십시오. 당뇨약, 통풍약, 관절염약, 항응고제, 스테로이드제, 바르비탈계 약물, 삼환계 항우울제, 알코올과 함께 복용 시 의사 또는 약사와 상의하십시오. 복용 중에는 음주하지 마십시오."
202007803,자연한방고카타플라스마,자연한방고카타플라스마,,경방신약(주),,
202007781,쿨럭콜드시럽,쿨럭콜드,,경방신약(주),,"MAO 억제제(항우울제, 항정신병제, 감정조절제, 항파킨슨제 등), 진해거담제, 다른 감기약, 해열진통제, 진정제, 항히스타민제를 함유하는 내복약(비염용 경구제, 멀미약, 알레르기용약)과 함께 복용하지 마십시오. MAO억제제(항우울제, 항정신병제, 감정조절제, 항파킨슨제 등) 복용을 중단한 후 2주 이내의 사람은 이 약을 복용하지 마십시오. 이 약을 복용하기 전에 당뇨약, 통풍약, 관절염약, 항응고제, 스테로이드제 등을 투여 받고 있는 사람은 의사 또는 약사와 상의하십시오. 바르비탈계 약물, 삼환계 항우울제 및 알코올을 투여한 환자는 의사 또는 약사와 상의하십시오. 복용중에는 음주하지 마십시오."
202007806,마그란리퀴드액,마그란리퀴드,,경방신약(주),,"인산염, 칼슘염, 경구용 테트라사이클린계 제제, 제산제, 레보도파와 함께 복용하지 마십시오. 항알도스테론제, 트리암테렌과 함께 복용 시 의사 또는 약사와 상의하십시오. 녹차, 홍차 등 탄닌을 함유하는 차는 복용 중, 복용 전후에는 피하십시오."
202007807,마이안점안액(폴리데옥시리보뉴클레오티드나트륨)(1회용),마이안,1회용,한림제약(주),,
202007833,모드콜노즈시럽,모드콜노즈,,(주)종근당,,"모노아민옥시다아제 억제제(MAOI-우울증, 정신 및 감정장애, 파킨슨병 치료제 중 일부)와 함께 복용하지 마십시오. 모노아민옥시다아제 억제제(우울증, 정신 및 감정장애, 파킨슨병 치료제 중 일부) 복용을 중지한지 2주 이내인 사람은 이 약을 복용하지 마십시오. 진정제, 신경안정제와 함께 복용 시 의사 또는 약사와 상의하십시오."
202007844,아노덱스골드정,아노덱스골드,,(주)팜젠사이언스,https://nedrug.mfds.go.kr/pbp/cmn/itemImageDownload/1OS6hQuOXLr,"이 약을 복용하는 동안 인산염, 칼슘염, 경구용 테트라사이클린계 제제, 제산제, 레보도파와 함께 복용하지 마십시오.에스트로겐을 포함한 경구용 피임제, 항알도스테론제, 트리암테렌, 정주용 지질제와 함께 사용 시 의사 또는 약사와 상의하십시오.녹차, 홍차 등 탄닌을 함유하는 차는 복용 중, 복용 전후에는 피하십시오."
202007893,벤포액티브프리미엄정,벤포액티브프리미엄,,현대약품(주),https://nedrug.mfds.go.kr/pbp/cmn/itemImageDownload/1Nq4XM4gmN-,레보도파와 함께 복용하지 마십시오.
202007899,임팩타민프리미엄원스정,임팩타민프리미엄원스,,(주)대웅제약,https://nedrug.mfds.go.kr/pbp/cmn/itemImageDownload/1NW8BJ049ZK,"인산염, 칼슘염, 경구용 테트라사이클린계 제제, 에스트로겐을 포함한 경구용 피임제, 제산제, 레보도파와 함께 복용하지 마십시오. 항알도스테론제, 트리암테렌과 함께 복용 시 의사 또는 약사와 상의하십시오. 녹차, 홍차 등 탄닌을 함유하는 차는 복용중, 복용전후에는 피하십시오."
202007900,큐아크네플러스크림,큐아크네플러스,,광동제약(주),,
202007941,벤포커스정,벤포커스,,일양약품(주),https://nedrug.mfds.go.kr/pbp/cmn/itemImageDownload/1NXVKYFvlTR,레보도파와 함께 복용하지 마십시오. 5-플루오로우라실을 함께 사용 시 의사 또는 약사와 상의하십시오.
202007951,벤포타임정,벤포타임,,(주)라이트팜텍,https://nedrug.mfds.go.kr/pbp/cmn/itemImageDownload/1OR9x9vZQ_-,"레보도파, 5-플루오로우라실(5-FU)과 함께 복용하지 마십시오."
202007978,포지넨크림,포지넨,,(주)녹십자,,프로베네시드와 함께 사용하지 마십시오.
202008047,오네론액,오네론,,경방신약(주),,"이 약을 복용하는 동안에는 다른 진토제, 감기약, 해열진통제, 항히스타민제, 진정제, 진해거담제, 위장진통∙진경제 등을 복용하지 마십시오. 이 약을 복용하는 동안에는 알코올 음료를 마시지 마십시오."
202008048,하이립클로버크림,하이립클로버,,(주)에이프로젠바이오로직스,,
202008050,벤포타정,벤포타,,익수제약(주),https://nedrug.mfds.go.kr/pbp/cmn/itemImageDownload/1NhETqzLMfY,"레보도파, 5-플루오로우라실과 함께 복용하지 마십시오."
202008063,판시온캡슐,판시온,,(주)휴비스트제약,https://nedrug.mfds.go.kr/pbp/cmn/itemImageDownload/1P2JYwFs9A2,설폰아미드 제제와 함께 복용 시 주의하십시오.
202008115,마이드롭점안액(폴리데옥시리보뉴클레오티드나트륨)(1회용),마이드롭,1회용,제이더블유중외제약(주),,
202008175,바르지오모두크림,바르지오모두,,동화약품(주),,
202008189,벤포테인정,벤포테인,,조아제약(주),https://nedrug.mfds.go.kr/pbp/cmn/itemImageDownload/1NXVKYFvlTj,"레보도파, 5-플루오로우라실(5-FU)과 함께 복용하지 마십시오."
202008209,판시모캡슐,판시모,,한국프라임제약(주),https://nedrug.mfds.go.kr/pbp/cmn/itemImageDownload/1PQtZ0qZSF8,설폰아미드 제제와 함께 복용시 의사 또는 약사와 상의하십시오.
202008319,속편엔이중정,속편엔이중,,(주)한국파비스제약,https://nedrug.mfds.go.kr/pbp/cmn/itemImageDownload/1NRID60LgLd,
202008345,세비안관류제(염화나트륨),세비안관류제,염화나트륨,(주)휴온스,,
202008370,스타빅현탁액(디옥타헤드랄스멕타이트),스타빅,디옥타헤드랄스멕타이트,(주)대웅제약,,
202008404,오라센업액(디클로페낙),오라센업,디클로페낙,주식회사제뉴원사이언스,,다른 소염진통제와 함께 사용하지 마십시오.
202008405,트라스트플라스타(피록시캄),트라스트플라스타,피록시캄,에스케이케미칼(주),,항응고제와 함께 사용 시 의사 또는 약사와 상의하십시오.
202008428,에버포스정,에버포스,,삼진제약(주),https://nedrug.mfds.go.kr/pbp/cmn/itemImageDownload/1NpHokfzOVm,"에스트로겐을 포함한 경구용 피임제, 레보도파와 함께 복용하지 마십시오."
202008458,조아구강청액(디클로페낙),조아구강청,디클로페낙,조아제약(주),,이 약을 사용하는 동안 다른 소염진통제와 함께 사용하지 마십시오.
202008429,에프쿨시럽,에프쿨,,(주)텔콘알에프제약,,"MAO 억제제(항우울제, 항정신병제, 감정조절제, 항파킨슨제 등), 진해거담제(기침·가래약), 다른 감기약, 해열진통제, 진정제, 항히스타민제를 함유하는 내복약(비염[코염]용 경구제, 멀미약, 알레르기용약)과 함께 복용하지 마십시오. MAO 억제제(항우울제, 항정신병제, 감정조절제, 항파킨슨제 등) 복용을 중단한 후 2주 이내의 사람은 이 약을 복용하지 마십시오. 바르비탈계 약물, 삼환계 항우울제 및 알코올, 당뇨약, 통풍약, 관절염약, 항응고제, 스테로이드제 등 다른 약물을 투여 받고 있는 사람은 의사 또는 약사와 상의하십시오."
202008503,이바니싹액(디클로페낙),이바니싹,디클로페낙,(주)마더스제약,,이 약을 사용하는 동안 다른 소염진통제와 함께 사용하지 마십시오.
202008706,비프리연질캡슐,비프리,,(주)알피바이오,https://nedrug.mfds.go.kr/pbp/cmn/itemImageDownload/1PEPKBUclXT,"혈압강하제, 알코올, 중추신경억제제(수면제, 진정제, 안정제), MAO 억제제, 교감신경흥분제, 삼환계 항우울약, 구아네티딘, 브레틸리움, 베타나이드, 데브리소퀸, 메칠도파, 교감신경성약(충혈제거제, 식욕억제제, 암페타민류의 신경자극제), 및 아드레날린 저해제(억제제)와 함께 복용하지 마십시오. MAO억제제 투여 최소 15일 후 이 약을 투여하십시오."
202008793,액티진비티에스정,액티진비티에스,,한국코러스(주),https://nedrug.mfds.go.kr/pbp/cmn/itemImageDownload/1NeFqpW1gmn,"인산염, 칼슘염, 경구용 테트라사이클린계 제제, 제산제, 레보도파, 에스트로겐을 포함한 경구용 피임제와 함께 복용하지 마십시오. 항알도스테론제, 트리암테렌과 함께 복용 시 의사 또는 약사와 상의하십시오. 녹차, 홍차 등 탄닌을 함유하는 차는 복용중, 복용전후에는 피하십시오."
202008802,우르콜정100밀리그램(우르소데옥시콜산),우르콜,우르소데옥시콜산,(주)한국팜비오,https://nedrug.mfds.go.kr/pbp/cmn/itemImageDownload/1NS_W1EmQhF,"경구 당뇨병제(톨부타미드), 콜레스티라민, 콜레스티폴, 약용탄, 마그네슘 및 수산화알루미늄을 함유하는 제산제 간에서 담즙으로 콜레스테롤 분비를 증가시키는 약물(예: 에스트로겐 함유 경구용 피임제, 클로피브레이트와 같이 지질감소약물), 간에 손상을 주는 약물과 함께 복용하지 마십시오."
202008834,페리에정,페리에,,(주)인트로바이오파마,https://nedrug.mfds.go.kr/pbp/cmn/itemImageDownload/1NWi5s9KwqS,"다른 위장약과 함께 복용하지 마십시오. 아테놀올, 메토프로롤, 프로프라놀롤, 클로로퀸, 싸이클린계 항생제, 디클루니살, 디곡신, 이인산염, 펙소페나딘, 철(염), 플루오로퀴놀론계 항생제, 불화나트륨, 글루코코르티코이드, 인도메타신, 케토코나졸, 란소프라졸, 페노티아진계 항전간제, 페니실라민, 인산염, 티록신(약물의 소화 흡수 감소), 살리실산, 제산제와 함께 복용 시 의사 또는 약사와 상의하십시오."
202009092,속편환,속편,,신화제약(주),,
202008854,하벤콜에스액,하벤콜에스,,고려제약(주),,"MAO 억제제(항우울제, 항정신병제, 감정조절제, 항파킨슨제 등), 진해거담제(기침·가래약), 다른 감기약, 해열진통제, 진정제, 항히스타민제를 함유하는 내복약(비염[코염]용 경구제, 멀미약, 알레르기용약)과 함께 복용하지 마십시오. MAO 억제제(항우울제, 항정신병제, 감정조절제, 항파킨슨제 등) 복용을 중단한 후 2주 이내의 사람은 이 약을 복용하지 마십시오. 바르비탈계 약물, 삼환계 항우울제 및 알코올, 당뇨약, 통풍약, 관절염약, 항응고제, 스테로이드제 등 다른 약물을 투여 받고 있는 사람은 의사 또는 약사와 상의하십시오."
202008963,하벤에스액,하벤에스,,고려제약(주),,"MAO 억제제(항우울제, 항정신병제, 감정조절제, 항파킨슨제 등), 진해거담제(기침·가래약), 다른 감기약, 해열진통제, 진정제, 항히스타민제를 함유하는 내복약(비염[코염]용 경구제, 멀미약, 알레르기용약)과 함께 복용하지 마십시오. MAO 억제제(항우울제, 항정신병제, 감정조절제, 항파킨슨제 등) 복용을 중단한 후 2주 이내의 사람은 이 약을 복용하지 마십시오. 바르비탈계 약물, 삼환계 항우울제 및 알코올, 당뇨약, 통풍약, 관절염약, 항응고제, 스테로이드제 등 다른 약물을 투여 받고 있는 사람은 의사 또는 약사와 상의하십시오."
202009037,하벤코프에스액,하벤코프에스,,고려제약(주),,"MAO 억제제(항우울제, 항정신병제, 감정조절제, 항파킨슨제 등), 진해거담제(기침·가래약), 다른 감기약, 해열진통제, 진정제, 항히스타민제를 함유하는 내복약(비염[코염]용 경구제, 멀미약, 알레르기용약)과 함께 복용하지 마십시오. 바르비탈계 약물, 삼환계 항우울제 및 알코올, 당뇨약, 통풍약, 관절염약, 항응고제, 스테로이드제 등 다른 약물을 투여 받고 있는 사람은 의사 또는 약사와 상의하십시오."
202009139,렉스비타정,렉스비타,,(주)시어스제약,,"인산염, 칼슘염, 경구용 테트라사이클린계 제제, 제산제, 레보도파와 함께 복용하지 마십시오. 에스트로겐을 포함한 경구용 피임제, 항알도스테론제, 트리암테렌과 함께 복용 시 의사 또는 약사와 상의하십시오. 녹차, 홍차 등 탄닌을 함유하는 차는 복용 중, 복용 전후에는 피하십시오."
202009163,팜편안디정,팜편안디,,코스맥스파마(주),https://nedrug.mfds.go.kr/pbp/cmn/itemImageDownload/1OGYzwP1L9g,"위장진통, 진경제와 함께 복용하지 마십시오. 칼륨함유제제, 감초함유제제, 글리시리진산 또는 그 염류 함유제제, 루프계 이뇨제(푸로세미드, 에타크린산) 또는 티아지드계 이뇨제(트리클로르메티아지드)와 함께 복용 시 의사 또는 약사와 상의하십시오."
202009182,이지페인클린연질캡슐(클로닉신리시네이트),이지페인클린,클로닉신리시네이트,(주)알피바이오,https://nedrug.mfds.go.kr/pbp/cmn/itemImageDownload/1Pdb6tsbIPT,"다른 비스테로이드성 소염진통제, ACE 억제제 또는 안지오텐신Ⅱ 수용체 길항제, 아스피린, 이뇨제, 리튬, 메토트렉세이트, 쿠마린계 항응고제(와르파린 등), 시클로스포린 및 타크로리무스, 항혈소판제 및 선택적 세로토닌 재흡수 억제제(SSRI), 코르티코스테로이드와 함께 복용하지 마십시오."
202009184,엘라인정(엘카르니틴),엘라인,엘카르니틴,(주)옵투스제약,https://nedrug.mfds.go.kr/pbp/cmn/itemImageDownload/1PTSBn8hhy5,
202009337,디카테오엘씨정,디카테오엘씨,,(주)다림바이오텍,https://nedrug.mfds.go.kr/pbp/cmn/itemImageDownload/1NW8BJ049WK,"인산염, 칼슘염, 경구용 테트라사이클린계 제제, 제산제와 함께 복용하지 마십시오. 항알도스테론제, 트리암테렌과 함께 복용 시 의사 또는 약사와 상의하십시오. 녹차, 홍차 등 탄닌을 함유하는 차는 복용중, 복용전후에는 피하십시오."
202009404,지씨웰빙셀레늄구강용해필름(아셀렌산나트륨오수화물),지씨웰빙셀레늄구강용해필름,아셀렌산나트륨오수화물,(주)녹십자웰빙,,"비타민C와 같은 환원제와 함께 복용하지 마십시오. 비타민C를 복용하려면 이 약과 약 4시간의 간격을 두고 따로 복용하십시오. 녹차, 홍차 등 탄닌을 함유하는 차는 복용중, 복용전후에는 피하십시오."
202009424,트리엘정100밀리그램(트리메부틴말레산염),트리엘,트리메부틴말레산염,경방신약(주),https://nedrug.mfds.go.kr/pbp/cmn/itemImageDownload/1NvwV9M0uJL,
202009428,엘카딘정(L-카르니틴),엘카딘,L-카르니틴,(주)한국파비스제약,https://nedrug.mfds.go.kr/pbp/cmn/itemImageDownload/1PGfcVm-rnd,
202100082,"트로앤텍트로키(오렌지), 트로앤텍트로키(페퍼민트)","트로앤텍트로키, 트로앤텍트로키",페퍼민트,동국제약(주),https://nedrug.mfds.go.kr/pbp/cmn/itemImageDownload/1OWAIvQH0Yi,이 약을 다른 살균제와 동시에 사용하는 것은 피하십시오.
202100413,아이퓨어점안액(트레할로스수화물)(1회용),아이퓨어,1회용,한림제약(주),,
202100359,디큐펜프로나이트연질캡슐,디큐펜프로나이트,,(주)알피바이오,https://nedrug.mfds.go.kr/pbp/cmn/itemImageDownload/1OmM2OP_0YU,"이 약을 복용하는 동안 ACE 저해제, 리튬, 푸로세미드 및 티아자이드계 이뇨제, 고용량 메토트렉세이트, 쿠마린계 항응혈제 (와파린 등), 선택적 세로토닌 재흡수억제제, 다른 수면유도제, 최면진정제, MAO 억제제, 감기약, 해열진통제, 이부프로펜 또는 디펜히드라민을 함유하는 다른 약물은 복용하지 마십시오. 다른 비스테로이드성 소염진통제와 함께 복용하지 마십시오. 이 약을 복용하기 전에 심근경색이나 뇌졸중 예방목적으로 저용량의 아스피린을 복용하는 사람은 의사 또는 약사와 상의하십시오. 복용 중에는 음주하지 마십시오."
202100410,복합판시놀액,복합판시놀,,동성제약(주),,"이 약을 사용하는 동안 다른 두피용 약물, 외용 코르티코이드, 레티노이드, 바셀린, 디트라놀 또는 경피흡수를 촉진시킨다고 알려진 약물, 구아네티틴 등의 혈관확장제를 함께 사용하지 마십시오."
202100451,루미파이점안액0.025%(브리모니딘타르타르산염),루미파이,브리모니딘타르타르산염,(주)바슈헬스코리아,,"알코올, 바르비탈류, 아편류, 안정제, 마취제, 베타차단제(안과용, 전신용), 혈압강하제, 강심배당체 등과 함께 복용 시 의사 또는 약사와 상의하십시오."
202100552,아이미루40이엑스마일드점안액,아이미루40이엑스마일드,,라이온코리아주식회사,,
202100564,이지콜드플러스연질캡슐,이지콜드플러스,,(주)알피바이오,https://nedrug.mfds.go.kr/pbp/cmn/itemImageDownload/1Nj036Ro5SK,"MAO 억제제(항우울제, 항정신병제, 감정조절제, 항파킨슨제 등), 진해거담제(기침·가래약), 다른 감기약, 해열진통제, 진정제, 항히스타민제를 함유하는 내복약(비염[코염]용 경구제, 멀미약, 알레르기용약)과 함께 복용하지 마십시오. MAO 억제제(항우울제, 항정신병제, 감정조절제, 항파킨슨제 등) 복용을 중단한 후 2주 이내의 사람은 이 약을 복용하지 마십시오. 바르비탈계 약물, 삼환계 항우울제 및 알코올, 당뇨약, 통풍약, 관절염약, 항응고제, 스테로이드제 등 다른 약물을 투여 받고 있는 사람은 의사 또는 약사와 상의하십시오."
202100690,세비타비겔(니코틴산아미드),세비타비,니코틴산아미드,(주)퍼슨,,여러 약물 간 발생할 수 있는 상호작용을 방지하기 위해 처방중인 다른 치료에 대해 의사나 약사에게 반드시 알리십시오.
202100736,이지콜드노즈연질캡슐,이지콜드노즈,,(주)알피바이오,https://nedrug.mfds.go.kr/pbp/cmn/itemImageDownload/1Nj036Ro5T0,"MAO 억제제(항우울제, 항정신병제, 감정조절제, 항파킨슨제 등), 진해거담제(기침·가래약), 다른 감기약, 해열진통제, 진정제, 항히스타민제를 함유하는 내복약(비염[코염]용 경구제, 멀미약, 알레르기용약)과 함께 복용하지 마십시오. MAO 억제제(항우울제, 항정신병제, 감정조절제, 항파킨슨제 등) 복용을 중단한 후 2주 이내의 사람은 이 약을 복용하지 마십시오. 바르비탈계 약물, 삼환계 항우울제 및 알코올, 당뇨약, 통풍약, 관절염약, 항응고제, 스테로이드제 등 다른 약물을 투여 받고 있는 사람은 의사 또는 약사와 상의하십시오."
202100747,오에수트레할로스점안액(트레할로스수화물)(1회용),오에수트레할로스,1회용,(주)옵투스제약,,이 약을 다른 점안제와 동시에 사용할 경우에는 다른 점안제를 사용하고 약 10분 후에 이 약을 점안하십시오.
202100758,이지콜드코프연질캡슐,이지콜드코프,,(주)알피바이오,https://nedrug.mfds.go.kr/pbp/cmn/itemImageDownload/1Nj036Ro5Sg,"MAO 억제제(항우울제, 항정신병제, 감정조절제, 항파킨슨제 등), 진해거담제(기침·가래약), 다른 감기약, 해열진통제, 진정제, 항히스타민제를 함유하는 내복약(비염[코염]용 경구제, 멀미약, 알레르기용약)과 함께 복용하지 마십시오. 바르비탈계 약물, 삼환계 항우울제 및 알코올, 당뇨약, 통풍약, 관절염약, 항응고제, 스테로이드제 등 다른 약물을 투여 받고 있는 사람은 의사 또는 약사와 상의하십시오."
202100962,칼시맥스500정,칼시맥스500,,한국신텍스제약(주),https://nedrug.mfds.go.kr/pbp/cmn/itemImageDownload/1NZWOAuKlRk,"인산염, 칼슘염, 경구용 테트라사이클린계제제, 제산제와 함께 복용하지 마십시오. 항알도스테론제, 트리암테렌, 강심배당체와 함께 복용 시 의사 또는 약사와 상의하십시오. 녹차, 홍차 등 탄닌을 함유하는 차는 복용 중, 복용 전후에는 피하십시오."
202101047,멘토비엠정,멘토비엠,,한국코러스(주),https://nedrug.mfds.go.kr/pbp/cmn/itemImageDownload/1NcelJgSVn6,"인산염, 칼슘염, 경구용 테트라사이클린계 제제, 제산제, 에스트로겐을 포함한 경구용 피임제, 레보도파와 함께 복용하지 마십시오. 항알도스테론제, 트리암테렌과 병용투여시 고칼륨혈증을 일으킬 수 있으므로 의사 또는 약사와 상의하십시오. 녹차, 홍차 등 탄닌을 함유하는 차는 복용 중, 복용 전후에는 피하십시오."
202101087,제일속엔자임이중정,제일속엔자임이중,,제일헬스사이언스(주),https://nedrug.mfds.go.kr/pbp/cmn/itemImageDownload/1NXqH06PV9i,
202101152,핫도리정,핫도리,,지엘팜텍(주),https://nedrug.mfds.go.kr/pbp/cmn/itemImageDownload/1NcuRwKmzG0,테트라사이클린계 항생제와 함께 복용하지 마십시오.
202101198,이바넨큐액(디클로페낙),이바넨큐,디클로페낙,(주)씨엠지제약,,이 약을 사용하는 동안 다른 소염진통제와 함께 사용하지 마십시오.
202101211,물린쿨에스겔,물린쿨에스,,(주)시어스제약,,
202101212,아프모겐큐인후스프레이(디클로페낙),아프모겐큐인후스프레이,디클로페낙,코오롱제약(주),,다른 소염진통제와 함께 복용하지 마십시오.
202101271,피록센플라스타(피록시캄),피록센플라스타,피록시캄,(주)티디에스팜,,항응고제와 함께 사용 시 의사 또는 약사와 상의하십시오.
202101302,스웨티브센스액(염화알루미늄),스웨티브센스,염화알루미늄,(주)퍼슨,,
202101356,글루비타정,글루비타,,(주)다림바이오텍,https://nedrug.mfds.go.kr/pbp/cmn/itemImageDownload/1NXqH06PU_1,레보도파와 함께 복용하지 마십시오.
202101735,바이브렉스연질캡슐,바이브렉스,,코스맥스파마(주),https://nedrug.mfds.go.kr/pbp/cmn/itemImageDownload/1Nf8wI1xQkI,"인산염, 칼슘염, 경구용 테트라사이클린계 제제, 제산제와 함께 복용하지 마십시오. 에스트로겐을 포함한 경구용 피임제, 항알도스테론제, 트리암테렌과 함께 복용 시 의사 또는 약사와 상의하십시오. 녹차, 홍차 등 탄닌을 함유하는 차는 복용 중, 복용 전후에는 피하십시오."
202101749,코앤원큐나잘스프레이,코앤원큐나잘스프레이,,동아제약(주),,"MAO 억제제(항우울제, 항정신병제, 감정조절제, 항파킨슨제 등)와 함께 사용하지 마십시오. 사용 중에는 음주하지 마십시오."
202101754,위편정,위편,,(주)테라젠이텍스,https://nedrug.mfds.go.kr/pbp/cmn/itemImageDownload/1NcuRwKmzJo,테트라사이클린계 항생제와 함께 복용하지 마십시오.
202101916,하디큐노즈연질캡슐,하디큐노즈,,(주)알피바이오,https://nedrug.mfds.go.kr/pbp/cmn/itemImageDownload/1Nf8wI1xQxg,"아세트아미노펜을 포함하는 다른 제품, MAO억제제(항우울제, 항정신병제, 감정조절제, 항파킨슨제 등), 진해(기침을 그치게 함)거담제(가래약), 다른 감기약, 해열진통제, 진정제, 항히스타민제를 함유하는 내복약(비염용 경구제, 멀미약, 알레르기용약)과 함께 복용하지 마십시오. MAO억제제(항우울제, 항정신병제, 감정조절제, 항파킨슨제 등) 복용을 중단한 후 2주 이내의 사람은 이 약을 복용하지 마십시오. 바르비탈계 약물, 삼환계 항우울제 및 알코올을 투여한 환자는 의사 또는 약사와 상의하십시오. 복용 중에는 음주하지 마십시오."
202101945,비맥스메타비정,비맥스메타비,,(주)녹십자,https://nedrug.mfds.go.kr/pbp/cmn/itemImageDownload/1PvnDGw40o3,"인산염, 칼슘염, 경구용 테트라사이클린계 제제, 제산제, 레보도파와 함께 복용하지 마십시오. 녹차, 홍차 등 탄닌을 함유하는 차는 복용 중, 복용 전후에는 피하십시오."
202102013,힘엔스틱액(L-아스파르트산-L-아르기닌수화물),힘엔스틱,L-아스파르트산-L-아르기닌수화물,고려제약(주),,"이 약을 복용하는 동안 항정신병약, 수면제를 함께 복용하지 마십시오."
202102039,아로나민골드프리미엄정,아로나민골드프리미엄,,일동제약(주),https://nedrug.mfds.go.kr/pbp/cmn/itemImageDownload/1NYH_iJCkB7,"에스트로겐을 포함한 경구용 피임제, 인산염, 칼슘염, 경구용 테트라사이클린계 제제, 제산제, 레보도파와 함께 복용하지 마십시오."
202102069,이지페인릴리프연질캡슐,이지페인릴리프,,(주)알피바이오,https://nedrug.mfds.go.kr/pbp/cmn/itemImageDownload/1Nj036Ro5TM,"다른 해열진통제, 감기약, 진정제와 함께 복용하지 마십시오. 바르비탈계 약물, 삼환계 항우울제 및 알코올, 당뇨약, 통풍약, 관절염약, 항응고제, 스테로이드제 등 다른 약물을 투여 받고 있는 사람은 의사 또는 약사와 상의하십시오."
202102087,가네톡액,가네톡,,제이더블유중외제약(주),,
202102133,아티제정,아티제,,(주)인트로바이오파마,https://nedrug.mfds.go.kr/pbp/cmn/itemImageDownload/1NZ_B2rUzyT,
202102171,하디큐콜드연질캡슐,하디큐콜드,,(주)알피바이오,https://nedrug.mfds.go.kr/pbp/cmn/itemImageDownload/1NeFqpW1gvI,"아세트아미노펜을 포함하는 다른 제품, MAO억제제(항우울제, 항정신병제, 감정조절제, 항파킨슨제 등), 진해(기침을 그치게 함)거담제(가래약), 다른 감기약, 해열진통제, 진정제, 항히스타민제를 함유하는 내복약(비염용 경구제, 멀미약, 알레르기용약)과 함께 복용하지 마십시오. MAO억제제(항우울제, 항정신병제, 감정조절제, 항파킨슨제 등) 복용을 중단한 후 2주 이내의 사람은 이 약을 복용하지 마십시오. 당뇨약, 통풍약, 관절염약, 항응고제, 스테로이드제, 바르비탈계 약물, 삼환계 항우울제, 알코올과 함께 복용 시 의사 또는 약사와 상의하십시오. 복용 중에는 음주하지 마십시오."
202102183,내바렌큐액,내바렌큐,,부광약품(주),,
202102200,하디큐코프연질캡슐,하디큐코프,,(주)알피바이오,https://nedrug.mfds.go.kr/pbp/cmn/itemImageDownload/1NdSqA-170-,"아세트아미노펜을 포함하는 다른 제품, MAO억제제(항우울제, 항정신병제, 감정조절제, 항파킨슨제 등), 진해(기침을 그치게 함)거담제(가래약), 다른 감기약, 해열진통제, 진정제, 항히스타민제를 함유하는 내복약(비염용 경구제, 멀미약, 알레르기용약)과 함께 복용하지 마십시오. 바르비탈계 약물, 삼환계 항우울제 및 알코올을 투여한 환자는 의사 또는 약사와 상의하십시오. 복용 중에는 음주하지 마십시오."
202102215,비타메드레모나산,비타메드레모나,,경남제약(주),,레보도파와 함께 복용하지 마십시오.
202102233,릴라이온페라세이프산(과탄산나트륨),릴라이온페라세이프,과탄산나트륨,(주)나노팜,,
202102246,알기닉액(L-아스파르트산-L-아르기닌수화물),알기닉,L-아스파르트산-L-아르기닌수화물,(주)티디에스팜,,"이 약을 복용하는 동안 항정신병약, 수면제를 함께 복용하지 마십시오."
202102248,쏙코에프연질캡슐,쏙코에프,,(주)에이프로젠바이오로직스,https://nedrug.mfds.go.kr/pbp/cmn/itemImageDownload/1NoOiJmZUlH,"MAO 억제제(항우울제, 항정신병제, 감정조절제, 항파킨슨제 등), 진해거담제(기침·가래약), 다른 감기약, 해열진통제, 진정제, 항히스타민제를 함유하는 내복약(비염[코염]용 경구제, 멀미약, 알레르기용약)과 함께 복용하지 마십시오. MAO 억제제(항우울제, 항정신병제, 감정조절제, 항파킨슨제 등) 복용을 중단한 후 2주 이내의 사람은 이 약을 복용하지 마십시오. 바르비탈계 약물, 삼환계 항우울제 및 알코올, 당뇨약, 통풍약, 관절염약, 항응고제, 스테로이드제 등 다른 약물을 투여 받고 있는 사람은 의사 또는 약사와 상의하십시오."
202102295,위속엔정,위속엔,,부광약품(주),https://nedrug.mfds.go.kr/pbp/cmn/itemImageDownload/1OCxjzi8ruo,"위장진통, 진경제와 함께 복용하지 마십시오. 칼륨함유제제, 감초함유제제, 글리시리진산 또는 그 염류 함유제제, 루프계 이뇨제(푸로세미드, 에타크린산) 또는 티아지드계 이뇨제(트리클로르메티아지드)와 함께 복용 시 의사 또는 약사와 상의하십시오."
202102399,장엔폴캡슐,장엔폴,,성이바이오제약주식회사,https://nedrug.mfds.go.kr/pbp/cmn/itemImageDownload/1O1hVd7Oti2,"위장진통, 진경제와 함께 복용하지 마십시오."
202102418,라라포텐액(L-아스파르트산-L-아르기닌수화물),라라포텐,L-아스파르트산-L-아르기닌수화물,(주)한풍제약,,"항정신병약, 수면제와 함께 복용하지 마십시오."
202102426,이너베린정,이너베린,,성이바이오제약주식회사,https://nedrug.mfds.go.kr/pbp/cmn/itemImageDownload/1OKRXo9l4K0,스코폴리아 엑스 함유 제제 및 다른 위장진통·진경제와 함께 복용하지 마십시오.
202102443,엔디콜정,엔디콜,,주식회사 노바엠헬스케어,https://nedrug.mfds.go.kr/pbp/cmn/itemImageDownload/1NYyLUFhdI-,"아세트아미노펜을 포함하는 다른 제품, MAO억제제(항우울제, 항정신병제, 감정조절제, 항파킨슨제 등), 진해(기침을 그치게 함)거담제(가래약), 다른 감기약, 해열진통제, 진정제, 항히스타민제를 함유하는 내복약(비염용 경구제, 멀미약, 알레르기용약)과 함께 복용하지 마십시오. 바르비탈계 약물, 삼환계 항우울제 및 알코올을 투여한 환자는 의사 또는 약사와 상의하십시오. 복용 중에는 음주하지 마십시오."
202102445,액트에버정,액트에버,,(주)한풍제약,https://nedrug.mfds.go.kr/pbp/cmn/itemImageDownload/1NeFqpW1gkN,"인산염, 칼슘염, 경구용 테트라사이클린계 제제, 제산제, 레보도파와 함께 복용하지 마십시오. 항알도스테론제, 트리암테렌과 함께 복용 시 의사 또는 약사와 상의하십시오. 녹차, 홍차 등 탄닌을 함유하는 차는 복용 중, 복용 전후에는 피하십시오."
202102731,쏙코프에프연질캡슐,쏙코프에프,,(주)에이프로젠바이오로직스,https://nedrug.mfds.go.kr/pbp/cmn/itemImageDownload/1NoOiJmZUld,"MAO 억제제(항우울제, 항정신병제, 감정조절제, 항파킨슨제 등), 진해거담제(기침·가래약), 다른 감기약, 해열진통제, 진정제, 항히스타민제를 함유하는 내복약(비염[코염]용 경구제, 멀미약, 알레르기용약)과 함께 복용하지 마십시오. 바르비탈계 약물, 삼환계 항우울제 및 알코올, 당뇨약, 통풍약, 관절염약, 항응고제, 스테로이드제 등 다른 약물을 투여 받고 있는 사람은 의사 또는 약사와 상의하십시오."
202102875,페이지연질캡슐,페이지,,(주)알피바이오,https://nedrug.mfds.go.kr/pbp/cmn/itemImageDownload/1Nj036Ro5UD,"MAO 억제제(항우울제, 항정신병제, 감정조절제, 항파킨슨제 등), 진해거담제(기침·가래약), 다른 감기약, 해열진통제, 진정제, 항히스타민제를 함유하는 내복약(비염[코염]용 경구제, 멀미약, 알레르기용약)과 함께 복용하지 마십시오. 복용 중에 음주하지 마십시오. 복용 후 졸음이 나타날 수 있으므로 운전 및 기계조작 시 주의하십시오. 만 7세 이하의 영아(갓난아기), 유아에게는 시럽제를 복용시키십시오."
202102900,판크레아정,판크레아,,명문제약(주),https://nedrug.mfds.go.kr/pbp/cmn/itemImageDownload/1NcKioYQEqb,
202103144,디쿨파워플라스타(디클로페낙나트륨),디쿨파워플라스타,디클로페낙나트륨,(주)티디에스팜,,"이 약을 사용하는 동안 디클로페낙 제제나 비스테로이드 소염제(항염증제)를 국소적으로 적용하거나 복용하지 마십시오. 이 약을 사용하기 전에 뉴퀴놀론계 항균제(에녹사신 등)를 병용(함께 복용(사용))하는 환자는 의사 또는 약사와 상의하십시오. 이 약을 사용하기 전에 루프 이뇨제(푸로세미드 등), 티아자이드계 이뇨제를 투여하는 환자는 의사 또는 약사와 상의하십시오. 이 약을 사용하기 전에 지혈을 방해하는 약물(와파린 등), 항혈소판제(아스피린 등), 선택적 세로토닌 재흡수 억제제(SSRI), 세로토닌 노르에피네프린 재흡수 억제제(SNRI)를 투여하는 환자는 의사 또는 약사와 상의하십시오."
202103216,안티스토연질캡슐,안티스토,,코스맥스파마(주),https://nedrug.mfds.go.kr/pbp/cmn/itemImageDownload/1POY93A9_JU,레보도파와 함께 복용하지 마십시오.
202103228,조은아이시럽,조은아이,,조아제약(주),,레보도파와 함께 복용하지 마십시오.
202103303,아젠카정,아젠카,,정우신약(주),https://nedrug.mfds.go.kr/pbp/cmn/itemImageDownload/1PP6TEC264R,
202103374,엔디멜라정,엔디멜라,,주식회사 노바엠헬스케어,https://nedrug.mfds.go.kr/pbp/cmn/itemImageDownload/1Nkd205G5UP,항응고제와 함께 복용 시 의사 또는 약사와 상의하십시오.
202103608,마그벤맥스연질캡슐,마그벤맥스,,동방에프티엘(주),https://nedrug.mfds.go.kr/pbp/cmn/itemImageDownload/1NeFqpW1gaw,"인산염, 칼슘염, 경구용 테트라사이클린계 제제, 제산제, 레보도파와 함께 복용하지 마십시오. 에스트로겐을 포함한 경구용 피임제, 항알도스테론제, 트리암테렌, 정주용 지질제와 함께 사용 시 의사 또는 약사와 상의하십시오. 녹차, 홍차 등 탄닌을 함유하는 차는 복용 중, 복용 전후에는 피하십시오."
202103611,파인큐아세트펜시럽(아세트아미노펜),파인큐아세트펜,아세트아미노펜,대원바이오텍주식회사,,"아세트아미노펜을 포함하는 다른 제품, 다른 소염(항염)진통제, 바르비탈계 약물, 삼환계 항우울제, 알코올과 함께 복용하지 마십시오. 와파린, 리튬, 타아지드계 이뇨제와 함께 복용 시 의사 또는 약사와 상의하십시오."
202103624,메가트루맥스정,메가트루맥스,,(주)유한양행,https://nedrug.mfds.go.kr/pbp/cmn/itemImageDownload/1O9V3DqJYWS,"인산염, 칼슘염, 경구용 테트라사이클린계 제제, 제산제, 레보도파와 함께 복용하지 마십시오. 항알도스테론제, 트리암테렌과 함께 복용 시 의사 또는 약사와 상의하십시오. 녹차, 홍차 등 탄닌을 함유하는 차는 복용중, 복용전후에는 피하십시오."
202103713,청위환,청위,,한솔신약(주),,
202103743,비앤비정,비앤비,,주식회사 노바엠헬스케어,https://nedrug.mfds.go.kr/pbp/cmn/itemImageDownload/1NgBQQRiuce,
202103680,아페인큐정,아페인큐,,주식회사 노바엠헬스케어,https://nedrug.mfds.go.kr/pbp/cmn/itemImageDownload/1NgBQQRiuc7,"아세트아미노펜을 포함하는 다른 제품, MAO억제제(항우울제, 항정신병제, 감정조절제, 항파킨슨제 등), 진해(기침을 그치게 함)거담제(가래약), 다른 감기약, 해열진통제, 진정제, 항히스타민제를 함유하는 내복약(비염용 경구제, 멀미약, 알레르기용약)과 함께 복용하지 마십시오. 바르비탈계 약물, 삼환계 항우울제 및 알코올을 투여한 환자는 의사 또는 약사와 상의하십시오. 복용 중에는 음주하지 마십시오."
202103773,엘레멘-에프시럽,엘레멘-에프,,조아제약(주),,
202103770,속콜펜정,속콜펜,,일양약품(주),https://nedrug.mfds.go.kr/pbp/cmn/itemImageDownload/1NgBQQRiub5,"아세트아미노펜을 포함하는 다른 제품, 다른 해열진통제, 감기약, 진정제와 함께 복용하지 마십시오. 당뇨약, 통풍약, 관절염약, 항응고제, 스테로이드제, 바르비탈계 약물, 삼환계 항우울제, 알코올 투여한 환자, 이뇨제와 함께 복용 시 의사 또는 약사와 상의하십시오."
202103983,빅스코민에프정,빅스코민에프,,(주)에이프로젠바이오로직스,https://nedrug.mfds.go.kr/pbp/cmn/itemImageDownload/1Nn1XXjsvts,"인산염, 칼슘염, 경구용 테트라사이클린계 제제, 제산제, 레보도파, 에스트로겐을 포함한 경구용 피임제와 함께 복용하지 마십시오. 항알도스테론제, 트리암테렌과 함께 복용 시 의사 또는 약사와 상의하십시오. 녹차, 홍차 등 탄닌을 함유하는 차는 복용중, 복용전후에는 피하십시오."
202104023,속청큐액,속청큐,,(주)종근당,,
202104030,파워포션액(L-아스파르트산-L-아르기닌수화물),파워포션,L-아스파르트산-L-아르기닌수화물,경남제약(주),,"항정신병약, 수면제와 함께 복용하지 마십시오."
202104136,속청케어액,속청케어,,(주)종근당,,
202104142,제일파네린정,제일파네린,,제일헬스사이언스(주),https://nedrug.mfds.go.kr/pbp/cmn/itemImageDownload/1NlB7wTa8JW,스코폴리아엑스를 함유하는 제제 및 다른 위장진통·진경제와 함께 복용하지 마십시오.
202104243,제트유플러스정,제트유플러스,,일양약품(주),https://nedrug.mfds.go.kr/pbp/cmn/itemImageDownload/1NyXUqOvMIv,"위장진통, 진경(경련완화)제와 함께 복용하지 마십시오."
202104347,엘카민정,엘카민,,(주)바스칸바이오제약,https://nedrug.mfds.go.kr/pbp/cmn/itemImageDownload/1Nxz1SsaohC,"MAO 억제제(항우울제, 항정신병제, 감정조절제, 항파킨슨제 등), 진해거담제(기침·가래약), 다른 감기약, 해열진통제, 진정제, 항히스타민제를 함유하는 내복약(비염[코염]용 경구제, 멀미약, 알레르기용약)과 함께 복용하지 마십시오. 바르비탈계 약물, 삼환계 항우울제 및 알코올, 당뇨약, 통풍약, 관절염약, 항응고제, 스테로이드제 등 다른 약물을 투여 받고 있는 사람은 의사 또는 약사와 상의하십시오."
202104379,마그비맥스연질캡슐,마그비맥스,,(주)유한양행,https://nedrug.mfds.go.kr/pbp/cmn/itemImageDownload/1PobI1ky3bv,"인산염, 칼슘염, 경구용 테트라사이클린계 제제, 제산제, 레보도파와 함께 복용하지 마십시오. 에스트로겐을 포함한 경구용 피임제, 항알도스테론제, 트리암테렌, 정주용 지질제와 함께 사용 시 의사 또는 약사와 상의하십시오. 녹차, 홍차 등 탄닌을 함유하는 차는 복용 중, 복용 전후에는 피하십시오."
202104555,치오스캡슐(디오스민),치오스,디오스민,(주)씨엠지제약,https://nedrug.mfds.go.kr/pbp/cmn/itemImageDownload/1NrNGP9yaAx,
202104607,발렌정(방풍통성산건조엑스(4.6→1)),발렌,방풍통성산건조엑스,태극제약(주),https://nedrug.mfds.go.kr/pbp/cmn/itemImageDownload/1OXBXjHRXoF,"다른 설사약과 함께 복용하지 마십시오. 다른 한방제제(특히 대황 함유제제), 마황 또는 에페드린 함유제제, MAO 억제제, 갑상선제제(티록신, 리오치오닌), 카테콜아민제제(에피네프린, 이소프레날린), 크산틴계제제(테오필린, 디프로필린), 칼륨함유제제, 감초함유제제, 글리시리진산 또는 그 염류 함유제제, 루프계 이뇨제(푸로세미드, 에타크린산) 또는 티아지드계 이뇨제(트리클로르메티아지드)와 함께 복용 시 의사 또는 약사와 상의하십시오."
202104481,이프로탑플라스타(이부프로펜),이프로탑플라스타,이부프로펜,대화제약(주),,"다른 비스테로이드성 소염(항염)진통제(NSAIDs), 코르티코스테로이드, 항응고제, 항혈소판제와 함께 사용하지 마십시오."
202104688,파미딘플러스정,파미딘플러스,,(주)종근당,https://nedrug.mfds.go.kr/pbp/cmn/itemImageDownload/1Nk2K_pika3,"다른 위장약과 함께 복용하지 마십시오. 아테놀올, 메토프로롤, 프로프라놀롤, 클로로퀸, 싸이클린계 항생제, 디클루니살, 디곡신, 이인산염, 펙소페나딘, 철(염), 플루오로퀴놀론계 항생제, 불화나트륨, 글루코코르티코이드, 인도메타신, 케토코나졸, 란소프라졸, 페노티아진계 항전간제, 페니실라민, 인산염, 티록신, 살리실산과 함께 복용 시 의사 또는 약사와 상의하십시오."
202104595,콜대원코프큐시럽,콜대원코프큐,,대원제약(주),,"MAO 억제제(항우울제, 항정신병제, 감정조절제, 항파킨슨제 등), 진해거담제(기침·가래약), 다른 감기약, 해열진통제, 진정제, 항히스타민제를 함유하는 내복약(비염[코염]용 경구제, 멀미약, 알레르기용약)과 함께 복용하지 마십시오. 바르비탈계 약물, 삼환계 항우울제 및 알코올, 당뇨약, 통풍약, 관절염약, 항응고제, 스테로이드제 등 다른 약물을 투여 받고 있는 사람은 의사 또는 약사와 상의하십시오."
202104759,클리어미정,클리어미,,주식회사 노바엠헬스케어,https://nedrug.mfds.go.kr/pbp/cmn/itemImageDownload/1NgBQQRiubn,제산제와 함께 복용하지 마십시오. 우유 섭취 후 1시간 이내에 이 약을 복용하지 마십시오.
202104797,액티브메가비타정,액티브메가비타,,경방신약(주),https://nedrug.mfds.go.kr/pbp/cmn/itemImageDownload/1NlB7wTa8LC,"인산염, 칼슘염, 경구용 테트라사이클린계 제제, 에스트로겐을 포함한 경구용 피임제, 제산제, 레보도파와 함께 복용하지 마십시오. 항알도스테론제, 트리암테렌과 함께 복용 시 의사 또는 약사와 상의하십시오. 녹차, 홍차 등 탄닌을 함유하는 차는 복용중, 복용전후에는 피하십시오."
202104809,치오맥스연고,치오맥스,,동아제약(주),,"dl-메틸에페드린염산염, 스코폴리아엑스 및 글리시리진산 함유 좌제 또는 연고제, 크림제, 혈압강하제, 항우울약과 함께 복용하지 마십시오"
202104843,디알프레쉬에프점안액(카르복시메틸셀룰로오스나트륨)(1회용),디알프레쉬에프,1회용,(주)옵투스제약,,
202104856,쌩콜에스연질캡슐,쌩콜에스,,(주)에이프로젠바이오로직스,https://nedrug.mfds.go.kr/pbp/cmn/itemImageDownload/1Np7Ycc71Qf,"MAO 억제제(항우울제, 항정신병제, 감정조절제, 항파킨슨제 등), 진해거담제(기침·가래약), 다른 감기약, 해열진통제, 진정제, 항히스타민제를 함유하는 내복약(비염[코염]용 경구제, 멀미약, 알레르기용약)과 함께 복용하지 마십시오. MAO 억제제(항우울제, 항정신병제, 감정조절제, 항파킨슨제 등) 복용을 중단한 후 2주 이내의 사람은 이 약을 복용하지 마십시오. 바르비탈계 약물, 삼환계 항우울제 및 알코올, 당뇨약, 통풍약, 관절염약, 항응고제, 스테로이드제 등 다른 약물을 투여 받고 있는 사람은 의사 또는 약사와 상의하십시오."
202104905,쌩코프에스연질캡슐,쌩코프에스,,(주)에이프로젠바이오로직스,https://nedrug.mfds.go.kr/pbp/cmn/itemImageDownload/1Np7Ycc71RD,"MAO 억제제(항우울제, 항정신병제, 감정조절제, 항파킨슨제 등), 진해거담제(기침·가래약), 다른 감기약, 해열진통제, 진정제, 항히스타민제를 함유하는 내복약(비염[코염]용 경구제, 멀미약, 알레르기용약)과 함께 복용하지 마십시오. 바르비탈계 약물, 삼환계 항우울제 및 알코올, 당뇨약, 통풍약, 관절염약, 항응고제, 스테로이드제 등 다른 약물을 투여 받고 있는 사람은 의사 또는 약사와 상의하십시오."
202104943,엠지에버액,엠지에버,,삼진제약(주),,"인산염, 칼슘염, 경구용 테트라사이클린계 제제, 제산제, 레보도파와 함께 복용하지 마십시오. 항알도스테론제, 트리암테렌과 함께 복용 시 의사 또는 약사와 상의하십시오. 녹차, 홍차 등 탄닌을 함유하는 차는 복용중, 복용전후에는 피하십시오."
202104921,쌩코에스연질캡슐,쌩코에스,,(주)에이프로젠바이오로직스,https://nedrug.mfds.go.kr/pbp/cmn/itemImageDownload/1Np7Ycc71Qx,"MAO 억제제(항우울제, 항정신병제, 감정조절제, 항파킨슨제 등), 진해거담제(기침·가래약), 다른 감기약, 해열진통제, 진정제, 항히스타민제를 함유하는 내복약(비염[코염]용 경구제, 멀미약, 알레르기용약)과 함께 복용하지 마십시오. MAO 억제제(항우울제, 항정신병제, 감정조절제, 항파킨슨제 등) 복용을 중단한 후 2주 이내의 사람은 이 약을 복용하지 마십시오. 바르비탈계 약물, 삼환계 항우울제 및 알코올, 당뇨약, 통풍약, 관절염약, 항응고제, 스테로이드제 등 다른 약물을 투여 받고 있는 사람은 의사 또는 약사와 상의하십시오."
202104954,이바프텐액(벤지다민염산염),이바프텐,벤지다민염산염,현대약품(주),,해열진통제를 사용하는 경우 의사 또는 약사와 상의하십시오.
202105006,콜대원콜드큐시럽,콜대원콜드큐,,대원제약(주),,"MAO 억제제(항우울제, 항정신병제, 감정조절제, 항파킨슨제 등), 진해거담제(기침·가래약), 다른 감기약, 해열진통제, 진정제, 항히스타민제를 함유하는 내복약(비염[코염]용 경구제, 멀미약, 알레르기용약)과 함께 복용하지 마십시오. 바르비탈계 약물, 삼환계 항우울제 및 알코올을 투여한 환자는 의사 또는 약사와 상의하십시오."
202105133,소가프텐정,소가프텐,,동화약품(주),https://nedrug.mfds.go.kr/pbp/cmn/itemImageDownload/1Nkd205G5Jn,"다른 위장약과 함께 복용하지 마십시오. 아테놀올, 메토프로롤, 프로프라놀롤, 클로로퀸, 싸이클린계 항생제, 디클루니살, 디곡신, 이인산염, 펙소페나딘, 철(염), 플루오로퀴놀론계 항생제, 불화나트륨, 글루코코르티코이드, 인도메타신, 케토코나졸, 란소프라졸, 페노치아전계 항전간제, 페니실라민, 인산염, 티록신, 살리실산, 제산제와 함께 복용 시 의사 또는 약사와 상의하십시오."
202105146,이바파정,이바파,,(주)시어스제약,https://nedrug.mfds.go.kr/pbp/cmn/itemImageDownload/1O597tTUcLY,레보도파와 함께 복용하지 마십시오.
202105229,듀얼파모정,듀얼파모,,광동제약(주),https://nedrug.mfds.go.kr/pbp/cmn/itemImageDownload/1NjeveJRSPL,"다른 위장약과 함께 복용하지 마십시오. 아테놀올, 메토프로롤, 프로프라놀롤, 클로로퀸, 싸이클린계 항생제, 디클루니살, 디곡신, 이인산염, 펙소페나딘, 철(염), 플루오로퀴놀론계 항생제, 불화나트륨, 글루코코르티코이드, 인도메타신, 케토코나졸, 란소프라졸, 페노티아진계 항전간제, 페니실라민, 인산염, 티록신(약물의 소화 흡수 감소), 살리실산과 함께 복용 시 의사 또는 약사와 상의하십시오."
202105289,위엔스탈정,위엔스탈,,주식회사 노바엠헬스케어,https://nedrug.mfds.go.kr/pbp/cmn/itemImageDownload/1NwHe9kvDlq,"위장진통, 진경제와 함께 복용하지 마십시오. 칼륨함유제제, 감초함유제제, 글리시리진산 혹은 그 염류 함유제제, 루프계 이뇨제(푸로세미드, 에타크린산) 또는 치아지드계 이뇨제(트리클로르메치아지드)와 함께 복용 시 의사 또는 약사와 상의하십시오."
202105312,아이투오민트점안액(카르복시메틸셀룰로오스나트륨)(1회용),아이투오민트,1회용,삼일제약(주),,
202105319,위엔자임정,위엔자임,,주식회사 노바엠헬스케어,https://nedrug.mfds.go.kr/pbp/cmn/itemImageDownload/1N-vZRnypsc,
202105320,위엔자임유디정,위엔자임유디,,주식회사 노바엠헬스케어,https://nedrug.mfds.go.kr/pbp/cmn/itemImageDownload/1PEPKBUclH6,
202105351,팜뮤코정(암브록솔염산염),팜뮤코,암브록솔염산염,(주)유앤생명과학,https://nedrug.mfds.go.kr/pbp/cmn/itemImageDownload/1NlB7wTa8S8,"에리트로마이신, 세팔렉신, 옥시테트라사이클린, 아목시실린, 세퓨록심, 독시사이클린 등의 항생제와 함께 복용 시 의사 또는 약사와 상의하십시오."
202105353,트로앤텍스프레이,트로앤텍스프레이,,동국제약(주),,다른 살균제와 함께 사용하지 마십시오.
202105432,엠지파워연질캡슐,엠지파워,,(주)알피바이오,https://nedrug.mfds.go.kr/pbp/cmn/itemImageDownload/1NoOiJmZVwO,"인산염, 칼슘염, 경구용 테트라사이클린계 제제, 에스트로겐을 포함한 경구용 피임제, 제산제와 함께 복용하지 마십시오. 항알도스테론제, 트리암테렌과 함께 복용 시 의사 또는 약사와 상의하십시오. 녹차, 홍차 등 탄닌을 함유하는 차는 복용중, 복용전후에는 피하십시오."
202105434,위엔탁정,위엔탁,,원광제약(주),https://nedrug.mfds.go.kr/pbp/cmn/itemImageDownload/1OTUVQKM89a,테트라사이클린계 항생제와 함께 복용하지 마십시오.
202105472,쾌통정,쾌통,,원광제약(주),https://nedrug.mfds.go.kr/pbp/cmn/itemImageDownload/1PEPKBUcmlm,제산제 복용 또는 우유 섭취 후 1시간 이내에는 이 약을 복용하지 마십시오. (이 약 복용 후 1시간 이내에는 우유 섭취 또는 제산제 복용을 피하십시오.)
202105619,제로무네일라카(시클로피록스),제로무네일라카,시클로피록스,(주)한국파마,,
202105625,모아큐어점안액,모아큐어,,태극제약(주),,
202105752,프라본정(미세정제플라보노이드분획물),프라본,미세정제플라보노이드분획물,(주)한국파비스제약,https://nedrug.mfds.go.kr/pbp/cmn/itemImageDownload/1Nxz1Ssaoka,
202105771,신비아시럽(아세트아미노펜),신비아,아세트아미노펜,맥널티제약(주),,"이 약 복용 전 리튬, 치아짓계이뇨제를 복용한 사람은 의사 또는 약사와 상의하십시오."
202105844,스피자임에스정,스피자임에스,,(주)에이프로젠바이오로직스,https://nedrug.mfds.go.kr/pbp/cmn/itemImageDownload/1Np7Ycc71QN,
202105952,브이디썬정,브이디썬,,신일제약(주),https://nedrug.mfds.go.kr/pbp/cmn/itemImageDownload/1O597tTUFWq,"인산염, 칼슘염, 경구용 테트라사이클린계 제제, 제산제, 레보도파와 함께 복용하지 마십시오. 항알도스테론제, 트리암테렌과 함께 복용 시 의사 또는 약사와 상의하십시오. 녹차, 홍차 등 탄닌을 함유하는 차는 복용중, 복용전후에는 피하십시오."
202105999,파모콤푸정,파모콤푸,,지엘팜텍(주),https://nedrug.mfds.go.kr/pbp/cmn/itemImageDownload/1NwHe9kvDh2,"위장약과 함께 복용하지 마십시오. 제산제, 아테놀올, 메토프로롤, 프로프라놀롤, 클로로퀸, 싸이클린계 항생제, 디클루니살, 디곡신, 이인산염, 펙소페나딘, 철(염), 플루오로퀴놀론계 항생제, 불화나트륨, 글루코코르티코이드, 인도메타신, 케토코나졸, 란소프라졸, 페노치아전계 항전간제, 페니실라민, 인산염, 티록신(약물의 소화 흡수 감소), 살리실산과 함께 복용 시 의사 또는 약사와 상의하십시오."
202106002,맥스케어액트정,맥스케어액트,,신일제약(주),https://nedrug.mfds.go.kr/pbp/cmn/itemImageDownload/1NvwvvpE2Ls,"인산염, 칼슘염, 경구용 테트라사이클린계 제제, 제산제, 레보도파, 에스트로겐을 포함한 경구용 피임제와 함께 복용하지 마십시오. 항알도스테론제, 트리암테렌과 함께 복용 시 의사 또는 약사와 상의하십시오. 녹차, 홍차 등 탄닌을 함유하는 차는 복용중, 복용전후에는 피하십시오."
202106045,레디클로질정(클로트리마졸),레디클로질,클로트리마졸,태극제약(주),https://nedrug.mfds.go.kr/pbp/cmn/itemImageDownload/1OQdQ5pD1Gg,경구용 타크로리무스(면역억제제)와 함께 복용하지 마십시오.
202106054,경동파니틴정10밀리그램(파모티딘),경동파니틴,파모티딘,경동제약(주),https://nedrug.mfds.go.kr/pbp/cmn/itemImageDownload/1OKRXo9l4EV,"이 약을 복용하기 전에 비스테로이드성 소염(항염)진통제, 무좀치료제 및 항진균제(이트라코나졸 및 포사코나졸 경구현탁액 등), 티로신 키나아제 억제제(다사티닙, 엘로티닙, 게피티니브, 파조파닙 등)를 복용하는 환자는 의사 또는 약사와 상의하십시오. 알코올이 함유된 음료와 함께 복용하지 마십시오."
202106092,타이레놀정500밀리그람(아세트아미노펜),타이레놀정500밀리그람,아세트아미노펜,켄뷰코리아판매유한회사,https://nedrug.mfds.go.kr/pbp/cmn/itemImageDownload/1OKRXo9l4D5,"바르비탈계 약물, 삼환계 항우울제 및 알코올을 투여한 환자, 와파린, 플루클록사실린을 복용하는 환자는 의사 또는 약사와 상의하십시오."
202106143,메가원정,메가원,,하나제약(주),https://nedrug.mfds.go.kr/pbp/cmn/itemImageDownload/1Np7Ycc71UJ,"인산염, 칼슘염, 경구용 테트라사이클린계 제제, 제산제, 레보도파, 에스트로겐을 포함한 경구용 피임제와 함께 복용하지 마십시오. 항알도스테론제, 트리암테렌과 함께 복용 시 의사 또는 약사와 상의하십시오. 녹차, 홍차 등 탄닌을 함유하는 차는 복용중, 복용전후에는 피하십시오."
202106247,푸레파인겔,푸레파인,,일동제약(주),,"혈압강하제, 항우울약과 함께 사용하지 마십시오."
202106262,바르핀케어네일라카(시클로피록스),바르핀케어네일라카,시클로피록스,동성제약(주),,
202106150,하디콜맥스정,하디콜맥스,,광동제약(주),https://nedrug.mfds.go.kr/pbp/cmn/itemImageDownload/1OJdSQXzgw-,"MAO 억제제(항우울제, 항정신병제, 감정조절제, 항파킨슨제 등), 진해거담제(기침·가래약), 다른 감기약, 해열진통제, 진정제, 항히스타민제를 함유하는 내복약(비염[코염]용 경구제, 멀미약, 알레르기용약)과 함께 복용하지 마십시오. MAO 억제제(항우울제, 항정신병제, 감정조절제, 항파킨슨제 등) 복용을 중단한 후 2주 이내의 사람은 이 약을 복용하지 마십시오. 바르비탈계 약물, 삼환계 항우울제 및 알코올, 당뇨약, 통풍약, 관절염약, 항응고제, 스테로이드제 등 다른 약물을 투여 받고 있는 사람은 의사 또는 약사와 상의하십시오. 복용 중에 음주하지 마십시오."
202106248,노바프록센정(나프록센나트륨),노바프록센,나프록센나트륨,주식회사 노바엠헬스케어,https://nedrug.mfds.go.kr/pbp/cmn/itemImageDownload/1O0bxj5FjvT,"다른 비스테로이드성 소염진통제 및 나프록센 유도체, 아스피린, 고용량의 메토트렉세이트와 함께 복용하지 마십시오. 히단토인계 항간질제, 설파제, 설포닐요소계 혈당강하제, 프로프라놀롤 및 다른 -차단제, ACE 억제제(캅토프릴 등), 루프계 이뇨제 및 치아짓계 이뇨제, 프로베네시드, 리튬, 저용량 메토트렉세이트, 쿠마린계 항응혈제(혈액응고저지제)(와파린 등), 지도부딘, 뉴퀴놀론계 항생물질(에녹사신 등)과 함께 복용 시 의사 또는 약사와 상의하십시오."
202106333,콘트라민정,콘트라민,,주식회사 노바엠헬스케어,https://nedrug.mfds.go.kr/pbp/cmn/itemImageDownload/1OJwvDq2p0f,"인산염, 칼슘염, 경구용 테트라사이클린계 제제, 제산제, 레보도파와 함께 복용하지 마십시오. 녹차, 홍차 등 탄닌을 함유하는 차는 복용중, 복용전후에는 피하십시오. 항알도스테론제, 트리암테렌과 함께 복용 시 의사 또는 약사와 상의하십시오."
202106349,바이오탑디듀얼캡슐,바이오탑디듀얼,,한올바이오파마(주),https://nedrug.mfds.go.kr/pbp/cmn/itemImageDownload/1PSuHLd1GsO,
202106350,바이오탑하이듀얼캡슐,바이오탑하이듀얼,,한올바이오파마(주),https://nedrug.mfds.go.kr/pbp/cmn/itemImageDownload/1O87NhauBxj,
202106370,프리좀원스외용액(테르비나핀염산염),프리좀원스외용,테르비나핀염산염,삼진제약(주),,
202106375,알카본플러스정,알카본플러스,,한올바이오파마(주),https://nedrug.mfds.go.kr/pbp/cmn/itemImageDownload/1O6liAhLUnz,"인산염, 칼슘염, 경구용 테트라사이클린계 제제, 제산제와 함께 복용하지 마십시오. 항알도스테론제, 트리암테렌, 강심배당체와 함께 복용 시 의사 또는 약사와 상의하십시오. 녹차, 홍차 등 탄닌을 함유하는 차는 복용 중, 복용 전후에는 피하십시오."
202106425,에레스정(엘카르니틴),에레스,엘카르니틴,익수제약(주),https://nedrug.mfds.go.kr/pbp/cmn/itemImageDownload/1Nxz1SsaoiK,
202106445,더블비정,더블비,,경방신약(주),https://nedrug.mfds.go.kr/pbp/cmn/itemImageDownload/1OXBXjHRXnP,"인산염, 칼슘염, 경구용 테트라사이클린계 제제, 제산제, 레보도파, 에스트로겐을 포함한 경구용 피임제와 함께 복용하지 마십시오. 항알도스테론제, 트리암테렌과 함께 복용 시 의사 또는 약사와 상의하십시오. 녹차, 홍차 등 탄닌을 함유하는 차는 복용중, 복용전후에는 피하십시오."
202106477,베로아크림0.15%(프레드니솔론발레로아세테이트),베로아,프레드니솔론발레로아세테이트,태극제약(주),,
202106491,프라메가크림(프라목신염산염),프라메가,프라목신염산염,(주)씨엠지제약,,"이 약을 사용하기 전에 혈압강하제, 항우울약을 복용 중인 환자는 의사 또는 약사와 상의하십시오."
202106502,시크린원스점안액(1회용),시크린원스,1회용,조아제약(주),,
202106513,디케이정,디케이,,미래바이오제약(주),https://nedrug.mfds.go.kr/pbp/cmn/itemImageDownload/1OG0K12c1xC,"인산염, 칼슘염, 경구용 테트라사이클린계 제제, 제산제와 함께 복용하지 마십시오. 항알도스테론제, 트리암테렌과 함께 복용 시 의사 또는 약사와 상의하십시오. 녹차, 홍차 등 탄닌을 함유하는 차는 복용중, 복용전후에는 피하십시오."
202106628,센스데이큐정,센스데이큐,,(주)유한양행,https://nedrug.mfds.go.kr/pbp/cmn/itemImageDownload/1O43E2UC9ym,"C형 간염 직접 작용 항바이러스제, 바르비탈계 약물, 항전간제(카르벡사클론, 카르바마제핀, 페니토인, 히단토인, 프리미돈), 리파부틴, 리팜피신, 암피실린, 테트라사이클린, 글리세오풀빈, 루피나미드, 아프레피탄트, 보센탄, 에파비렌즈, 펠바메이트, 옥스카르바제핀, 약용탄, 완하제, 베타차단제(메토프롤올 등), 벤조디아제핀, 사이클로스포린, 리토나비르, 세인트존스풀, 모다피닐, 플루나리진, 페니실린 등과 함께 복용하지 마십시오. 상세한 상호작용 약물은 허가사항 상세정보를 확인하십시오."
202106639,베니에프정,베니에프,,(주)엘앤씨바이오,https://nedrug.mfds.go.kr/pbp/cmn/itemImageDownload/1PvnDGw4158,제산제 복용 또는 우유 섭취 후 1시간 이내에는 이 약을 복용하지 마십시오.
202106656,굿포미정,굿포미,,조아제약(주),https://nedrug.mfds.go.kr/pbp/cmn/itemImageDownload/1O597tTUF27,"C형 간염 직접 작용 항바이러스제, 바르비탈계 약물, 항전간제(카르벡사클론, 카르바마제핀, 페니토인, 히단토인, 프리미돈), 리파부틴, 리팜피신, 암피실린, 테트라사이클린, 글리세오풀빈, 루피나미드, 아프레피탄트, 보센탄, 에파비렌즈, 펠바메이트, 옥스카르바제핀, 약용탄, 완하제, 베타차단제(메토프롤올 등), 벤조디아제핀, 사이클로스포린, 리토나비르, 세인트존스풀, 모다피닐, 플루나리진, 페니실린 등과 함께 복용하지 마십시오. 상세한 상호작용 약물은 허가사항 상세정보를 확인하십시오."
202106673,프라맥스에스좌제,프라맥스에스,,에이치엘비제약(주),,"혈압강하제, 항우울약과 함께 복용하지 마십시오."
202106737,아로나민케어싸이정,아로나민케어싸이,,일동제약(주),https://nedrug.mfds.go.kr/pbp/cmn/itemImageDownload/1NvwvvpE294,"인산염, 칼슘염, 경구용 테트라사이클린계 제제, 제산제, 레보도파, 에스트로겐을 포함한 경구용 피임제와 함께 복용하지 마십시오. 항알도스테론제, 트리암테렌과 함께 복용 시 의사 또는 약사와 상의하십시오. 녹차, 홍차 등 탄닌을 함유하는 차는 복용중, 복용전후에는 피하십시오."
202106741,위제로에스정,위제로에스,,일양약품(주),https://nedrug.mfds.go.kr/pbp/cmn/itemImageDownload/1NqFP7I3D05,
202106757,헤모퀸골드엠프리미엄캡슐,헤모퀸골드엠프리미엄,,경남제약(주),https://nedrug.mfds.go.kr/pbp/cmn/itemImageDownload/1ODWhLtN698,"인산염, 칼슘염, 경구용 테트라사이클린계 제제, 제산제와 함께 복용하지 마십시오. 항알도스테론제, 트리암테렌과 함께 복용 시 의사 또는 약사와 상의하십시오. 녹차, 홍차 등 탄닌을 함유하는 차는 복용중, 복용전후에는 피하십시오."
202106791,하드칼씨플러스정,하드칼씨플러스,,부광약품(주),https://nedrug.mfds.go.kr/pbp/cmn/itemImageDownload/1Nvya89EZDS,"인산염, 칼슘염, 경구용 테트라사이클린계 제제, 제산제와 함께 복용하지 마십시오. 항알도스테론제, 트리암테렌과 함께 복용 시 의사 또는 약사와 상의하십시오. 녹차, 홍차 등 탄닌을 함유하는 차는 복용중, 복용전후에는 피하십시오."
202106787,알러팜정(세티리진염산염),알러팜,세티리진염산염,(주)한국파비스제약,https://nedrug.mfds.go.kr/pbp/cmn/itemImageDownload/1O0bxj5Fjzz,"테오필린, 리토나비어, 과량의 알코올과 함께 복용하지 마십시오."
202106818,마그로민골드프리미엄연질캡슐,마그로민골드프리미엄,,(주)서흥,https://nedrug.mfds.go.kr/pbp/cmn/itemImageDownload/1Nx4BuwxtL5,"인산염, 칼슘염, 경구용 테트라사이클린계 제제, 제산제, 레보도파, 에스트로겐을 포함한 경구용 피임제와 함께 복용하지 마십시오. 항알도스테론제, 트리암테렌과 함께 복용 시 의사 또는 약사와 상의하십시오. 녹차, 홍차 등 탄닌을 함유하는 차는 복용중, 복용전후에는 피하십시오."
202106821,미네서플라이정,미네서플라이,,주식회사 노바엠헬스케어,https://nedrug.mfds.go.kr/pbp/cmn/itemImageDownload/1O597tTUFO6,"인산염, 칼슘염, 경구용 테트라사이클린계 제제, 제산제와 함께 복용하지 마십시오. 항알도스테론제, 트리암테렌과 함께 복용 시 의사 또는 약사와 상의하십시오. 녹차, 홍차 등 탄닌을 함유하는 차는 복용중, 복용전후에는 피하십시오."
202106861,파모컴정,파모컴,,정우신약(주),https://nedrug.mfds.go.kr/pbp/cmn/itemImageDownload/1OXnTn8MsQw,"위장약과 함께 복용하지 마십시오. 제산제, 아테놀올, 메토프로롤, 프로프라놀롤, 클로로퀸, 싸이클린계 항생제, 디클루니살, 디곡신, 이인산염, 펙소페나딘, 철(염), 플루오로퀴놀론계 항생제, 불화나트륨, 글루코코르티코이드, 인도메타신, 케토코나졸, 란소프라졸, 페노치아전계 항전간제, 페니실라민, 인산염, 티록신(약물의 소화 흡수 감소), 살리실산과 함께 복용 시 의사 또는 약사와 상의하십시오."
202106940,신카인겔(수출명: 태그가드(TAGuard)),신카인,,(주)퍼슨,,"혈압강하제, 항우울약과 함께 복용하지 마십시오."
202106954,타이레놀콜드-에스정,타이레놀콜드-에스,,켄뷰코리아판매유한회사,https://nedrug.mfds.go.kr/pbp/cmn/itemImageDownload/1OKRXo9l4Df,"MAO 억제제(항우울제, 항정신병제, 감정조절제, 항파킨슨제 등), 진해거담제(기침·가래약), 다른 감기약, 해열진통제, 진정제, 항히스타민제를 함유하는 내복약(비염[코염]용 경구제, 멀미약, 알레르기용약)과 함께 복용하지 마십시오. MAO억제제(항우울제, 항정신병제, 감정조절제, 항파킨슨제 등) 복용을 중단한 후 2주 이내의 사람은 이 약을 복용하지 마십시오. 이 약을 복용하기 전에 당뇨약, 통풍약, 관절염약, 항응고제, 스테로이드제, 플루클록사실린 등 다른 약물을 투여 받고 있는 사람은 의사 또는 약사와 상의하십시오. 바르비탈계 약물, 삼환계 항우울제 및 알코올을 투여하는 환자는 의사 또는 약사와 상의하십시오. 복용 중에 음주하지 마십시오."
202106961,설페린큐캡슐,설페린큐,,(주)한풍제약,https://nedrug.mfds.go.kr/pbp/cmn/itemImageDownload/1Nz64xJO6RI,"위장진통, 진경제와 함께 복용하지 마십시오."
202106999,마그로디안연질캡슐,마그로디안,,(주)서흥,https://nedrug.mfds.go.kr/pbp/cmn/itemImageDownload/1OctJqJAsgS,"인산염, 칼슘염, 경구용 테트라사이클린계 제제, 제산제, 레보도파, 에스트로겐을 포함한 경구용 피임제와 함께 복용하지 마십시오. 항알도스테론제, 트리암테렌과 함께 복용 시 의사 또는 약사와 상의하십시오. 녹차, 홍차 등 탄닌을 함유하는 차는 복용중, 복용전후에는 피하십시오."
202107041,무피신연고(무피로신),무피신,무피로신,(주)엘앤씨바이오,,
202107042,배가나정,배가나,,대원제약(주),https://nedrug.mfds.go.kr/pbp/cmn/itemImageDownload/1OnUY_VtDKD,"위장진통, 진경제와 병용 투여(함께 복용)하지 마십시오. 칼륨함유제제, 감초함유제제, 글리시리진산 혹은 그 염류 함유제제, 루프계 이뇨제(푸로세미드, 에타크린산) 또는 치아지드계 이뇨제(트리클로르메치아지드)와 병용(함께 복용)시 위알도스테론증이나 저칼륨혈증으로 인하여 근병증(근육병증)이 나타나기 쉬우므로 신중히 투여하십시오."
202107050,위엔부틴정(트리메부틴말레산염) (수출명 : Spasmocalm® Tab.),위엔부틴,,주식회사 노바엠헬스케어,https://nedrug.mfds.go.kr/pbp/cmn/itemImageDownload/1Nz64xJO6Yg,
202107063,코드에이연질캡슐,코드에이,,동성제약(주),https://nedrug.mfds.go.kr/pbp/cmn/itemImageDownload/1NvwvvpEt4s,
202107058,판텍큐플러스연질캡슐,판텍큐플러스,,동아제약(주),https://nedrug.mfds.go.kr/pbp/cmn/itemImageDownload/1PEPKBUccGO,"MAO 억제제(항우울제, 항정신병제, 감정조절제, 항파킨슨제 등), 진해거담제(기침·가래약), 다른 감기약, 해열진통제, 진정제, 항히스타민제를 함유하는 내복약(비염[코염]용 경구제, 멀미약, 알레르기용약)과 함께 복용하지 마십시오. MAO 억제제(항우울제, 항정신병제, 감정조절제, 항파킨슨제 등) 복용을 중단한 후 2주 이내의 사람은 이 약을 복용하지 마십시오. 바르비탈계 약물, 삼환계 항우울제 및 알코올, 당뇨약, 통풍약, 관절염약, 항응고제, 스테로이드제, 플루클록사실린 등 다른 약물을 투여 받고 있는 사람은 의사 또는 약사와 상의하십시오."
202107059,판텍큐노즈플러스연질캡슐,판텍큐노즈플러스,,동아제약(주),https://nedrug.mfds.go.kr/pbp/cmn/itemImageDownload/1PEPKBUccHB,"MAO 억제제(항우울제, 항정신병제, 감정조절제, 항파킨슨제 등), 진해거담제(기침·가래약), 다른 감기약, 해열진통제, 진정제, 항히스타민제를 함유하는 내복약(비염[코염]용 경구제, 멀미약, 알레르기용약)과 함께 복용하지 마십시오. MAO 억제제(항우울제, 항정신병제, 감정조절제, 항파킨슨제 등) 복용을 중단한 후 2주 이내의 사람은 이 약을 복용하지 마십시오. 바르비탈계 약물, 삼환계 항우울제 및 알코올, 당뇨약, 통풍약, 관절염약, 항응고제, 스테로이드제, 플루클록사실린 등 다른 약물을 투여 받고 있는 사람은 의사 또는 약사와 상의하십시오."
202107060,판텍큐코프플러스연질캡슐,판텍큐코프플러스,,동아제약(주),https://nedrug.mfds.go.kr/pbp/cmn/itemImageDownload/1PEPKBUccIR,"MAO 억제제(항우울제, 항정신병제, 감정조절제, 항파킨슨제 등), 진해거담제(기침·가래약), 다른 감기약, 해열진통제, 진정제, 항히스타민제를 함유하는 내복약(비염[코염]용 경구제, 멀미약, 알레르기용약)과 함께 복용하지 마십시오. 바르비탈계 약물, 삼환계 항우울제 및 알코올, 당뇨약, 통풍약, 관절염약, 항응고제, 스테로이드제, 플루클록사실린 등 다른 약물을 투여 받고 있는 사람은 의사 또는 약사와 상의하십시오."
202107128,비오라민골드정,비오라민골드,,명인제약(주),https://nedrug.mfds.go.kr/pbp/cmn/itemImageDownload/1Os35onWpwC,이 약을 복용하는 동안 레보도파를 복용하지 마십시오. 에스트로겐을 포함한 경구용 피임제를 복용하는 여성은 의사 또는 약사와 상의하십시오.
202107129,마그라민트리플액션정,마그라민트리플액션,,일동제약(주),https://nedrug.mfds.go.kr/pbp/cmn/itemImageDownload/1OJdSQXzgvJ,"인산염, 칼슘염, 경구용 테트라사이클린계 제제, 제산제, 레보도파, 에스트로겐을 포함한 경구용 피임제와 함께 복용하지 마십시오. 항알도스테론제, 트리암테렌과 함께 복용 시 의사 또는 약사와 상의하십시오. 녹차, 홍차 등 탄닌을 함유하는 차는 복용중, 복용전후에는 피하십시오."
202107155,마그라민액티브맥스연질캡슐,마그라민액티브맥스,,일동제약(주),https://nedrug.mfds.go.kr/pbp/cmn/itemImageDownload/1PEPKBUcjIg,"인산염, 칼슘염, 경구용 테트라사이클린계 제제, 제산제, 레보도파, 에스트로겐을 포함한 경구용 피임제와 함께 복용하지 마십시오. 항알도스테론제, 트리암테렌과 함께 복용 시 의사 또는 약사와 상의하십시오. 녹차, 홍차 등 탄닌을 함유하는 차는 복용중, 복용전후에는 피하십시오."
202107184,자멘쏙정(독시라민숙신산염),자멘쏙,독시라민숙신산염,일양약품(주),https://nedrug.mfds.go.kr/pbp/cmn/itemImageDownload/1O597tTUF1r,"이미프라민계 항우울약, 항파킨슨제, 디소피라미드와 함께 복용하지 마십시오. 복용 중에는 음주하지 마십시오."
202107278,마그바이타민연질캡슐,마그바이타민,,태극제약(주),https://nedrug.mfds.go.kr/pbp/cmn/itemImageDownload/1O1A3H02k1s,"인산염, 칼슘염, 경구용 테트라사이클린계 제제, 제산제, 레보도파, 에스트로겐을 포함한 경구용 피임제와 함께 복용하지 마십시오. 항알도스테론제, 트리암테렌과 함께 복용 시 의사 또는 약사와 상의하십시오. 녹차, 홍차 등 탄닌을 함유하는 차는 복용중, 복용전후에는 피하십시오."
202107305,셀레네퍼오랄정(아셀렌산나트륨오수화물),셀레네퍼오랄,아셀렌산나트륨오수화물,대한뉴팜(주),https://nedrug.mfds.go.kr/pbp/cmn/itemImageDownload/1NrCxVBml2q,"비타민 C와 같은 환원제와 함께 복용하지 마십시오. 비타민 C를 복용하려면 이 약과 약 4시간의 간격을 두고 따로 복용해야 합니다. 녹차, 홍차 등 탄닌을 함유하는 차는 복용중, 복용전후에는 피하십시오."
202107319,메가비텐액티브정,메가비텐액티브,,동국제약(주),https://nedrug.mfds.go.kr/pbp/cmn/itemImageDownload/1O3VwdlngxC,"인산염, 칼슘염, 경구용 테트라사이클린계 제제, 제산제, 레보도파와 함께 복용하지 마십시오. 녹차, 홍차 등 탄닌을 함유하는 차는 복용중, 복용전후에는 피하십시오. 항알도스테론제, 트리암테렌과 병용 투여 시 고칼륨혈증을 일으킬 수 있으므로 주의하십시오."
202107320,베라정(방풍통성산건조엑스(4.6→1)),베라,방풍통성산건조엑스,(주)테라젠이텍스,https://nedrug.mfds.go.kr/pbp/cmn/itemImageDownload/1PWq7YK8_9U,"다른 설사약, 다른 한약제제, 마황 또는 에페드린 함유제제, MAO 억제제, 갑상선제제(티록신, 리오치오닌), 카테콜아민제제(에피네프린, 이소프레날린), 크산틴계제제(테오필린, 디프로필린), 칼륨함유제제, 감초함유제제, 글리시리진산 또는 그 염류 함유제제, 루프계 이뇨제(푸로세미드, 에타크린산) 또는 티아지드계 이뇨제(트리클로르메티아지드)와 함께 복용하지 마십시오."
202107326,센스온스피드액,센스온스피드,,동국제약(주),,"인산염, 칼슘염, 경구용 테트라사이클린계 제제, 제산제, 레보도파와 함께 복용하지 마십시오. 항알도스테론제, 트리암테렌과 함께 복용 시 의사 또는 약사와 상의하십시오. 녹차, 홍차 등 탄닌을 함유하는 차는 복용중, 복용전후에는 피하십시오."
202107327,탁센레이디연질캡슐,탁센레이디,,(주)녹십자,https://nedrug.mfds.go.kr/pbp/cmn/itemImageDownload/1OWAIvQH0dU,"다른 해열진통제, 감기약, 진정제와 함께 복용하지 마십시오."
202107347,그날엔더블유연질캡슐,그날엔더블유,,경동제약(주),https://nedrug.mfds.go.kr/pbp/cmn/itemImageDownload/1O43E2UC9wW,"다른 해열진통제, 감기약, 진정제와 함께 복용하지 마십시오."
202107352,쑥베린정,쑥베린,,(주)마더스제약,https://nedrug.mfds.go.kr/pbp/cmn/itemImageDownload/1O3VwdlngtG,스코폴리아 엑스 함유 제제 및 다른 위장진통·진경제와 함께 복용하지 마십시오.
202107393,광동자강력연조엑스(쌍화탕연조엑스),광동자강력연조,쌍화탕연조엑스,광동제약(주),,"다른 한약제제, 칼륨함유제제, 감초함유제제, 글리시리진산 또는 그 염류 함유제제, 루프계 이뇨제(푸로세미드, 에타크린산) 또는 티아지드계 이뇨제(트리클로르메티아지드)와 함께 복용 시 의사 또는 약사와 상의하십시오."
202107495,게보린브이정(아세트아미노펜),게보린브이,아세트아미노펜,삼진제약(주),https://nedrug.mfds.go.kr/pbp/cmn/itemImageDownload/1O597tTUFYW,"바르비탈계 약물, 삼환계 항우울제 및 알코올을 투여한 환자, 리튬, 티아지드계 이뇨제와 함께 복용 시 의사 또는 약사와 상의하십시오."
202107520,이탄칼정(침강탄산칼슘),이탄칼,침강탄산칼슘,(주)이든파마,https://nedrug.mfds.go.kr/pbp/cmn/itemImageDownload/1NyXUqOvMHD,"테트라시아클린계 항생물질과 함께 복용하지 마십시오. 비타민D, 티아지드계 이뇨제, 다른 약물을 함께 복용하는 경우 의사 또는 약사와 상의하십시오. 다량의 우유와 함께 복용 시 우유 알칼리 증후군(고칼슘혈증, 고질소혈증, 알카리증 등)이 나타날 수 있으므로 의사 또는 약사와 상의하십시오."
202107556,아로나민실버액티브정,아로나민실버액티브,,일동제약(주),https://nedrug.mfds.go.kr/pbp/cmn/itemImageDownload/1Nx4BuwxtAz,"인산염, 칼슘염, 경구용 테트라사이클린계 제제, 제산제, 레보도파, 에스트로겐을 포함한 경구용 피임제와 함께 복용하지 마십시오. 항알도스테론제, 트리암테렌과 함께 복용 시 의사 또는 약사와 상의하십시오. 녹차, 홍차 등 탄닌을 함유하는 차는 복용중, 복용전후에는 피하십시오."
202107570,활비톤액,활비톤,,조아제약(주),,"인산염, 칼슘염, 경구용 테트라사이클린계 제제, 제산제, 레보도파와 함게 복용하지 마십시오. 항알도스테론제, 트리암테렌과 병용투여시 고칼륨혈증을 일으킬 수 있으므로 주의하십시오. 녹차, 홍차 등 탄닌을 함유하는 차는 복용중, 복용전후에는 피하십시오."
202107591,판크론에프정,판크론에프,,영진약품(주),https://nedrug.mfds.go.kr/pbp/cmn/itemImageDownload/1PHdMXssFWb,
202107668,액티진맥스정,액티진맥스,,한국코러스(주),https://nedrug.mfds.go.kr/pbp/cmn/itemImageDownload/1OXOCsXwJVk,"인산염, 칼슘염, 경구용 테트라사이클린계 제제, 제산제, 레보도파, 에스트로겐을 포함한 경구용 피임제와 함께 복용하지 마십시오. 항알도스테론제, 트리암테렌과 함께 복용 시 의사 또는 약사와 상의하십시오. 녹차, 홍차 등 탄닌을 함유하는 차는 복용중, 복용전후에는 피하십시오."
202107682,경동판테놀연고(덱스판테놀),경동판테놀,덱스판테놀,경동제약(주),,
202107694,씨스타점안액(카르복시메틸셀룰로오스나트륨)(1회용),씨스타,1회용,대우제약(주),,
202107747,디카킴디정,디카킴디,,(주)킴스제약,https://nedrug.mfds.go.kr/pbp/cmn/itemImageDownload/1OANLAkAEmI,"인산염, 칼슘염, 경구용 테트라사이클린계 제제, 제산제와 함께 복용하지 마십시오. 항알도스테론제, 트리암테렌과 함께 복용 시 의사 또는 약사와 상의하십시오. 녹차, 홍차 등 탄닌을 함유하는 차는 복용중, 복용전후에는 피하십시오."
202107768,제노펜정(아세트아미노펜),제노펜,아세트아미노펜,(주)한국파비스제약,https://nedrug.mfds.go.kr/pbp/cmn/itemImageDownload/1OgwGRyILqH,"바르비탈계 약물, 삼환계 항우울제 및 알코올을 투여한 환자, 와파린, 리튬, 티아지드계 이뇨제와 함께 복용 시 의사 또는 약사와 상의하십시오."
202107783,에스엘큐정(방풍통성산건조엑스(4.6→1)),에스엘큐,방풍통성산건조엑스,주식회사 노바엠헬스케어,https://nedrug.mfds.go.kr/pbp/cmn/itemImageDownload/1NvwvvpEt9Y,"다른 설사약과 함께 복용하지 마십시오. 다른 한약(생약)제제, 대황 함유제제, 마황 또는 에페드린 함유제제, MAO 억제제, 갑상선제제(티록신, 리오치오닌), 카테콜아민제제(에피네프린, 이소프레날린), 크산틴계제제(테오필린, 디프로필린), 칼륨함유제제, 감초함유제제, 글리시리진산 또는 그 염류 함유제제, 루프계 이뇨제(푸로세미드, 에타크린산) 또는 티아지드계 이뇨제(트리클로르메티아지드)와 함께 복용 시 의사 또는 약사와 상의하십시오."
202107800,순하나정(데소게스트렐),순하나,데소게스트렐,광동제약(주),https://nedrug.mfds.go.kr/pbp/cmn/itemImageDownload/1O8hTAhK8EQ,"간 마이크로좀 효소를 유도하는 약물, 바르비탈류, 보센탄, 항전간(간질)제(카르바마제핀, 페니토인, 프리미돈), 리팜피신, 에파비렌즈, 옥스카르바제핀, 토피라메이트, 펠바메이트, 세인트존스워트를 함유하는 물질, HIV단백분해효소(리토나비어, 넬피나비어)와 비뉴클레오시드 역전사효소 저해제, C형 간염 바이러스와의 조합(HCV) 의약품, 고도(케토코나졸, 이트라코나졸, 클래리스로마이신) 또는 중등도(플루코나졸, 딜티아젬, 에리트로마이신)의 CYP3A4 억제제와 함께 복용하지 마십시오."
202107827,바이오탑디포르테캡슐,바이오탑디포르테,,한올바이오파마(주),https://nedrug.mfds.go.kr/pbp/cmn/itemImageDownload/1O87NhauByH,
202107828,바이오탑하이포르테캡슐,바이오탑하이포르테,,한올바이오파마(주),https://nedrug.mfds.go.kr/pbp/cmn/itemImageDownload/1O87NhauBx-,
202107846,콜드팡시럽,콜드팡,,코오롱제약(주),,"MAO 억제제(항우울제, 항정신병제, 감정조절제, 항파킨슨제 등), 진해거담제(기침·가래약), 다른 감기약, 해열진통제, 진정제, 항히스타민제를 함유하는 내복약(비염[코염]용 경구제, 멀미약, 알레르기용약)과 함께 복용하지 마십시오. 바르비탈계 약물, 삼환계 항우울제 및 알코올을 투여한 환자는 의사 또는 약사와 상의하십시오."
202107872,챔프알러논액(세티리진염산염),챔프알러논,세티리진염산염,동아제약(주),,"이 약을 복용하는 동안 테오필린, 리토나비어와 함께 복용하지 마십시오. 이 약을 복용하는 동안 과량의 알코올과 함께 복용하지 마십시오."
202107875,헤모렉스에스좌제,헤모렉스에스,,대화제약(주),,"혈압강하제, 항우울약과 함께 복용하지 마십시오."
202107890,듀오베린정,듀오베린,,주식회사 노바엠헬스케어,https://nedrug.mfds.go.kr/pbp/cmn/itemImageDownload/1N-M7iZWRSA,위장진통·진경제와 함께 복용하지 마십시오.
202107891,렉센엔좌제,렉센엔,,한림제약(주),,"혈압강하제, 항우울약과 함께 복용하지 마십시오."
202107918,마그리퀴드액,마그리퀴드,,일양약품(주),,"인산염, 칼슘염, 경구용 테트라사이클린계 제제, 제산제, 레보도파와 함께 복용하지 마십시오. 항알도스테론제, 트리암테렌과 함께 복용 시 의사 또는 약사와 상의하십시오. 녹차, 홍차 등 탄닌을 함유하는 차는 복용중, 복용전후에는 피하십시오."
202107978,바이오탑디포르테세립,바이오탑디포르테세립,,한올바이오파마(주),,
202107980,메타지크림,메타지,,현대약품(주),,
202107976,메가비텐프리미엄정,메가비텐프리미엄,,동국제약(주),https://nedrug.mfds.go.kr/pbp/cmn/itemImageDownload/1O43E2UC9ti,"인산염, 칼슘염, 경구용 테트라사이클린계 제제, 제산제, 레보도파, 에스트로겐을 포함한 경구용 피임제와 함께 복용하지 마십시오. 항알도스테론제, 트리암테렌과 함께 복용 시 의사 또는 약사와 상의하십시오. 녹차, 홍차 등 탄닌을 함유하는 차는 복용중, 복용전후에는 피하십시오."
202108048,다푸러스액(작약감초탕),다푸러스,작약감초탕,익수제약(주),,"다른 한약제제, 칼륨함유제제, 감초함유제제, 글리시리진산 또는 그 염류 함유제제, 루프계 이뇨제(푸로세미드, 에타크린산) 또는 티아지드계 이뇨제(트리클로르메티아지드)와 함께 복용하지 마십시오."
202108018,렛잇비프로정,렛잇비프로,,(주)대웅제약,https://nedrug.mfds.go.kr/pbp/cmn/itemImageDownload/1PvnDGw4142,"인산염, 칼슘염, 경구용 테트라사이클린계 제제, 제산제, 레보도파, 에스트로겐을 포함한 경구용 피임제와 함께 복용하지 마십시오. 항알도스테론제, 트리암테렌과 함께 복용 시 의사 또는 약사와 상의하십시오. 녹차, 홍차 등 탄닌을 함유하는 차는 복용중, 복용전후에는 피하십시오."
202108052,훼스탈슈퍼자임정,훼스탈슈퍼자임,,(주)한독,https://nedrug.mfds.go.kr/pbp/cmn/itemImageDownload/1OgTUuGDjmk,
202108073,바이오탑아이세립,바이오탑아이세립,,한올바이오파마(주),,
202108124,시드레아크림(우레아),시드레아,우레아,(주)시어스제약,,
202108167,마그메타연질캡슐,마그메타,,코스맥스파마(주),https://nedrug.mfds.go.kr/pbp/cmn/itemImageDownload/1O0bxj5FjnJ,"인산염, 칼슘염, 경구용 테트라사이클린계 제제, 제산제, 에스트로겐을 포함한 경구용 피임제와 함께 복용하지 마십시오. 항알도스테론제, 트리암테렌과 함께 복용 시 의사 또는 약사와 상의하십시오. 녹차, 홍차 등 탄닌을 함유하는 차는 복용중, 복용전후에는 피하십시오."
202108177,신신케어타민정,신신케어타민,,신신제약(주),https://nedrug.mfds.go.kr/pbp/cmn/itemImageDownload/1O3Vwdlng-8,"인산염, 칼슘염, 경구용 테트라사이클린계 제제, 제산제, 레보도파, 에스트로겐을 포함한 경구용 피임제와 함께 복용하지 마십시오. 항알도스테론제, 트리암테렌과 함께 복용 시 의사 또는 약사와 상의하십시오. 녹차, 홍차 등 탄닌을 함유하는 차는 복용중, 복용전후에는 피하십시오."
202108189,다비우정(방풍통성산건조엑스(4.6→1)),다비우,방풍통성산건조엑스,(주)엘앤씨바이오,https://nedrug.mfds.go.kr/pbp/cmn/itemImageDownload/1N_tI6JB9kI,"다른 설사약과 함께 복용하지 마십시오. 다른 한약(생약)제제 등과 병용 투여할 경우 함유 생약의 중복에 주의하십시오. 마황 또는 에페드린 함유제제, MAO 억제제, 갑상선제제(티록신, 리오치오닌), 카테콜아민제제(에피네프린, 이소프레날린), 크산틴계제제(테오필린, 디프로필린), 칼륨함유제제, 감초함유제제, 글리시리진산 또는 그 염류 함유제제, 루프계 이뇨제(푸로세미드, 에타크린산) 또는 티아지드계 이뇨제(트리클로르메티아지드)를 병용시 신중히 복용하십시오."
202200014,메이놀정,메이놀,,(주)바스칸바이오제약,https://nedrug.mfds.go.kr/pbp/cmn/itemImageDownload/1O2wzPVLATj,제산제 또는 우유 섭취 후 1시간 이내에 이 약을 복용하지 마십시오.
202200063,도미나라이트크림(히드로퀴논),도미나라이트,히드로퀴논,태극제약(주),,
202200088,나나정500밀리그램(아세트아미노펜),나나,아세트아미노펜,초당약품공업(주),https://nedrug.mfds.go.kr/pbp/cmn/itemImageDownload/1OOrhdcAmZk,"다른 소염(항염)진통제, 바르비탈계 약물, 삼환계 항우울제, 알코올과 함께 복용하지 마십시오. 와파린, 리튬, 치아짓계 이뇨제와 함께 복용 시 의사 또는 약사와 상의하십시오."
202200149,락토프린정,락토프린,,주식회사 노바엠헬스케어,https://nedrug.mfds.go.kr/pbp/cmn/itemImageDownload/1NzPkSccjSb,위장진통진경제와 함께 복용하지 마십시오. 복용 중 음주하지 마십시오.
202200195,나스펜시럽(아세트아미노펜),나스펜,아세트아미노펜,조아제약(주),,"다른 소염(항염)진통제와 함께 복용하지 마십시오. 이 약을 복용하기 전에 와파린을 장기 복용하거나 리튬, 티아지드계 이뇨제를 복용한 환자는 의사 또는 약사와 상의하십시오."
202200245,베비움시럽(락툴로오즈농축액),베비움,락툴로오즈농축액,제이더블유신약(주),,"아카보즈 등의 -글리코시다아제 저해제, 광범위 항균 스펙트럼 항생제, 이뇨제, 코르티코이드, 암포테리신 B, 강심배당체, 제산제와 함께 복용할 경우 의사 또는 약사와 상의하십시오."
202200263,보령뮤코미스트액10%(아세틸시스테인),보령뮤코미스트,아세틸시스테인,(주)보령,,
202200407,타이레놀8시간이알서방정(아세트아미노펜),타이레놀8시간이알서방,아세트아미노펜,켄뷰코리아판매유한회사,https://nedrug.mfds.go.kr/pbp/cmn/itemImageDownload/1OKRXo9l4DN,"와파린, 플루클록사실린을 복용하는 환자는 의사 또는 약사와 상의하십시오."
202200437,마그온플러스연질캡슐,마그온플러스,,(주)대웅제약,https://nedrug.mfds.go.kr/pbp/cmn/itemImageDownload/1OmM2OP_0Vy,"이 약을 복용하는 동안 인산염, 칼슘염, 경구용 테트라사이클린계 제제, 제산제, 레보도파를 복용하지 마십시오. 항알도스테론제, 트리암테렌과 병용투여 시 고칼륨혈증을 일으킬 수 있으므로 주의하십시오. 녹차, 홍차 등 탄닌을 함유하는 차는 복용중, 복용전후에는 피하십시오."
202200413,원펜정,원펜,,원광제약(주),https://nedrug.mfds.go.kr/pbp/cmn/itemImageDownload/1OHXkPjtIe4,"다른 해열진통제, 감기약, 진정제와 함께 복용하지 마십시오. 당뇨약, 통풍약, 관절염약, 항응고제, 스테로이드제, 이뇨제, 저용량 아스피린과 함께 복용 시 의사 또는 약사와 상의하십시오. 칼륨함유제제, 감초함유제제, 글리시리진산 또는 그 염류 함유제제, 루프계 이뇨제(푸로세미드, 에타크린산) 또는 티아지드계 이뇨제(트리클로르메티아지드)와 함께 복용 시 의사 또는 약사와 상의하십시오. 복용 중 음주하지 마십시오."
202200438,마그온맥스비연질캡슐,마그온맥스비,,(주)대웅제약,https://nedrug.mfds.go.kr/pbp/cmn/itemImageDownload/1OmM2OP_0WE,"이 약을 복용하는 동안 인산염, 칼슘염, 경구용 테트라사이클린계 제제, 제산제, 레보도파를 복용하지 마십시오. 항알도스테론제, 트리암테렌과 병용투여 시 고칼륨혈증을 일으킬 수 있으므로 주의하십시오. 녹차, 홍차 등 탄닌을 함유하는 차는 복용중, 복용전후에는 피하십시오."
202200464,보드란크림(우레아),보드란,우레아,(주)에이프로젠바이오로직스,,"이 약에 의해 코르티코이드, 디트라놀, 5-플루오로우라실과 같은 성분의 피부로의 흡수 및 침투력이 높아질 수 있습니다."
202200525,어린이타이레놀현탁액(아세트아미노펜),어린이타이레놀,아세트아미노펜,켄뷰코리아판매유한회사,,"복용 중 음주하지 마십시오. 아세트아미노펜을 포함한 해열진통제와 함께 복용하지 마십시오. 와파린, 플루클록사실린을 복용하는 환자는 의사 또는 약사와 상의하십시오."
202200527,조인브이플러스정,조인브이플러스,,성이바이오제약주식회사,https://nedrug.mfds.go.kr/pbp/cmn/itemImageDownload/1OXnTn8Msgd,"인산염, 칼슘염, 경구용 테트라사이클린계 제제, 제산제, 레보도파와 함께 복용하지 마십시오. 녹차, 홍차 등 탄닌을 함유하는 차는 복용중, 복용전후에는 피하십시오."
202200555,센라인정(센텔라정량추출물),센라인,센텔라정량추출물,(주)팜젠사이언스,https://nedrug.mfds.go.kr/pbp/cmn/itemImageDownload/1OANLAkAEoq,
202200571,조인엔콘드800정,조인엔콘드800,,성이바이오제약주식회사,https://nedrug.mfds.go.kr/pbp/cmn/itemImageDownload/1OHXkPjtIcg,"인산염, 칼슘염, 경구용 테트라사이클린계 제제, 제산제, 레보도파와 함께 복용하지 마십시오. 항알도스테론제, 트리암테렌과 병용투여시 고칼륨혈증을 일으킬 수 있으므로 주의하십시오. 녹차, 홍차 등 탄닌을 함유하는 차는 복용중, 복용전후에는 피하십시오."
202200584,물린디쿨액,물린디쿨,,신신제약(주),,
202200589,듀오레정,듀오레,,(주)넥스팜코리아,https://nedrug.mfds.go.kr/pbp/cmn/itemImageDownload/1O597tTU05B,위장진통·진경제와 함께 복용하지 마십시오. 복용 중 음주하지 마십시오.
202200628,트로멜정,트로멜,,(주)오스코리아제약,https://nedrug.mfds.go.kr/pbp/cmn/itemImageDownload/1O3Vwdlngyu,항응고제를 투여하고 있는 환자는 이 약을 복용하기 전 의사 또는 약사와 상의하십시오.
202200638,바르지오원스외용액(테르비나핀염산염),바르지오원스외용,테르비나핀염산염,동화약품(주),,프로필렌글리콜 성분에 과민증 환자 및 알레르기 반응 경험자는 의사 또는 약사와 상의하십시오.
202200648,듀오레플러스정,듀오레플러스,,(주)넥스팜코리아,https://nedrug.mfds.go.kr/pbp/cmn/itemImageDownload/1PoXZr2Ffqu,위장진통·진경제와 함께 복용하지 마십시오. 복용 중 음주하지 마십시오.
202200631,센타민프로정,센타민프로,,(주)한풍제약,https://nedrug.mfds.go.kr/pbp/cmn/itemImageDownload/1O0bxj5FjtD,"인산염, 칼슘염, 경구용 테트라사이클린계 제제, 제산제, 레보도파와 함께 복용하지 마십시오. 녹차, 홍자 등 탄닌을 함유하는 차는 복용중, 복용전후에 피하십시오. 에스트로겐을 포함한 경구용 피임제를 복용하는 여성은 혈전증의 위험이 증가할 수 있으므로 주의하십시오. 항알도스테론제, 트리암테렌과 병용투여시 고칼륨혈증을 일으킬 수 있으므로 주의하십시오."
202200685,티아셀포르테액,티아셀포르테,,(주)한국비엠아이,,"인산염, 칼슙염, 경구용 테트라사이클린계 제제, 제산제와 함께 복용하지 마십시오. 항알도스테론제, 트리암테렌과 병용투여시 고칼륨혈증을 일으킬 수 있으므로 주의하십시오. 녹차, 홍차 등 탄닌을 함유하는 차는 복용중, 복용전후에는 피하십시오."
202200658,우먼스타이레놀정,우먼스타이레놀,,켄뷰코리아판매유한회사,https://nedrug.mfds.go.kr/pbp/cmn/itemImageDownload/1OKRXo9l4Dx,"다른 해열진통제, 감기약과 함께 복용하지 마십시오. 바르비탈계 진정제, 삼환계 항우울제, 알코올을 복용한 환자, 아세트아미노펜이 포함된 다른 약물을 이미 복용하고 있는 사람은 이 약을 복용하지 마십시오."
202200721,아나파치정(디오스민),아나파치,디오스민,삼진제약(주),https://nedrug.mfds.go.kr/pbp/cmn/itemImageDownload/1PaCreQ2lQj,
202200724,마이비젯정,마이비젯,,주식회사 노바엠헬스케어,https://nedrug.mfds.go.kr/pbp/cmn/itemImageDownload/1O5i42zbIjG,"인산염, 칼슘염, 경구용 테트라사이클린계 제제, 제산제, 레보도파와 함께 복용하지 마십시오. 에스트로겐을 포함한 경구용 피임제와 함께 복용 시 의사 또는 약사와 상의하십시오. 강심배당체, 항알도스테론제, 트리암테렌과 병용투여시 고칼륨혈증을 일으킬 수 있으므로 의사 또는 약사와 상의하십시오. 녹차, 홍차 등 탄닌을 함유하는 차는 복용 중, 복용 전후에는 피하십시오."
202200707,도나펜에프연질캡슐,도나펜에프,,(주)서흥,https://nedrug.mfds.go.kr/pbp/cmn/itemImageDownload/1OZ25fiXcB-,"다른 해열진통제, 감기약, 진정제와 함께 복용하지 마십시오. 당뇨약, 통풍약, 관절염약, 항응고제, 스테로이드제, 이뇨제, 저용량 아스피린과 함께 복용 시 의사 또는 약사와 상의하십시오. 복용시에는 음주하지 마십시오."
202200727,칼슈머정,칼슈머,,한국신텍스제약(주),https://nedrug.mfds.go.kr/pbp/cmn/itemImageDownload/1OW18w-b02B,"인산염, 칼슘염, 경구용 테트라사이클린계 제제, 제산제와 함께 복용하지 마십시오. 항알도스테론제, 트리암테렌과 병용(함께 복용)투여시 고칼륨혈증을 일으킬 수 있으므로 주의하십시오. 녹차, 홍차 등 탄닌을 함유하는 차는 복용중, 복용전후에는 피하십시오."
202200708,도나펜알파연질캡슐,도나펜알파,,(주)서흥,https://nedrug.mfds.go.kr/pbp/cmn/itemImageDownload/1PEPKBUcl-H,"이 약을 복용하는 동안 다른 해열진통제, 감기약, 진정제를 복용하지 마십시오. 이 약을 복용하기 전에 당뇨약, 통풍약, 관절염약, 항응고제, 스테로이드제 등 다른 약물을 투여받는 사람, 심근경색이나 뇌졸중 예방목적으로 저용량의 아스피린을 복용하는 사람은 의사 또는 약사와 상의하십시오. 복용 중에는 음주하지 마십시오."
202200736,오큐비스케어점안액(1회용),오큐비스케어,1회용,대우제약(주),,
202200765,맥세렌비제트정,맥세렌비제트,,맥널티제약(주),https://nedrug.mfds.go.kr/pbp/cmn/itemImageDownload/1OBVa0o7buo,"인산염, 칼슘염, 경구용 테트라사이클린계 제제, 제산제와 함께 복용하지 마십시오. 항알도스테론제, 트리암테렌과 함께 복용 시 의사 또는 약사와 상의하십시오. 녹차, 홍차 등 탄닌을 함유하는 차는 복용 중, 복용 전후에는 피하십시오."
202200799,마그알파연질캡슐,마그알파,,메딕스제약(주),https://nedrug.mfds.go.kr/pbp/cmn/itemImageDownload/1O0bxj5Fjx9,"인산염, 칼슘염, 경구용(먹는) 테트라사이클린계 제제, 제산제, 레보도파와 함께 복용하지 마십시오. 에스트로겐을 포함한 경구용 피임제, 항알도스테론제, 트리암테렌, 다른 정주용 지질제와 함께 복용 시 의사 또는 약사와 상의하십시오. 녹차, 홍차 등 탄닌을 함유하는 차는 복용 중, 복용 전후에는 피하십시오."
202200834,마그포스맥스연질캡슐,마그포스맥스,,코오롱제약(주),https://nedrug.mfds.go.kr/pbp/cmn/itemImageDownload/1O5i42zbIii,"인산염, 칼슘염, 경구용 테트라사이클린계 제제, 제산제, 레보도파와 함께 복용하지 마십시오. 에스트로겐을 포함한 경구용 피임제, 항알도스테론제, 트리암테렌과 함께 복용 시 의사 또는 약사와 상의하십시오. 녹차, 홍차 등 탄닌을 함유하는 차는 복용 중, 복용 전후에는 피하십시오."
202200838,종근당비타민씨골드정1000밀리그램(아스코르브산97%과립),종근당비타민씨골드,아스코르브산97%과립,(주)종근당,https://nedrug.mfds.go.kr/pbp/cmn/itemImageDownload/1O1hVd7OtaS,"과도한 음주나 흡연을 삼가하십시오. 경구용 항응고제(쿠마린계 약물), 살리실산염, 아스피린, 철분제, 페니토인 및 일부 항전간제, 에스트로겐이 포함된 경구용 피임약, 테트라싸이클린계 항생제, 플루페나진, 오르리스타트, 바르비탈산 유도체, 코르티코스테로이드제와 함께 복용 시 의사 또는 약사와 상의하십시오."
202200851,리버칼에프연질캡슐350밀리그램(밀크시슬열매건조엑스),리버칼에프,밀크시슬열매건조엑스,(주)한국파비스제약,https://nedrug.mfds.go.kr/pbp/cmn/itemImageDownload/1N-M7iZWRSf,정주용 지질제와 함께 복용 시 의사 또는 약사와 상의하십시오.
202200874,비엘락툴이지시럽(락툴로오스농축액),비엘락툴이지,락툴로오스농축액,한국신텍스제약(주),,"이 약을 복용하는 동안 아카보즈 등의 -글리코시다아제 저해제, 광범위 항균 스펙트럼 항생제, 이뇨제, 코르티코이드, 암포테리신 B, 강심배당체, 제산제를 함께 복용 시 의사 또는 약사와 상의하십시오"
202200864,마그랑비연질캡슐,마그랑비,,동아제약(주),https://nedrug.mfds.go.kr/pbp/cmn/itemImageDownload/1ODWhLtN5zt,"인산염, 칼슘염, 경구용 테트라사이클린계 제제, 제산제, 레보도파와 함께 복용하지 마십시오. 에스트로겐을 포함한 경구용 피임제를 복용하는 여성 또는 혈전성 소인이 있는 환자가 비타민E를 복용할 경우 혈전증의 위험이 증가될 수 있습니다. 항알도스테론제, 트리암테렌과 병용투여시 고칼륨혈증을 일으킬 수 있으므로 주의하십시오. 녹차, 홍차 등 탄닌을 함유하는 차는 복용중, 복용전후에는 피하십시오."
202200972,바이캅정(탄산수소나트륨),바이캅,탄산수소나트륨,주식회사 노바엠헬스케어,https://nedrug.mfds.go.kr/pbp/cmn/itemImageDownload/1O0bxj5Fjx-,"다량의 우유, 칼슘제제와 함께 복용 시 우유 알칼리 증후군(고칼슘혈증, 고질소혈증, 알카리증 등)이 나타날 수 있으므로 의사 또는 약사와 상의하십시오."
202200981,리스카펜정,리스카펜,,(주)시어스제약,https://nedrug.mfds.go.kr/pbp/cmn/itemImageDownload/1O597tTUcLq,"MAO 억제제(항우울제, 항정신병제, 감정조절제, 항파킨슨제 등), 진해거담제, 다른 감기약, 해열진통제, 진정제, 항히스타민제를 함유하는 내복약(비염용 경구제, 멀미약, 알레르기용약)과 함께 복용하지 마십시오. 당뇨약, 통풍약, 관절염약, 항응고제, 스테로이드제를 투여한 환자는 의사 또는 약사와 상의하십시오. 복용 중에는 음주하지 마십시오."
202201040,코발맥정,코발맥,,(주)다림바이오텍,https://nedrug.mfds.go.kr/pbp/cmn/itemImageDownload/1O3Vwdlngww,레보도파와 함께 복용하지 마십시오.
202201059,벤포벨에스정,벤포벨에스,,(주)종근당,https://nedrug.mfds.go.kr/pbp/cmn/itemImageDownload/1O597tTU007,"인산염, 칼슘염, 경구용 테트라사이클린계 제제, 제산제, 레보도파와 함께 복용하지 마십시오. 녹차, 홍차 등 탄닌을 함유하는 차는 복용 중, 복용 전후에는 피하십시오. 항알도스테론제, 트리암테렌과 함께 복용 시 의사 또는 약사와 상의하십시오."
202201073,태극파워액티브액(L-아스파르트산-L-아르기닌수화물),태극파워액티브,L-아스파르트산-L-아르기닌수화물,태극제약(주),,"항정신병약, 수면제와 함께 복용하지 마십시오."
202201105,마가렉스정,마가렉스,,경남제약(주),https://nedrug.mfds.go.kr/pbp/cmn/itemImageDownload/1OCxjzi8s98,위장진통·진경제와 함께 복용하지 마십시오. 복용 중에는 음주하지 마십시오.
202201153,나노파모정10밀리그램(파모티딘),나노파모,파모티딘,초당약품공업(주),https://nedrug.mfds.go.kr/pbp/cmn/itemImageDownload/1O0N9b1bblV,"이 약을 복용하기 전에 비스테로이드성 소염(항염)진통제, 무좀치료제 및 항진균제(이트라코나졸 및 포사코나졸 경구현탁액 등), 티로신 키나아제 억제제(다사티닙, 엘로티닙, 게피티니브, 파조파닙 등)를 복용하는 환자는 의사 또는 약사와 상의하십시오. 알코올이 함유된 음료와 함께 복용하지 마십시오."
202201154,멜린업정,멜린업,,(주)시어스제약,,
202201175,프렌즈아이드롭케어점안액(1회용),프렌즈아이드롭케어,1회용,제이더블유중외제약(주),,
202201194,디알클리어점안액1.0%(카르복시메틸셀룰로오스나트륨)(1회용),디알클리어,1회용,삼천당제약(주),,"다른 점안제와 동시에 사용할 경우, 이 약을 사용하기 전에 최소한 15분의 간격을 두고 점안하십시오."
202201218,광동에너릭정,광동에너릭,,광동제약(주),https://nedrug.mfds.go.kr/pbp/cmn/itemImageDownload/1OeD8xwOrQY,"다른 졸음방지약, 카페인 함유 음료(커피, 차 등)과 함께 복용하지 마십시오."
202201272,에이로반연고(무피로신),에이로반,무피로신,한국신텍스제약(주),,이 약과 다른 여러 약물을 동시에 사용할 경우 의사 또는 약사와 상의하십시오.
202201233,트라스트이부플라스타(이부프로펜),트라스트이부플라스타,이부프로펜,에스케이케미칼(주),,"다른 비스테로이드성 소염(항염)진통제(NSAIDs), 코르티코스테로이드, 항응고제, 항혈소판제를 함유한 다른 약물과 함께 사용하지 마십시오. 혈압강하제, 아스피린, 비스테로이드성 소염(항염)진통제 등과 함께 사용시 의사 또는 약사와 상의하십시오."
202201279,칼비리아플러스정,칼비리아플러스,,(주)한국팜비오,https://nedrug.mfds.go.kr/pbp/cmn/itemImageDownload/1PEPKBUclPE,"인산염, 칼슘염, 경구용 테트라사이클린계 제제, 제산제와 함께 복용하지 마십시오. 항알도스테론제, 트리암테렌과 함께 투여할 경우 고칼륨혈증을 일으킬 수 있으므로 주의하십시오. 녹차, 홍차 등 탄닌을 함유하는 차는 복용 중, 복용 전후에는 피하십시오."
202201300,타이레놀산500밀리그램(아세트아미노펜),타이레놀,아세트아미노펜,켄뷰코리아판매유한회사,,"바르비탈계 약물, 삼환계 항우울제, 알코올과 함께 복용하지 마십시오. 와파린, 플루클록사실린 등 다른 약물을 투여 받고 있는 사람은 의사 또는 약사와 상의하십시오. 다른 소염(항염)진통제와 함께 복용하는 것은 피하십시오."
202201492,미카실원스외용액(테르비나핀염산염),미카실원스외용,테르비나핀염산염,(주)에이프로젠바이오로직스,,
202201516,브로멜라장용정(브로멜라인),브로멜라장용,브로멜라인,(주)아이월드제약,https://nedrug.mfds.go.kr/pbp/cmn/itemImageDownload/1OANLAkAEhg,
202201550,로시놀액(나프티핀염산염),로시놀,나프티핀염산염,(주)녹십자,,다른 국소 적용 약물과 함께 사용 시 의사 또는 약사와 상의하십시오.
202201553,벤포마그빅액티브에스연질캡슐,벤포마그빅액티브에스,,메딕스제약(주),https://nedrug.mfds.go.kr/pbp/cmn/itemImageDownload/1O597tTU04L,"인산염, 칼슘염, 경구용 테트라사이클린계 제제, 제산제, 레보도파, 에스트로겐을 포함한 경구용 피임제와 함께 복용하지 마십시오. 항알도스테론제, 트리암테렌과 함께 복용 시 의사 또는 약사와 상의하십시오. 녹차, 홍차 등 탄닌을 함유하는 차는 복용중, 복용전후에는 피하십시오."
202201563,마그윈큐연질캡슐,마그윈큐,,메딕스제약(주),https://nedrug.mfds.go.kr/pbp/cmn/itemImageDownload/1O597tTUcQ2,"인산염, 칼슘염, 경구용 테트라사이클린계 제제, 제산제, 레보도파, 에스트로겐을 포함한 경구용 피임제와 함께 복용하지 마십시오. 항알도스테론제, 트리암테렌과 함께 복용 시 의사 또는 약사와 상의하십시오. 녹차, 홍차 등 탄닌을 함유하는 차는 복용중, 복용전후에는 피하십시오."
202201591,지노칼골드정,지노칼골드,,삼남제약(주),https://nedrug.mfds.go.kr/pbp/cmn/itemImageDownload/1O6liAhLUu0,"인산염, 칼슘염, 경구용 테트라사이클린계 제제, 제산제와 함께 복용하지 마십시오. 항알도스테론제, 트리암테렌과 함께 복용 시 의사 또는 약사와 상의하십시오. 녹차, 홍차 등 탄닌을 함유하는 차는 복용중, 복용전후에는 피하십시오."
202201637,덱스판연고(D-판테놀),덱스판,D-판테놀,시믹씨엠오코리아주식회사,,이 약은 프로필렌글리콜을 함유하고 있으므로 이 성분에 과민하거나 알레르기 반응 경험자는 의사 또는 약사와 상의하십시오.
202201615,리드플루연질캡슐,리드플루,,(주)서흥,https://nedrug.mfds.go.kr/pbp/cmn/itemImageDownload/1O43E2UCmxX,"MAO 억제제(항우울제, 항정신병제, 감정조절제, 항파킨슨제 등), 진해거담제(기침·가래약), 다른 감기약, 해열진통제, 진정제, 항히스타민제를 함유하는 내복약(비염[코염]용 경구제, 멀미약, 알레르기용약)과 함께 복용하지 마십시오. MAO 억제제(항우울제, 항정신병제, 감정조절제, 항파킨슨제 등) 복용을 중단한 후 2주 이내의 사람은 이 약을 복용하지 마십시오. 바르비탈계 약물, 삼환계 항우울제 및 알코올을 투여한 환자는 의사 또는 약사와 상의하십시오."
202201683,노즈그린연질캡슐,노즈그린,,코스맥스파마(주),https://nedrug.mfds.go.kr/pbp/cmn/itemImageDownload/1OQ2VIm7Wbe,"다른 비염(코염)용 경구제, 항히스타민제를 함유하는 내복약(감기약, 진해거담제, 멀미약, 알레르기용약 등)과 함께 복용하지 마십시오. 복용 중 음주하지 마십시오."
202201693,치지렌정600밀리그램(디오스민),치지렌,디오스민,코오롱제약(주),https://nedrug.mfds.go.kr/pbp/cmn/itemImageDownload/1PUZO9zSrLz,
202201698,도담도담트리플비타액,도담도담트리플비타,,일양약품(주),,"인산염, 칼슘염, 경구용 테트라사이클린계 제제, 제산제, 레보도파와 함께 복용하지 마십시오. 녹차, 홍차 등 탄닌을 함유하는 차는 복용 중, 복용 전후에는 피하십시오."
202201712,징크셀플러스캡슐,징크셀플러스,,경남제약(주),https://nedrug.mfds.go.kr/pbp/cmn/itemImageDownload/1OANLAkAElH,"인산염, 칼슘염, 경구용 테트라사이클린계 제제, 제산제, 에스트로겐을 포함한 경구용 피임제와 함께 복용하지 마십시오. 항알도스테론제, 트리암테렌과 함께 복용 시 의사 또는 약사와 상의하십시오. 녹차, 홍차 등 탄닌을 함유하는 차는 복용중, 복용전후에는 피하십시오."
202201721,타세놀정160밀리그램(아세트아미노펜),타세놀,아세트아미노펜,부광약품(주),https://nedrug.mfds.go.kr/pbp/cmn/itemImageDownload/1Opv7e4K6cR,"바르비탈계 약물, 삼환계 항우울제 및 알코올을 복용한 환자, 와파린, 리튬, 티아지드계 이뇨제와 함께 복용 시 의사 또는 약사와 상의하십시오."
202201755,디오라인정600밀리그램(디오스민),디오라인,디오스민,동아제약(주),https://nedrug.mfds.go.kr/pbp/cmn/itemImageDownload/1PEQqCYJLPU,
202201771,미리코프파워연질캡슐,미리코프파워,,(주)알피바이오,https://nedrug.mfds.go.kr/pbp/cmn/itemImageDownload/1OlEDCLyssj,"다른 진해거담제, 감기약, 항히스타민제를 함유하는 내복약(비염용 경구제, 멀미약, 알레르기용약), 진정제와 함께 복용하지 마십시오. 복용 중에는 음주하지 마십시오."
202201777,제일은교산캡슐,제일은교,,제일헬스사이언스(주),https://nedrug.mfds.go.kr/pbp/cmn/itemImageDownload/1O87NhauBzP,"칼륨함유제제, 감초함유제제, 글리시리진산 또는 그 염류 함유제제, 루프계 이뇨제(푸로세미드, 에타크린산) 또는 티아지드계 이뇨제(트리클로르메티아지드), 다른 한약제제와 함께 복용 시 의사 또는 약사와 상의하십시오."
202201813,베노론디정600밀리그램(디오스민),베노론디,디오스민,한올바이오파마(주),https://nedrug.mfds.go.kr/pbp/cmn/itemImageDownload/1PEPKBUceJ7,
202201816,순갈근탕에이액,순갈근탕에이,,(주)알피바이오,,"진해(기침을 그치게 함)거담제(가래약), 다른 감기약, 해열진통제, 진정제, 항히스타민제를 함유하는 내복약(비(코)염용 경구제, 멀미약, 알레르기용약)과 함께 복용하지 마십시오. MAO억제제(항우울제, 항정신병제, 감정조절제, 항파킨슨제 등)를 복용하고 있거나 복용을 중단한 후 2주 이내의 사람은 이 약을 복용하지 마십시오. 당뇨약, 통풍약, 관절염약, 항응고제, 스테로이드제, 바르비탈계 약물, 삼환계 항우울제 및 알코올을 투여한 환자, 칼륨함유제제, 감초함유제제, 글리시리진산 또는 그 염류 함유제제, 루프계 이뇨제(푸로세미드, 에타크린산) 또는 티아지드계 이뇨제(트리클로르메티아지드)와 함께 복용 시 의사 또는 약사와 상의하십시오. 복용 중에 음주하지 마십시오."
202201864,락토그린정,락토그린,,(주)시어스제약,https://nedrug.mfds.go.kr/pbp/cmn/itemImageDownload/1OCxjzi8rtg,"위장진통, 진경제와 함께 복용하지 마십시오."
202201869,포머렐정0.075밀리그램(데소게스트렐),포머렐,데소게스트렐,알보젠코리아(주),https://nedrug.mfds.go.kr/pbp/cmn/itemImageDownload/1O9V3DqJYMG,"간 마이크로좀 효소를 유도하는 약물, 바르비탈류, 보센탄, 항전간(간질)제(카르바마제핀, 페니토인, 프리미돈), 리팜피신, 에파비렌즈, 옥스카르바제핀, 토피라메이트, 펠바메이트, 세인트존스워트, 리토나비어, 넬피나비어, 비뉴클레오시드 역전사효소 저해제(네비라핀), C형 간염 바이러스와의 조합(HCV) 의약품(보세프레비르, 텔라프레비르), 케토코나졸, 이트라코나졸, 클래리스로마이신, 플루코나졸, 딜티아젬, 에리트로마이신 등과 함께 복용하지 마십시오."
202201890,헤모맥스정,헤모맥스,,(주)마더스제약,https://nedrug.mfds.go.kr/pbp/cmn/itemImageDownload/1Ose29soF3N,"이 약을 복용하는 동안 인산염, 칼슘염, 경구용 테트라사이클린계 제제, 제산제를 복용하지 마십시오. 항알도스테론제, 트리암테렌과 병용투여하는 환자는 의사 또는 약사와 상의하십시오. 녹차, 홍차 등 탄닌을 함유하는 차는 복용 중, 복용 전후에는 피하십시오."
202201984,내린다시럽(아세트아미노펜),내린다,아세트아미노펜,(주)텔콘알에프제약,,"다른 소염(항염)진통제, 아세트아미노펜을 포함하는 다른 제품, 바르비탈계 약물, 삼환계 항우울제, 알코올과 함께 이 약을 복용하지 마십시오. 이 약을 복용하기 전에 와파린을 장기복용하거나 리튬, 티아지드계 이뇨제를 복용하는 환자는 의사 또는 약사와 상의하십시오."
202201988,락토폴플러스정,락토폴플러스,,(주)이든파마,https://nedrug.mfds.go.kr/pbp/cmn/itemImageDownload/1ODWhLtN5-z,"위장진통, 진경제와 함께 복용하지 마십시오."
202202007,락스타더블캡슐(락토바실루스카제이변종람노수스의동결건조배양물),락스타더블,락토바실루스카제이변종람노수스의동결건조배양물,코오롱제약(주),https://nedrug.mfds.go.kr/pbp/cmn/itemImageDownload/1O597tTU043,
202202031,락토폴정,락토폴,,(주)이든파마,https://nedrug.mfds.go.kr/pbp/cmn/itemImageDownload/1ODWhLtN5-W,위장진통·진경제와 함께 복용하지 마십시오.
202202104,마그엔뉴연질캡슐,마그엔뉴,,경동제약(주),https://nedrug.mfds.go.kr/pbp/cmn/itemImageDownload/1OFClXzKbXs,"인산염, 칼슘염, 경구용 테트라사이클린계 제제, 제산제, 레보도파, 에스트로겐을 포함한 경구용 피임제와 함께 복용하지 마십시오. 항알도스테론제, 트리암테렌과 함께 복용 시 의사 또는 약사와 상의하십시오. 녹차, 홍차 등 탄닌을 함유하는 차는 복용중, 복용전후에는 피하십시오."
202202131,투엑스비콘드로800정,투엑스비콘드로800,,제일헬스사이언스(주),https://nedrug.mfds.go.kr/pbp/cmn/itemImageDownload/1Pqda2Ed3NP,"인산염, 칼슘염, 경구용 테트라사이클린계 제제, 제산제, 레보도파와 함께 복용하지 마십시오. 항알도스테론제, 트리암테렌과 함께 복용 시 의사 또는 약사와 상의하십시오. 녹차, 홍차 등 탄닌을 함유하는 차는 복용 중, 복용 전후에는 피하십시오."
202202168,라이트프레쉬점안액1%(카르복시메틸셀룰로오스나트륨)(1회용),라이트프레쉬,1회용,(주)라이트팜텍,,"다른 점안제와 동시에 사용할 경우, 이 약을 사용하기 전에 최소한 15분의 간격을 두고 점안합니다."
202202187,액토시드피에이산(과탄산나트륨),액토시드피에이,과탄산나트륨,(주)준팜,,
202202254,디나펜카타플라스마(디클로페낙나트륨),디나펜카타플라스마,디클로페낙나트륨,현대약품(주),,"이 약을 사용하는 동안 디클로페낙 제제 혹은 비스테로이드 소염제(항염증제)를 국소적으로 적용하거나 복용하지 마십시오. 뉴퀴놀론계 항균제(에녹사신 등), 루프 이뇨제(푸로세미드 등), 티아자이드계 이뇨제, 지혈을 방해하는 약물(와파린 등), 항혈소판제(아스피린 등), 선택적 세로토닌 재흡수 억제제 및 세로토닌 노르에피네프린 재흡수 억제제를 투여하는 환자는 의사 또는 약사와 상의하십시오."
202202274,센스가드이브정(데소게스트렐),센스가드이브,데소게스트렐,태극제약(주),https://nedrug.mfds.go.kr/pbp/cmn/itemImageDownload/1OCxjzi8sFc,"간 마이크로좀 효소를 유도하는 약물, 바르비탈류, 보센탄, 항전간(간질)제(카르바마제핀, 페니토인, 프리미돈), 리팜피신, 에파비렌즈, 옥스카르바제핀, 토피라메이트, 펠바메이트, 세인트존스워트, 리토나비어, 넬피나비어, 비뉴클레오시드 역전사효소 저해제(네비라핀), C형 간염 바이러스와의 조합(HCV) 의약품(보세프레비르, 텔라프레비르), 케토코나졸, 이트라코나졸, 클래리스로마이신, 플루코나졸, 딜티아젬, 에리트로마이신 등과 함께 복용하지 마십시오."
202202275,비파인정,비파인,,메딕스제약(주),https://nedrug.mfds.go.kr/pbp/cmn/itemImageDownload/1OGYzwP1LNk,"인산염, 칼슘염, 경구용 테트라사이클린계 제제, 제산제, 레보도파와 함께 복용하지 마십시오. 항알도스테론제, 트리암테렌과 함께 복용 시 의사 또는 약사와 상의하십시오. 녹차, 홍차 등 탄닌을 함유하는 차는 복용중, 복용전후에는 피하십시오."
202202278,파세몰시럽(아세트아미노펜),파세몰,아세트아미노펜,신일제약(주),,"와파린, 리튬, 티아지드계 이뇨제와 함께 복용 시 의사 또는 약사와 상의하십시오. 복용 중에 음주하지 마십시오."
202202287,알엠에스알기닌액(L-아스파르트산-L-아르기닌수화물),알엠에스알기닌,L-아스파르트산-L-아르기닌수화물,(주)킵스바이오파마,,"항정신병약, 수면제와 함께 복용하지 마십시오."
202202289,마크롱연질캡슐,마크롱,,코스맥스파마(주),https://nedrug.mfds.go.kr/pbp/cmn/itemImageDownload/1OMX5CPmM54,"에스트로겐을 포함한 경구용 피임제, 항알도스테론제, 트리암테렌과 함께 복용 시 의사 또는 약사와 상의하십시오. 녹차, 홍차 등 탄닌을 함유하는 차는 복용 중, 복용 전후에는 피하십시오."
202202291,위아제정,위아제,,환인제약(주),https://nedrug.mfds.go.kr/pbp/cmn/itemImageDownload/1OFClXzKbpd,
202202380,노즈알연질캡슐(펙소페나딘염산염),노즈알,펙소페나딘염산염,(주)알피바이오,https://nedrug.mfds.go.kr/pbp/cmn/itemImageDownload/1OlTcytjZdc,"이 약을 복용하는 동안 피부질환용약, 비염용 내복약을 포함한 다른 알레르기용약, 항히스타민제를 함유한 내복약 등, 알루미늄 또는 마그네슘 함유 제제의 제산제를 복용하지 마십시오. 이 약을 복용하는 동안 케토코나졸이나 에리트로마이신과 함께 복용하지 마십시오. 이 약을 복용하는 동안 자몽주스, 오렌지 및 사과주스와 같은 과일주스 및 음식물과 함께 복용하지 마십시오. 복용 전후 음주하지 마십시오."
202202409,콜록노즈연질캡슐,콜록노즈,,(주)녹십자,https://nedrug.mfds.go.kr/pbp/cmn/itemImageDownload/1PVsYvoye4Y,"MAO억제제(항우울제, 항정신병제, 감정조절제, 항파킨슨제 등), 진해(기침을 그치게 함)거담제(가래약), 다른 감기약, 해열진통제, 진정제, 항히스타민제를 함유하는 내복약(비염(코염)용 경구제, 멀미약, 알레르기용약)과 함께 복용하지 마십시오. MAO억제제(항우울제, 항정신병제, 감정조절제, 항파킨슨제 등) 복용을 중단한 후 2주 이내의 사람은 이 약을 복용하지 마십시오. 이 약을 복용하기 전에 당뇨약, 통풍약, 관절염약, 항응고제, 스테로이드제 등을 투여 받고 있는 사람은 의사 또는 약사와 상의하십시오. 바르비탈계 약물, 삼환계 항우울제 및 알코올을 투여하는 환자는 의사 또는 약사와 상의하십시오. 복용 중에는 음주하지 마십시오."
202202422,유한이브펜연질캡슐,유한이브펜,,(주)유한양행,https://nedrug.mfds.go.kr/pbp/cmn/itemImageDownload/1OXxDYVu5UV,"다른 해열진통제, 감기약, 진정제와 함께 복용하지 마십시오. 당뇨약, 통풍약, 관절염약, 항응고제, 스테로이드제, 이뇨제, 저용량 아스피린(심근경색이나 뇌졸중 예방목적)과 함께 복용 시 의사 또는 약사와 상의하십시오. 복용 중에는 음주하지 마십시오."
202202501,위푸린에스산,위푸린에스,,정우신약(주),,테트라사이클린계 항생제와 함께 복용하지 마십시오.
202202488,토탈플루연질캡슐,토탈플루,,코스맥스파마(주),https://nedrug.mfds.go.kr/pbp/cmn/itemImageDownload/1OMX5CPmM5M,"진해(기침을 그치게 함)거담제(가래약), 다른 감기약, 해열진통제, 진정제, 항히스타민제를 함유하는 내복약(비염(코염)용 경구제, 멀미약, 알레르기용약)과 함께 복용하지 마십시오. 당뇨약, 통풍약, 관절염약, 항응고제, 스테로이드제, 바르비탈계 약물, 삼환계 항우울제 및 알코올과 함께 복용 시 의사 또는 약사와 상의하십시오. 복용 중에는 음주하지 마십시오."
202202536,바이타민마하정,바이타민마하,,메딕스제약(주),https://nedrug.mfds.go.kr/pbp/cmn/itemImageDownload/1OCxjzi8sAG,"인산염, 칼슘염, 경구용 테트라사이클린계 제제, 제산제, 레보도파, 에스트로겐을 포함한 경구용 피임제와 함께 복용하지 마십시오. 항알도스테론제, 트리암테렌과 함께 복용 시 의사 또는 약사와 상의하십시오. 녹차, 홍차 등 탄닌을 함유하는 차는 복용중, 복용전후에는 피하십시오."
202202575,엔디콜플러스정,엔디콜플러스,,주식회사 노바엠헬스케어,https://nedrug.mfds.go.kr/pbp/cmn/itemImageDownload/1ODWhLtN6Gc,"바르비탈계 약물, 삼환계 항우울제 및 알코올을 투여한 환자, 와파린, 리튬, 티아지드계 이뇨제와 함께 복용 시 의사 또는 약사와 상의하십시오."
202202597,두루피나크림(테르비나핀염산염),두루피나,테르비나핀염산염,(주)시어스제약,,
202202609,토탈코프플루연질캡슐,토탈코프플루,,코스맥스파마(주),https://nedrug.mfds.go.kr/pbp/cmn/itemImageDownload/1OMX5CPmM5i,"진해(기침을 그치게 함)거담제(가래약), 다른 감기약, 해열진통제, 진정제, 항히스타민제를 함유하는 내복약(비염(코염)용 경구제, 멀미약, 알레르기용약)과 함께 복용하지 마십시오. 당뇨약, 통풍약, 관절염약, 항응고제, 스테로이드제, 바르비탈계 약물, 삼환계 항우울제 및 알코올과 함께 복용 시 의사 또는 약사와 상의하십시오. 복용 중에는 음주하지 마십시오."
202202634,락토더블캡슐(락토바실루스카제이변종람노수스의동결건조배양물),락토더블,락토바실루스카제이변종람노수스의동결건조배양물,건일바이오팜주식회사,https://nedrug.mfds.go.kr/pbp/cmn/itemImageDownload/1OANLAkAEj4,
202202694,원스아이점안액1%(카르복시메틸셀룰로오스나트륨)(1회용),원스아이,1회용,국제약품(주),,
202202769,쎈비큐엠정,쎈비큐엠,,진양제약(주),https://nedrug.mfds.go.kr/pbp/cmn/itemImageDownload/1PPW465z8K8,"인산염, 칼슘염, 경구용 테트라사이클린계 제제, 제산제, 레보도파, 에스트로겐을 포함한 경구용 피임제와 함께 복용하지 마십시오. 항알도스테론제, 트리암테렌과 함께 복용 시 의사 또는 약사와 상의하십시오. 녹차, 홍차 등 탄닌을 함유하는 차는 복용중, 복용전후에는 피하십시오."
202202835,오큐리스점안액(트레할로스수화물)(1회용),오큐리스,1회용,주식회사제뉴원사이언스,,"이 약을 다른 점안제와 동시에 사용할 경우, 다른 점안제를 먼저 사용하고 약 10분 후에 이 약을 사용하십시오."
202202909,위제로알파정,위제로알파,,일양약품(주),https://nedrug.mfds.go.kr/pbp/cmn/itemImageDownload/1OJdSQXzgvt,테트라사이클린계 항생제와 함께 복용하지 마십시오.
202202994,히팅플러스정(카페인무수물),히팅플러스,카페인무수물,(주)한국파비스제약,https://nedrug.mfds.go.kr/pbp/cmn/itemImageDownload/1OANLAkAEni,
202203017,래피콜콜드연질캡슐,래피콜콜드,,(주)유한양행,https://nedrug.mfds.go.kr/pbp/cmn/itemImageDownload/1OGYzwP1-CK,"MAO 억제제(항우울제, 항정신병제, 감정조절제, 항파킨슨제 등), 진해거담제(기침·가래약), 다른 감기약, 해열진통제, 진정제, 항히스타민제를 함유하는 내복약(비염[코염]용 경구제, 멀미약, 알레르기용약)과 함께 복용하지 마십시오. MAO 억제제(항우울제, 항정신병제, 감정조절제, 항파킨슨제 등) 복용을 중단한 후 2주 이내의 사람은 이 약을 복용하지 마십시오. 바르비탈계 약물, 삼환계 항우울제 및 알코올, 당뇨약, 통풍약, 관절염약, 항응고제, 스테로이드제 등 다른 약물을 투여 받고 있는 사람은 의사 또는 약사와 상의하십시오."
202203060,이부브롬연질캡슐,이부브롬,,태극제약(주),https://nedrug.mfds.go.kr/pbp/cmn/itemImageDownload/1OJdSQXzgwj,"다른 해열진통제, 감기약, 진정제와 함께 복용하지 마십시오. 당뇨약, 통풍약, 관절염약, 항응고제, 스테로이드제, 이뇨제와 함께 복용 시 의사 또는 약사와 상의하십시오. 복용 중에는 음주하지 마십시오."
202203100,알파파워정,알파파워,,초당약품공업(주),https://nedrug.mfds.go.kr/pbp/cmn/itemImageDownload/1OIac6HFRK_,"인산염, 칼슘염, 경구용 테트라사이클린계 제제, 제산제와 함께 복용하지 마십시오. 녹차, 홍차 등 탄닌을 함유하는 차는 복용중, 복용전후에는 피하십시오."
202203119,메코비정,메코비,,메딕스제약(주),https://nedrug.mfds.go.kr/pbp/cmn/itemImageDownload/1OLJPBoFOex,"인산염, 칼슘염, 경구(먹는, 복용하는)용 테트라사이클린계 제제, 제산제, 레보도파와 함께 복용하지 마십시오. 에스트로겐을 포함한 경구(먹는)용 피임제, 항알도스테론제, 트리암테렌과 함께 복용 시 의사 또는 약사와 상의하십시오. 녹차, 홍차 등 탄닌을 함유하는 차는 복용 중, 복용 전후에는 피하십시오."
202203168,아크클리어크림,아크클리어,,태극제약(주),,
202203135,키드칼플러스추어블정,키드칼플러스추어블,,(주)한풍제약,https://nedrug.mfds.go.kr/pbp/cmn/itemImageDownload/1OgTUuGDjna,"인산염, 칼슘염, 경구용 테트라사이클린계 제제, 제산제, 레보도파와 함께 복용하지 마십시오. 에스트로겐을 포함한 경구용 피임제, 항알도스테론제, 트리암테렌, 강심배당체와 함께 복용 시 의사 또는 약사와 상의하십시오. 녹차, 홍차 등 탄닌을 함유하는 차는 복용 중, 복용 전후에는 피하십시오."
202203169,로타인정(로라타딘),로타인,로라타딘,엔비케이제약(주),https://nedrug.mfds.go.kr/pbp/cmn/itemImageDownload/1OHXkPjtIWm,"이 약을 복용하는 동안 시메티딘, 에리트로마이신, 케토코나졸, 퀴니딘, 플루코나졸, 플루옥세틴과 함께 복용하지 마십시오."
202203176,콜록종합연질캡슐,콜록종합,,(주)녹십자,https://nedrug.mfds.go.kr/pbp/cmn/itemImageDownload/1PVsYvoye3_,"MAO억제제(항우울제, 항정신병제, 감정조절제, 항파킨슨제 등), 진해(기침을 그치게 함)거담제(가래약), 다른 감기약, 해열진통제, 진정제, 항히스타민제를 함유하는 내복약(비염(코염)용 경구제, 멀미약, 알레르기용약)과 함께 복용하지 마십시오. MAO억제제(항우울제, 항정신병제, 감정조절제, 항파킨슨제 등) 복용을 중단한 후 2주 이내의 사람은 이 약을 복용하지 마십시오. 이 약을 복용하기 전에 당뇨약, 통풍약, 관절염약, 항응고제, 스테로이드제 등을 투여받고 있는 사람은 의사 또는 약사와 상의하십시오. 바르비탈계 약물, 삼환계 항우울제 및 알코올을 투여하는 환자는 의사 또는 약사와 상의하십시오. 복용 중에는 음주하지 마십시오."
202203177,콜록코프연질캡슐,콜록코프,,(주)녹십자,https://nedrug.mfds.go.kr/pbp/cmn/itemImageDownload/1PVsYvoye56,"MAO억제제(항우울제, 항정신병제, 감정조절제, 항파킨슨제 등), 진해(기침을 그치게 함)거담제(가래약), 다른 감기약, 해열진통제, 진정제, 항히스타민제를 함유하는 내복약(비염(코염)용 경구제, 멀미약, 알레르기용약)과 함께 복용하지 마십시오. MAO억제제(항우울제, 항정신병제, 감정조절제, 항파킨슨제 등) 복용을 중단한 후 2주 이내의 사람은 이 약을 복용하지 마십시오. 이 약을 복용하기 전에 당뇨약, 통풍약, 관절염약, 항응고제, 스테로이드제 등 다른 약물을 투여 받고 있는 사람은 의사 또는 약사와 상의하십시오. 바르비탈계 약물, 삼환계 항우울제 및 알코올을 투여한 환자는 의사 또는 약사와 상의하십시오. 복용중에는 음주하지 마십시오."
202203217,조은아이엠플러스시럽,조은아이엠플러스,,조아제약(주),,"인산염, 칼슘염, 경구용 테트라사이클린계 제제, 제산제, 레보도파와 함께 복용하지 마십시오. 항알도스테론제, 트리암테렌, 강심배당체와 함께 복용 시 의사 또는 약사와 상의하십시오. 녹차, 홍차 등 탄닌을 함유하는 차는 복용 중, 복용 전후에는 피하십시오."
202203237,비투비정,비투비,,주식회사 노바엠헬스케어,https://nedrug.mfds.go.kr/pbp/cmn/itemImageDownload/1OWAIvQH0ue,"인산염, 칼슘염, 경구용 테트라사이클린계 제제, 제산제, 레보도파와 함께 복용하지 마십시오. 이 약을 복용하기 전에 에스트로겐을 포함한 경구용 피임제를 복용하는 여성은 의사 또는 약사와 상의하십시오. 항알도스테론제, 트리암테렌과 병용투여시 고칼륨혈증을 일으킬 수 있으므로 의사 또는 약사와 상의하십시오. 녹차, 홍차 등 탄닌을 함유하는 차는 복용 중, 복용 전후에는 피하십시오."
202203238,비투비플러스정,비투비플러스,,주식회사 노바엠헬스케어,https://nedrug.mfds.go.kr/pbp/cmn/itemImageDownload/1OYWkglV3Mk,"인산염, 칼슘염, 경구용 테트라사이클린계 제제, 제산제, 레보도파와 함께 복용하지 마십시오. 에스트로겐을 포함한 경구용 피임제와 함께 복용 시 의사 또는 약사와 상의하십시오. 항알도스테론제, 트리암테렌과 병용 투여 시 고칼륨혈증을 일으킬 수 있으므로 주의하십시오. 녹차, 홍차 등 탄닌을 함유하는 차는 복용중, 복용전후에는 피하십시오."
202203241,마그큐엔연질캡슐,마그큐엔,,코스맥스파마(주),https://nedrug.mfds.go.kr/pbp/cmn/itemImageDownload/1ORg8QAQKf3,"인산염, 칼슘염, 경구용 테트라사이클린계 제제, 제산제, 레보도파와 함께 복용하지 마십시오. 에스트로겐을 포함한 경구용 피임제와 함께 복용 시 의사 또는 약사와 상의하십시오. 녹차, 홍차 등 탄닌을 함유하는 차는 복용중, 복용전후에는 피하십시오."
202203271,오스틴갈근탕플러스액,오스틴갈근탕플러스,,오스틴제약(주),,"진해거담제, 다른 감기약, 해열진통제, 진정제, 항히스타민제를 함유하는 내복약(비염용 경구제, 멀미약, 알레르기용약)과 함께 복용하지 마십시오. MAO억제제(항우울제, 항정신병제, 감정조절제, 항파킨슨제 등)를 복용하고 있거나 복용을 중단한 후 2주 이내의 사람은 이 약을 복용하지 마십시오. 당뇨약, 통풍약, 관절염약, 항응고제, 스테로이드제, 바르비탈계 약물, 삼환계 항우울제 및 알코올, 칼륨함유제제, 감초함유제제, 글리시리진산 또는 그 염류 함유제제, 루프계 이뇨제(푸로세미드, 에타크린산) 또는 티아지드계 이뇨제(트리클로르메티아지드)와 함께 복용 시 의사 또는 약사와 상의하십시오. 복용 중에는 음주하지 마십시오."
202203274,맨담이부쿨플라스타(이부프로펜),맨담이부쿨플라스타,이부프로펜,(주)보령,,"다른 비스테로이드성 소염(항염)진통제(NSAIDs), 코르티코스테로이드, 항응고제, 항혈소판제와 함께 사용하지 마십시오."
202203331,투엑스비디큐정,투엑스비디큐,,제일헬스사이언스(주),https://nedrug.mfds.go.kr/pbp/cmn/itemImageDownload/1OJdSQXzgw9,"인산염, 칼슘염, 경구용 테트라사이클린계 제제, 제산제, 레보도파, 에스트로겐을 포함한 경구용 피임제와 함께 복용하지 마십시오. 항알도스테론제, 트리암테렌과 함께 복용 시 의사 또는 약사와 상의하십시오. 녹차, 홍차 등 탄닌을 함유하는 차는 복용중, 복용전후에는 피하십시오."
202203304,이부콜벤연질캡슐400밀리그램(이부프로펜),이부콜벤,이부프로펜,명문제약(주),https://nedrug.mfds.go.kr/pbp/cmn/itemImageDownload/1OG0K12c1ww,"항암요법으로 고용량 메토트렉세이트를 투여중인 환자, 다른 비스테로이드성 소염진통제와 함께 이 약을 복용하지 마십시오. 이 약을 복용하기 전에 저용량 아스피린, ACE 저해제, 리튬, 푸로세미드 및 치아지드 이뇨제, 저용량 메토트렉세이트, 쿠마린계 항응혈제(와파린 등), 선택적 세로토닌 재흡수억제제를 복용하는 사람은 의사 또는 약사와 상의하십시오."
202203332,포펜정,포펜,,한국신텍스제약(주),https://nedrug.mfds.go.kr/pbp/cmn/itemImageDownload/1OJwvDq2p05,"MAO 억제제(항우울제, 항정신병제, 감정조절제, 항파킨슨제 등), 진해거담제(기침·가래약), 다른 감기약, 해열진통제, 진정제, 항히스타민제를 함유하는 내복약(비염[코염]용 경구제, 멀미약, 알레르기용약), 디펜히드라민을 함유하는 제제(피부에 적용하는 제제 포함)와 함께 복용하지 마십시오. 바르비탈계 약물, 삼환계 항우울제 및 알코올, 당뇨약, 통풍약, 관절염약, 항응고제, 스테로이드제 등 다른 약물을 투여 받고 있는 사람은 의사 또는 약사와 상의하십시오."
202203344,클레어점안액(카르복시메틸셀룰로오스나트륨)(1회용),클레어,1회용,주식회사제뉴원사이언스,,
202203353,마이톡톡퓨어점안액(카르복시메틸셀룰로오스나트륨)(1회용),마이톡톡퓨어,1회용,대원제약(주),,
202203366,뉴셀디정,뉴셀디,,주식회사 노바엠헬스케어,https://nedrug.mfds.go.kr/pbp/cmn/itemImageDownload/1OHXkPjtIZa,"인산염, 칼슘염, 경구용 테트라사이클린계 제제, 제산제, 에스트로겐을 포함한 경구용 피임제와 함께 복용하지 마십시오. 항알도스테론제, 트리암테렌과 함께 복용 시 의사 또는 약사와 상의하십시오. 녹차, 홍차 등 탄닌을 함유하는 차는 복용중, 복용전후에는 피하십시오."
202203437,이지페인록센연질캡슐(나프록센),이지페인록센,나프록센,경방신약(주),https://nedrug.mfds.go.kr/pbp/cmn/itemImageDownload/1OqcmwWzdkl,"다른 비스테로이드성 소염진통제 및 나프록센 유도체, 고용량 메토트렉세이트와 함께 복용하지 마십시오. 히단토인계 항간질제, 설파제, 설포닐요소계 혈당강하제, 프로프라놀롤 및 다른 베타차단제, 캅토프릴 등의 ACE 억제제, 루프계 이뇨제 및 티아자이드계 이뇨제, 프로베네시드, 리튬, 저용량 메토트렉세이트, 와파린 등의 쿠마린계 항응혈제, 지도부딘, 에녹사신 등의 뉴퀴놀론계 항생물질을 복용하는 환자는 의사 또는 약사와 상의하십시오."
202203444,모드콜코프시럽,모드콜코프,,(주)종근당,,"MAO 억제제(항우울제, 항정신병제, 감정조절제, 항파킨슨제 등), 다른 진해거담제(기침·가래약), 감기약, 항히스타민제를 함유하는 내복약(비염[코염]용 경구제, 멀미약, 알레르기용약), 진정제와 함께 복용하지 마십시오."
202203495,트리탄정150밀리그램(트리메부틴말레산염),트리탄,트리메부틴말레산염,맥널티제약(주),https://nedrug.mfds.go.kr/pbp/cmn/itemImageDownload/1OR9x9vZQuF,
202203496,데오란트센스액(염화알루미늄수화물),데오란트센스,염화알루미늄수화물,태극제약(주),,
202203501,엠로딘액(L-카르니틴),엠로딘,L-카르니틴,맥널티제약(주),,
202203581,듀오그린큐정,듀오그린큐,,한국신텍스제약(주),https://nedrug.mfds.go.kr/pbp/cmn/itemImageDownload/1OlGSH7jtV5,제산제 또는 우유 섭취 후 1시간 이내에는 이 약을 복용하지 마십시오.
202203513,모드콜콜드시럽,모드콜콜드,,(주)종근당,,"MAO 억제제(항우울제, 항정신병제, 감정조절제, 항파킨슨제 등), 진해거담제(기침·가래약), 다른 감기약, 해열진통제, 진정제, 항히스타민제를 함유하는 내복약(비염[코염]용 경구제, 멀미약, 알레르기용약)과 함께 복용하지 마십시오. 바르비탈계 약물, 삼환계 항우울제 및 알코올, 당뇨약, 통풍약, 관절염약, 항응고제, 스테로이드제 등 다른 약물을 투여 받고 있는 사람은 의사 또는 약사와 상의하십시오."
202203646,세피덤지엔크림,세피덤지엔,,지엘팜텍(주),,
202203665,케이페롤정,케이페롤,,주식회사 노바엠헬스케어,https://nedrug.mfds.go.kr/pbp/cmn/itemImageDownload/1OT8aQ-Al4L,에스트로겐을 포함한 경구용 피임제를 복용하는 여성은 의사 또는 약사와 상의하십시오.
202203657,노펜에스정,노펜에스,,한국신텍스제약(주),https://nedrug.mfds.go.kr/pbp/cmn/itemImageDownload/1OW18w-b01v,"다른 해열진통제, 감기약, 진정제와 함께 복용하지 마십시오. 이 약을 복용하기 전에 당뇨약, 통풍약, 관절염약, 항응고제, 스테로이드제 등 다른 약물을 투여 받고 있는 사람은 의사 또는 약사와 상의하십시오. 바르비탈계 약물, 삼환계 항우울제 및 알코올을 투여한 환자는 의사 또는 약사와 상의하십시오. 복용중에는 음주하지 마십시오."
202203676,이바네구강용스프레이(벤지다민염산염),이바네구강용스프레이,벤지다민염산염,태극제약(주),,
202203711,콘디에스정,콘디에스,,경남제약(주),https://nedrug.mfds.go.kr/pbp/cmn/itemImageDownload/1OLJPBoFOef,"인산염, 칼슘염, 경구용 테트라사이클린계 제제, 제산제, 레보도파와 함께 복용하지 마십시오. 항알도스테론제, 트리암테렌과 함께 복용 시 의사 또는 약사와 상의하십시오. 녹차, 홍차 등 탄닌을 함유하는 차는 복용중, 복용전후에는 피하십시오."
202203713,듀오그린엘정,듀오그린엘,,한국신텍스제약(주),https://nedrug.mfds.go.kr/pbp/cmn/itemImageDownload/1OlGSH7jtVN,제산제 또는 우유 섭취 후 1시간 이내에는 이 약을 복용하지 마십시오.
202203780,비사린정,비사린,,(주)일화,https://nedrug.mfds.go.kr/pbp/cmn/itemImageDownload/1OS6hQuOK6a,제산제 또는 우유 섭취 후 1시간 이내에는 이 약을 복용하지 마십시오.
202203772,이노콜에프정,이노콜에프,,한국신텍스제약(주),https://nedrug.mfds.go.kr/pbp/cmn/itemImageDownload/1OLYZI_IeFl,"MAO 억제제(항우울제, 항정신병제, 감정조절제, 항파킨슨제 등), 진해거담제(기침·가래약), 다른 감기약, 해열진통제, 진정제, 항히스타민제를 함유하는 내복약(비염[코염]용 경구제, 멀미약, 알레르기용약)과 함께 복용하지 마십시오. 바르비탈계 약물, 삼환계 항우울제 및 알코올, 당뇨약, 통풍약, 관절염약, 항응고제, 스테로이드제 등 다른 약물을 투여 받고 있는 사람은 의사 또는 약사와 상의하십시오."
202203820,제로무원스외용액(테르비나핀염산염),제로무원스외용,테르비나핀염산염,(주)한국파마,,
202203779,에리카정,에리카,,(주)일화,https://nedrug.mfds.go.kr/pbp/cmn/itemImageDownload/1OS6hQuOK6s,"MAO 억제제(항우울제, 항정신병제, 감정조절제, 항파킨슨제 등), 진해거담제, 다른 감기약, 해열진통제, 진정제, 항히스타민제를 함유하는 내복약(비염용 경구제, 멀미약, 알레르기용약)과 함께 복용하지 마십시오. MAO 억제제(항우울제, 항정신병제, 감정조절제, 항파킨슨제 등) 복용을 중단한 후 2주 이내의 사람은 이 약을 복용하지 마십시오. 이 약을 복용하기 전에 당뇨약, 통풍약, 관절염약, 항응고제, 스테로이드제 등 다른 약물을 투여 받고 있는 사람은 의사 또는 약사와 상의하십시오. 바르비탈계 약물, 삼환계 항우울제 및 알코올을 투여한 환자는 의사 또는 약사와 상의하십시오. 복용중에는 음주하지 마십시오."
202203876,알진텍정(세티리진염산염),알진텍,세티리진염산염,성이바이오제약주식회사,https://nedrug.mfds.go.kr/pbp/cmn/itemImageDownload/1OIac6HFRS9,"테오필린, 리토나비어, 알코올과 함께 복용하지 마십시오. 복용 중 음주하지 마십시오."
202203782,이노콜파워정,이노콜파워,,한국신텍스제약(주),https://nedrug.mfds.go.kr/pbp/cmn/itemImageDownload/1Otfi5Stu72,"이 약을 복용하는 동안 진해거담제, 다른 감기약, 해열진통제, 진정제, 항히스타민제를 함유하는 내복약을 복용하지 마십시오. 우울증, 파킨슨병 치료 등에 사용되는 MAO 억제제를 복용하고 있거나 복용을 중단한 후 2주 이내의 사람은 이 약을 복용하지 마십시오. 이 약을 복용하기 전에 당뇨약, 통풍약, 관절염약, 항응고제, 스테로이드제 등을 투여받고 있는 사람은 의사 또는 약사와 상의하십시오. 바르비탈계 약물, 삼환계 항우울제 및 알코올을 투여받는 환자는 의사 또는 약사와 상의하십시오. 복용 중 음주하지 마십시오."
202203884,락토스탑정,락토스탑,,초당약품공업(주),https://nedrug.mfds.go.kr/pbp/cmn/itemImageDownload/1OQdQ5pDcQ-,"위장진통, 진경제와 함께 복용하지 마십시오. 복용중에는 음주하지 마십시오."
202203892,핑큐린정,핑큐린,,(주)일화,https://nedrug.mfds.go.kr/pbp/cmn/itemImageDownload/1OQdQ5pD5M0,제산제 또는 우유 섭취 후 1시간 이내에는 복용하지 마십시오.
202203980,피록시카겔(피록시캄),피록시카,피록시캄,경동제약(주),,
202203931,킥노즈에스연질캡슐,킥노즈에스,,코스맥스파마(주),https://nedrug.mfds.go.kr/pbp/cmn/itemImageDownload/1OZiugAPfFz,"진해(기침을 그치게 함)거담제(가래약), 다른 감기약, 해열진통제, 진정제, 항히스타민제를 함유하는 내복약(비염(코염)용 경구제, 멀미약, 알레르기용약)와 함께 복용하지 마십시오. 당뇨약, 통풍약, 관절염약, 항응고제, 스테로이드제, 바르비탈계 약물, 삼환계 항우울제, 알코올과 함께 복용 시 의사 또는 약사와 상의하십시오. 복용 중에는 음주하지 마십시오."
202204010,에너텐션액(L-아스파르트산-L-아르기닌수화물),에너텐션,L-아스파르트산-L-아르기닌수화물,아이큐어(주),,"항정신병약, 수면제와 함께 복용하지 마십시오."
202203959,디펜스코연질캡슐,디펜스코,,(주)서흥,https://nedrug.mfds.go.kr/pbp/cmn/itemImageDownload/1PtbwzzUv3g,"MAO 억제제(항우울제, 항정신병제, 감정조절제, 항파킨슨제 등), 진해거담제, 다른 감기약, 해열진통제, 진정제, 항히스타민제를 함유하는 내복약(비염용 경구제, 멀미약, 알레르기용약)과 함께 복용하지 마십시오. MAO 억제제(항우울제, 항정신병제, 감정조절제, 항파킨슨제 등) 복용을 중단한 후 2주 이내의 사람은 이 약을 복용하지 마십시오. 이 약을 복용하기 전에 당뇨약, 통풍약, 관절염약, 항응고제, 스테로이드제 등 다른 약물을 투여 받고 있는 사람은 의사 또는 약사와 상의하십시오. 바르비탈계 약물, 삼환계 항우울제 및 알코올을 투여한 환자는 의사 또는 약사와 상의하십시오. 복용중에는 음주하지 마십시오."
202203978,유한세티리진정(세티리진염산염),유한세티리진,세티리진염산염,(주)유한양행,https://nedrug.mfds.go.kr/pbp/cmn/itemImageDownload/1OKRXo9l4MG,"테오필린, 리토나비르와 함께 복용하지 마십시오. 과량의 알코올과 함께 복용하지 마십시오."
202204012,엘패스정(엘카르니틴),엘패스,엘카르니틴,(주)일화,https://nedrug.mfds.go.kr/pbp/cmn/itemImageDownload/1PjBYjTTi4r,다른 정주용 지질제와 함께 투여할 경우 의사 또는 약사와 상의하십시오.
202204085,비바골드액(L-아스파르트산-L-아르기닌수화물),비바골드,L-아스파르트산-L-아르기닌수화물,(주)넥스팜코리아,,"항정신병약, 수면제와 함께 복용하지 마십시오."
202204075,이참에콜드연질캡슐,이참에콜드,,코스맥스파마(주),https://nedrug.mfds.go.kr/pbp/cmn/itemImageDownload/1OQdQ5pD5Iw,"MAO억제제(항우울제, 항정신병제, 감정조절제, 항파킨슨제 등), 진해(기침을 그치게 함)거담제(가래약), 다른 감기약, 해열진통제, 진정제, 항히스타민제를 함유하는 내복약(비염(코염)용 경구제, 멀미약, 알레르기용약)과 함께 복용하지 마십시오. 복용 중 음주하지 마십시오. 바르비탈계 약물, 삼환계 항우울제 및 알코올을 투여한 환자는 다량의 아세트아미노펜을 대사 시키는 능력이 감소되어 아세트아미노펜의 혈장 반감기를 증가시킬 수 있으므로 주의하십시오."
202204076,이참에노즈연질캡슐,이참에노즈,,코스맥스파마(주),https://nedrug.mfds.go.kr/pbp/cmn/itemImageDownload/1OQdQ5pD5Ie,"MAO억제제(항우울제, 항정신병제, 감정조절제, 항파킨슨제 등), 진해(기침을 그치게 함)거담제(가래약), 다른 감기약, 해열진통제, 진정제, 항히스타민제를 함유하는 내복약(비염(코염)용 경구제, 멀미약, 알레르기용약)와 함께 복용하지 마십시오. 복용 중 음주하지 마십시오."
202204087,포비정,포비,,주식회사 노바엠헬스케어,https://nedrug.mfds.go.kr/pbp/cmn/itemImageDownload/1OOrhdcA1Ws,레보도파와 함께 복용하지 마십시오.
202204083,큐어코연질캡슐,큐어코,,아이큐어(주),https://nedrug.mfds.go.kr/pbp/cmn/itemImageDownload/1Onhwg9yYaT,"이 약을 복용하는 동안 진해거담제, 다른 감기약, 해열진통제, 진정제, 항히스타민제를 함유하는 내복약을 복용하지 마십시오. 우울증, 파킨슨병 치료 등에 사용되는 MAO 억제제를 복용하고 있거나 복용을 중단한 후 2주 이내의 사람은 이 약을 복용하지 마십시오. 이 약을 복용하기 전에 당뇨약, 통풍약, 관절염약, 항응고제, 스테로이드제 등을 투여받고 있는 사람은 의사 또는 약사와 상의하십시오. 바르비탈계 약물, 삼환계 항우울제 및 알코올을 투여받는 환자는 의사 또는 약사와 상의하십시오. 복용 중 음주하지 마십시오."
202204088,이참에코프연질캡슐,이참에코프,,코스맥스파마(주),https://nedrug.mfds.go.kr/pbp/cmn/itemImageDownload/1OQdQ5pD5IM,"MAO억제제(항우울제, 항정신병제, 감정조절제, 항파킨슨제 등), 진해(기침을 그치게 함)거담제(가래약), 다른 감기약, 해열진통제, 진정제, 항히스타민제를 함유하는 내복약(비염(코염)용 경구제, 멀미약, 알레르기용약)과 함께 복용하지 마십시오. MAO억제제(항우울제, 항정신병제, 감정조절제, 항파킨슨제 등) 복용을 중단한 후 2주 이내의 사람은 이 약을 복용하지 마십시오. 이 약을 복용하기 전에 당뇨약, 통풍약, 관절염약, 항응고제, 스테로이드제 등 다른 약물을 투여 받고 있는 사람은 의사 또는 약사와 상의하십시오. 바르비탈계 약물, 삼환계 항우울제 및 알코올을 투여한 환자는 의사 또는 약사와 상의하십시오. 복용중에는 음주하지 마십시오."
202204092,킥코프에스연질캡슐,킥코프에스,,코스맥스파마(주),https://nedrug.mfds.go.kr/pbp/cmn/itemImageDownload/1ON4x69LWdk,"MAO 억제제(항우울제, 항정신병제, 감정조절제, 항파킨슨제 등), 진해거담제(기침·가래약), 다른 감기약, 해열진통제, 진정제, 항히스타민제를 함유하는 내복약(비염[코염]용 경구제, 멀미약, 알레르기용약)과 함께 복용하지 마십시오. 바르비탈계 약물, 삼환계 항우울제 및 알코올, 당뇨약, 통풍약, 관절염약, 항응고제, 스테로이드제 등 다른 약물을 투여 받고 있는 사람은 의사 또는 약사와 상의하십시오."
202204116,더아이즈점안액(카르복시메틸셀룰로오스나트륨)(1회용),더아이즈,1회용,코오롱제약(주),,
202204117,폰트비정,폰트비,,이연제약(주),https://nedrug.mfds.go.kr/pbp/cmn/itemImageDownload/1OOiEvqwMVX,레보도파와 함께 복용하지 마십시오.
202204125,비아콘정,비아콘,,(주)일화,https://nedrug.mfds.go.kr/pbp/cmn/itemImageDownload/1OS6hQuOK78,레보도파와 함께 복용하지 마십시오.
202204148,광동치올페이스트(히노키티올),광동치올페이스트,히노키티올,광동제약(주),,
202204171,애크린겔(살리실산),애크린,살리실산,동아제약(주),,
202204165,메디코캡슐,메디코,,메딕스제약(주),https://nedrug.mfds.go.kr/pbp/cmn/itemImageDownload/1OM7JPLKT7E,"MAO억제제(항우울제, 항정신병제, 감정조절제, 항파킨슨제 등), 진해거담제, 다른 감기약, 해열진통제, 진정제, 항히스타민제를 함유하는 내복약(비염용 경구제, 멀미약, 알레르기용약)과 함께 복용하지 마십시오. MAO억제제(항우울제, 항정신병제, 감정조절제, 항파킨슨제 등) 복용을 중단한 후 2주 이내의 사람은 이 약을 복용하지 마십시오. 이 약을 복용하기 전에 당뇨약, 통풍약, 관절염약, 항응고제, 스테로이드제 등을 투여받고 있는 사람은 의사 또는 약사와 상의하십시오. 바르비탈계 약물, 삼환계 항우울제 및 알코올을 투여한 사람은 의사 또는 약사와 상의하십시오. 복용 중에는 음주하지 마십시오."
202204200,폰트미네정,폰트미네,,이연제약(주),https://nedrug.mfds.go.kr/pbp/cmn/itemImageDownload/1OOCzMHkjIm,"인산염, 칼슘염, 경구용 테트라사이클린계 제제, 제산제와 함께 복용하지 마십시오. 항알도스테론제, 트리암테렌과 병용투여시 고칼륨혈증을 일으킬 수 있으므로 의사 또는 약사와 상의하십시오. 녹차, 홍차 등 탄닌을 함유하는 차는 복용 중, 복용 전후에는 피하십시오."
202204176,킥콜드에스연질캡슐,킥콜드에스,,코스맥스파마(주),https://nedrug.mfds.go.kr/pbp/cmn/itemImageDownload/1ON4x69LWdK,"MAO 억제제(항우울제, 항정신병제, 감정조절제, 항파킨슨제 등), 진해거담제(기침·가래약), 다른 감기약, 해열진통제, 진정제, 항히스타민제를 함유하는 내복약(비염[코염]용 경구제, 멀미약, 알레르기용약)과 함께 복용하지 마십시오. 바르비탈계 약물, 삼환계 항우울제 및 알코올, 당뇨약, 통풍약, 관절염약, 항응고제, 스테로이드제 등 다른 약물을 투여 받고 있는 사람은 의사 또는 약사와 상의하십시오."
202204225,투엑스비듀얼스피드액,투엑스비듀얼스피드,,(주)한풍제약,,"인산염, 칼슘염, 경구용 테트라사이클린계 제제, 제산제, 레보도파와 함께 이 약을 복용하지 마십시오. 항알도스테론제, 트리암테렌과 병용투여시 고칼륨혈증을 일으킬 수 있으므로 의사 또는 약사와 상의하십시오. 녹차, 홍차 등 탄닌을 함유하는 차는 복용 중, 복용 전후에는 피하십시오."
202204213,이지엔6나이트연질캡슐,이지엔6나이트,,(주)대웅제약,https://nedrug.mfds.go.kr/pbp/cmn/itemImageDownload/1OctJqJAsco,"ACE 저해제, 리튬, 푸로세미드 및 치아짓계 이뇨제, 메토트렉세이트, 쿠마린계 항응혈제(와파린 등), 선택적 세로토닌 재흡수억제제, 다른 수면유도제, 최면진정제, MAO 저해제, 감기약, 해열진통제(예: 아스피린, 아세트아미노펜, 나프록센), 진해거담약, 항히스타민제를 함유하고 있는 내복약(비염용 내복약, 멀미약, 알러지용약), 이부프로펜 또는 디펜히드라민을 함유하는 다른 약물, 다른 비스테로이드성 소염진통제와 함께 복용하지 마십시오. 복용 중 음주하지 마십시오."
202204238,셀디아정,셀디아,,(주)마더스제약,https://nedrug.mfds.go.kr/pbp/cmn/itemImageDownload/1ORg8QAQFgu,"인산염, 칼슘염, 경구용 테트라사이클린계 제제, 제산제와 함께 복용하지 마십시오. 항알도스테론제, 트리암테렌과 함께 복용 시 의사 또는 약사와 상의하십시오. 녹차, 홍차 등 탄닌을 함유하는 차는 복용중, 복용전후에는 피하십시오."
202204254,노페로캡슐(건조황산제일철),노페로,건조황산제일철,(주)한국팜비오,https://nedrug.mfds.go.kr/pbp/cmn/itemImageDownload/1OLJPBoFOfV,"인산염, 칼슘염, 경구용테트라사이클린계 항생제, 제산제와 함께 복용하지 마십시오. 항알도스테론제, 트리암테렌, 철분 제제와 디포스폰산 염류, 티록신, 세프디니르 제제, 살리실산, 페닐부타존, 옥시펜부타존과 철분 제제, 퀴놀론계, 페니실라민, 콜레스티라민, 췌장엑스 및 비타민 E와 같은 제제와 함께 복용 시 의사 또는 약사와 상의하십시오. 녹차, 홍차 등 탄닌을 함유하는 차 및 우유·유제품은 복용중, 복용전후에는 피하십시오."
202204271,일양용비산쿨산,일양용비산쿨,,일양약품(주),,"MAO 억제제(항우울제, 항정신병제, 감정조절제, 항파킨슨제 등), 다른 진해거담제, 감기약, 항히스타민제, 진정제, 알코올과 함께 복용하지 마십시오. 칼륨함유제제, 감초함유제제, 글리시리진산 또는 그 염류 함유제제, 루프계 이뇨제(푸로세미드, 에타크린산) 또는 티아지드계 이뇨제(트리클로르메티아지드)와 함께 복용하지 마십시오."
202204388,투와이스골드연질캡슐,투와이스골드,,동방에프티엘(주),https://nedrug.mfds.go.kr/pbp/cmn/itemImageDownload/1OPT2T5qsNg,"인산염, 칼슘염, 경구용 테트라사이클린계 제제, 제산제와 함께 복용하지 마십시오. 에스트로겐을 포함한 경구용 피임제를 복용하는 여성은 의사 또는 약사와 상의하십시오. 항알도스테론제, 트리암테렌과 병용투여시 고칼륨혈증을 일으킬 수 있으므로 주의하십시오. 녹차, 홍차 등 탄닌을 함유하는 차는 복용중, 복용전후에는 피하십시오."
202204272,챔프콜드시럽,챔프콜드,,동아제약(주),,"MAO억제제(항우울제, 항정신병제, 감정조절제, 항파킨슨제 등), 진해거담제, 다른 감기약, 해열진통제, 진정제, 항히스타민제를 함유하는 내복약(비염용 경구제, 멀미약, 알레르기용약)와 함께 복용하지 마십시오. 복용 중 음주하지 마십시오."
202204434,엠지멕스스피드액,엠지멕스스피드,,부광약품(주),,"인산염, 칼슘염, 경구(먹는)용 테트라사이클린계 제제, 제산제, 레보도파와 함께 복용하지 마십시오. 항알도스테론제, 트리암테렌과 함께 복용 시 고칼륨혈증을 일으킬 수 있으므로 주의하십시오. 녹차, 홍차 등 탄닌을 함유하는 차는 복용중, 복용 전후에는 피하십시오."
202204454,엠지멕스플러스비연질캡슐,엠지멕스플러스비,,부광약품(주),https://nedrug.mfds.go.kr/pbp/cmn/itemImageDownload/1OQ2VIm79Z_,"인산염, 칼슘염, 경구용 테트라사이클린계 제제, 제산제, 레보도파, 에스트로겐을 포함한 경구용 피임제와 함께 복용하지 마십시오. 항알도스테론제, 트리암테렌과 함께 복용 시 의사 또는 약사와 상의하십시오. 녹차, 홍차 등 탄닌을 함유하는 차는 복용중, 복용전후에는 피하십시오."
202204500,판시자임정,판시자임,,동국제약(주),https://nedrug.mfds.go.kr/pbp/cmn/itemImageDownload/1OSWzHKsTtj,
202204501,모드콜로시럽,모드콜로,,(주)종근당,,"MAO 억제제(항우울제, 항정신병제, 감정조절제, 항파킨슨제 등), 다른 진해거담제, 감기약, 항히스타민제를 함유하는 내복약(비염용 경구제, 멀미약, 알레르기용약), 진정제와 함께 복용하지 마십시오. MAO 억제제(항우울제, 항정신병제, 감정조절제, 항파킨슨제 등) 복용을 중단한 후 2주 이내의 사람은 이 약을 복용하지 마십시오. 복용 시에는 음주하지 마십시오."
202204455,아세페린정,아세페린,,(주)엘앤씨바이오,https://nedrug.mfds.go.kr/pbp/cmn/itemImageDownload/1PVmTlOS-Tw,"MAO억제제(항우울제, 항정신병제, 감정조절제, 항파킨슨제 등), 진해(기침을 그치게 함)거담제(가래약), 다른 감기약, 해열진통제, 진정제, 항히스타민제를 함유하는 내복약(비염(코염)용 경구제, 멀미약, 알레르기용약)과 함께 복용하지 마십시오. MAO억제제(항우울제, 항정신병제, 감정조절제, 항파킨슨제 등) 복용을 중단한 후 2주 이내의 사람은 이 약을 복용하지 마십시오. 이 약을 복용하기 전에 당뇨약, 통풍약, 관절염약, 항응고제, 스테로이드제 등의 약물을 투여 받고 있는 사람은 의사 또는 약사와 상의하십시오. 바르비탈계 약물, 삼환계 항우울제 및 알코올을 투여한 환자는 의사 또는 약사와 상의하십시오."
202204511,바이오탑하이스트산,바이오탑하이스트,,한올바이오파마(주),,
202204492,투엑스비추어블정,투엑스비추어블,,제일헬스사이언스(주),https://nedrug.mfds.go.kr/pbp/cmn/itemImageDownload/1OT8aQ-AZ1e,"인산염, 칼슘염, 경구용 테트라사이클린계 제제, 제산제, 레보도파, 에스트로겐을 포함한 경구용 피임제와 함께 복용하지 마십시오. 항알도스테론제, 트리암테렌과 함께 복용 시 의사 또는 약사와 상의하십시오. 녹차, 홍차 등 탄닌을 함유하는 차는 복용중, 복용전후에는 피하십시오."
202204535,락토딘프리미엄정,락토딘프리미엄,,한솔신약(주),https://nedrug.mfds.go.kr/pbp/cmn/itemImageDownload/1OhN7YNFLtV,위장진통·진경제와 함께 복용하지 마십시오. 복용 중에는 음주하지 마십시오.
202204612,에버칼디정,에버칼디,,(주)팜젠사이언스,https://nedrug.mfds.go.kr/pbp/cmn/itemImageDownload/1OQ2VIm79fu,"인산염, 칼슘염, 경구용 테트라사이클린계 제제, 제산제와 함께 복용하지 마십시오. 항알도스테론제, 트리암테렌과 함께 복용 시 고칼륨혈증을 일으킬 수 있으므로 주의하십시오. 녹차, 홍차 등 탄닌을 함유하는 차는 복용중, 복용전후에는 피하십시오."
202204621,하이타민골드정,하이타민골드,,미래바이오제약(주),https://nedrug.mfds.go.kr/pbp/cmn/itemImageDownload/1OnUY_VtDbX,"인산염, 칼슘염, 경구용 테트라사이클린계 제제, 제산제, 레보도파와 함께 복용하지 마십시오. 에스트로겐을 포함한 경구용 피임제와 함께 복용 시 의사 또는 약사와 상의하십시오. 항알도스테론제, 트리암테렌과 병용(함께 복용(사용))투여시 고칼륨혈증을 일으킬 수 있으므로 주의하십시오. 녹차, 홍차 등 탄닌을 함유하는 차는 복용중, 복용전후에는 피하십시오."
202204635,포텐스틱액(L-아스파르트산-L-아르기닌수화물),포텐스틱,L-아스파르트산-L-아르기닌수화물,(주)종근당,,항정신병약과 수면제(최면효과를 증가시킬 수 있습니다)와 함께 복용하지 마십시오.
202204622,타세놀콜드캡슐,타세놀콜드,,부광약품(주),https://nedrug.mfds.go.kr/pbp/cmn/itemImageDownload/1OPT2T5qsLQ,"MAO 억제제(항우울제, 항정신병제, 감정조절제, 항파킨슨제 등), 다른 진해거담제, 감기약, 항히스타민제, 진정제, 알코올과 함께 복용하지 마십시오."
202204654,에디맥스디정,에디맥스디,,한국휴텍스제약(주),https://nedrug.mfds.go.kr/pbp/cmn/itemImageDownload/1PEPKBUcfl7,"인산염, 칼슘염, 경구용 테트라사이클린계 제제, 제산제와 함께 복용하지 마십시오. 항알도스테론제, 트리암테렌과 병용(함께 복용)투여시 고칼륨혈증을 일으킬 수 있으므로 의사 또는 약사와 상의하십시오. 녹차, 홍차 등 탄닌을 함유하는 차는 복용 중, 복용 전후에는 피하십시오."
202204634,캐롤나이트연질캡슐,캐롤나이트,,일동제약(주),https://nedrug.mfds.go.kr/pbp/cmn/itemImageDownload/1OcIzQG1qhw,"ACE 저해제, 리튬, 푸로세미드 및 티아지드계 이뇨제, 메토트렉세이트, 쿠마린계 항응혈제(와파린 등), 선택적 세로토닌 재흡수억제제, 다른 수면유도제, 최면진정제, MAO 억제제(항우울제, 항정신병제, 감정조절제, 항파킨슨제 등), 감기약, 해열진통제(아스피린, 아세트아미노펜, 나프록센), 진해거담약, 항히스타민제를 함유하고 있는 내복약(비염용 내복약, 멀미약, 알러지용약), 이부프로펜 또는 디펜히드라민을 함유하는 다른 약물, 다른 비스테로이드성 소염진통제(NSAIDs)와 함께 복용하지 마십시오. 복용중에는 음주하지 마십시오."
202204643,비타엔젤추어블정,비타엔젤추어블,,부광약품(주),https://nedrug.mfds.go.kr/pbp/cmn/itemImageDownload/1OSWzHKsTtR,"인산염, 칼슘염, 경구용 테트라사이클린계 제제, 제산제, 레보도파, 에스트로겐을 포함한 경구용 피임제와 함께 복용하지 마십시오. 항알도스테론제, 트리암테렌과 함께 복용 시 의사 또는 약사와 상의하십시오. 녹차, 홍차 등 탄닌을 함유하는 차는 복용중, 복용전후에는 피하십시오."
202204665,시너지아정(시트룰린말산염),시너지아,시트룰린말산염,(주)킴스제약,https://nedrug.mfds.go.kr/pbp/cmn/itemImageDownload/1PMms7xsRB7,
202204671,비스콘틴800정,비스콘틴800,,성이바이오제약주식회사,https://nedrug.mfds.go.kr/pbp/cmn/itemImageDownload/1OUz3s18YKm,레보도파와 함께 복용하지 마십시오.
202204652,메디콜캡슐,메디콜,,메딕스제약(주),https://nedrug.mfds.go.kr/pbp/cmn/itemImageDownload/1OTvz3WdFg1,"진해거담제, 다른 감기약, 해열진통제, 진정제, 항히스타민제를 함유하는 내복약(비염용 경구제, 멀미약, 알레르기용약)과 함께 복용하지 마십시오. 당뇨약, 통풍약, 관절염약, 항응고제, 스테로이드제, 바르비탈계 약물, 삼환계 항우울제, 알코올과 함께 복용 시 의사 또는 약사와 상의하십시오. 복용 중에는 음주하지 마십시오."
202204680,마그비스피드더블액션액,마그비스피드더블액션,,(주)유한양행,,"인산염, 칼슘염, 경구(먹는)용 테트라사이클린계 제제, 제산제, 레보도파, 항알도스테론제, 트리암테렌과 함께 복용하지 마십시오. 녹차, 홍차 등 탄닌을 함유하는 차는 복용중, 복용전후에는 피하십시오."
202204653,메디코프캡슐,메디코프,,메딕스제약(주),https://nedrug.mfds.go.kr/pbp/cmn/itemImageDownload/1OTvz3WdFgJ,"MAO억제제(항우울제, 항정신병제, 감정조절제, 항파킨슨제 등), 진해거담제, 다른 감기약, 해열진통제, 진정제, 항히스타민제를 함유하는 내복약(비염용 경구제, 멀미약, 알레르기용약)과 함께 복용하지 마십시오. MAO억제제(항우울제, 항정신병제, 감정조절제, 항파킨슨제 등) 복용을 중단한 후 2주 이내의 사람은 이 약을 복용하지 마십시오. 이 약을 복용하기 전에 당뇨약, 통풍약, 관절염약, 항응고제, 스테로이드제 등 다른 약물을 투여받고 있는 사람은 의사 또는 약사와 상의하십시오. 바르비탈계 약물, 삼환계 항우울제 및 알코올을 투여한 환자는 의사 또는 약사와 상의하십시오. 복용 중에는 음주하지 마십시오."
202204692,류마600파워정,류마600파워,,(주)경보제약,,레보도파와 함께 복용하지 마십시오.
202300008,화이투벤큐플러스코프연질캡슐,화이투벤큐플러스코프,,동화약품(주),https://nedrug.mfds.go.kr/pbp/cmn/itemImageDownload/1PPpyBIZl5h,"MAO억제제(항우울제, 항정신병제, 감정조절제, 항파킨슨제 등), 진해(기침을 그치게 함)거담제(가래약), 다른 감기약, 해열진통제, 진정제, 항히스타민제를 함유하는 내복약(비염(코염)용 경구제, 멀미약, 알레르기용약)과 함께 복용하지 마십시오. 복용 중 음주하지 마십시오."
202300042,노량캡슐,노량,,(주)한풍제약,https://nedrug.mfds.go.kr/pbp/cmn/itemImageDownload/1PzYBWo9wbS,"다른 진토제, 감기약, 해열진통제, 항히스타민제, 진정제, 진해거담제, 위장진통ㆍ진경제 등과 함께 복용하지 마십시오."
202300044,크리롤액(폴리에틸렌글리콜4000),크리롤,폴리에틸렌글리콜4000,(주)한국파마,,
202300045,이지락스액(폴리에틸렌글리콜4000),이지락스,폴리에틸렌글리콜4000,(주)인트로바이오파마,,
202300071,화이투벤큐플러스연질캡슐,화이투벤큐플러스,,동화약품(주),https://nedrug.mfds.go.kr/pbp/cmn/itemImageDownload/1PPpyBIZl6X,"아세트아미노펜을 포함하는 다른 제품, MAO억제제(항우울제, 항정신병제, 감정조절제, 항파킨슨제 등), 진해(기침을 그치게 함)거담제(가래약), 다른 감기약, 해열진통제, 진정제, 항히스타민제를 함유하는 내복약(비염용 경구제, 멀미약, 알레르기용약)과 함께 복용하지 마십시오. MAO억제제(항우울제, 항정신병제, 감정조절제, 항파킨슨제 등) 복용을 중단한 후 2주 이내의 사람은 이 약을 복용하지 마십시오. 바르비탈계 약물, 삼환계 항우울제 및 알코올을 투여한 환자, 당뇨약, 통풍약, 관절염약, 항응고제, 스테로이드제 등 다른 약물을 투여 받고 있는 사람은 의사 또는 약사와 상의하십시오. 복용 중에는 음주하지 마십시오."
202300078,화이투벤큐플러스노즈연질캡슐,화이투벤큐플러스노즈,,동화약품(주),https://nedrug.mfds.go.kr/pbp/cmn/itemImageDownload/1PPpyBIZl7T,"MAO 억제제(항우울제, 항정신병제, 감정조절제, 항파킨슨제 등), 진해(기침을 그치게 함)거담제(가래약), 다른 감기약, 해열진통제, 진정제, 항히스타민제를 함유하는 내복약(비염(코염)용 경구제, 멀미약, 알레르기용약)과 함께 복용하지 마십시오. MAO 억제제(항우울제, 항정신병제, 감정조절제, 항파킨슨제 등) 복용을 중단한 후 2주 이내의 사람은 이 약을 복용하지 마십시오. 이 약을 복용하기 전에 당뇨약, 통풍약, 관절염약, 항응고제, 스테로이드제 등 다른 약물을 투여 받고 있는 사람은 의사 또는 약사와 상의하십시오. 바르비탈계 약물, 삼환계 항우울제 및 알코올을 투여한 환자는 다량의 아세트아미노펜을 대사시키는 능력이 감소되어 아세트아미노펜의 혈장 반감기를 증가시킬 수 있으므로 주의하십시오. 복용 중 음주하지 마십시오."
202300164,속크린에프과립,속크린에프,,한솔신약(주),,이 약을 복용하는 동안 테트라사이클린계 항생제를 복용하지 마십시오.
202300165,판테뉴크림(D-판테놀),판테뉴,D-판테놀,경남제약(주),,
202300250,비큐원스연질캡슐,비큐원스,,코스맥스파마(주),https://nedrug.mfds.go.kr/pbp/cmn/itemImageDownload/1OoAc19nhTO,제산제 또는 우유 섭취 후 1시간 이내 이 약을 복용하지 마십시오.
202300257,조아덱스판크림(D-판테놀),조아덱스판,D-판테놀,조아제약(주),,
202300200,콜드원에프캡슐,콜드원에프,,원광제약(주),https://nedrug.mfds.go.kr/pbp/cmn/itemImageDownload/1OYlGy0XgqX,"MAO 억제제(항우울제, 항정신병제, 감정조절제, 항파킨슨제 등), 진해(기침을 그치게 함)거담제(가래약), 다른 감기약, 해열진통제, 진정제, 항히스타민제를 함유하는 내복약(비염용 경구제, 멀미약, 알레르기용약)과 함께 복용하지 마십시오. 당뇨약, 통풍약, 관절염약, 항응고제, 스테로이드제 등 다른 약물을 투여 받고 있는 사람은 이 약을 복용하기 전에 의사 또는 약사와 상의하십시오. 바르비탈계 약물, 삼환계 항우울제 및 알코올을 투여한 환자는 다량의 아세트아미노펜을 대사시키는 능력이 감소되어 아세트아미노펜의 혈장 반감기를 증가시킬 수 있으니 주의하십시오. 칼륨함유제제, 감초함유제제, 글리시리진산 또는 그 염류 함유제제, 루프계 이뇨제(푸로세미드, 에타크린산) 또는 티아지드계 이뇨제(트리클로르메티아지드)와 병용(함께 복용(사용))시 위알도스테론증이나 저칼륨혈증으로 인하여 근병증(근육병증)이 나타나기 쉬우므로 신중히 복용하십시오. 복용 중 음주하지 마십시오."
202300268,콘드로센정,콘드로센,,주식회사 노바엠헬스케어,https://nedrug.mfds.go.kr/pbp/cmn/itemImageDownload/1OX6t2Fgqgd,레보도파와 함께 복용하지 마십시오.
202300204,마그노펜정,마그노펜,,광동제약(주),https://nedrug.mfds.go.kr/pbp/cmn/itemImageDownload/1PMhf_ebkNe,"이 약을 복용하는 동안 다른 해열진통제, 감기약, 진정제를 복용하지 마십시오. 이 약을 복용하기 전에 당뇨약, 통풍약, 관절염약, 항응고제, 스테로이드제 등을 투여받고 있는 사람은 의사 또는 약사와 상의하십시오. 바르비탈계 약물, 삼환계 항우울제 및 알코올을 투여받는 환자는 의사 또는 약사와 상의하십시오. 복용 중 음주하지 마십시오."
202300269,콘조탑프리미엄600정,콘조탑프리미엄600,,주식회사 노바엠헬스케어,https://nedrug.mfds.go.kr/pbp/cmn/itemImageDownload/1OX6t2FgqgL,레보도파와 함께 복용하지 마십시오.
202300213,이큐펜키즈아이시럽(이부프로펜),이큐펜키즈아이,이부프로펜,진양제약(주),,"ACE 저해제, 리튬, 푸로세미드 및 티아지드계 이뇨제, 메토트렉세이트, 쿠마린계 항응혈제, 선택적 세로토닌 재흡수억제제, 다른 비스테로이드성 소염진통제와 함께 복용하지 마십시오."
202300295,큐어코프연질캡슐,큐어코프,,아이큐어(주),https://nedrug.mfds.go.kr/pbp/cmn/itemImageDownload/1Oor9g4dq_u,"이 약을 복용하는 동안 진해거담제, 다른 감기약, 해열진통제, 진정제, 항히스타민제를 함유하는 내복약을 복용하지 마십시오. 우울증, 파킨슨병 치료 등에 사용되는 MAO 억제제를 복용하고 있거나 복용을 중단한 후 2주 이내의 사람은 이 약을 복용하지 마십시오. 이 약을 복용하기 전에 당뇨약, 통풍약, 관절염약, 항응고제, 스테로이드제 등을 투여받고 있는 사람은 의사 또는 약사와 상의하십시오. 바르비탈계 약물, 삼환계 항우울제 및 알코올을 투여받는 환자는 의사 또는 약사와 상의하십시오. 복용 중 음주하지 마십시오."
202300310,위트리정150밀리그램(트리메부틴말레산염),위트리,트리메부틴말레산염,동국제약(주),https://nedrug.mfds.go.kr/pbp/cmn/itemImageDownload/1OXBXjHRXl-,
202300329,판스틴정,판스틴,,신일제약(주),https://nedrug.mfds.go.kr/pbp/cmn/itemImageDownload/1PTcEU22-Ff,
202300373,이큐펜키즈에이시럽(아세트아미노펜),이큐펜키즈에이,아세트아미노펜,진양제약(주),,"바르비탈계 약물, 삼환계 항우울제, 와파린, 리튬, 치아짓계이뇨제, 다른 소염(항염)진통제와 함께 복용하지 마십시오. 복용 중에는 음주하지 마십시오."
202300394,에이프레쉬점안액(카르복시메틸셀룰로오스나트륨)(1회용),에이프레쉬,1회용,아주약품(주),,
202300393,쏙코에이연질캡슐,쏙코에이,,(주)에이프로젠바이오로직스,https://nedrug.mfds.go.kr/pbp/cmn/itemImageDownload/1PrlTsCAdou,"MAO억제제(항우울제, 항정신병제, 감정조절제, 항파킨슨제 등), 진해(기침을 그치게 함)거담제(가래약), 다른 감기약, 해열진통제, 진정제, 항히스타민제를 함유하는 내복약(비염(코염)용 경구제, 멀미약, 알레르기용약)과 함께 복용하지 마십시오. MAO억제제(항우울제, 항정신병제, 감정조절제, 항파킨슨제 등) 복용을 중단한 후 2주 이내의 사람은 이 약을 복용하지 마십시오. 이 약을 복용하기 전에 당뇨약, 통풍약, 관절염약, 항응고제, 스테로이드제 등 다른 약물을 투여 받고 있는 사람은 의사 또는 약사와 상의하십시오. 바르비탈계 약물, 삼환계 항우울제 및 알코올을 투여한 환자는 다량의 아세트아미노펜을 대사시키는 능력이 감소되어 아세트아미노펜의 혈장 반감기를 증가시킬 수 있습니다. 복용 중 음주하지 마십시오."
202300436,비맥스제트정,비맥스제트,,(주)녹십자,https://nedrug.mfds.go.kr/pbp/cmn/itemImageDownload/1OWap0p6ED3,"인산염, 칼슘염, 경구용 테트라사이클린계 제제, 제산제, 레보도파와 함께 복용하지 마십시오. 에스트로겐을 포함한 경구용 피임제와 함께 복용 시 의사 또는 약사와 상의하십시오. 항알도스테론제, 트리암테렌과 병용투여시 고칼륨혈증을 일으킬 수 있으므로 주의하십시오. 녹차, 홍차 등 탄닌을 함유하는 차는 복용 중, 복용 전후에는 피하십시오."
202300511,큐어코프에이연질캡슐,큐어코프에이,,아이큐어(주),https://nedrug.mfds.go.kr/pbp/cmn/itemImageDownload/1Oa6iTEo-3m,"MAO억제제(항우울제, 항정신병제, 감정조절제, 항파킨슨제 등), 다른 진해(기침을그치게함)거담제(가래약), 감기약, 항히스타민제를 함유하는 내복약(비염(코염)용 경구제, 멀미약, 알레르기용약), 진정제와 함께 복용하지 마십시오. 복용 중 음주하지 마십시오."
202300437,유한아세트아미노펜정500밀리그램,유한아세트아미노펜,,(주)유한양행,https://nedrug.mfds.go.kr/pbp/cmn/itemImageDownload/1OQ2VIm7Wdu,"와파린, 플루클록사실린과 함께 복용 시 의사 또는 약사와 상의하십시오. 다른 소염(항염)진통제와 함께 복용하는 것은 피하십시오."
202300629,제이부틴더블정(트리메부틴말레산염),제이부틴더블,트리메부틴말레산염,태극제약(주),https://nedrug.mfds.go.kr/pbp/cmn/itemImageDownload/1OZV2pPArj7,
202300661,맥스타민메가맥스정,맥스타민메가맥스,,(주)일화,https://nedrug.mfds.go.kr/pbp/cmn/itemImageDownload/1OcIzQG1qim,"인산염, 칼슘염, 경구용 테트라사이클린계 제제, 제산제, 레보도파와 함께 복용하지 마십시오. 에스트로겐을 포함한 경구용 피임제와 함께 복용 시 의사 또는 약사와 상의하십시오. 항알도스테론제, 트리암테렌과 병용투여시 고칼륨혈증을 일으킬 수 있으므로 주의하십시오. 녹차, 홍차 등 탄닌을 함유하는 차는 복용중, 복용전후에는 피하십시오."
202300495,스피드펜이지연질캡슐,스피드펜이지,,한미약품(주),https://nedrug.mfds.go.kr/pbp/cmn/itemImageDownload/1OTvz3Wd25k,"다른 해열진통제, 감기약, 진정제와 함께 복용하지 마십시오. 당뇨약, 통풍약, 관절염약, 항응고제, 스테로이드제 등 다른 약물을 투여 받고 있는 사람은 의사 또는 약사와 상의하십시오. 복용 중에는 음주하지 마십시오."
202300669,젠빅엠지연질캡슐,젠빅엠지,,(주)종근당,https://nedrug.mfds.go.kr/pbp/cmn/itemImageDownload/1OY1cc3e4V1,"인산염, 칼슘염, 경구용 테트라사이클린계 제제, 제산제, 레보도파와 함께 복용하지 마십시오. 에스트로겐을 포함한 경구용 피임제, 항알도스테론제, 트리암테렌과 함께 복용 시 의사 또는 약사와 상의하십시오. 녹차, 홍차 등 탄닌을 함유하는 차는 복용 중, 복용 전후에는 피하십시오."
202300634,노즈코프연질캡슐,노즈코프,,태극제약(주),https://nedrug.mfds.go.kr/pbp/cmn/itemImageDownload/1OURtchspS-,"MAO 억제제(항우울제, 항정신병제, 감정조절제, 항파킨슨제 등), 진해거담제, 다른 감기약, 해열진통제, 진정제, 항히스타민제를 함유하는 내복약(비염용 경구제, 멀미약, 알레르기용약)과 함께 복용하지 마십시오. MAO 억제제(항우울제, 항정신병제, 감정조절제, 항파킨슨제 등) 복용을 중단한 후 2주 이내의 사람은 이 약을 복용하지 마십시오. 이 약을 복용하기 전에 당뇨약, 통풍약, 관절염약, 항응고제, 스테로이드제 등 다른 약물을 투여 받고 있는 사람은 의사 또는 약사와 상의하십시오. 복용 중에는 음주하지 마십시오. 바르비탈계 약물, 삼환계 항우울제 및 알코올을 투여한 환자는 다량의 아세트아미노펜을 대사시키는 능력이 감소되어 아세트아미노펜의 혈장 반감기를 증가시킬 수 있으므로 주의하십시오."
202300668,큐어콜연질캡슐,큐어콜,,아이큐어(주),https://nedrug.mfds.go.kr/pbp/cmn/itemImageDownload/1Oor9g4dq-A,"이 약을 복용하는 동안 진해거담제, 다른 감기약, 해열진통제, 진정제, 항히스타민제를 함유하는 내복약을 복용하지 마십시오. 우울증, 파킨슨병 치료 등에 사용되는 MAO 억제제를 복용하고 있거나 복용을 중단한 후 2주 이내의 사람은 이 약을 복용하지 마십시오. 이 약을 복용하기 전에 당뇨약, 통풍약, 관절염약, 항응고제, 스테로이드제 등을 투여받고 있는 사람은 의사 또는 약사와 상의하십시오. 바르비탈계 약물, 삼환계 항우울제 및 알코올을 투여받는 환자는 의사 또는 약사와 상의하십시오. 복용 중 음주하지 마십시오."
202300670,콜드엔정,콜드엔,,(주)대웅제약,https://nedrug.mfds.go.kr/pbp/cmn/itemImageDownload/1OURtchspSj,"MAO 억제제(항우울제, 항정신병제, 감정조절제, 항파킨슨제 등), 진해거담제(기침·가래약), 다른 감기약, 해열진통제, 진정제, 항히스타민제를 함유하는 내복약(비염[코염]용 경구제, 멀미약, 알레르기용약)과 함께 복용하지 마십시오. MAO 억제제(항우울제, 항정신병제, 감정조절제, 항파킨슨제 등) 복용을 중단한 후 2주 이내의 사람은 이 약을 복용하지 마십시오. 이 약을 복용하기 전에 당뇨약, 통풍약, 관절염약, 항응고제, 스테로이드제 등 다른 약물을 투여 받고 있는 사람은 의사 또는 약사와 상의하십시오. 바르비탈계 약물, 삼환계 항우울제 및 알코올을 투여하는 환자는 의사 또는 약사와 상의하십시오. 복용 중에 음주하지 마십시오."
202300707,센스온액티브업연질캡슐,센스온액티브업,,동국제약(주),https://nedrug.mfds.go.kr/pbp/cmn/itemImageDownload/1OZTxw0bTzd,"인산염, 칼슘염, 경구(먹는, 복용하는)용 테트라사이클린계 제제, 제산제, 레보도파와 함께 복용하지 마십시오. 에스트로겐을 포함한 경구(먹는, 복용하는)용 피임제를 복용하는 여성 또는 혈전(혈관 막힘)성 소인이 있는 환자가 비타민 E를 복용할 경우 혈전(혈관 막힘)증의 위험이 증가될 수 있으므로 주의하십시오. 항알도스테론제, 트리암테렌과 병용(함께 복용(사용))투여 시 고칼륨혈증을 일으킬 수 있으므로 주의하십시오. 녹차, 홍차 등 탄닌을 함유하는 차는 복용 중, 복용 전후에는 피하십시오."
202300708,써버쿨겔,써버쿨,,(주)녹십자,,
202300723,윌파워포커스액(L-아스파르트산-L-아르기닌수화물),윌파워포커스,L-아스파르트산-L-아르기닌수화물,제이더블유신약(주),,항정신병약과 수면제와 함께 복용하지 마십시오. 최면효과를 증가시킬 수 있습니다.
202300729,콘티포르테정,콘티포르테,,(주)마더스제약,https://nedrug.mfds.go.kr/pbp/cmn/itemImageDownload/1OrgEjHwC0y,이 약을 복용하는 동안 레보도파를 복용하지 마십시오.
202300755,비플렉스듀얼케어정,비플렉스듀얼케어,,(주)한풍제약,https://nedrug.mfds.go.kr/pbp/cmn/itemImageDownload/1OcRdnFlGdT,"인산염, 칼슘염, 경구용 테트라사이클린계 제제, 제산제, 레보도파와 함께 복용하지 마십시오. 항알도스테론제, 트리암테렌과 병용투여시 고칼륨혈증을 일으킬 수 있으므로 주의하십시오. 녹차, 홍차 등 탄닌을 함유하는 차는 복용중, 복용전후에는 피하십시오."
202300801,모이스타씨엠씨점안액1.0%(카르복시메틸셀룰로오스나트륨)(1회용),모이스타씨엠씨,1회용,(주)휴온스,,
202300796,브이코에이치캡슐,브이코에이치,,메딕스제약(주),https://nedrug.mfds.go.kr/pbp/cmn/itemImageDownload/1OctJqJAseC,"MAO 억제제(항우울제, 항정신병제, 감정조절제, 항파킨슨제 등), 다른 진해거담제, 감기약, 항히스타민제, 진정제, 알코올과 함께 복용하지 마십시오."
202300911,멀티블루에프정,멀티블루에프,,(주)라이트팜텍,https://nedrug.mfds.go.kr/pbp/cmn/itemImageDownload/1Obcgp6vnyB,"인산염, 칼슘염, 경구용 테트라사이클린계 제제, 제산제, 레보도파와 함께 복용하지 마십시오. 항알도스테론제, 트리암테렌과 병용투여시 고칼륨혈증을 일으킬 수 있으므로 의사 또는 약사와 상의하십시오. 녹차, 홍차 등 탄닌을 함유하는 차는 복용 중, 복용 전후에는 피하십시오."
202300907,브이콜에이치캡슐,브이콜에이치,,메딕스제약(주),https://nedrug.mfds.go.kr/pbp/cmn/itemImageDownload/1Obcgp6vnyl,"MAO 억제제(항우울제, 항정신병제, 감정조절제, 항파킨슨제 등), 진해거담제(기침·가래약), 다른 감기약, 해열진통제, 진정제, 항히스타민제를 함유하는 내복약(비염[코염]용 경구제, 멀미약, 알레르기용약)과 함께 복용하지 마십시오. MAO 억제제(항우울제, 항정신병제, 감정조절제, 항파킨슨제 등) 복용을 중단한 후 2주 이내의 사람은 이 약을 복용하지 마십시오. 이 약을 복용하기 전에 당뇨약, 통풍약, 관절염약, 항응고제, 스테로이드제 등 다른 약물을 투여 받고 있는 사람은 의사 또는 약사와 상의하십시오. 바르비탈계 약물, 삼환계 항우울제 및 알코올을 투여하는 환자는 의사 또는 약사와 상의하십시오. 복용 중에 음주하지 마십시오."
202300909,하벤파워골드캡슐,하벤파워골드,,고려제약(주),https://nedrug.mfds.go.kr/pbp/cmn/itemImageDownload/1OeD8xwOrRy,"MAO억제제(항우울제, 항정신병제, 감정조절제, 항파킨슨제 등), 진해(기침을 그치게 함)거담제(가래약), 다른 감기약, 해열진통제, 진정제, 항히스타민제를 함유하는 내복약(비염(코염)용 경구제, 멀미약, 알레르기용약)와 함께 복용하지 마십시오. MAO억제제(항우울제, 항정신병제, 감정조절제, 항파킨슨제 등) 복용을 중단한 후 2주 이내의 사람은 이 약을 복용하지 마십시오. 바르비탈계 약물, 삼환계 항우울제 및 알코올을 투여한 환자는 다량의 아세트아미노펜을 대사시키는 능력이 감소되어 아세트아미노펜의 혈장 반감기를 증가시킬 수 있으니 주의하십시오. 복용 중에는 음주하지 마십시오."
202300922,메가센타액,메가센타,,동국제약(주),,레보도파와 함께 복용하지 마십시오.
202300936,마이칼큐정,마이칼큐,,명문제약(주),https://nedrug.mfds.go.kr/pbp/cmn/itemImageDownload/1OWap0p6EFC,"인산염, 칼슘염, 경구용 테트라사이클린계 제제, 제산제와 함께 복용하지 마십시오. 항알도스테론제, 트리암테렌과 함께 복용 시 의사 또는 약사와 상의하십시오. 녹차, 홍차 등 탄닌을 함유하는 차는 복용중, 복용전후에는 피하십시오."
202300977,브이코프에이치캡슐,브이코프에이치,,메딕스제약(주),https://nedrug.mfds.go.kr/pbp/cmn/itemImageDownload/1OcWuLSAyE-,"MAO 억제제(항우울제, 항정신병제, 감정조절제, 항파킨슨제 등), 다른 진해거담제, 감기약, 항히스타민제, 진정제, 알코올과 함께 복용하지 마십시오."
202300976,쏙코프에이연질캡슐,쏙코프에이,,(주)에이프로젠바이오로직스,https://nedrug.mfds.go.kr/pbp/cmn/itemImageDownload/1PrqanJAgu5,"MAO 억제제(항우울제, 항정신병제, 감정조절제, 항파킨슨제 등), 진해거담제(기침·가래약), 다른 감기약, 해열진통제, 진정제, 항히스타민제를 함유하는 내복약(비염[코염]용 경구제, 멀미약, 알레르기용약)과 함께 복용하지 마십시오. 바르비탈계 약물, 삼환계 항우울제 및 알코올, 당뇨약, 통풍약, 관절염약, 항응고제, 스테로이드제 등 다른 약물을 투여 받고 있는 사람은 의사 또는 약사와 상의하십시오. 복용 중에 음주하지 마십시오."
202300999,피록하이겔(피록시캄),피록하이,피록시캄,진양제약(주),,
202300978,속콜시럽,속콜,,일양약품(주),,"MAO억제제(항우울제, 항정신병제, 감정조절제, 항파킨슨제 등), 진해(기침을 그치게 함)거담제(가래약), 다른 감기약, 해열진통제, 진정제, 항히스타민제를 함유하는 내복약(비염(코염)용 경구제, 멀미약, 알레르기용약)과 함께 복용하지 마십시오. 복용중에는 음주하지 마십시오."
202301038,알파엠지정,알파엠지,,메딕스제약(주),https://nedrug.mfds.go.kr/pbp/cmn/itemImageDownload/1Oe8SX1Eix9,"인산염, 칼슘염, 경구(먹는, 복용하는)용 테트라사이클린계 제제, 제산제, 레보도파와 함께 복용하지 마십시오. 에스트로겐을 포함한 경구(먹는, 복용하는)용 피임제를 복용하는 여성 또는 혈전(혈관 막힘)성 소인이 있는 환자가 비타민 E를 복용할 경우 혈전(혈관 막힘)증의 위험이 증가될 수 있으므로 주의하십시오. 항알도스테론제, 트리암테렌과 병용(함께 복용(사용))투여 시 고칼륨혈증을 일으킬 수 있으므로 주의하십시오. 녹차, 홍차 등 탄닌을 함유하는 차는 복용 중, 복용 전후에는 피하십시오."
202301007,쏙콜에이연질캡슐,쏙콜에이,,(주)에이프로젠바이오로직스,https://nedrug.mfds.go.kr/pbp/cmn/itemImageDownload/1PrlTsCAdpS,"진해(기침을 그치게 함)거담제(가래약), 다른 감기약, 해열진통제, 진정제, 항히스타민제를 함유하는 내복약(비염(코염)용 경구제, 멀미약, 알레르기용약), MAO 억제제와 함께 복용하지 마십시오. MAO 억제제(항우울제, 항정신병제, 감정조절제, 항파킨슨제 등) 복용을 중단한 후 2주 이내의 사람은 이 약을 복용하지 마십시오. 이 약을 복용하기 전에 당뇨약, 통풍약, 관절염약, 항응고제, 스테로이드제 등 다른 약물을 투여 받고 있는 사람은 의사 또는 약사와 상의하십시오. 바르비탈계 약물, 삼환계 항우울제 및 알코올을 투여한 환자는 다량의 아세트아미노펜을 대사 시키는 능력이 감소되어 아세트아미노펜의 혈장 반감기를 증가시킬 수 있으므로 주의하십시오. 복용 중에는 음주하지 마십시오."
202301041,코비코나잘액(옥시메타졸린염산염),코비코나잘,옥시메타졸린염산염,(주)에이프로젠바이오로직스,,"우울증, 파킨슨병 치료 등에 사용되는 MAO 억제제를 복용하고 있거나 복용을 중단한 후 2주 이내인 사람은 이 약을 사용하지 마십시오. 사용 시에는 음주하지 마십시오."
202301043,마이속정(탄산수소나트륨),마이속,탄산수소나트륨,(주)바스칸바이오제약,https://nedrug.mfds.go.kr/pbp/cmn/itemImageDownload/1ObKPNYiUtA,
202301045,멜라큐정,멜라큐,,오스틴제약(주),https://nedrug.mfds.go.kr/pbp/cmn/itemImageDownload/1OkqsRLb_6x,
202301077,쎈비백뉴로업정,쎈비백뉴로업,,한국코러스(주),https://nedrug.mfds.go.kr/pbp/cmn/itemImageDownload/1OXOCsXwJW0,"인산염, 칼슘염, 경구용 테트라사이클린계 제제, 제산제, 레보도파와 함께 복용하지 마십시오. 항알도스테론제, 트리암테란과 함께 투여 시 고칼륨혈증을 일으킬 수 있으므로 주의하십시오. 녹차, 홍차 등 탄닌을 함유하는 차는 복용 중, 복용 전 후에는 피하십시오."
202301092,타세놀콜드시럽,타세놀콜드,,부광약품(주),,"MAO억제제(항우울제, 항정신병제, 감정조절제, 항파킨슨제 등), 진해(기침을 그치게 함)거담제(가래약), 다른 감기약, 해열진통제, 진정제, 항히스타민제를 함유하는 내복약(비염(코염)용 경구제, 멀미약, 알레르기용약)와 함께 복용하지 마십시오. 복용 중에는 음주하지 마십시오."
202301097,디큐펜맥스정500밀리그램(아세트아미노펜),디큐펜맥스,아세트아미노펜,(주)알피바이오,https://nedrug.mfds.go.kr/pbp/cmn/itemImageDownload/1OW5q-P0Ihj,"바르비탈계 약물, 삼환계 항우울제 및 알코올을 투여한 환자, 리튬, 티아지드계 이뇨제와 함께 복용 시 의사 또는 약사와 상의하십시오."
202301098,래반포르테주입크림,래반포르테주입,,(주)퍼슨,,"dl-메틸에페드린염산염, 스코폴리아 엑스 및 글리시리진산 함유 좌제 또는 연고제, 크림제, 혈압강하제, 항우울약과 함께 사용하지 마십시오."
202301116,토스롱에스액,토스롱에스,,동성제약(주),,"다른 진토제, 감기약, 해열진통제, 항히스타민제, 진정제, 진해(기침을 그치게 함)거담제(가래약), 위장진통·진경(경련완화)제 등과 함께 복용하지 마십시오. 복용 중 음주하지 마십시오."
202301122,세나트리플질연질캡슐,세나트리플질,,알보젠코리아(주),https://nedrug.mfds.go.kr/pbp/cmn/itemImageDownload/1P2JYwFs8xQ,
202301146,벤포비파워정,벤포비파워,,진양제약(주),https://nedrug.mfds.go.kr/pbp/cmn/itemImageDownload/1OYyh_ORdE2,"인산염, 칼슘염, 경구용 테트라사이클린계 제제, 제산제, 레보도파와 함께 복용하지 마십시오. 항알도스테론제, 트리암테렌과 함께 복용 시 의사 또는 약사와 상의하십시오. 녹차, 홍차 등 탄닌을 함유하는 차는 복용 중, 복용 전후에는 피하십시오."
202301154,드림굿연질캡슐(디펜히드라민염산염),드림굿,디펜히드라민염산염,경방신약(주),https://nedrug.mfds.go.kr/pbp/cmn/itemImageDownload/1OtGiHsZj_6,"이 약을 복용하는 동안 이 약과 동일한 성분을 함유하고 있는 다른 제제, 다른 최면진정제, MAO 억제제, 감기약, 해열진통제, 진해거담약, 항히스타민제를 함유하는 내복약을 복용하지 마십시오. 이 약을 복용하는 동안 음주하지 마십시오."
202301170,핑크퐁멀티비타추어블정,핑크퐁멀티비타추어블,,태극제약(주),https://nedrug.mfds.go.kr/pbp/cmn/itemImageDownload/1Pwp6GBAxkS,"인산염, 칼슘염, 경구용 테트라사이클린계 제제, 제산제, 레보도파와 함께 복용하지 마십시오. 에스트로겐을 포함한 경구용 피임제와 함께 복용 시 의사 또는 약사와 상의하십시오. 항알도스테론제, 트리암테렌과 병용투여시 고칼륨혈증을 일으킬 수 있으므로 의사 또는 약사와 상의하십시오. 녹차, 홍차 등 탄닌을 함유하는 차는 복용 중, 복용 전후에는 피하십시오."
202301174,마그아민골드연질캡슐,마그아민골드,,동방에프티엘(주),https://nedrug.mfds.go.kr/pbp/cmn/itemImageDownload/1OYyh_ORdCe,"인산염, 칼슘염, 경구용 테트라사이클린계 제제, 제산제과 함께 복용하지 마십시오. 에스트로겐을 포함한 경구용 피임제와 함께 복용 시 의사 또는 약사와 상의하십시오. 항알도스테론제, 트리암테렌과 병용 투여 시 고칼륨혈증을 일으킬 수 있으므로 주의하십시오. 녹차, 홍차 등 탄닌을 함유하는 차는 복용중, 복용전후에는 피하십시오."
202301171,큐어코프플러스연질캡슐,큐어코프플러스,,아이큐어(주),https://nedrug.mfds.go.kr/pbp/cmn/itemImageDownload/1Opnl07NLb-,"이 약을 복용하는 동안 진해거담제, 다른 감기약, 해열진통제, 진정제, 항히스타민제를 함유하는 내복약을 복용하지 마십시오. 우울증, 파킨슨병 치료 등에 사용되는 MAO 억제제를 복용하고 있거나 복용을 중단한 후 2주 이내의 사람은 이 약을 복용하지 마십시오. 이 약을 복용하기 전에 당뇨약, 통풍약, 관절염약, 항응고제, 스테로이드제 등을 투여받고 있는 사람은 의사 또는 약사와 상의하십시오. 바르비탈계 약물, 삼환계 항우울제 및 알코올을 투여받는 환자는 의사 또는 약사와 상의하십시오. 복용 중 음주하지 마십시오."
202301185,활짝정,활짝,,동화약품(주),https://nedrug.mfds.go.kr/pbp/cmn/itemImageDownload/1Of5opuN4-k,"고지단백혈증, 당뇨병성고지질혈증 및 췌장염 등 지방대사 이상 환자 또는 지질성 유제를 신중히 투여해야 하는 환자는 이 약을 신중히 투여하십시오."
202301186,엠디멀티비타정,엠디멀티비타,,메딕스제약(주),https://nedrug.mfds.go.kr/pbp/cmn/itemImageDownload/1Obcgp6vnyT,"인산염, 칼슘염, 경구용 테트라사이클린계 제제, 제산제, 레보도파와 함께 복용하지 마십시오. 에스트로겐을 포함한 경구용 피임제, 항알도스테론제, 트리암테렌과 함께 복용 시 의사 또는 약사와 상의하십시오. 녹차, 홍차 등 탄닌을 함유하는 차는 복용중, 복용전후에는 피하십시오."
202301213,콘드라맥스800정,콘드라맥스800,,주식회사 노바엠헬스케어,https://nedrug.mfds.go.kr/pbp/cmn/itemImageDownload/1P2JYwFsB0D,이 약을 복용하는 동안 레보도파를 복용하지 마십시오.
202301193,큐어콜플러스연질캡슐,큐어콜플러스,,아이큐어(주),https://nedrug.mfds.go.kr/pbp/cmn/itemImageDownload/1Opnl07NLbj,"이 약을 복용하는 동안 진해거담제, 다른 감기약, 해열진통제, 진정제, 항히스타민제를 함유하는 내복약을 복용하지 마십시오. 우울증, 파킨슨병 치료 등에 사용되는 MAO 억제제를 복용하고 있거나 복용을 중단한 후 2주 이내의 사람은 이 약을 복용하지 마십시오. 이 약을 복용하기 전에 당뇨약, 통풍약, 관절염약, 항응고제, 스테로이드제 등을 투여받고 있는 사람은 의사 또는 약사와 상의하십시오. 바르비탈계 약물, 삼환계 항우울제 및 알코올을 투여받는 환자는 의사 또는 약사와 상의하십시오. 복용 중 음주하지 마십시오."
202301194,큐어코플러스연질캡슐,큐어코플러스,,아이큐어(주),https://nedrug.mfds.go.kr/pbp/cmn/itemImageDownload/1Oor9g4dq-S,"이 약을 복용하는 동안 진해거담제, 다른 감기약, 해열진통제, 진정제, 항히스타민제를 함유하는 내복약을 복용하지 마십시오. 우울증, 파킨슨병 치료 등에 사용되는 MAO 억제제를 복용하고 있거나 복용을 중단한 후 2주 이내의 사람은 이 약을 복용하지 마십시오. 이 약을 복용하기 전에 당뇨약, 통풍약, 관절염약, 항응고제, 스테로이드제 등을 투여받고 있는 사람은 의사 또는 약사와 상의하십시오. 바르비탈계 약물, 삼환계 항우울제 및 알코올을 투여받는 환자는 의사 또는 약사와 상의하십시오. 복용 중 음주하지 마십시오."
202301214,위싱유정,위싱유,,정우신약(주),https://nedrug.mfds.go.kr/pbp/cmn/itemImageDownload/1OqO4sCY2C-,이 약을 복용하는 동안 테트라사이클린계 항생제를 복용하지 마십시오.
202301227,토뮤즈연질캡슐,토뮤즈,,(주)바스칸바이오제약,https://nedrug.mfds.go.kr/pbp/cmn/itemImageDownload/1OcRdnFlGbD,에스트로겐을 포함한 경구용 피임제와 함께 사용 시 의사 또는 약사와 상의하십시오.
202301242,맥셀디정,맥셀디,,맥널티제약(주),,"인산염, 칼슘염, 경구용 테트라사이클린계 제제, 제산제와 함께 복용하지 마십시오. 녹차, 홍차 등 탄닌을 함유하는 차는 복용중, 복용전후에는 피하십시오."
202301243,미네비타브이정,미네비타브이,,(주)유한양행,https://nedrug.mfds.go.kr/pbp/cmn/itemImageDownload/1OXnTn8MskH,"인산염, 칼슘염, 경구(먹는)용 테트라사이클린계 제제, 제산제, 레보도파와 함께 복용하지 마십시오. 항알도스테론제, 트리암테렌과 함께 복용 시 고칼륨혈증을 일으킬 수 있으므로 주의하십시오. 녹차, 홍차 등 탄닌을 함유하는 차는 복용중, 복용 전후에는 피하십시오. 에스트로겐을 포함한 경구용 피임제와 함께 복용 시 의사 또는 약사와 상의하십시오."
202301270,메코마그빅정,메코마그빅,,진양제약(주),https://nedrug.mfds.go.kr/pbp/cmn/itemImageDownload/1OYyh_ORdEK,"인산염, 칼슘염, 경구용 테트라사이클린계 제제, 제산제, 레보도파와 함께 복용하지 마십시오. 에스트로겐을 포함한 경구용 피임제, 항알도스테론제, 트리암테렌과 함께 복용 시 의사 또는 약사와 상의하십시오. 녹차, 홍차 등 탄닌을 함유하는 차는 복용 중, 복용 전후에는 피하십시오."
202301266,임팩타민시그니처정,임팩타민시그니처,,(주)대웅제약,https://nedrug.mfds.go.kr/pbp/cmn/itemImageDownload/1OhN7YNFLp1,"인산염, 칼슘염, 경구용 테트라사이클린계 제제, 제산제, 레보도파와 함께 복용하지 마십시오. 에스트로겐을 포함한 경구용 피임제와 함께 복용 시 의사 또는 약사와 상의하십시오. 항알도스테론제, 트리암테렌과 병용(함께 복용)투여시 고칼륨혈증을 일으킬 수 있으므로 의사 또는 약사와 상의하십시오. 녹차, 홍차 등 탄닌을 함유하는 차는 복용 중, 복용 전후에는 피하십시오."
202301278,비타비케어정,비타비케어,,경동제약(주),https://nedrug.mfds.go.kr/pbp/cmn/itemImageDownload/1Ob3ehS4L4y,"인산염, 칼슘염, 경구(먹는, 복용하는)용 테트라사이클린계 제제, 제산제, 레보도파와 함께 복용하지 마십시오. 에스트로겐을 포함한 경구용 피임제와 함께 복용 시 의사 또는 약사와 상의하십시오. 항알도스테론제, 트리암테렌과 병용(함께 복용(사용))투여 시 고칼륨혈증을 일으킬 수 있으므로 주의하십시오. 녹차, 홍차 등 탄닌을 함유하는 차는 복용중, 복용전후에는 피하십시오."
202301279,비코딜에스정,비코딜에스,,(주)인트로바이오파마,https://nedrug.mfds.go.kr/pbp/cmn/itemImageDownload/1ObtnU0cxck,제산제 또는 우유 섭취 후 1시간 이내 복용하지 마십시오.
202301298,휴프레쉬점안액1%(카르복시메틸셀룰로오스나트륨)(1회용),휴프레쉬,1회용,(주)휴메딕스,,
202301306,파워브이벤정,파워브이벤,,주식회사 노바엠헬스케어,https://nedrug.mfds.go.kr/pbp/cmn/itemImageDownload/1OWvYdIR7R-,"인산염, 칼슘염, 경구용 테트라사이클린계 제제, 제산제, 레보도파와 함께 복용하지 마십시오. 항알도스테론제, 트리암테렌과 병용투여시 고칼륨혈증을 일으킬 수 있으므로 의사 또는 약사와 상의하십시오. 녹차, 홍차 등 탄닌을 함유하는 차는 복용 중, 복용 전후에는 피하십시오."
202301311,탁센아세트아미노펜정500밀리그램(아세트아미노펜),탁센아세트아미노펜,아세트아미노펜,(주)녹십자,https://nedrug.mfds.go.kr/pbp/cmn/itemImageDownload/1P2JYwFs89J,"바르비탈계 약물, 삼환계 항우울제 및 알코올을 복용한 사람은 이 약을 복용하지 마십시오. 다른 소염진통제와 함께 복용하지 마십시오. 이 약을 복용하기 전에 와파린을 장기 복용하는 환자, 리튬, 티아자이드계 이뇨제를 복용한 환자는 의사 또는 약사와 상의하십시오."
202301363,모드알레나잘스프레이,모드알레나잘스프레이,,(주)종근당,,"MAO 억제제(항우울제, 항정신병제, 감정조절제, 항파킨제 등)와 함께 사용하지 마십시오. 사용 중에는 음주하지 마십시오."
202301382,셀론점안액(카르복시메틸셀룰로오스나트륨)(1회용),셀론,1회용,이연제약(주),,다른 점안제와 동시에 사용할 경우 적어도 15분 이상 시간차를 두고 투여하십시오.
202301403,메디오스정600밀리그램(디오스민),메디오스,디오스민,메딕스제약(주),https://nedrug.mfds.go.kr/pbp/cmn/itemImageDownload/1Oacf40i6hr,
202301469,아이미루40이엑스골드콘택트점안액,아이미루40이엑스골드콘택트,,라이온코리아주식회사,,
202301479,폴리아린락토정,폴리아린락토,,알리코제약(주),https://nedrug.mfds.go.kr/pbp/cmn/itemImageDownload/1OaGlNUXHaA,위장진통·진경제와 함께 복용하지 마십시오. 복용 중에는 음주하지 마십시오.
202301486,베타셀민연질캡슐,베타셀민,,(주)에이프로젠바이오로직스,https://nedrug.mfds.go.kr/pbp/cmn/itemImageDownload/1OgwGRyILkN,"인산염, 칼슘염, 경구용 테트라사이클린계 제제, 제산제와 함께 복용하지 마십시오. 에스트로겐을 포함한 경구용 피임제, 항알도스테론제, 트리암테렌와 함께 복용 시 의사 또는 약사와 상의하십시오. 녹차, 홍차 등 탄닌을 함유하는 차는 복용 중, 복용 전후에는 피하십시오."
202301505,파워비큐액티브정,파워비큐액티브,,경남제약(주),https://nedrug.mfds.go.kr/pbp/cmn/itemImageDownload/1OXOCsXwJWI,"인산염, 칼슘염, 경구용 테트라사이클린계 제제, 제산제, 레보도파와 함께 복용하지 마십시오. 에스트로겐을 포함한 경구용 피임제와 함께 복용 시 의사 또는 약사와 상의하십시오. 항알도스테론제, 트리암테렌과 병용투여시 고칼륨혈증을 일으킬 수 있으므로 의사 또는 약사와 상의하십시오. 녹차, 홍차 등 탄닌을 함유하는 차는 복용 중, 복용 전후에는 피하십시오."
202301489,쌩코에이연질캡슐,쌩코에이,,(주)에이프로젠바이오로직스,https://nedrug.mfds.go.kr/pbp/cmn/itemImageDownload/1OmM2OP_0Vg,"진해(기침을 그치게 함)거담제(가래약), 다른 감기약, 해열진통제, 진정제, 항히스타민제를 함유하는 내복약(비염(코염)용 경구제, 멀미약, 알레르기용약)와 함께 복용하지 마십시오. MAO 억제제(항우울제, 항정신병제, 감정조절제, 항파킨슨제 등)을 복용 중 또는 복용을 중단한 후 2주 이내의 사람은 이 약을 복용하지 마십시오. 이 약을 복용하기 전에 당뇨약, 통풍약, 관절염약, 항응고제, 스테로이드제 등 다른 약물을 투여 받고 있는 사람은 의사 또는 약사와 상의하십시오. 바르비탈계 약물, 삼환계 항우울제와 함께 복용 시 의사 또는 약사와 상의하십시오. 복용 중에는 음주하지 마십시오."
202301490,쌩코프에이연질캡슐,쌩코프에이,,(주)에이프로젠바이오로직스,https://nedrug.mfds.go.kr/pbp/cmn/itemImageDownload/1On2ryplKsb,"아세트아미노펜을 포함하는 다른 제품, MAO억제제(항우울제, 항정신병제, 감정조절제, 항파킨슨제 등), 진해(기침을 그치게 함)거담제(가래약), 다른 감기약, 해열진통제, 진정제, 항히스타민제를 함유하는 내복약(비염용 경구제, 멀미약, 알레르기용약)과 함께 복용하지 마십시오. 바르비탈계 약물, 삼환계 항우울제 및 알코올을 투여한 환자, 당뇨약, 통풍약, 관절염약, 항응고제, 스테로이드제 등 다른 약물을 투여 받고 있는 사람은 의사 또는 약사와 상의하십시오. 복용 중에는 음주하지 마십시오."
202301540,클레어점안액1.0%(카르복시메틸셀룰로오스나트륨)(1회용),클레어,1회용,주식회사제뉴원사이언스,,
202301491,쌩콜에이연질캡슐,쌩콜에이,,(주)에이프로젠바이오로직스,https://nedrug.mfds.go.kr/pbp/cmn/itemImageDownload/1Om5g2Jdp3Z,"MAO억제제(항우울제, 항정신병제, 감정조절제, 항파킨슨제 등), 다른 진해거담제, 감기약, 항히스타민제, 진정제, 알코올과 함께 복용하지 마십시오. MAO억제제(항우울제, 항정신병제, 감정조절제, 항파킨슨제 등) 복용을 중단한 후 2주 이내의 사람은 이 약을 복용하지 마십시오. 이 약을 복용하기 전에 당뇨약, 통풍약, 관절염약, 항응고제, 스테로이드제 등을 투여받고 있는 사람은 의사 또는 약사와 상의하십시오. 바르비탈계 약물, 삼환계 항우울제 및 알코올을 투여한 환자는 의사 또는 약사와 상의하십시오. 복용중에는 음주하지 마십시오."
202301519,타세놀이부연질캡슐400밀리그램(이부프로펜),타세놀이부,이부프로펜,부광약품(주),,"다른 비스테로이드성 소염진통제(NSAIDs)와 함께 이 약을 복용하지 마십시오. 이 약을 복용하기 전에 ACE 저해제, 리튬, 푸로세미드 및 티아지드계 이뇨제, 저용량 메토트렉세이트, 쿠마린계 항응혈제(와파린 등), 선택적 세로토닌 재흡수억제제를 복용하는 환자는 의사 또는 약사와 상의하십시오."
202301553,오큐시스모이스처점안액1.0%(카르복시메틸셀룰로오스나트륨)(1회용),오큐시스모이스처,1회용,(주)휴온스메디텍,,
202301564,메코이에프정,메코이에프,,동성제약(주),https://nedrug.mfds.go.kr/pbp/cmn/itemImageDownload/1OfVhvgG46u,이 약을 복용하는 동안 레보도파를 복용하지 마십시오. 에스트로겐을 포함한 경구용 피임제를 복용하는 여성은 의사 또는 약사와 상의하십시오.
202301596,씨스타포르테점안액1%(카르복시메틸셀룰로오스나트륨)(1회용),씨스타포르테,1회용,대우제약(주),,
202301573,이프펜정,이프펜,,한국신텍스제약(주),https://nedrug.mfds.go.kr/pbp/cmn/itemImageDownload/1P2JYwFsAV1,"이 약을 복용하는 동안 다른 해열진통제, 감기약, 진정제를 복용하지 마십시오. 이 약을 복용하기 전에 당뇨약, 통풍약, 관절염약, 항응고제, 스테로이드제, 이뇨제 등을 투여받고 있는 사람은 의사 또는 약사와 상의하십시오. 복용시에는 음주하지 마십시오."
202301635,티엔프로스타캡슐,티엔프로스타,,(주)넥스팜코리아,https://nedrug.mfds.go.kr/pbp/cmn/itemImageDownload/1OoAc19ns1g,
202301685,"아이톡쿨점안액, 아이톡쿨점안액(순), 아이톡쿨점안액(라이트)","아이톡쿨점안액, 아이톡쿨점안액, 아이톡쿨",라이트,광동제약(주),,
202301638,파인콜정,파인콜,,초당약품공업(주),https://nedrug.mfds.go.kr/pbp/cmn/itemImageDownload/1P2JYwFs6E4,"이 약을 복용하는 동안 진해거담제, 다른 감기약, 해열진통제, 진정제, 항히스타민제를 함유하는 내복약을 복용하지 마십시오. 우울증, 파킨슨병 치료 등에 사용되는 MAO 억제제를 복용하고 있거나 복용을 중단한 후 2주 이내의 사람은 이 약을 복용하지 마십시오. 이 약을 복용하기 전에 당뇨약, 통풍약, 관절염약, 항응고제, 스테로이드제 등을 투여받고 있는 사람은 의사 또는 약사와 상의하십시오. 바르비탈계 약물, 삼환계 항우울제 및 알코올을 투여받는 환자는 의사 또는 약사와 상의하십시오. 복용 중 음주하지 마십시오."
202301700,제놀파워겔(피록시캄),제놀파워,피록시캄,(주)녹십자,,
202301701,드라이언액(염화알루미늄),드라이언,염화알루미늄,동화약품(주),,제모제는 이 약 사용하기 전 또는 후로부터 12시간 이내에는 환부에 사용하지 마십시오.
202301713,티지풀큐어네일라카(시클로피록스),티지풀큐어네일라카,시클로피록스,태극제약(주),,다른 약을 복용하고 있을 경우 의사나 약사와 상의하십시오.
202301723,펙소지엔정60밀리그램(펙소페나딘염산염),펙소지엔,펙소페나딘염산염,(주)유유제약,https://nedrug.mfds.go.kr/pbp/cmn/itemImageDownload/1OZOLkIT0Sw,"다른 알레르기용약, 항히스타민제를 함유한 내복약 등(감기약, 진해거담제, 멀미약, 최면진전제 등), 제산제(알루미늄 또는 마그네슘 함유 제제), 케토코나졸, 에리트로마이신, 자몽주스, 오렌지 및 사과주스와 같은 과일주스, 음식물과 함께 복용하지 마십시오."
202301724,이프펜더블유정,이프펜더블유,,한국신텍스제약(주),https://nedrug.mfds.go.kr/pbp/cmn/itemImageDownload/1P2JYwFsAVb,"이 약을 복용하는 동안 다른 해열진통제, 감기약, 진정제를 복용하지 마십시오. 이 약을 복용하기 전에 당뇨약, 통풍약, 관절염약, 항응고제, 스테로이드제, 이뇨제 등을 투여받고 있는 사람은 의사 또는 약사와 상의하십시오. 복용 중 음주하지 마십시오."
202301761,사라펜쿨카타플라스마(디클로페낙나트륨),사라펜쿨카타플라스마,디클로페낙나트륨,동국제약(주),,"이 약을 사용하는 동안 디클로페낙 제제 혹은 비스테로이드 소염제(항염증제)를 국소적으로 적용하거나 복용하지 마십시오. 뉴퀴놀론계 항균제(에녹사신 등), 루프 이뇨제(푸로세미드 등), 티아자이드계 이뇨제, 지혈을 방해하는 약물(와파린 등), 항혈소판제(아스피린 등), 선택적 세로토닌 재흡수 억제제 및 세로토닌 노르에피네프린 재흡수 억제제를 투여하는 환자는 의사 또는 약사와 상의하십시오."
202301762,파워조인에스600정,파워조인에스600,,에스케이케미칼(주),https://nedrug.mfds.go.kr/pbp/cmn/itemImageDownload/1OeimlOsRW_,레보도파와 함께 복용하지 마십시오.
202301765,누네프레쉬점안액1.0%(카르복시메틸셀룰로오스나트륨)(1회용),누네프레쉬,1회용,(주)바이넥스,,다른 점안제와 동시에 사용할 경우 적어도 15분 이상 시간차를 두고 투여하십시오.
202301767,휴로코푸시럽(아이비엽30%에탄올건조엑스(5~7.5→1)),휴로코푸,아이비엽30%에탄올건조엑스,한국휴텍스제약(주),,이 약을 복용하기 전에 코데인 또는 덱스트로메트로판 등 다른 진해거담제와 함께 복용 시 의사 또는 약사와 상의하십시오.
202301788,노바멜라인장용정100밀리그램(브로멜라인),노바멜라인장용,브로멜라인,주식회사 노바엠헬스케어,https://nedrug.mfds.go.kr/pbp/cmn/itemImageDownload/1OZV2pPArkX,항응고제 또는 혈소판응집억제제를 투여 중인 환자는 이 약을 복용하지 마십시오. 이 약을 복용하기 전에 테트라사이클린 등의 항생제를 투여하고 있는 환자는 의사 또는 약사와 상의하십시오.
202301790,콘맥스정,콘맥스,,삼진제약(주),https://nedrug.mfds.go.kr/pbp/cmn/itemImageDownload/1OohpG543EN,"이 약을 복용하는 동안 인산염, 칼슘염, 경구용 테트라사이클린계 제제, 제산제, 레보도파를 복용하지 마십시오. 항알도스테론제, 트리암테렌과 병용투여하는 환자는 의사 또는 약사와 상의하십시오. 녹차, 홍차 등 탄닌을 함유하는 차는 복용 중, 복용 전후에는 피하십시오."
202301820,다이락스쎈정,다이락스쎈,,조아제약(주),https://nedrug.mfds.go.kr/pbp/cmn/itemImageDownload/1OfFuJXMKWP,제산제 또는 우유 섭취 후 1시간 이내 이 약을 복용하지 마십시오.
202301812,코비메타비정,코비메타비,,메딕스제약(주),https://nedrug.mfds.go.kr/pbp/cmn/itemImageDownload/1OgwGRyILp-,"인산염, 칼슘염, 경구(먹는, 복용하는)용 테트라사이클린계 제제, 제산제, 레보도파와 함께 복용하지 마십시오. 에스트로겐을 포함한 경구(먹는, 복용하는)용 피임제를 복용하는 여성 또는 혈전(혈관 막힘)성 소인이 있는 환자가 비타민 E를 복용할 경우 혈전(혈관 막힘)증의 위험이 증가될 수 있으므로 주의하십시오. 항알도스테론제, 트리암테렌과 병용(함께 복용(사용))투여 시 고칼륨혈증을 일으킬 수 있으므로 주의하십시오. 녹차, 홍차 등 탄닌을 함유하는 차는 복용 중, 복용 전후에는 피하십시오."
202301824,치킬정(디오스민),치킬,디오스민,태극제약(주),https://nedrug.mfds.go.kr/pbp/cmn/itemImageDownload/1OeimlOsRTc,
202301859,조인트콘친600골드정,조인트콘친600골드,,성이바이오제약주식회사,https://nedrug.mfds.go.kr/pbp/cmn/itemImageDownload/1OcIzQG1qkS,레보도파와 함께 복용하지 마십시오.
202301912,마이메가플러스정,마이메가플러스,,광동제약(주),https://nedrug.mfds.go.kr/pbp/cmn/itemImageDownload/1OeD8xwOrRg,"인산염, 칼슘염, 경구용 테트라사이클린계 제제, 제산제, 레보도파와 함께 복용하지 마십시오. 항알도스테론제, 트리암테렌과 함께 복용하지 마십시오. 고칼륨혈증을 일으킬 수 있습니다. 녹차, 홍차 등 탄닌을 함유하는 차는 복용 중, 복용 전후에는 피하십시오."
202301933,풍림리프레쉬점안액1.0%(카르복시메틸셀룰로오스나트륨)(1회용),풍림리프레쉬,1회용,풍림무약(주),,
202301937,오큐시스리커버리점안액(폴리데옥시리보뉴클레오티드나트륨)(1회용),오큐시스리커버리,1회용,(주)휴온스메디텍,,
202301952,쿨노즈에프연질캡슐(펙소페나딘염산염),쿨노즈에프,펙소페나딘염산염,(주)종근당,https://nedrug.mfds.go.kr/pbp/cmn/itemImageDownload/1OkqsRLb_1t,"이 약을 복용하는 동안 피부질환용약, 비염용 내복약을 포함한 다른 알레르기용약, 항히스타민제를 함유한 내복약 등, 알루미늄 또는 마그네슘 함유 제제의 제산제를 복용하지 마십시오. 이 약을 복용하는 동안 케토코나졸이나 에리트로마이신과 함께 복용하지 마십시오. 이 약을 복용하는 동안 자몽주스, 오렌지 및 사과주스와 같은 과일주스 및 음식물과 함께 복용하지 마십시오. 복용 전후 음주하지 마십시오."
202301966,코드비타연질캡슐,코드비타,,동방에프티엘(주),https://nedrug.mfds.go.kr/pbp/cmn/itemImageDownload/1PWQpwYwnND,
202301988,속쿨엔이중정,속쿨엔이중,,(주)킴스제약,https://nedrug.mfds.go.kr/pbp/cmn/itemImageDownload/1OnUY_VtDaz,
202302041,디오치민정(디오스민),디오치민,디오스민,일양약품(주),https://nedrug.mfds.go.kr/pbp/cmn/itemImageDownload/1Of5opuN518,
202302045,아렉스알파정,아렉스알파,,주식회사 노바엠헬스케어,https://nedrug.mfds.go.kr/pbp/cmn/itemImageDownload/1PNpuD94AKi,"다른 해열진통제, 감기약, 진정제와 함께 복용하지 마십시오. 바르비탈계 약물, 삼환계 항우울제와 함께 복용 시 의사 또는 약사와 상의하십시오. 복용 중에는 음주하지 마십시오."
202302053,하이렉스정,하이렉스,,한국코러스(주),https://nedrug.mfds.go.kr/pbp/cmn/itemImageDownload/1Oj34d6imRC,"인산염, 칼슘염, 경구용 테트라사이클린계 제제, 제산제, 레보도파와 함께 복용하지 마십시오. 녹차, 홍차 등 탄닌을 함유하는 차는 복용중, 복용전후에는 피하십시오. 항알도스테론제, 트리암테렌과 병용 투여시 고칼륨혈증을 일으킬 수 있으므로 주의하십시오. 에스트로겐을 포함한 경구용 피임제와 함께 복용 시 의사 또는 약사와 상의하십시오."
202302054,카복텔라점안액(카르복시메틸셀룰로오스나트륨)(1회용),카복텔라,1회용,안국약품(주),,
202302074,비메진정,비메진,,주식회사 노바엠헬스케어,https://nedrug.mfds.go.kr/pbp/cmn/itemImageDownload/1Oe8SX1EixR,레보도파와 함께 복용하지 마십시오.
202302086,종근당조인트콘드로정,종근당조인트콘드로,,(주)종근당,https://nedrug.mfds.go.kr/pbp/cmn/itemImageDownload/1OfCAAwj5qV,"항알도스테론제, 트리암테렌과 함께 복용하지 마십시오. 고칼륨혈증을 일으킬 수 있습니다. 녹차, 홍차 등 탄닌을 함유하는 차는 복용 중, 복용 전후에는 피하십시오."
202302128,마그포에이드연질캡슐,마그포에이드,,동방에프티엘(주),,"인산염, 칼슘염, 경구(먹는, 복용하는)용 테트라사이클린계 제제, 제산제, 레보도파와 함께 복용하지 마십시오. 에스트로겐을 포함한 경구용 피임제와 함께 복용 시 의사 또는 약사와 상의하십시오. 항알도스테론제, 트리암테렌과 병용(함께 복용(사용))투여 시 고칼륨혈증을 일으킬 수 있으므로 주의하십시오. 녹차, 홍차 등 탄닌을 함유하는 차는 복용중, 복용전후에는 피하십시오."
202302129,프라디오정(디오스민),프라디오,디오스민,(주)한국파비스제약,https://nedrug.mfds.go.kr/pbp/cmn/itemImageDownload/1OnUY_VtDe3,
202302139,타이센정500밀리그램(아세트아미노펜),타이센,아세트아미노펜,(주)씨엠지제약,https://nedrug.mfds.go.kr/pbp/cmn/itemImageDownload/1OiTYRu6AM5,"와파린을 장기복용하는 환자, 리튬, 치아짓계 이뇨제를 복용한 환자는 의사 또는 약사와 상의하십시오. 다른 소염(항염)진통제와 함께 복용하는 것은 피하십시오."
202302149,투엑스비엠큐정,투엑스비엠큐,,제일헬스사이언스(주),,"인산염, 칼슘염, 경구용 테트라사이클린계 제제, 제산제와 함께 복용하지 마십시오. 에스트로겐을 포함한 경구(먹는, 복용하는)용 피임제를 복용하는 여성 또는 혈전(혈관 막힘)성 소인이 있는 환자가 비타민 E를 복용할 경우 혈전(혈관 막힘)증의 위험이 증가될 수 있으므로 주의하십시오. 항알도스테론제, 트리암테렌과 병용투여시 고칼륨혈증을 일으킬 수 있으므로 주의하십시오. 녹차, 홍차 등 탄닌을 함유하는 차는 복용 중, 복용 전후에는 피하십시오."
202302140,그날엔에이스연질캡슐,그날엔에이스,,경동제약(주),https://nedrug.mfds.go.kr/pbp/cmn/itemImageDownload/1OolGzblOnG,"이 약을 복용하는 동안 다른 해열진통제, 감기약, 진정제를 복용하지 마십시오. 이 약을 복용하기 전에 당뇨약, 통풍약, 관절염약, 항응고제, 스테로이드제 등을 투여받고 있는 사람은 의사 또는 약사와 상의하십시오. 바르비탈계 약물, 삼환계 항우울제 및 알코올을 투여받는 환자는 의사 또는 약사와 상의하십시오. 복용 중 음주하지 마십시오."
202302160,센스팟크림,센스팟,,동국제약(주),,
202302185,속펜하겐정,속펜하겐,,경남제약(주),https://nedrug.mfds.go.kr/pbp/cmn/itemImageDownload/1OiaS5LeMB7,"위장진통, 진경제와 함께 복용하지 마십시오. 칼륨함유제제, 감초함유제제, 글리시리진산 혹은 그 염류 함유제제, 루프계 이뇨제(푸로세미드, 에타크린산) 또는 치아지드계 이뇨제(트리클로르메치아지드)와 병용(함께 복용)시 위알도스테론증이나 저칼륨혈증으로 인하여 근병증(근육병증)이 나타나기 쉬우므로 신중히 복용하십시오."
202302194,씨엠씨프리점안액1.0%(카르복시메틸셀룰로오스나트륨)(1회용),씨엠씨프리,1회용,정우신약(주),,
202302217,뱅드롱에스시럽,뱅드롱에스,,부광약품(주),,"다른 진토제, 감기약, 해열진통제, 항히스타민제, 진정제, 진해거담제와 함께 복용하지 마십시오. 복용 중에는 음주하지 마십시오."
202302242,두원포비돈요오드액(포비돈요오드액10%),두원포비돈요오드,포비돈요오드액10%,(주)두원사이언스제약,,"클로르헥시딘, 설파디아진ㆍ은화합물, 알칼리, 수은을 함유한 제제, 효소성분의 상처치료제, 과산화수소, 리튬치료와 함께 사용하지 마십시오."
202302259,셀렌비타정,셀렌비타,,(주)한국파비스제약,https://nedrug.mfds.go.kr/pbp/cmn/itemImageDownload/1PGfcVm-rn3,"이 약을 복용하는 동안 인산염, 칼슘염, 경구용 테트라사이클린계 제제, 제산제를 복용하지 마십시오. 항알도스테론제, 트리암테렌과 병용투여 시 의사 또는 약사와 상의하십시오. 녹차, 홍차 등 탄닌을 함유하는 차는 복용 중, 복용 전후에는 피하십시오."
202302282,아이톡씨엠씨점안액1%(카르복시메틸셀룰로오스나트륨)(1회용),아이톡씨엠씨,1회용,광동제약(주),,"이 약을 다른 점안제와 동시에 사용할 경우에는, 이 약을 사용하기 전에 최소한 15분의 간격을 두고 사용하십시오."
202302283,맥스클리어점안액1.0%(카르복시메틸셀룰로오스나트륨)(1회용),맥스클리어,1회용,한림제약(주),,
202302284,카보아이점안액1%(카르복시메틸셀룰로오스나트륨)(1회용),카보아이,1회용,(주)인트로바이오파마,,
202302329,아이엠씨점안액1%(카르복시메틸셀룰로오스나트륨)(1회용),아이엠씨,1회용,신신제약(주),,이 약을 다른 점안제와 동시에 사용할 경우에는 다른 점안제를 먼저 사용하고 약 15분 후에 이 약을 사용하십시오.
202302341,업텐션액(L-아스파르트산-L-아르기닌수화물),업텐션,L-아스파르트산-L-아르기닌수화물,신신제약(주),,이 약을 복용하는 동안 항정신병약과 수면제를 복용하지 마십시오.
202302370,로라샷연질캡슐(로라타딘),로라샷,로라타딘,(주)에이프로젠바이오로직스,https://nedrug.mfds.go.kr/pbp/cmn/itemImageDownload/1OrQqo5V9eP,"이 약을 복용하는 동안 시메티딘, 에리트로마이신, 케토코나졸, 퀴니딘, 플루코나졸, 플루옥세틴과 함께 복용하지 마십시오."
202302381,빅콘에프600정,빅콘에프600,,(주)에이프로젠바이오로직스,https://nedrug.mfds.go.kr/pbp/cmn/itemImageDownload/1OfqkDGYV2h,레보도파와 함께 복용하지 마십시오.
202302427,원프레쉬점안액1%(카르복시메틸셀룰로오스나트륨)(1회용),원프레쉬,1회용,하나제약(주),,
202302436,툴스속편정,툴스속편,,코스맥스파마(주),https://nedrug.mfds.go.kr/pbp/cmn/itemImageDownload/1OohpG543C7,"이 약을 복용하는 동안 테트라사이클린계 항생제를 복용하지 마십시오. 이 약을 복용하기 전에 디곡신, 캅토프릴, 시메티딘, 라니티딘, 파모티딘, 테오필린, 프로프라노롤, 아테놀롤, 황산철, 클로로프로마진, 아세틸살리실산, 나프록센, 메토프롤롤, 레보도파 등의 약물 재흡수에 영향을 주는 약물을 복용하고 있는 환자는 의사 또는 약사와 상의하십시오. 알루미늄이 함유된 제산제 복용 후 1~2시간 이내에는 다른 약물의 복용은 피하십시오.. 철, 탄산음료 등은 제산제 복용 후 1~2시간 이내에는 섭취를 피하십시오."
202302440,엑세라민엔정,엑세라민엔,,일동제약(주),https://nedrug.mfds.go.kr/pbp/cmn/itemImageDownload/1Oj34d6imO4,"이 약을 복용하는 동안 인산염, 칼슘염, 경구용 테트라사이클린계 제제, 제산제, 레보도파를 복용하지 마십시오. 항알도스테론제, 트리암테렌과 병용투여 시 의사 또는 약사와 상의하십시오. 녹차, 홍차 등 탄닌을 함유하는 차는 복용 중, 복용 전후에는 피하십시오."
202302463,가스앤드액(시메티콘),가스앤드,시메티콘,유니메드제약(주),,
202302474,코투루텐나잘스프레이,코투루텐나잘스프레이,,경동제약(주),,"우울증, 파킨슨병 치료 등에 사용되는 MAO 억제제를 복용하고 있거나 복용을 중단한 후 2주 이내인 사람은 이 약을 사용하지 마십시오. 사용 시에는 음주하지 마십시오."
202302477,눈앤큐점안액,눈앤큐,,한미약품(주),,
202302480,디클로맥스플라스타(디클로페낙나트륨),디클로맥스플라스타,디클로페낙나트륨,신신제약(주),,"이 약을 사용하는 동안에는 디클로페낙 제제나 비스테로이드 소염제를 국소적으로 적용하거나 복용하지 마십시오. 이 약을 사용하기 전에 에녹사신 등의 뉴퀴놀론계 항균제를 함께 사용하는 경우 의사 또는 약사와 상의하십시오. 경련을 일으킬 수 있습니다. 푸로세미드 등의 루프 이뇨제나 티아자이드계 이뇨제, 와파린 등의 지혈을 방해하는 약물, 아스피린 등의 항혈소판제, 쿠마린계 항응혈제, 선택적 세로토닌 재흡수 억제제 및 세로토닌 노르에피네프린 재흡수 억제제와 함께 투여하는 환자는 의사 또는 약사와 상의하십시오."
202302483,알지퀵연질캡슐(펙소페나딘염산염),알지퀵,펙소페나딘염산염,제이더블유중외제약(주),https://nedrug.mfds.go.kr/pbp/cmn/itemImageDownload/1Ose29soF4O,"이 약을 복용하는 동안 피부질환용약, 비염용 내복약을 포함한 다른 알레르기용약, 항히스타민제를 함유한 내복약 등, 알루미늄 또는 마그네슘 함유 제제의 제산제를 복용하지 마십시오. 이 약을 복용하는 동안 케토코나졸이나 에리트로마이신과 함께 복용하지 마십시오. 이 약을 복용하는 동안 자몽주스, 오렌지 및 사과주스와 같은 과일주스 및 음식물과 함께 복용하지 마십시오. 복용 전후 음주하지 마십시오."
202302506,기가치올액,기가치올,,경진제약(주),,"이 약을 복용하는 동안 다른 진해거담제, 감기약, 항히스타민제를 함유하는 내복약을 복용하지 마십시오. 우울증, 파킨슨병 치료 등에 사용되는 MAO 억제제를 복용하고 있거나 복용을 중단한 후 2주 이내의 사람은 이 약을 복용하지 마십시오. 복용시에는 음주하지 마십시오."
202302508,씨엠지룩스플러스점안액1.0%(카르복시메틸셀룰로오스나트륨)(1회용),씨엠지룩스플러스,1회용,(주)씨엠지제약,,
202302534,차마다이제정,차마다이제,,메딕스제약(주),https://nedrug.mfds.go.kr/pbp/cmn/itemImageDownload/1OlTcytjZWj,
202302539,풍림리프레쉬점안액0.5%(카르복시메틸셀룰로오스나트륨)(1회용),풍림리프레쉬,1회용,풍림무약(주),,
202302546,조인트콤비800정,조인트콤비800,,일양바이오팜(주),https://nedrug.mfds.go.kr/pbp/cmn/itemImageDownload/1Opv7e4K6f_,이 약을 복용하는 동안 레보도파를 복용하지 마십시오.
202302653,마그메코정,마그메코,,(주)이든파마,https://nedrug.mfds.go.kr/pbp/cmn/itemImageDownload/1OnUY_VtDMT,"인산염, 칼슘염, 경구용 테트라사이클린계 제제, 제산제, 레보도파와 함께 복용하지 마십시오. 에스트로겐을 포함한 경구용 피임제, 항알도스테론제, 트리암테렌과 함께 복용 시 의사 또는 약사와 상의하십시오. 녹차, 홍차 등 탄닌을 함유하는 차는 복용중, 복용전후에는 피하십시오."
202302576,코큐텐비타알부엑스정,코큐텐비타알부,,일양약품(주),https://nedrug.mfds.go.kr/pbp/cmn/itemImageDownload/1OnUY_VtDVd,"인산염, 칼슘염, 경구용 테트라사이클린계 제제, 제산제, 레보도파와 함께 복용하지 마십시오. 에스트로겐을 포함한 경구(먹는, 복용하는)용 피임제를 복용하는 여성 또는 혈전(혈관 막힘)성 소인이 있는 환자가 비타민 E를 복용할 경우 혈전(혈관 막힘)증의 위험이 증가될 수 있으므로 주의하십시오. 항알도스테론제, 트리암테렌과 함께 복용하지 마십시오. 고칼륨혈증을 일으킬 수 있습니다. 녹차, 홍차 등 탄닌을 함유하는 차는 복용 중, 복용 전후에는 피하십시오."
202302654,벤포바이타나이스정,벤포바이타나이스,,일양약품(주),https://nedrug.mfds.go.kr/pbp/cmn/itemImageDownload/1Oln5d5U9rM,"인산염, 칼슘염, 경구용 테트라사이클린계 제제, 제산제, 레보도파와 함께 복용하지 마십시오. 항알도스테론제, 트리암테렌, 에스트로겐을 포함한 경구용 피임제와 함께 복용 시 의사 또는 약사와 상의하십시오. 녹차, 홍차 등 탄닌을 함유하는 차는 복용 중, 복용 전후에는 피하십시오."
202302667,마그킹코발정,마그킹코발,,(주)넥스팜코리아,https://nedrug.mfds.go.kr/pbp/cmn/itemImageDownload/1OnUY_VtDbp,"인산염, 칼슘염, 경구(먹는, 복용하는)용 테트라사이클린계 제제, 제산제, 레보도파와 함께 복용하지 마십시오. 에스트로겐을 포함한 경구(먹는, 복용하는)용 피임제를 복용하는 여성 또는 혈전(혈관 막힘)성 소인이 있는 환자가 비타민 E를 복용할 경우 혈전(혈관 막힘)증의 위험이 증가될 수 있으므로 주의하십시오. 항알도스테론제, 트리암테렌과 병용(함께 복용(사용))투여 시 고칼륨혈증을 일으킬 수 있으므로 주의하십시오. 녹차, 홍차 등 탄닌을 함유하는 차는 복용중, 복용전후에는 피하십시오."
202302668,미놀노즈에스점비액,미놀노즈에스점비,,경남제약(주),,"우울증, 파킨슨병 치료 등에 사용되는 MAO억제제를 복용하고 있거나 복용을 중단한 후 2주 이내의 사람은 이 약을 사용하지 마십시오. 사용시에는 음주하지 마십시오."
202302685,비타콘틴800정,비타콘틴800,,코오롱제약(주),https://nedrug.mfds.go.kr/pbp/cmn/itemImageDownload/1P2JYwFsAM1,"이 약을 복용하는 동안 인산염, 칼슘염, 경구용 테트라사이클린계 제제, 제산제, 레보도파를 복용하지 마십시오. 항알도스테론제, 트리암테렌과 병용투여 시 의사 또는 약사와 상의하십시오. 녹차, 홍차 등 탄닌을 함유하는 차는 복용 중, 복용 전후에는 피하십시오."
202302687,더판디탈정,더판디탈,,신일제약(주),https://nedrug.mfds.go.kr/pbp/cmn/itemImageDownload/1OkkrHMePLL,"위장진통, 진경제와 함께 복용하지 마십시오. 칼륨함유제제, 감초함유제제, 글리시리진산 혹은 그 염류 함유제제, 루프계 이뇨제(푸로세미드, 에타크린산) 또는 티아지드계 이뇨제(트리클로르메티아지드)와 함께 복용 시 의사 또는 약사와 상의하십시오."
202302690,세롤진정,세롤진,,주식회사 노바엠헬스케어,https://nedrug.mfds.go.kr/pbp/cmn/itemImageDownload/1PJYxLqxkSH,"이 약을 복용하는 동안 인산염, 칼슘염, 경구용 테트라사이클린계 제제, 제산제를 복용하지 마십시오. 항알도스테론제, 트리암테렌과 병용투여 시 의사 또는 약사와 상의하십시오. 녹차, 홍차 등 탄닌을 함유하는 차는 복용 중, 복용 전후에는 피하십시오."
202302692,파워제타비정,파워제타비,,메딕스제약(주),https://nedrug.mfds.go.kr/pbp/cmn/itemImageDownload/1OoAc19nhaQ,"인산염, 칼슘염, 경구(먹는, 복용하는)용 테트라사이클린계 제제, 제산제, 레보도파와 함께 복용하지 마십시오. 에스트로겐을 포함한 경구용 피임제와 함께 복용 시 의사 또는 약사와 상의하십시오. 항알도스테론제, 트리암테렌과 병용(함께 복용(사용))투여 시 고칼륨혈증을 일으킬 수 있으므로 주의하십시오. 녹차, 홍차 등 탄닌을 함유하는 차는 복용 중, 복용 전, 후에는 피하십시오."
202302710,쎈비큐정,쎈비큐,,진양제약(주),https://nedrug.mfds.go.kr/pbp/cmn/itemImageDownload/1Os35onWpvM,"이 약을 복용하는 동안 인산염, 칼슘염, 경구용 테트라사이클린계 제제, 제산제, 레보도파를 복용하지 마십시오. 항알도스테론제, 트리암테렌과 병용투여 시 의사 또는 약사와 상의하십시오. 녹차, 홍차 등 탄닌을 함유하는 차는 복용 중, 복용 전후에는 피하십시오."
202302739,그날엔노즈에이연질캡슐,그날엔노즈에이,,경동제약(주),https://nedrug.mfds.go.kr/pbp/cmn/itemImageDownload/1PtJCjltBSe,"이 약을 복용하는 동안 진해거담제, 다른 감기약, 해열진통제, 진정제, 항히스타민제를 함유하는 내복약을 복용하지 마십시오. 우울증, 파킨슨병 치료 등에 사용되는 MAO 억제제를 복용하고 있거나 복용을 중단한 후 2주 이내의 사람은 이 약을 복용하지 마십시오. 이 약을 복용하기 전에 당뇨약, 통풍약, 관절염약, 항응고제, 스테로이드제 등을 투여받고 있는 사람은 의사 또는 약사와 상의하십시오. 바르비탈계 약물, 삼환계 항우울제 및 알코올을 투여받는 환자는 의사 또는 약사와 상의하십시오. 복용 중 음주하지 마십시오."
202302768,알러젯연질캡슐(펙소페나딘염산염),알러젯,펙소페나딘염산염,(주)녹십자,https://nedrug.mfds.go.kr/pbp/cmn/itemImageDownload/1OqoN-3zWtM,"이 약을 복용하는 동안 피부질환용약, 비염용 내복약을 포함한 다른 알레르기용약, 항히스타민제를 함유한 내복약 등, 알루미늄 또는 마그네슘 함유 제제의 제산제를 복용하지 마십시오. 이 약을 복용하는 동안 케토코나졸이나 에리트로마이신과 함께 복용하지 마십시오. 이 약을 복용하는 동안 자몽주스, 오렌지 및 사과주스와 같은 과일주스 및 음식물과 함께 복용하지 마십시오. 복용 전후 음주하지 마십시오."
202302769,씨엠지마그액,씨엠지마그,,(주)씨엠지제약,,"이 약을 복용하는 동안 인산염, 칼슘염, 경구용 테트라사이클린계 제제, 제산제, 레보도파와 함께 복용하지 마십시오. 항알도스테론제, 트리암테렌과 병용투여 시 의사 또는 약사와 상의하십시오. 녹차, 홍차 등 탄닌을 함유하는 차는 복용 중, 복용 전후에는 피하십시오."
202302791,리버치온정(글루타티온(환원형)),리버치온,글루타티온,메딕스제약(주),https://nedrug.mfds.go.kr/pbp/cmn/itemImageDownload/1P2JYwFsAZX,
202302801,헤모이지정,헤모이지,,제일헬스사이언스(주),https://nedrug.mfds.go.kr/pbp/cmn/itemImageDownload/1Onhwg9yYal,"인산염, 칼슘염, 경구용 테트라사이클린계 제제, 제산제와 함께 복용하지 마십시오. 항알도스테론제, 트리암테렌과 병용투여시 고칼륨혈증을 일으킬 수 있으므로 주의하십시오. 녹차, 홍차 등 탄닌을 함유하는 차는 복용 중, 복용 전후에는 피하십시오."
202302804,비스칸비캡슐,비스칸비,,(주)바이넥스,https://nedrug.mfds.go.kr/pbp/cmn/itemImageDownload/1PT2fGfm5Fw,
202302807,헤모힐연고,헤모힐,,진양제약(주),,"이 약을 사용하는 동안 dl-메틸에페드린염산염, 스코폴리아 엑스 및 글리시리진산 함유 좌제 또는 연고제, 크림제를 사용하지 마십시오. 이 약을 사용하는 동안 혈압강하제, 항우울약을 투여하지 마십시오."
202302822,뉴흑과립(약용탄),뉴흑,약용탄,(주)돌나라한농제약,,"아이스크림이나 샤벳은 약용탄의 흡착력을 저하시키므로 함께 복용하지 마십시오. 경구중독의 해독제로서 사용할 때, 이페칵(토근)시럽과 함께 복용하지 마십시오. 이페칵(토근)시럽이 약용탄에 의해 흡착되어 구토를 방지할 수 있습니다. 만약 이페칵(토근)시럽과 약용탄이 동시에 사용될때는 구토가 유도되고 완료된 후에 약용탄을 투여할 것을 권장합니다."
202302823,뉴흑산(약용탄),뉴흑,약용탄,(주)돌나라한농제약,,아이스크림이나 샤벳은 약용탄의 흡착력을 저하시키므로 함께 복용하지 마십시오.
202302836,디클로하이카타플라스마(디클로페낙나트륨),디클로하이카타플라스마,디클로페낙나트륨,(주)다산제약,,"이 약을 사용하는 동안에는 디클로페낙 제제나 비스테로이드 소염제를 국소적으로 적용하거나 복용하지 마십시오. 이 약을 사용하기 전에 에녹사신 등의 뉴퀴놀론계 항균제를 함께 사용하는 경우 의사 또는 약사와 상의하십시오. 경련을 일으킬 수 있습니다. 푸로세미드 등의 루프 이뇨제나 티아자이드계 이뇨제, 와파린 등의 지혈을 방해하는 약물, 아스피린 등의 항혈소판제, 쿠마린계 항응혈제, 선택적 세로토닌 재흡수 억제제 및 세로토닌 노르에피네프린 재흡수 억제제와 함께 투여하는 환자는 의사 또는 약사와 상의하십시오."
202302826,포리비돈연고(포비돈요오드),포리비돈,포비돈요오드,태극제약(주),,"리튬치료, 과산화수소수와 함께 사용하지 마십시오. 클로르헥시딘, 설파디아진·은화합물, 알칼리 및 수은 함유 제제, 효소성분의 상처치료제와 함께 사용하는 경우 의사 또는 약사와 상의하십시오."
202302853,보나링스피드액,보나링스피드,,일양약품(주),,"이 약을 복용하는 동안에는 다른 진토제, 감기약, 해열진통제, 항히스타민제, 진정제, 진해거담제, 위장진통∙진경제 등을 복용하지 마십시오. 이 약을 복용하는 동안에는 알코올 음료를 마시지 마십시오."
202302828,타세놀키즈시럽(아세트아미노펜),타세놀키즈,아세트아미노펜,부광약품(주),,"바르비탈계 약물, 삼환계 항우울제 및 알코올을 복용한 사람은 이 약을 복용하지 마십시오. 다른 소염진통제와 함께 복용하지 마십시오. 이 약을 복용하기 전에 와파린을 장기 복용하는 환자, 리튬, 티아자이드계 이뇨제를 복용한 환자는 의사 또는 약사와 상의하십시오."
202302870,맥스타민콘드로800정,맥스타민콘드로800,,(주)일화,https://nedrug.mfds.go.kr/pbp/cmn/itemImageDownload/1P2JYwFs9bc,이 약을 복용하는 동안 레보도파를 복용하지 마십시오.
202302835,콜대원나이트시럽,콜대원나이트,,대원제약(주),,"이 약을 복용하는 동안 진해거담제, 다른 감기약, 해열진통제, 진정제, 항히스타민제를 함유하는 내복약(비염용 경구제, 멀미약, 알레르기용약)을 복용하지 마십시오. 우울증, 파킨슨병 치료 등에 사용되는 MAO 억제제를 복용하고 있거나 복용을 중단한 후 2주 이내의 사람은 이 약을 복용하지 마십시오. 이 약을 복용하기 전에 당뇨약, 통풍약, 관절염약, 항응고제, 스테로이드제 등을 투여받고 있는 사람은 의사 또는 약사와 상의하십시오. 바르비탈계 약물, 삼환계 항우울제 및 알코올을 투여받는 환자는 의사 또는 약사와 상의하십시오. 복용 중 음주하지 마십시오."
202302877,마민에스정,마민에스,,메딕스제약(주),https://nedrug.mfds.go.kr/pbp/cmn/itemImageDownload/1Op7YnEmKzz,
202302903,코즈굿나잘스프레이,코즈굿나잘스프레이,,동국제약(주),,코에 적용하는 다른 제품을 함께 사용하는 경우 30분 이상의 간격을 두십시오. 그리고 이 약은 마지막에 사용하십시오.
202302906,알레티브정60밀리그램(펙소페나딘염산염),알레티브,펙소페나딘염산염,한국휴텍스제약(주),https://nedrug.mfds.go.kr/pbp/cmn/itemImageDownload/1PEPKBUcfdU,"이 약을 복용하는 동안 피부질환용약, 비염용 내복약을 포함한 다른 알레르기용약, 항히스타민제를 함유한 내복약 등, 알루미늄 또는 마그네슘 함유 제제의 제산제를 복용하지 마십시오. 이 약을 복용하는 동안 케토코나졸이나 에리트로마이신과 함께 복용하지 마십시오. 이 약을 복용하는 동안 자몽주스, 오렌지 및 사과주스와 같은 과일주스 및 음식물과 함께 복용하지 마십시오. 복용 전후 음주하지 마십시오."
202302922,락콜드액,락콜드,,삼진제약(주),,"진해거담제, 다른 감기약, 해열진통제, 진정제, 항히스타민제를 함유하는 내복약(비염용 경구제, 멀미약, 알레르기용약)과 함께 복용하지 마십시오. 당뇨약, 통풍약, 관절염약, 항응고제, 스테로이드제, 칼륨함유제제, 감초함유제제, 글리시리진산 또는 그 염류 함유제제, 루프계 이뇨제(푸로세미드, 에타크린산) 또는 티아지드계 이뇨제(트리클로르메티아지드)와 함께 복용 시 의사 또는 약사와 상의하십시오. 복용 중 음주하지 마십시오."
202302925,콜대원노즈큐에스시럽,콜대원노즈큐에스,,대원제약(주),,"이 약을 복용하는 동안 진해거담제, 다른 감기약, 해열진통제, 진정제, 항히스타민제를 함유하는 내복약을 복용하지 마십시오. 우울증, 파킨슨병 치료 등에 사용되는 MAO 억제제를 복용하고 있거나 복용을 중단한 후 2주 이내의 사람은 이 약을 복용하지 마십시오. 이 약을 복용하기 전에 당뇨약, 통풍약, 관절염약, 항응고제, 스테로이드제 등을 투여받고 있는 사람은 의사 또는 약사와 상의하십시오. 바르비탈계 약물, 삼환계 항우울제 및 알코올을 투여받는 환자는 의사 또는 약사와 상의하십시오. 복용 중 음주하지 마십시오."
202302948,그날엔코프에이연질캡슐,그날엔코프에이,,경동제약(주),https://nedrug.mfds.go.kr/pbp/cmn/itemImageDownload/1Os8pyE54R-,"이 약을 복용하는 동안 진해거담제, 다른 감기약, 해열진통제, 진정제, 항히스타민제를 함유하는 내복약을 복용하지 마십시오. 우울증, 파킨슨병 치료 등에 사용되는 MAO 억제제를 복용하고 있거나 복용을 중단한 후 2주 이내의 사람은 이 약을 복용하지 마십시오. 이 약을 복용하기 전에 당뇨약, 통풍약, 관절염약, 항응고제, 스테로이드제 등을 투여받고 있는 사람은 의사 또는 약사와 상의하십시오. 바르비탈계 약물, 삼환계 항우울제 및 알코올을 투여받는 환자는 의사 또는 약사와 상의하십시오. 복용 중 음주하지 마십시오."
202302985,조인액트800정,조인액트800,,메딕스제약(주),https://nedrug.mfds.go.kr/pbp/cmn/itemImageDownload/1P2JYwFsAYz,"이 약을 복용하는 동안 인산염, 칼슘염, 경구용 테트라사이클린계 제제, 제산제, 레보도파를 복용하지 마십시오. 이 약을 복용하기 전에 강심배당체를 투여 중인 환자는 의사 또는 약사와 상의하십시오. 항알도스테론제, 트리암테렌과 병용투여 하는 환자는 의사 또는 약사와 상의하십시오. 녹차, 홍차 등 탄닌을 함유하는 차는 복용 중, 복용 전후에는 피하십시오."
202302949,그날엔콜드에이연질캡슐,그날엔콜드에이,,경동제약(주),https://nedrug.mfds.go.kr/pbp/cmn/itemImageDownload/1P2JYwFsA6r,"이 약을 복용하는 동안 진해거담제, 다른 감기약, 해열진통제, 진정제, 항히스타민제를 함유하는 내복약을 복용하지 마십시오. 우울증, 파킨슨병 치료 등에 사용되는 MAO 억제제를 복용하고 있거나 복용을 중단한 후 2주 이내의 사람은 이 약을 복용하지 마십시오. 이 약을 복용하기 전에 당뇨약, 통풍약, 관절염약, 항응고제, 스테로이드제 등을 투여받고 있는 사람은 의사 또는 약사와 상의하십시오. 바르비탈계 약물, 삼환계 항우울제 및 알코올을 투여받는 환자는 의사 또는 약사와 상의하십시오. 복용 중 음주하지 마십시오."
202302952,청안하이뷰연질캡슐,청안하이뷰,,동방에프티엘(주),https://nedrug.mfds.go.kr/pbp/cmn/itemImageDownload/1PWQpwYwnNz,에스트로겐을 포함한 경구용 피임제를 복용하는 여성은 의사 또는 약사와 상의하십시오.
202302996,맥스케어정,맥스케어,,신일제약(주),https://nedrug.mfds.go.kr/pbp/cmn/itemImageDownload/1OolGzblOoO,"이 약을 복용하는 동안 인산염, 칼슘염, 경구용 테트라사이클린계 제제, 제산제, 레보도파를 복용하지 마십시오. 에스트로겐을 포함한 경구용 피임제를 복용하는 여성은 의사 또는 약사와 상의하십시오., 항알도스테론제, 트리암테렌과 병용투여하는 환자는 의사 또는 약사와 상의하십시오. 녹차, 홍차 등 탄닌을 함유하는 차는 복용 중, 복용 전후에는 피하십시오."
202302990,에이치콜연질캡슐,에이치콜,,(주)서흥,https://nedrug.mfds.go.kr/pbp/cmn/itemImageDownload/1PEPKBUcl_J,"이 약을 복용하는 동안 진해거담제, 다른 감기약, 해열진통제, 진정제, 항히스타민제를 함유하는 내복약을 복용하지 마십시오. 우울증, 파킨슨병 치료 등에 사용되는 MAO 억제제를 복용하고 있거나 복용을 중단한 후 2주 이내의 사람은 이 약을 복용하지 마십시오. 이 약을 복용하기 전에 당뇨약, 통풍약, 관절염약, 항응고제, 스테로이드제 등을 투여받고 있는 사람은 의사 또는 약사와 상의하십시오. 바르비탈계 약물, 삼환계 항우울제 및 알코올을 투여받는 환자는 의사 또는 약사와 상의하십시오. 복용 중 음주하지 마십시오."
202302993,이지엔6이브정,이지엔6이브,,(주)대웅제약,,"이 약을 복용하는 동안 다른 해열진통제, 감기약, 진정제를 복용하지 마십시오. 이 약을 복용하기 전에 당뇨약, 통풍약, 관절염약, 항응고제, 스테로이드제 등 다른 약물을 투여받는 사람, 심근경색이나 뇌졸중 예방목적으로 저용량의 아스피린을 복용하는 사람은 의사 또는 약사와 상의하십시오. 복용 중에는 음주하지 마십시오."
202303018,이지클린장용연질캡슐,이지클린장용,,코스맥스파마(주),https://nedrug.mfds.go.kr/pbp/cmn/itemImageDownload/1PTSBn8hhxX,제산제 복용 또는 우유 섭취 후 1시간 이내에는 이 약을 복용하지 마십시오. (이 약 복용 후 1시간 이내에는 우유 섭취 또는 제산제 복용을 피하십시오.)
202302998,하벤허브골드캡슐,하벤허브골드,,고려제약(주),https://nedrug.mfds.go.kr/pbp/cmn/itemImageDownload/1OlP6KpSUDd,"진해거담제, 다른 감기약, 해열진통제, 진정제, 항히스타민제를 함유하는 내복약(비염용 경구제, 멀미약, 알레르기용약)과 함께 복용하지 마십시오. MAO 억제제(항우울제, 항정신병제, 감정조절제, 항파킨슨제 등), 다른 진해거담제, 감기약, 항히스타민제, 진정제, 알코올과 함께 복용하지 마십시오. 당뇨약, 통풍약, 관절염약, 항응고제, 스테로이드제 등 다른 약물을 투여받고 있는 사람은 의사 또는 약사와 상의하십시오. 칼륨함유제제, 감초함유제제, 글리시리진산 또는 그 염류 함유제제, 루프계 이뇨제(푸로세미드, 에타크린산) 또는 티아지드계 이뇨제(트리클로르메티아지드)와 함께 복용 시 의사 또는 약사와 상의하십시오. 바르비탈계 약물, 삼환계 항우울제 및 알코올을 투여한 환자는 의사 또는 약사와 상의하십시오. 복용중에는 음주하지 마십시오."
202303024,아이오쿨수점안액0.5%(카르복시메틸셀룰로오스나트륨)(1회용),아이오쿨수,1회용,동아제약(주),,
202303025,아이오쿨수점안액1.0%(카르복시메틸셀룰로오스나트륨)(1회용),아이오쿨수,1회용,동아제약(주),,이 약을 다른 점안제와 동시에 사용할 경우에는 이 약을 사용하기 전에 최소 15분의 간격을 두십시오.
202303068,알러진정60밀리그램(펙소페나딘염산염),알러진,펙소페나딘염산염,삼진제약(주),https://nedrug.mfds.go.kr/pbp/cmn/itemImageDownload/1P2JYwFsBr8,"이 약을 복용하는 동안 피부질환용약, 비염용 내복약을 포함한 다른 알레르기용약, 항히스타민제를 함유한 내복약 등, 알루미늄 또는 마그네슘 함유 제제의 제산제를 복용하지 마십시오. 이 약을 복용하는 동안 케토코나졸이나 에리트로마이신과 함께 복용하지 마십시오. 이 약을 복용하는 동안 자몽주스, 오렌지 및 사과주스와 같은 과일주스 및 음식물과 함께 복용하지 마십시오. 복용 전후 음주하지 마십시오."
202303044,메타리빈액0.05%(자일로메타졸린염산염),메타리빈,자일로메타졸린염산염,태극제약(주),,"우울증, 파킨슨병 치료 등에 사용되는 MAO억제제를 복용하고 있거나 복용을 중단한 후 2주 이내의 사람은 이 약을 사용하지 마십시오. 이 약을 사용하기 전에 삼환계 혹은 사환계 항우울제를 투여하는 환자는 의사 또는 약사와 상의하십시오. 사용시에는 음주하지 마십시오."
202303112,알보칼디정,알보칼디,,알보젠코리아(주),https://nedrug.mfds.go.kr/pbp/cmn/itemImageDownload/1OoAc19ns1O,"이 약을 복용하는 동안 인산염, 칼슘염, 경구용 테트라사이클린계 제제, 제산제를 복용하지 마십시오. 이 약을 복용하기 전에 강심배당체를 투여 중인 환자는 의사 또는 약사와 상의하십시오. 항알도스테론제, 트리암테렌과 병용투여 하는 환자는 의사 또는 약사와 상의하십시오. 녹차, 홍차 등 탄닌을 함유하는 차는 복용 전, 복용 전후에는 피하십시오."
202303049,에이치코프연질캡슐,에이치코프,,(주)서흥,https://nedrug.mfds.go.kr/pbp/cmn/itemImageDownload/1PEPKBUclyy,"진해거담제, 다른 감기약, 해열진통제, 진정제, 항히스타민제를 함유하는 내복약(비염용 경구제, 멀미약, 알레르기용약)과 함께 복용하지 마십시오. 당뇨약, 통풍약, 관절염약, 항응고제, 스테로이드제, 바르비탈계 약물, 삼환계 항우울제, 알코올을 투여한 경우 의사 또는 약사와 상의하십시오. 복용 중에는 음주하지 마십시오."
202303114,인크린에스정,인크린에스,,(주)에이프로젠바이오로직스,https://nedrug.mfds.go.kr/pbp/cmn/itemImageDownload/1Or51Qm62wF,제산제 복용 또는 우유 섭취 후 1시간 이내에는 이 약을 복용하지 마십시오. (이 약 복용 후 1시간 이내에는 우유 섭취 또는 제산제 복용을 피하십시오.)
202303052,하이펜에스정,하이펜에스,,미래바이오제약(주),https://nedrug.mfds.go.kr/pbp/cmn/itemImageDownload/1P2JYwFsAmT,"이 약을 복용하는 동안 진해거담제, 다른 감기약, 해열진통제, 진정제, 항히스타민제를 함유하는 내복약을 복용하지 마십시오. 우울증, 파킨슨병 치료 등에 사용되는 MAO 억제제를 복용하고 있거나 복용을 중단한 후 2주 이내의 사람은 이 약을 복용하지 마십시오. 이 약을 복용하기 전에 당뇨약, 통풍약, 관절염약, 항응고제, 스테로이드제 등을 투여받고 있는 사람은 의사 또는 약사와 상의하십시오. 바르비탈계 약물, 삼환계 항우울제 및 알코올을 투여받는 환자는 의사 또는 약사와 상의하십시오. 복용 중 음주하지 마십시오."
202303120,알리코비오틴정5밀리그램(비오틴),알리코비오틴,비오틴,알리코제약(주),https://nedrug.mfds.go.kr/pbp/cmn/itemImageDownload/1P2JYwFs5K8,"날계란과 함께 복용하지 마십시오. 이 약을 복용하기 전에 카르바마제핀, 페니토인, 페노바르비탈 등의 항경련제 혹은 항생제 복용 환자는 의사 또는 약사와 상의하십시오."
202303088,머슬펜에프정,머슬펜에프,,한국신텍스제약(주),https://nedrug.mfds.go.kr/pbp/cmn/itemImageDownload/1Otfi5Stu7K,"이 약을 복용하는 동안 다른 해열진통제, 감기약, 진정제를 복용하지 마십시오. 이 약을 복용하기 전에 당뇨약, 통풍약, 관절염약, 항응고제, 스테로이드제 등을 투여받고 있는 사람은 의사 또는 약사와 상의하십시오. 바르비탈계 약물, 삼환계 항우울제 및 알코올을 투여받는 환자는 의사 또는 약사와 상의하십시오. 복용 중 음주하지 마십시오."
202303134,위앤프레쉬정,위앤프레쉬,,태극제약(주),https://nedrug.mfds.go.kr/pbp/cmn/itemImageDownload/1P3diGKSD2l,"위장진통, 진경제와 함께 복용하지 마십시오. 칼륨함유제제, 감초함유제제, 글리시리진산 혹은 그 염류 함유제제, 푸로세미드, 에타크린산 등의 루프계 이뇨제, 트리클로르메치아지드 등의 티아자이드계 이뇨제와 함께 복용하려는 사람은 의사 또는 약사와 상의하십시오."
202303116,삼현포비돈요오드액,삼현포비돈요오드,,주식회사삼현제약,,"리튬치료, 과산화수소수와 함께 사용하지 마십시오. 클로르헥시딘, 설파디아진·은화합물, 알칼리 및 수은 함유 제제, 효소성분의 상처치료제와 함께 사용하는 경우 의사 또는 약사와 상의하십시오."
202303135,칼페온정,칼페온,,(주)이든파마,https://nedrug.mfds.go.kr/pbp/cmn/itemImageDownload/1PEPKBUcduH,"이 약을 복용하는 동안 인산염, 칼슘염, 경구용 테트라사이클린계 제제, 제산제를 복용하지 마십시오. 이 약을 복용하기 전에 강심배당체를 투여 중인 환자는 의사 또는 약사와 상의하십시오. 항알도스테론제, 트리암테렌과 병용투여 하는 환자는 의사 또는 약사와 상의하십시오. 녹차, 홍차 등 탄닌을 함유하는 차는 복용 전, 복용 전후에는 피하십시오."
202303142,챔프콜드펜시럽,챔프콜드펜,,동아제약(주),,"이 약을 복용하는 동안 진해거담제, 다른 감기약, 해열진통제, 진정제, 항히스타민제를 함유하는 내복약을 복용하지 마십시오. 우울증, 파킨슨병 치료 등에 사용되는 MAO 억제제를 복용하고 있거나 복용을 중단한 후 2주 이내의 사람은 이 약을 복용하지 마십시오. 이 약을 복용하기 전에 당뇨약, 통풍약, 관절염약, 항응고제, 스테로이드제 등을 투여받고 있는 사람은 의사 또는 약사와 상의하십시오. 바르비탈계 약물, 삼환계 항우울제 및 알코올을 투여받는 환자는 의사 또는 약사와 상의하십시오. 복용 중 음주하지 마십시오."
202303158,로얄스타진크림,로얄스타진,,오스틴제약(주),,
202303174,"맥스콘드로이틴1200경구용겔(콘드로이틴설페이트나트륨)(1200mg/8g, 1200mg/12g)",맥스콘드로이틴1200경구용,1200mg|8g|1200mg|12g,동아제약(주),,
202303189,헤모글루탑연질캡슐,헤모글루탑,,동방에프티엘(주),https://nedrug.mfds.go.kr/pbp/cmn/itemImageDownload/1PWQpwYwnOe,"이 약을 복용하는 동안 인산염, 칼슘염, 경구용 테트라사이클린계 제제, 제산제, 레보도파를 복용하지 마십시오. 항알도스테론제, 트리암테렌과 병용투여하는 환자는 의사 또는 약사와 상의하십시오. 녹차, 홍차 등 탄닌을 함유하는 차는 복용 중, 복용 전후에는 피하십시오."
202303159,스파맥에스정,스파맥에스,,일양약품(주),https://nedrug.mfds.go.kr/pbp/cmn/itemImageDownload/1Otfi5Stu5l,"이 약을 복용하는 동안 진해거담제, 다른 감기약, 해열진통제, 진정제, 항히스타민제를 함유하는 내복약을 복용하지 마십시오. 우울증, 파킨슨병 치료 등에 사용되는 MAO 억제제를 복용하고 있거나 복용을 중단한 후 2주 이내의 사람은 이 약을 복용하지 마십시오. 이 약을 복용하기 전에 당뇨약, 통풍약, 관절염약, 항응고제, 스테로이드제 등을 투여받고 있는 사람은 의사 또는 약사와 상의하십시오. 바르비탈계 약물, 삼환계 항우울제 및 알코올을 투여받는 환자는 의사 또는 약사와 상의하십시오. 복용 중 음주하지 마십시오."
202303191,차마트리제정(트리메부틴말레산염),차마트리제,트리메부틴말레산염,메딕스제약(주),https://nedrug.mfds.go.kr/pbp/cmn/itemImageDownload/1OqWQSX8FZO,
202303193,판피린에이액,판피린에이,,동아제약(주),,"이 약을 복용하는 동안 진해거담제, 다른 감기약, 해열진통제, 진정제, 항히스타민제를 함유하는 내복약을 복용하지 마십시오. 우울증, 파킨슨병 치료 등에 사용되는 MAO 억제제를 복용하고 있거나 복용을 중단한 후 2주 이내의 사람은 이 약을 복용하지 마십시오. 이 약을 복용하기 전에 당뇨약, 통풍약, 관절염약, 항응고제, 스테로이드제 등을 투여받고 있는 사람은 의사 또는 약사와 상의하십시오. 바르비탈계 약물, 삼환계 항우울제 및 알코올을 투여받는 환자는 의사 또는 약사와 상의하십시오. 복용 중 음주하지 마십시오. 이 약에는 삭카린이 함유되어 있습니다."
202303220,네오신정,네오신,,메딕스제약(주),https://nedrug.mfds.go.kr/pbp/cmn/itemImageDownload/1P2JYwFsAaf,이 약을 복용하는 동안 레보도파를 복용하지 마십시오.
202303224,하디코플러스정,하디코플러스,,광동제약(주),https://nedrug.mfds.go.kr/pbp/cmn/itemImageDownload/1P2JYwFsADb,"이 약을 복용하는 동안 진해거담제, 다른 감기약, 해열진통제, 진정제, 항히스타민제를 함유하는 내복약을 복용하지 마십시오. 우울증, 파킨슨병 치료 등에 사용되는 MAO 억제제를 복용하고 있거나 복용을 중단한 후 2주 이내의 사람은 이 약을 복용하지 마십시오. 이 약을 복용하기 전에 당뇨약, 통풍약, 관절염약, 항응고제, 스테로이드제 등을 투여받고 있는 사람은 의사 또는 약사와 상의하십시오. 바르비탈계 약물, 삼환계 항우울제 및 알코올을 투여받는 환자는 의사 또는 약사와 상의하십시오. 복용 중 음주하지 마십시오."
202303237,가넥트액,가넥트,,동아제약(주),,이 약을 복용하는 동안 레보도파를 복용하지 마십시오.
202303275,코코스탑나잘스프레이,코코스탑나잘스프레이,,(주)다산제약,,"우울증, 파킨슨병 치료 등에 사용되는 MAO억제제를 복용하고 있거나 복용을 중단한 후 2주 이내의 사람은 이 약을 사용하지 마십시오. 사용시에는 음주하지 마십시오."
202303278,카네클로질정(클로트리마졸),카네클로질,클로트리마졸,일양약품(주),https://nedrug.mfds.go.kr/pbp/cmn/itemImageDownload/1OqHNzVf51z,FK-506면억억제제와 같은 경구용 타크로리무스와 함께 사용하지 마십시오.
202303276,다펜나이트연질캡슐,다펜나이트,,조아제약(주),https://nedrug.mfds.go.kr/pbp/cmn/itemImageDownload/1P2JYwFs9iw,"이 약을 복용하는 동안 ACE 저해제, 리튬, 푸로세미드 및 티아자이드계 이뇨제, 고용량 메토트렉세이트, 쿠마린계 항응혈제 (와파린 등), 선택적 세로토닌 재흡수억제제, 다른 수면유도제, 최면진정제, MAO 저해제, 감기약, 해열진통제 (아스피린, 아세트아미노펜, 나프록센 등), 진해거담약, 항히스타민제를 함유하고 있는 내복약, 이부프로펜 또는 디펜히드라민을 함유하는 다른 약물은 복용하지 마십시오. 다른 비스테로이드성 소염진통제와 함께 복용하지 마십시오. 이 약을 복용하기 전에 심근경색이나 뇌졸중 예방목적으로 저용량의 아스피린을 복용하는 사람, 저용량 메토트렉세이트 병용투여 환자는 의사 또는 약사와 상의하십시오. 복용 중에는 음주하지 마십시오."
202303319,타스나비타정,타스나비타,,(주)넥스팜코리아,https://nedrug.mfds.go.kr/pbp/cmn/itemImageDownload/1P2JYwFsAyH,이 약을 복용하는 동안 레보도파를 복용하지 마십시오.
202303351,오메코에프정,오메코에프,,(주)에이프로젠바이오로직스,https://nedrug.mfds.go.kr/pbp/cmn/itemImageDownload/1OtplggUukQ,"이 약을 복용하는 동안 진해거담제, 다른 감기약, 해열진통제, 진정제, 항히스타민제를 함유하는 내복약을 복용하지 마십시오. 우울증, 파킨슨병 치료 등에 사용되는 MAO 억제제를 복용하고 있거나 복용을 중단한 후 2주 이내의 사람은 이 약을 복용하지 마십시오. 이 약을 복용하기 전에 당뇨약, 통풍약, 관절염약, 항응고제, 스테로이드제 등을 투여받고 있는 사람은 의사 또는 약사와 상의하십시오. 바르비탈계약물, 삼환계 항우울제, 알코올을 투여한 환자는 의사 또는 약사와 상의하십시오. 복용 중에는 음주하지 마십시오."
202303360,마로씬정,마로씬,,(주)바이넥스,https://nedrug.mfds.go.kr/pbp/cmn/itemImageDownload/1OtplggUuk8,제산제 복용 또는 우유 섭취 후 1시간 이내에는 이 약을 복용하지 마십시오. (이 약 복용 후 1시간 이내에는 우유 섭취 또는 제산제 복용을 피하십시오.)
202303363,콜드팡코프시럽,콜드팡코프,,코오롱제약(주),,"이 약을 복용하는 동안 진해거담제, 다른 감기약, 해열진통제, 진정제, 항히스타민제를 함유하는 내복약을 복용하지 마십시오. 우울증, 파킨슨병 치료 등에 사용되는 MAO 억제제를 복용하고 있거나 복용을 중단한 후 2주 이내의 사람은 이 약을 복용하지 마십시오. 이 약을 복용하기 전에 당뇨약, 통풍약, 관절염약, 항응고제, 스테로이드제 등을 투여받고 있는 사람은 의사 또는 약사와 상의하십시오. 바르비탈계약물, 삼환계 항우울제, 알코올을 투여한 환자는 의사 또는 약사와 상의하십시오. 복용시에는 음주하지 마십시오."
202303364,팩트라민투엑스정,팩트라민투,,알리코제약(주),https://nedrug.mfds.go.kr/pbp/cmn/itemImageDownload/1Oshza5bQZQ,"이 약을 복용하는 동안 인산염, 칼슘염, 경구용 테트라사이클린계 제제, 제산제, 레보도파를 복용하지 마십시오. 에스트로겐을 포함한 경구용 피임제를 복용하는 여성은 의사 또는 약사와 상의하십시오. 항알도스테론제, 트리암테렌과 병용투여하는 환자는 의사 또는 약사와 상의하십시오. 녹차, 홍차 등 탄닌을 함유하는 차는 복용 중, 복용 전후에는 피하십시오."
202303390,니오틴정(비오틴),니오틴,비오틴,(주)휴온스,https://nedrug.mfds.go.kr/pbp/cmn/itemImageDownload/1P2JYwFs8uc,"날계란과 함께 복용하지 마십시오. 이 약을 복용하기 전에 카르바마제핀, 페니토인, 페노바르비탈 등의 항경련제 혹은 항생제 복용 환자는 의사 또는 약사와 상의하십시오."
202303394,마더스민정600밀리그램(디오스민),마더스민,디오스민,(주)마더스제약,https://nedrug.mfds.go.kr/pbp/cmn/itemImageDownload/1Os35onWpmh,
202303430,투웰스정,투웰스,,한솔신약(주),https://nedrug.mfds.go.kr/pbp/cmn/itemImageDownload/1Ot61pnXFca,"이 약을 복용하는 동안 인산염, 칼슘염, 경구용 테트라사이클린계 제제, 제산제, 레보도파를 복용하지 마십시오. 에스트로겐을 포함한 경구용 피임제를 복용하는 여성은 의사 또는 약사와 상의하십시오. 항알도스테론제, 트리암테렌과 함께 복용하는 환자는 의사 또는 약사와 상의하십시오. 녹차, 홍차 등 탄닌을 함유하는 차는 복용 중, 복용 전후에는 피하십시오."
202303434,비코그린에스플러스정,비코그린에스플러스,,코오롱제약(주),https://nedrug.mfds.go.kr/pbp/cmn/itemImageDownload/1OqoN-3zWxI,제산제 복용 또는 우유 섭취 후 1시간 이내에는 이 약을 복용하지 마십시오. (이 약 복용 후 1시간 이내에는 우유 섭취 또는 제산제 복용을 피하십시오.)
202400002,파워비큐콘티뉴800정,파워비큐콘티뉴800,,경남제약(주),https://nedrug.mfds.go.kr/pbp/cmn/itemImageDownload/1P2JYwFsAOH,"인산염, 칼슘염, 경구용 테트라사이클린계 제제, 제산제, 레보도파와 함께 복용하지 마십시오. 이 약을 복용하기 전에 강심배당체를 투여 중인 환자는 의사 또는 약사와 상의하십시오. 녹차, 홍차 등 탄닌을 함유하는 차는 복용 중, 복용 전후에는 피하십시오."
202303447,파비안디정,파비안디,,(주)서울제약,https://nedrug.mfds.go.kr/pbp/cmn/itemImageDownload/1P2JYwFsC0O,"이 약을 복용하는 동안 진해거담제, 다른 감기약, 해열진통제, 진정제, 항히스타민제를 함유하는 내복약을 복용하지 마십시오. 우울증, 파킨슨병 치료 등에 사용되는 MAO 억제제를 복용하고 있거나 복용을 중단한 후 2주 이내의 사람은 이 약을 복용하지 마십시오. 이 약을 복용하기 전에 당뇨약, 통풍약, 관절염약, 항응고제, 스테로이드제 등을 투여받고 있는 사람은 의사 또는 약사와 상의하십시오. 바르비탈계약물, 삼환계 항우울제, 알코올을 투여한 환자는 의사 또는 약사와 상의하십시오. 복용시에는 음주하지 마십시오."
202400023,프리스엣마일드액(염화알루미늄수화물),프리스엣마일드,염화알루미늄수화물,(주)다산제약,,
202400006,이로스펜정,이로스펜,,성이바이오제약주식회사,https://nedrug.mfds.go.kr/pbp/cmn/itemImageDownload/1Pp5dG0Sv9x,"MAO억제제(항우울제, 항정신병제, 감정조절제, 항파킨슨제 등), 진해거담제, 다른 감기약, 해열진통제, 진정제, 항히스타민제를 함유하는 내복약(비염용 경구제, 멀미약, 알레르기용약)과 함께 복용하지 마십시오. MAO억제제(항우울제, 항정신병제, 감정조절제, 항파킨슨제 등) 복용을 중단한 후 2주 이내의 사람은 이 약을 복용하지 마십시오. 이 약을 복용하기 전에 당뇨약, 통풍약, 관절염약, 항응고제, 스테로이드제 등을 투여 받고 있는 환자는 의사 또는 약사와 상의하십시오. 바르비탈계 약물, 삼환계 항우울제 및 알코올 등과 함께 복용 시 의사 또는 약사와 상의하십시오. 복용 중에는 음주하지 마십시오."
202400026,이치레스큐플라스타,이치레스큐플라스타,,(주)한독,,
202400028,러지엔톡액(세티리진염산염),러지엔톡,세티리진염산염,대원바이오텍주식회사,,"테오필린, 리토나비어, 과량의 알코올과 함께 복용하지 마십시오."
202400039,챔프코프에스액,챔프코프에스,,동아제약(주),,"MAO억제제(항우울제, 항정신병제, 감정조절제, 항파킨슨제 등), 다른 진해거담제, 감기약, 항히스타민제를 함유하는 내복약(비염용 경구제, 멀미약, 알레르기용약), 진정제와 함께 복용하지 마십시오. MAO억제제(항우울제, 항정신병제, 감정조절제, 항파킨슨제 등) 복용을 중단한 후 2주 이내의 사람은 이 약을 복용하지 마십시오. 복용 중에는 음주하지 마십시오."
202400042,인프로스타캡슐,인프로스타,,(주)이든파마,https://nedrug.mfds.go.kr/pbp/cmn/itemImageDownload/1P2JYwFs7yN,
202400066,아이오쿨프로점안액(트레할로스수화물)(1회용),아이오쿨프로,1회용,동아제약(주),,이 약을 다른 점안제와 동시에 사용할 경우에는 다른 점안제를 사용하고 약 10분 후에 이 약을 점안합니다.
202400075,모네랄정,모네랄,,주식회사 노바엠헬스케어,https://nedrug.mfds.go.kr/pbp/cmn/itemImageDownload/1OtAeDkgegK,"인산염, 칼슘염, 경구용 테트라사이클린계 제제, 제산제와 함께 복용하지 마십시오 항알도스테론제, 트리암테렌과 함께 복용 시 의사 또는 약사와 상의하십시오. 녹차, 홍차 등 탄닌을 함유하는 차는 복용 중, 복용 전후에는 피하십시오."
202400079,비피알레액(세티리진염산염),비피알레,세티리진염산염,(주)텔콘알에프제약,,"테오필린, 리토나비어와 함께 복용하지 마십시오. 과량의 알코올과 함께 복용하지 마십시오. 알코올 또는 기타 중추신경계(CNS) 억제제를 함께 복용하는 경우 경계심이 추가로 감소될 수 있고 수행 장애가 일어날 수 있으므로 의사 또는 약사와 상의하십시오."
202400077,엑세라민에이정,엑세라민에이,,일동제약(주),https://nedrug.mfds.go.kr/pbp/cmn/itemImageDownload/1P2JYwFs9Sc,"인산염, 칼슘염, 경구용 테트라사이클린계 제제, 제산제, 레보도파와 함께 복용하지 마십시오. 에스트로겐을 포함한 경구용 피임제, 항알도스테론제, 트리암테렌을 함께 복용 시 의사 또는 약사와 상의하십시오. 녹차, 홍차 등 탄닌을 함유하는 차는 복용 중, 복용 전후에는 피하십시오."
202400086,케펨겔(케토프로펜),케펨,케토프로펜,(주)종근당,,
202400100,티엔코드아이연질캡슐,티엔코드아이,,(주)넥스팜코리아,https://nedrug.mfds.go.kr/pbp/cmn/itemImageDownload/1P2JYwFsAyr,
202400104,자메인정,자메인,,(주)바이넥스,https://nedrug.mfds.go.kr/pbp/cmn/itemImageDownload/1PEPKBUca-W,"다른 진토제, 감기약, 해열진통제, 항히스타민제, 진정제, 진해거담제, 위장진통·진경제 등과 함께 복용하지 마십시오."
202400116,툴스블라인정,툴스블라인,,엔비케이제약(주),https://nedrug.mfds.go.kr/pbp/cmn/itemImageDownload/1PEPKBUck7S,
202400117,듀오스탑캡슐,듀오스탑,,(주)다산제약,https://nedrug.mfds.go.kr/pbp/cmn/itemImageDownload/1P2JYwFs6m-,위장진통·진경제와 함께 복용하지 마십시오. 복용 중에는 음주하지 마십시오.
202400125,쓰담정200밀리그램(트리메부틴말레산염),쓰담,트리메부틴말레산염,메딕스제약(주),https://nedrug.mfds.go.kr/pbp/cmn/itemImageDownload/1P2JYwFsAa5,
202400148,씨엠지씽씽시럽,씨엠지씽씽,,(주)씨엠지제약,,"다른 진토제, 감기약, 해열진통제, 항히스타민제, 진정제, 진해거담제 등과 함께 복용하지 마십시오. 알코올 음료를 마시지 마십시오."
202400151,엔디펜알파정,엔디펜알파,,주식회사 노바엠헬스케어,https://nedrug.mfds.go.kr/pbp/cmn/itemImageDownload/1P2JYwFsB1L,"다른 해열진통제, 감기약, 진정약 등과 함께 복용하지 마십시오."
202400157,마하펜정500밀리그램(아세트아미노펜),마하펜,아세트아미노펜,일양바이오팜(주),https://nedrug.mfds.go.kr/pbp/cmn/itemImageDownload/1P2JYwFs9MQ,"다른 소염(항염)진통제, 바르비탈계 약물, 삼환계 항우울제와 함께 복용하지 마십시오. 알코올을 복용하는 사람은 이 약을 복용하지 마십시오. 이 약을 복용하기 전에 와파린을 장기 복용하는 환자는 의사 또는 약사와 상의하십시오. 이 약을 복용하기 전에 리튬, 티아자이드계 이뇨제를 복용하는 환자는 의사 또는 약사와 상의하십시오."
202400177,멀티속정,멀티속,,일양약품(주),https://nedrug.mfds.go.kr/pbp/cmn/itemImageDownload/1P3diGKSDMC,"위장진통제, 진경제와 함께 복용하지 마십시오. 칼륨함유제제, 감초함유제제, 글리시리진산 혹은 그 염류 함유제제, 루프계 이뇨제(푸로세미드, 에타크린산) 또는 티아지드계 이뇨제(트리클로르메치아지드)와 함께 복용 시 의사 또는 약사와 상의하십시오."
202400196,인프레쉬에프점안액1.5%(카르복시메틸셀룰로오스나트륨)(1회용),인프레쉬에프,1회용,(주)태준제약,,
202400201,아이스콘점안액(1회용),아이스콘,1회용,삼진제약(주),,
202400206,브이콤정,브이콤,,(주)오스코리아제약,https://nedrug.mfds.go.kr/pbp/cmn/itemImageDownload/1P2JYwFs9-X,레보도파와 함께 복용하지 마십시오.
202400208,인코드아이연질캡슐,인코드아이,,(주)이든파마,https://nedrug.mfds.go.kr/pbp/cmn/itemImageDownload/1P2JYwFs7xp,
202400209,아이레쉬점안액(트레할로스수화물)(1회용),아이레쉬,1회용,(주)종근당,,이 약을 다른 점안제와 동시에 사용할 경우에는 다른 점안제를 먼저 사용하고 약 10분 후에 이 약을 사용하십시오.
202400211,마그포스스피드액,마그포스스피드,,코오롱제약(주),,"이 약을 복용하는 동안 인산염, 칼슘염, 경구용 테트라사이클린계 제제, 제산제, 레보도파 등을 복용하지 마십시오. 항알도스테론제, 트리암테렌과 함께 복용하는 경우 복용을 즉각 중지하고 의사 또는 약사와 상의하십시오. 녹차, 홍차 등 탄닌을 함유하는 차는 복용중, 복용전후에는 피하십시오."
202400212,트라부틴정200밀리그램(트리메부틴말레산염),트라부틴,트리메부틴말레산염,경남제약(주),https://nedrug.mfds.go.kr/pbp/cmn/itemImageDownload/1P2JYwFsAOr,
202400213,테라미스프레이액,테라미스프레이,,초당약품공업(주),,
202400223,임팩스피드액,임팩스피드,,영진약품(주),,"인산염, 칼슘염, 경구(먹는)용 테트라사이클린계 제제, 제산제, 레보도파와 함께 복용하지 마십시오. 항알도스테론제, 트리암테렌을 함께 복용 시 의사 또는 약사와 상의하십시오. 녹차, 홍차 등 탄닌을 함유하는 차는 복용 중, 복용 전후에는 피하십시오."
202400271,콘드럭알파정,콘드럭알파,,알리코제약(주),https://nedrug.mfds.go.kr/pbp/cmn/itemImageDownload/1P2JYwFs5Ki,레보도파와 함께 복용하지 마십시오.
202400279,알레톡정60밀리그램(펙소페나딘염산염),알레톡,펙소페나딘염산염,(주)씨엠지제약,https://nedrug.mfds.go.kr/pbp/cmn/itemImageDownload/1PEPKBUcbeB,"다른 알레르기용약(피부질환용약, 비염용 내복약을 포함), 항히스타민제를 함유한 내복약 등(감기약, 진해거담제, 멀미약, 최면진전제 등), 제산제(알루미늄 또는 마그네슘 함유 제제), 케토코나졸이나 에리트로마이신과 함께 복용하지 마십시오. 자몽주스, 오렌지 및 사과주스와 같은 과일주스, 음식물과 함께 복용하지 마십시오. 복용 중에는 음주하지 마십시오."
202400280,원쌍탕코프액,원쌍탕코프,,원광제약(주),,"진해(기침을 그치게 함)거담제(가래약), 다른 감기약, 해열진통제, 진정제, 항히스타민제를 함유하는 내복약(비(코)염용 경구제, 멀미약, 알레르기용약)과 함께 복용하지 마십시오. 당뇨약, 통풍약, 관절염약, 항응고제, 스테로이드제, 바르비탈계 약물, 삼환계 항우울제 및 알코올, 플루클록사실린과 함께 복용 시 의사 또는 약사와 상의하십시오. 복용 중에는 음주하지 마십시오."
202400285,큐앤큐니트로푸라존거즈,큐앤큐니트로푸라존거즈,,큐앤큐팜(주),,
202400300,마그랑비피돌렉스연질캡슐,마그랑비피돌렉스,,동아제약(주),https://nedrug.mfds.go.kr/pbp/cmn/itemImageDownload/1PNpuD94AMH,"인산염, 칼슘염, 경구용 테트라사이클린계 제제, 제산제, 레보도파와 함께 복용하지 마십시오. 에스트로겐을 포함한 경구용 피임제, 항알도스테론제, 트리암테렌, 정주용 지질제와 함께 복용 시 의사 또는 약사와 상의하십시오. 녹차, 홍차 등 탄닌을 함유하는 차는 복용 중, 복용 전후에는 피하십시오."
202400301,동성비타비플러스액,동성비타비플러스,,동성제약(주),,"이 약을 복용하는 동안 인산염, 칼슘염, 경구용 테트라사이클린계 제제, 제산제, 레보도파를 복용하지 마십시오. 에스트로겐을 포함한 경구용 피임제를 복용하는 여성은 의사 또는 약사와 상의하십시오. 항알도스테론제, 트리암테렌과 함께 복용하는 경우 의사 또는 약사와 상의하십시오. 녹차, 홍차 등 탄닌을 함유하는 차는 복용 중, 복용 전후에는 피하십시오."
202400305,마파람쿨과립,마파람쿨,,삼익제약(주),,"MAO억제제(항우울제, 항정신병제, 감정조절제, 항파킨슨제 등), 진해거담제, 다른 감기약, 해열진통제, 진정제, 항히스타민제를 함유하는 내복약(비염용 경구제, 멀미약, 알레르기용약)과 함께 복용하지 마십시오. 복용 중에는 음주하지 마십시오. 당뇨약, 통풍약, 관절염약, 항응고제, 스테로이드제, 바르비탈계 약물, 삼환계 항우울제, 알코올, 플루클록사실린과 함께 복용 시 의사 또는 약사와 상의하십시오."
202400324,안티푸라민40플라스타(플루르비프로펜),안티푸라민40플라스타,플루르비프로펜,(주)유한양행,,
202400329,이로코딜정,이로코딜,,성이바이오제약주식회사,https://nedrug.mfds.go.kr/pbp/cmn/itemImageDownload/1PbfaIz7CeV,이 약 복용 후 1시간 이내에는 제산제나 우유 섭취를 피하십시오.
202400335,더마그램액,더마그램,,(주)종근당,,
202400351,리렉스담정,리렉스담,,한미약품(주),https://nedrug.mfds.go.kr/pbp/cmn/itemImageDownload/1P2JYwFs8aw,"다른 해열진통제, 감기약, 진정약 등과 함께 복용하지 마십시오."
202400366,메가원플러스정,메가원플러스,,하나제약(주),https://nedrug.mfds.go.kr/pbp/cmn/itemImageDownload/1P2JYwFs8dk,"인산염, 칼슘염, 경구용 테트라사이클린 제제, 제산제, 레보도파와 함께 복용하지 마십시오. 이 약을 복용하기 전에 강심배당체를 복용하는 환자는 의사 또는 약사와 상의하십시오. 에스트로겐을 포함한 경구용 피임제, 항알도스테론제, 트리암테렌과 함께 복용 시 의사 또는 약사와 상의하십시오. 혈전성 소인이 있는 환자, 폴산이 부족한 환자는 의사 또는 약사와 상의하십시오. 녹차, 홍차 등 탄닌을 함유하는 차는 복용 중, 복용 전후에는 피하십시오."
202400391,본에디칼정,본에디칼,,유니메드제약(주),https://nedrug.mfds.go.kr/pbp/cmn/itemImageDownload/1P2JYwFs6Ia,"이 약을 복용하는 동안 인산염, 칼슘염, 경구용 테트라사이클린계 제제, 제산제를 복용하지 마십시오. 항알도스테론제, 트리암테렌 등과 함께 복용하는 경우 복용을 즉각 중지하고 의사 또는 약사와 상의하십시오. 이 약을 복용하기 전에 강심배당체를 투여 중인 환자는 의사 또는 약사와 상의하십시오. 녹차, 홍차 등 탄닌을 함유하는 차는 복용중, 복용전후에는 피하십시오."
202400374,아페린플러스비정,아페린플러스비,,(주)휴온스,https://nedrug.mfds.go.kr/pbp/cmn/itemImageDownload/1P2JYwFs8sM,"MAO억제제(항우울제, 항정신병제, 감정조절제, 항파킨슨제 등), 진해거담제, 다른 감기약, 해열진통제, 진정제, 항히스타민제를 함유하는 내복약(비염용 경구제, 멀미약, 알레르기용약)과 함께 복용하지 마십시오. MAO억제제(항우울제, 항정신병제, 감정조절제, 항파킨슨제 등) 복용을 중단한 후 2주 이내의 사람은 이 약을 복용하지 마십시오. 이 약을 복용하기 전에 당뇨약, 통풍약, 관절염약, 항응고제, 스테로이드제 등을 복용하고 있는 사람은 의사 또는 약사와 상의하십시오. 바르비탈계 약물, 삼환계 항우울제 및 알코올 등과 함께 복용 시 의사 또는 약사와 상의하십시오. 복용 중에는 음주하지 마십시오."
202400407,알페딘정60밀리그램(펙소페나딘염산염),알페딘,펙소페나딘염산염,(주)메디카코리아,https://nedrug.mfds.go.kr/pbp/cmn/itemImageDownload/1P2JYwFsAgr,"다른 알레르기용약, 항히스타민제를 함유한 내복약(감기약, 진해거담제, 멀미약, 최면진전제 등), 제산제(알루미늄 또는 마그네슘 함유 제제), 케토코나졸이나 에리트로마이신과 함께 복용하지 마십시오. 과일주스(자몽주스, 오렌지 및 사과주스), 음식물과 함께 복용하지 마십시오. 복용 전후에는 음주하지 마십시오."
202400375,아페린플러스비씨정,아페린플러스비씨,,(주)휴온스,https://nedrug.mfds.go.kr/pbp/cmn/itemImageDownload/1P2JYwFs8sw,"MAO억제제(항우울제, 항정신병제, 감정조절제, 항파킨슨제 등), 진해거담제, 다른 감기약, 해열진통제, 진정제, 항히스타민제를 함유하는 내복약(비염용 경구제, 멀미약, 알레르기용약)과 함께 복용하지 마십시오. MAO억제제(항우울제, 항정신병제, 감정조절제, 항파킨슨제 등) 복용을 중단한 후 2주 이내의 사람은 이 약을 복용하지 마십시오. 이 약을 복용하기 전에 당뇨약, 통풍약, 관절염약, 항응고제, 스테로이드제 등을 복용하고 있는 사람은 의사 또는 약사와 상의하십시오. 바르비탈계 약물, 삼환계 항우울제 및 알코올과 함께 복용 시 의사 또는 약사와 상의하십시오. 복용 중에는 음주하지 마십시오."
202400408,비스콘틴엠800정,비스콘틴엠800,,성이바이오제약주식회사,https://nedrug.mfds.go.kr/pbp/cmn/itemImageDownload/1P2JYwFsBRn,"이 약을 복용하는 동안 인산염, 칼슘염, 경구용 테트라사이클린계 제제, 제산제, 레보도파 등을 복용하지 마십시오. 항알도스테론제, 트리암테렌 등과 함께 복용하는 경우 복용을 즉각 중지하고 의사 또는 약사와 상의하십시오. 이 약을 복용하기 전에 강심배당체를 투여 중인 환자는 의사 또는 약사와 상의하십시오. 녹차, 홍차 등 탄닌을 함유하는 차는 복용중, 복용전후에는 피하십시오."
202400402,엠지엠피스정,엠지엠피스,,(주)에이프로젠바이오로직스,https://nedrug.mfds.go.kr/pbp/cmn/itemImageDownload/1P2JYwFs6Gu,"다른 해열진통제, 감기약, 진정제와 함께 복용하지 마십시오. 이 약을 복용하기 전에 당뇨약, 통풍약, 관절염약, 항응고제, 스테로이드제 등을 투여 받고 있는 사람은 의사 또는 약사와 상의하십시오. 바르비탈계 약물, 삼환계 항우울제 및 알코올과 함께 복용 시 의사 또는 약사와 상의하십시오. 복용 중에는 음주하지 마십시오."
202400416,이벤칠액(폴리크레줄렌액50%),이벤칠,폴리크레줄렌액50%,태극제약(주),,이 약을 사용하는 동안 다른 외용제와 함께 사용하지 마십시오.
202400424,메타로신연고(무피로신),메타로신,무피로신,현대약품(주),,
202400435,치렉스정600밀리그램(디오스민),치렉스,디오스민,경동제약(주),https://nedrug.mfds.go.kr/pbp/cmn/itemImageDownload/1P2JYwFsA4b,
202400445,현대아라미정,현대아라미,,현대약품(주),https://nedrug.mfds.go.kr/pbp/cmn/itemImageDownload/1P2JYwFs8Tc,"이 약을 복용하는 동안 인산염, 칼슘염, 경구용 테트라사이클린계 제제, 제산제, 레보도파 등을 복용하지 마십시오. 에스트로겐을 포함한 경구용 피임제를 복용하는 여성은 의사 또는 약사와 상의하십시오. 항알도스테론제, 트리암테렌과 함께 복용하는 경우 이 약의 복용을 즉각 중지하고 의사 또는 약사와 상의하십시오. 녹차, 홍차 등 탄닌을 함유하는 차는 복용중, 복용전후에는 피하십시오."
202400453,트리멜라정,트리멜라,,(주)이든파마,https://nedrug.mfds.go.kr/pbp/cmn/itemImageDownload/1P2JYwFs7zV,이 약을 복용하기 전에 항응고제를 투여하고 있는 환자는 의사 또는 약사와 상의하십시오.
202400455,현대아라비정,현대아라비,,현대약품(주),https://nedrug.mfds.go.kr/pbp/cmn/itemImageDownload/1P2JYwFs8T2,"이 약을 복용하는 동안 인산염, 칼슘염, 경구용 테트라사이클린계 제제, 제산제, 레보도파 등을 복용하지 마십시오. 에스트로겐을 포함한 경구용 피임제를 복용하는 여성은 의사 또는 약사와 상의하십시오. 항알도스테론제, 트리암테렌과 함께 복용하는 경우 복용을 즉각 중지하고 의사 또는 약사와 상의하십시오. 녹차, 홍차 등 탄닌을 함유하는 차는 복용중, 복용전후에는 피하십시오."
202400468,트리븐정,트리븐,,한솔신약(주),https://nedrug.mfds.go.kr/pbp/cmn/itemImageDownload/1PoXZr2Fftp,이 약을 복용하기 전에 항응고제 투여하고 있는 환자는 의사 또는 약사와 상의하십시오.
202400494,파워쎈에이연질캡슐,파워쎈에이,,(주)서흥,https://nedrug.mfds.go.kr/pbp/cmn/itemImageDownload/1PH8L2BRw3-,레보도파와 함께 복용하지 마십시오.
202400498,제일톡톡퓨어점안액(카르복시메틸셀룰로오스나트륨)(1회용),제일톡톡퓨어,1회용,제일헬스사이언스(주),,
202400499,투엑스비트리플정,투엑스비트리플,,제일헬스사이언스(주),https://nedrug.mfds.go.kr/pbp/cmn/itemImageDownload/1P2JYwFs9k2,"이 약을 복용하는 동안 인산염, 칼슘염, 경구용 테트라사이클린계 제제, 제산제, 레보도파 등을 복용하지 마십시오. 에스트로겐을 포함한 경구용 피임제를 복용하는 여성은 의사 또는 약사와 상의하십시오. 항알도스테론제, 트리암테렌과 함께 복용하는 경우 이 약의 복용을 즉각 중지하고 의사 또는 약사와 상의하십시오. 녹차, 홍차 등 탄닌을 함유하는 차는 복용중, 복용전후에는 피하십시오."
202400541,일양케어네일라카(시클로피록스),일양케어네일라카,시클로피록스,일양약품(주),,
202400511,콜다나정,콜다나,,(주)와이에스생명과학,https://nedrug.mfds.go.kr/pbp/cmn/itemImageDownload/1PVT2BLp3Go,"이 약을 복용하는 동안 진해거담제, 다른 감기약, 해열진통제, 진정제, 항히스타민제를 함유하는 내복약 등을 복용하지 마십시오. 우울증, 파킨슨병 치료 등에 사용되는 MAO 억제제 복용하고 있거나 중단한 후 2주 이내의 환자는 복용하지 마십시오. 이 약을 복용하기 전에 당뇨약, 통풍약, 관절염약, 항응고제, 스테로이드제 등을 투여받고 있는 사람은 의사 또는 약사와 상의하십시오. 바르비탈계 약물, 삼환계 항우울제 및 알코올을 투여한 환자는 의사 또는 약사와 상의하십시오. 복용 중에는 음주하지 마십시오."
202400550,파워포텐액(L-아스파르트산-L-아르기닌수화물),파워포텐,L-아스파르트산-L-아르기닌수화물,(주)다산제약,,"이 약을 복용하는 동안 항정신병약, 수면제를 복용하지 마십시오."
202400559,게보핏스트롱카타플라스마(디클로페낙나트륨),게보핏스트롱카타플라스마,디클로페낙나트륨,삼진제약(주),,"디클로페낙 제제나 비스테로이드 소염제(항염증제)와 함께 사용하지 마십시오. 루프 이뇨제(푸로세미드 등), 티아자이드계 이뇨제, 지혈을 방해하는 약물(와파린 등), 항혈소판제(아스피린 등), 선택적 세로토닌 재흡수 억제제 및 세로토닌 노르에피네프린 재흡수 억제제를 함께 사용하는 경우 의사 또는 약사와 상의하십시오."
202400576,디판버그겔,디판버그,,동아제약(주),,
202400578,나들이시럽,나들이,,(주)이든파마,,"이 약을 복용하는 동안 다른 진토제, 감기약, 해열진통제, 항히스타민제, 진정제, 진해거담제 등을 복용하지 마십시오. 이 약을 복용하는 동안 알코올 음료를 마시지 마십시오."
202400572,퓨어펜연질캡슐,퓨어펜,,경남제약(주),https://nedrug.mfds.go.kr/pbp/cmn/itemImageDownload/1P2JYwFsAPP,"다른 해열진통제, 감기약, 진정제, 비스테로이드성 소염제(NSAIDs)와 함께 복용하지 마십시오 이뇨제, 당뇨약, 통풍약, 관절염약, 항응고제, 스테로이드제 등과 함께 복용 시 의사 또는 약사와 상의하십시오. 복용 중에는 음주하지 마십시오"
202400592,제일톡톡콘드로점안액(1회용),제일톡톡콘드로,1회용,제일헬스사이언스(주),,
202400593,아크덤겔(가수과산화벤조일),아크덤,가수과산화벤조일,신신제약(주),,비타민A 유도체 함유 여드름약을 포함한 다른 국소 여드름약과 함께 사용하지 마십시오. 자극 증상을 최소화 하기 위하여 향수 또는 알코올 함유 화장품은 사용하지 마십시오.
202400594,칼디맥정,칼디맥,,신신제약(주),https://nedrug.mfds.go.kr/pbp/cmn/itemImageDownload/1PEPKBUcmOE,"이 약을 복용하는 동안 인산염, 칼슘염, 경구용 테트라사이클린계 제제, 제산제 등을 복용하지 마십시오. 이 약을 복용하기 전에 강심배당체를 투여 중인 환자는 의사 또는 약사와 상의하십시오. 항알도스테론제, 트리암테렌과 함께 복용하는 경우 의사 또는 약사와 상의하십시오. 녹차, 홍차 등 탄닌을 함유하는 차는 복용중, 복용전후에는 피하십시오."
202400598,알레펙정60밀리그램(펙소페나딘염산염),알레펙,펙소페나딘염산염,(주)이든파마,https://nedrug.mfds.go.kr/pbp/cmn/itemImageDownload/1P2JYwFs7yx,"다른 알레르기용약(피부질환용약, 비염용 내복약 등), 항히스타민제를 함유한 내복약(감기약, 진해거담제, 멀미약, 최면진전제 등), 제산제(알루미늄 또는 마그네슘 함유 제제), 케토코나졸이나 에리트로마이신과 함께 복용하지 마십시오. 과일주스(자몽주스, 오렌지 및 사과주스), 음식물과 함께 복용하지 마십시오. 복용 전후에는 음주하지 마십시오."
202400647,씨엠지뷰플러스연질캡슐,씨엠지뷰플러스,,(주)씨엠지제약,https://nedrug.mfds.go.kr/pbp/cmn/itemImageDownload/1P2JYwFs6Yx,에스트로겐을 포함한 경구용 피임제를 함께 복용 시 의사 또는 약사와 상의하십시오.
202400648,프리노즈에스정,프리노즈에스,,일양약품(주),https://nedrug.mfds.go.kr/pbp/cmn/itemImageDownload/1PFUTtep76Z,"우울증, 파킨슨병 치료 등에 사용되는 MAO억제제를 복용하고 있거나 복용을 중단한 후 2주 이내의 사람은 이 약을 복용하지 마십시오. 이 약을 복용하는 동안 진해거담제, 다른 감기약, 해열진통제, 진정제, 항히스타민제를 함유하는 내복약을 복용하지 마십시오. 이 약을 복용하기 전에 당뇨약, 통풍약, 관절염약, 항응고제, 스테로이드제 등의 약을 투여 받고 있는 사람은 의사 또는 약사와 상의하십시오. 바르비탈계 약물, 삼환계 항우울제, 알코올을 투여하는 환자는 의사 또는 약사와 상의하십시오. 복용 중에는 음주하지 마십시오."
202400653,차엠지연질캡슐,차엠지,,(주)씨엠지제약,https://nedrug.mfds.go.kr/pbp/cmn/itemImageDownload/1PbaZonp1T3,"이 약을 복용하는 동안 인산염, 칼슘염, 경구용 테트라사이클린계 제제, 제산제, 레보도파 등을 복용하지 마십시오. 에스트로겐을 포함한 경구용 피임제를 복용하는 여성은 의사 또는 약사와 상의하십시오. 항알도스테론제, 트리암테렌과 함께 복용하는 경우 이 약의 복용을 즉각 중지하고 의사 또는 약사와 상의하십시오. 녹차, 홍차 등 탄닌을 함유하는 차는 복용중, 복용전후에는 피하십시오."
202400654,크로아존엔정,크로아존엔,,일양약품(주),https://nedrug.mfds.go.kr/pbp/cmn/itemImageDownload/1P2JYwFs9iM,"다른 해열진통제, 감기약, 진정약 등과 함께 복용하지 마십시오."
202400655,장이더락캡슐,장이더락,,광동제약(주),https://nedrug.mfds.go.kr/pbp/cmn/itemImageDownload/1PEPKBUck6h,
202400657,렛잇비프로원정,렛잇비프로원,,(주)대웅제약,https://nedrug.mfds.go.kr/pbp/cmn/itemImageDownload/1P2JYwFs7M7,"인산염, 칼슘염, 경구용 테트라사이클린계 제제, 제산제, 레보도파와 함께 복용하지 마십시오. 에스트로겐을 포함한 경구용 피임제, 항알도스테론제, 트리암테렌을 함께 복용하는 경우 의사 또는 약사와 상의하십시오. 녹차, 홍차 등 탄닌을 함유하는 차는 복용 중, 복용 전후에는 피하십시오."
202400659,씨엠지암브록솔정(암브록솔염산염),씨엠지암브록솔,암브록솔염산염,(주)씨엠지제약,https://nedrug.mfds.go.kr/pbp/cmn/itemImageDownload/1PqCjCpvNGo,"에리트로마이신, 세팔렉신, 옥시테트라사이클린, 아목시실린, 새퓨록심, 독시사이클린 등의 항생물질과 함께 복용 시 의사 또는 약사와 상의하십시오."
202400673,콜즈록나잘스프레이,콜즈록나잘스프레이,,(주)녹십자,,"우울증, 파킨슨병 치료 등에 사용되는 MAO 억제제를 복용하고 있거나 복용을 중단한 후 2주 이내인 사람은 이 약을 사용하지 마십시오. 사용 시에는 음주하지 마십시오."
202400680,"더아이즈톡점안액(트레할로스수화물)(1회용), 더아이즈톡점안액(트레할로스수화물)","더아이즈톡점안액, 더아이즈톡",트레할로스수화물,코오롱제약(주),,"이 약을 다른 점안제와 동시에 사용할 경우에는 다른 점안제를 먼저 사용하고, 약 10분 후에 이 약을 사용하십시오."
202400679,비맥스에버프리미엄정,비맥스에버프리미엄,,(주)녹십자,https://nedrug.mfds.go.kr/pbp/cmn/itemImageDownload/1P3diGKSDHi,"이 약을 복용하는 동안 인산염, 칼슘염, 경구용 테트라사이클린계 제제, 제산제, 레보도파 등을 복용하지 마십시오. 이 약을 복용하기 전에 강심배당체를 투여 중인 환자는 의사 또는 약사와 상의하십시오. 에스트로겐을 포함한 경구용 피임제를 복용하는 여성은 의사 또는 약사와 상의하십시오. 항알도스테론제, 트리암테렌과 함께 복용하는 경우 의사 또는 약사와 상의하십시오. 녹차, 홍차 등 탄닌을 함유하는 차는 복용 중, 복용 전후에는 피하십시오."
202400682,눈앤쿨점안액0.6%(카르복시메틸셀룰로오스나트륨)(1회용),눈앤쿨,1회용,한미약품(주),,
202400692,크레온캡슐35000(판크레아스분말),크레온캡슐35000,판크레아스분말,한국애보트(유),https://nedrug.mfds.go.kr/pbp/cmn/itemImageDownload/1Pm1vy6QJeO,"이 약을 복용하기 전에 엽산 제제, 아카보즈 또는 미그리톨을 복용하는 환자는 의사 또는 약사와 상의하십시오."
202400698,조인본콘드로800정,조인본콘드로800,,성이바이오제약주식회사,https://nedrug.mfds.go.kr/pbp/cmn/itemImageDownload/1P2JYwFsBSv,"이 약을 복용하는 동안 인산염, 칼슘염, 경구용 테트라사이클린계 제제, 제산제, 레보도파 등을 복용하지 마십시오. 이 약을 복용하기 전에 강심배당체를 투여 중인 환자는 의사 또는 약사와 상의하십시오. 항알도스테론제, 트리암테렌과 병용투여 시 의사 또는 약사와 상의하십시오. 녹차, 홍차 등 탄닌을 함유하는 차는 복용 중, 복용 전후에는 피하십시오."
202400705,장제로큐장용정,장제로큐장용,,일양약품(주),https://nedrug.mfds.go.kr/pbp/cmn/itemImageDownload/1PEPKBUcjeM,제산제 복용 또는 우유 섭취 후 1시간 이내에는 이 약을 복용하지 마십시오. (이 약 복용 후 1시간 이내에는 우유 섭취 또는 제산제 복용을 피하십시오.)
202400708,알레스타정120밀리그램(펙소페나딘염산염),알레스타,펙소페나딘염산염,(주)유유제약,https://nedrug.mfds.go.kr/pbp/cmn/itemImageDownload/1P3diGKSD4-,"알루미늄, 수산화마그네슘을 함유한 제산제와는 2시간 정도의 간격을 두고 복용하십시오. 아팔루타마이드와 같은 P-gp유도제와 함께 복용하는 경우 의사 또는 약사와 상의하십시오. 이 약은 자몽주스, 오렌지 및 사과주스와 같은 과일주스보다는 물과 함께 복용하십시오."
202400733,엘비페롤정,엘비페롤,,에이치엘비제약(주),https://nedrug.mfds.go.kr/pbp/cmn/itemImageDownload/1Pm1vy6QJYn,"인산염, 칼슘염, 경구용 테트라사이클린계 제제, 제산제와 함께 복용하지 마십시오. 항알도스테론제, 트리암테렌, 강심배당체와 함께 복용 시 의사 또는 약사와 상의하십시오. 녹차, 홍차 등 탄닌을 함유하는 차는 복용 중, 복용 전후에는 피하십시오."
202400730,이브400원큐에스연질캡슐(이부프로펜),이브400원큐에스,이부프로펜,동아제약(주),https://nedrug.mfds.go.kr/pbp/cmn/itemImageDownload/1PEPKBUccJC,"비스테로이드성 소염진통제(NSAIDs)와 함께 복용하지 마십시오. 이 약을 복용하기 전에 ACE 저해제, 리튬, 푸로세미드 및 티아지드계 이뇨제, 메토트렉세이트, 쿠마린계 항응혈제(와파린 등), 선택적 세로토닌 재흡수억제제(SSRI)를 복용하는 환자는 의사 또는 약사와 상담하십시오."
202400751,메가콘티800정,메가콘티800,,동국제약(주),https://nedrug.mfds.go.kr/pbp/cmn/itemImageDownload/1P2JYwFs7BR,"이 약을 복용하는 동안 인산염, 칼슘염, 경구용 테트라사이클린계 제제, 제산제, 레보도파 등을 복용하지 마십시오. 이 약을 복용하기 전에 강심배당체를 투여 중인 환자는 의사 또는 약사와 상의하십시오. 항알도스테론제, 트리암테렌과 병용투여 시 의사 또는 약사와 상의하십시오. 녹차, 홍차 등 탄닌을 함유하는 차는 복용 중, 복용 전후에는 피하십시오."
202400756,쎌레타민정,쎌레타민,,(주)시어스제약,https://nedrug.mfds.go.kr/pbp/cmn/itemImageDownload/1PT7hBiMTV4,"인산염, 칼슘염, 경구용 테트라사이클린계 제제, 제산제, 레보도파와 함께 복용하지 마십시오. 항알도스테론제, 트리암테렌과 함께 복용 시 의사 또는 약사와 상의하십시오. 녹차, 홍차 등 탄닌을 함유하는 차는 복용 중, 복용 전후에는 피하십시오."
202400752,콜록키즈펜시럽(아세트아미노펜),콜록키즈펜,아세트아미노펜,(주)녹십자,,"바르비탈계 약물, 삼환계 항우울제, 알코올을 복용하는 사람은 이 약을 복용하지 마십시오. 다른 소염진통제와 함께 복용하지 마십시오. 이 약을 복용하기 전에 와파린을 장기 복용하는 환자, 리튬, 티아자이드계 이뇨제를 복용하는 환자는 의사 또는 약사와 상의하십시오."
202400775,태전위산,태전위,,정우신약(주),,테트라사이클린계 항생제와 함께 복용하지 마십시오.
202400777,렉스펜에스정,렉스펜에스,,한솔신약(주),https://nedrug.mfds.go.kr/pbp/cmn/itemImageDownload/1P3diGKSD9D,"다른 해열진통제, 감기약, 진정약 등과 함께 복용하지 마십시오."
202400780,담엔쿨정,담엔쿨,,에스케이케미칼(주),https://nedrug.mfds.go.kr/pbp/cmn/itemImageDownload/1P2JYwFsBve,"다른 해열진통제, 감기약, 진정약과 함께 복용하지 마십시오."
202400784,프레쉬드롭점안액(트레할로스수화물)(1회용),프레쉬드롭,1회용,초당약품공업(주),,이 약을 다른 점안제와 동시에 사용할 경우에는 다른 점안제를 사용하고 약 10분 후에 이 약을 점안하십시오.
202400786,투엠비액티브정,투엠비액티브,,메딕스제약(주),https://nedrug.mfds.go.kr/pbp/cmn/itemImageDownload/1PEPKBUckxM,"인산염, 칼슘염, 경구용 테트라사이클린계 제제, 제산제, 레보도파와 함께 복용하지 마십시오. 에스트로겐을 포함한 경구용 피임제, 항알도스테론제, 트리암테렌을 함께 복용 시 의사 또는 약사와 상의하십시오. 녹차, 홍차 등 탄닌을 함유하는 차는 복용 중, 복용 전후에는 피하십시오."
202400815,티엔클라젠정,티엔클라젠,,(주)넥스팜코리아,https://nedrug.mfds.go.kr/pbp/cmn/itemImageDownload/1P2JYwFsAzP,"다른 해열진통제, 감기약, 진정약 등과 함께 복용하지 마십시오."
202400816,위엔탈정,위엔탈,,(주)넥스팜코리아,https://nedrug.mfds.go.kr/pbp/cmn/itemImageDownload/1P2JYwFsAzz,"위장진통, 진경제와 함께 복용하지 마십시오. 칼륨함유제제, 감초함유제제, 글리시리진산 혹은 그 염류 함유제제, 루프계 이뇨제(푸로세미드, 에타크린산) 또는 티아지드계 이뇨제(트리클로르메치아지드)와 함께 복용 시 의사 또는 약사와 상의하십시오."
202400824,프렌즈아이드롭아이스점안액,프렌즈아이드롭아이스,,제이더블유중외제약(주),,
202400831,알레펙정120밀리그램(펙소페나딘염산염),알레펙,펙소페나딘염산염,(주)이든파마,https://nedrug.mfds.go.kr/pbp/cmn/itemImageDownload/1P2JYwFs7vZ,"자몽주스, 오렌지 및 사과주스와 같은 과일주스와 함께 복용하지 마십시오. 물과 함께 복용하십시오. 알루미늄, 수산화마그네슘을 함유한 제산제와는 2시간 간격을 두고 복용하십시오."
202400843,클로하이정,클로하이,,진양제약(주),https://nedrug.mfds.go.kr/pbp/cmn/itemImageDownload/1PG7JlTH9P8,"다른 해열진통제, 감기약, 진정약 등과 함께 복용하지 마십시오."
202400847,엠피스에프정,엠피스에프,,(주)에이프로젠바이오로직스,https://nedrug.mfds.go.kr/pbp/cmn/itemImageDownload/1PEPKBUcb3W,"다른 해열진통제, 감기약, 진정약 등과 함께 복용하지 마십시오."
202400889,파세몰정(아세트아미노펜),파세몰,아세트아미노펜,신일제약(주),https://nedrug.mfds.go.kr/pbp/cmn/itemImageDownload/1P2JYwFsBou,"다른 소염(항염)진통제와 함께 복용하지 마십시오. 이 약을 복용하기 전에 리튬, 티아지드계 이뇨제 복용하는 환자는 의사 또는 약사와 상의하십시오. 이 약을 복용하기 전에 와파린을 장기복용하는 환자는 의사 또는 약사와 상의하십시오."
202400918,통케어정,통케어,,일양바이오팜(주),https://nedrug.mfds.go.kr/pbp/cmn/itemImageDownload/1P2JYwFs9Ls,"다른 해열진통제, 감기약, 진정약 등과 함께 복용하지 마십시오."
202400920,마이펜엑스정,마이펜,,코오롱제약(주),https://nedrug.mfds.go.kr/pbp/cmn/itemImageDownload/1P2JYwFsAMb,"다른 해열진통제, 감기약, 진정약 등과 함께 복용하지 마십시오."
202400957,다푸러펜정,다푸러펜,,경남제약(주),https://nedrug.mfds.go.kr/pbp/cmn/itemImageDownload/1PEPKBUckYN,"다른 해열진통제, 감기약, 진정약 등과 함께 복용하지 마십시오."
202400995,메코조인콘드로800정,메코조인콘드로800,,(주)경보제약,https://nedrug.mfds.go.kr/pbp/cmn/itemImageDownload/1PEPKBUck27,"인산염, 칼슘염, 경구용 테트라사이클린계 제제, 제산제, 레보도파와 함께 복용하지 마십시오 항알도스테론제, 트리암테렌과 함께 복용 시 의사 또는 약사와 상의하십시오. 녹차, 홍차 등 탄닌을 함유하는 차는 복용 중, 복용 전후에는 피하십시오."
202401031,미안톡톡점안액(트레할로스수화물)(1회용),미안톡톡,1회용,일양약품(주),,"이 약을 다른 점안제와 동시에 사용할 경우에는 다른 점안제를 먼저 사용하고, 약 10분 후에 이 약을 사용하십시오."
202401033,타이리빈산,타이리빈,,(주)씨엠지제약,,"다른 해열진통제, 감기약, 진정제와 함께 복용하지 마십시오. 당뇨약, 통풍약, 관절염약, 항응고제, 스테로이드제, 바르비탈계 약물, 삼환계 항우울제 및 알코올을 함께 복용 시 의사 또는 약사와 상의하십시오. 복용 중에는 음주하지 마십시오."
202401038,비타임트리플엠지정,비타임트리플엠지,,메딕스제약(주),https://nedrug.mfds.go.kr/pbp/cmn/itemImageDownload/1PEPKBUckvl,"이 약을 복용하는 동안 인산염, 칼슘염, 경구용 테트라사이클린계 제제, 제산제, 레보도파 등을 복용하지 마십시오. 에스트로겐을 포함한 경구용 피임제를 복용하는 여성은 의사 또는 약사와 상의하십시오. 항알도스테론제, 트리암테렌과 병용투여 시 의사 또는 약사와 상의하십시오. 녹차, 홍차 등 탄닌을 함유하는 차는 복용 중, 복용 전후에는 피하십시오."
202401039,마그원매코정,마그원매코,,아이큐어(주),https://nedrug.mfds.go.kr/pbp/cmn/itemImageDownload/1PH3EekafaS,"이 약을 복용하는 동안 인산염, 칼슘염, 경구용 테트라사이클린계 제제, 제산제, 레보도파 등을 복용하지 마십시오. 에스트로겐을 포함한 경구용 피임제를 복용하는 여성은 의사 또는 약사와 상의하십시오. 항알도스테론제, 트리암테렌과 병용투여 시 의사 또는 약사와 상의하십시오. 녹차, 홍차 등 탄닌을 함유하는 차는 복용 중, 복용 전후에는 피하십시오."
202401045,프리스담정,프리스담,,(주)씨엠지제약,https://nedrug.mfds.go.kr/pbp/cmn/itemImageDownload/1PEPKBUcbcQ,"이 약을 복용하는 동안 다른 해열진통제, 감기약, 진정약 등과 함께 복용하지 마십시오."
202401065,이엠지스피드더블액션액,이엠지스피드더블액션,,동성제약(주),,"인산염, 칼슘염, 경구(먹는)용 테트라사이클린계 제제, 제산제, 레보도파와 함께 복용하지 마십시오. 항알도스테론제, 트리암테렌을 함께 복용 시 의사 또는 약사와 상의하십시오. 녹차, 홍차 등 탄닌을 함유하는 차는 복용 중, 복용 전후에는 피하십시오."
202401073,메가콘로엠정,메가콘로엠,,(주)마더스제약,https://nedrug.mfds.go.kr/pbp/cmn/itemImageDownload/1P2JYwFs5Uq,
202401066,에카슬림정,에카슬림,,조아제약(주),https://nedrug.mfds.go.kr/pbp/cmn/itemImageDownload/1PEPKBUcjfG,"이 약을 복용하는 동안 진해거담제, 다른 감기약, 해열진통제, 진정제, 항히스타민제를 함유하는 내복약을 복용하지 마십시오. 우울증, 파킨슨병 치료 등에 사용되는 MAO 억제제를 복용하고 있거나 복용을 중단한 후 2주 이내의 사람은 이 약을 복용하지 마십시오. 이 약을 복용하기 전에 당뇨약, 통풍약, 관절염약, 항응고제, 스테로이드제 등을 투여받고 있는 사람은 의사 또는 약사와 상의하십시오. 바르비탈계 약물, 삼환계 항우울제 및 알코올을 투여받는 환자는 의사 또는 약사와 상의하십시오. 복용 중 음주하지 마십시오."
202401074,콘드로친정,콘드로친,,(주)마더스제약,https://nedrug.mfds.go.kr/pbp/cmn/itemImageDownload/1P2JYwFs5VO,
202401075,클리담정,클리담,,삼진제약(주),https://nedrug.mfds.go.kr/pbp/cmn/itemImageDownload/1P3diGKSD7X,"다른 해열진통제, 감기약, 진정약 등과 함께 복용하지 마십시오."
202401079,비타포유정,비타포유,,(주)한풍제약,https://nedrug.mfds.go.kr/pbp/cmn/itemImageDownload/1PEPKBUcfBE,"이 약을 복용하는 동안 인산염, 칼슘염, 경구용 테트라사이클린계 제제, 제산제, 레보도파 등을 복용하지 마십시오. 이 약을 복용하기 전에 강심배당체를 투여 중인 환자는 의사 또는 약사와 상의하십시오. 에스트로겐을 포함한 경구용 피임제를 복용하는 여성은 의사 또는 약사와 상의하십시오. 항알도스테론제, 트리암테렌과 병용투여 시 의사 또는 약사와 상의하십시오. 녹차, 홍차 등 탄닌을 함유하는 차는 복용 중, 복용 전후에는 피하십시오."
202401095,엠제스티정,엠제스티,,메딕스제약(주),https://nedrug.mfds.go.kr/pbp/cmn/itemImageDownload/1PfrPw6wb_p,다른 약물과 함께 복용 시 의사 또는 약사와 상의하십시오.
202401096,메가트루육삼삼정,메가트루육삼삼,,(주)유한양행,https://nedrug.mfds.go.kr/pbp/cmn/itemImageDownload/1P2JYwFsCRy,"인산염, 칼슘염, 경구(먹는)용 테트라사이클린계 제제, 제산제, 레보도파와 함께 복용하지 마십시오. 항알도스테론제, 트리암테렌과 함께 복용 시 의사 또는 약사와 상의하십시오. 녹차, 홍차 등 탄닌을 함유하는 차는 복용 중, 복용 전후에는 피하십시오."
202401098,카바몰플러스정,카바몰플러스,,신일제약(주),https://nedrug.mfds.go.kr/pbp/cmn/itemImageDownload/1P2JYwFsBpS,"이 약을 복용하는 동안 다른 해열진통제, 감기약, 진정약 등과 함께 복용하지 마십시오."
202401099,맨담록소탑플라스타(록소프로펜나트륨수화물),맨담록소탑플라스타,록소프로펜나트륨수화물,(주)보령,,
202401124,인사큐어액(히알루론산나트륨),인사큐어,히알루론산나트륨,동국제약(주),,
202401155,디클리어액(염화알루미늄수화물),디클리어,염화알루미늄수화물,동성제약(주),,제모제는 이 약 사용하기 전 또는 후로부터 12시간 이내에는 질환 부위에 사용하지 마십시오.
202401164,알러나딘정60밀리그램(펙소페나딘염산염),알러나딘,펙소페나딘염산염,경남제약(주),https://nedrug.mfds.go.kr/pbp/cmn/itemImageDownload/1PEPKBUckXT,"이 약을 복용하는 동안 피부질환용약, 비염용 내복약을 포함한 다른 알레르기용약, 항히스타민제를 함유한 내복약 등, 알루미늄이나 마그네슘 함유 제제의 제산제를 복용하지 마십시오. 이 약을 복용하는 동안 케토코나졸이나 에리트로마이신과 함께 복용하지 마십시오. 이 약을 복용하는 동안 자몽주스, 오렌지 및 사과주스와 같은 과일주스 및 음식물과 함께 복용하지 마십시오. 복용 전후 음주하지 마십시오."
202401177,코앤쿨에스나잘스프레이,코앤쿨에스나잘스프레이,,한미약품(주),,"우울증, 파킨슨병 치료 등에 사용되는 MAO 억제제를 복용하고 있거나 복용을 중단한 후 2주 이내인 사람은 이 약을 사용하지 마십시오. 사용 시에는 음주하지 마십시오."
202401179,코비웨이나잘스프레이(옥시메타졸린염산염),코비웨이나잘스프레이,옥시메타졸린염산염,(주)일화,,"우울증, 파킨슨병 치료 등에 사용되는 MAO 억제제를 복용하고 있거나 복용을 중단한 후 2주 이내인 사람은 이 약을 사용하지 마십시오. 사용 시에는 음주하지 마십시오."
202401187,신신플렉스정,신신플렉스,,신신제약(주),https://nedrug.mfds.go.kr/pbp/cmn/itemImageDownload/1PEPKBUcmNY,"다른 해열진통제, 감기약, 진정약 등과 함께 복용하지 마십시오."
202401206,동화알보칠액(폴리크레줄렌액50%),동화알보칠,폴리크레줄렌액50%,동화약품(주),,"다른 외용제, 콘돔, 질내 피임용 격막과 같은 라텍스 또는 고무제품과 함께 사용하지 마십시오."
202401203,메가벤포큐정,메가벤포큐,,메딕스제약(주),https://nedrug.mfds.go.kr/pbp/cmn/itemImageDownload/1PT2fGfm5H2,"인산염, 칼슘염, 경구(먹는, 복용하는)용 테트라사이클린계 제제, 제산제, 레보도파와 함께 복용하지 마십시오. 에스트로겐을 포함한 경구용 피임제, 항알도스테론제, 트리암테렌을 함께 복용 시 의사 또는 약사와 상의하십시오. 녹차, 홍차 등 탄닌을 함유하는 차는 복용 중, 복용 전후에는 피하십시오."
202401207,쿨시드크림,쿨시드,,태극제약(주),,
202401221,알파플러스정,알파플러스,,초당약품공업(주),https://nedrug.mfds.go.kr/pbp/cmn/itemImageDownload/1P2JYwFs6Ee,"인산염, 칼슘염, 경구용 테트라사이클린계 제제, 제산제, 레보도파와 함께 복용하지 마십시오. 녹차, 홍차 등 탄닌을 함유하는 차는 복용중, 복용전후에는 피하십시오. 항알도스테론제, 트리암테렌과 함께 복용 시 의사 또는 약사와 상의하십시오."
202401259,디카돌정,디카돌,,한국프라임제약(주),https://nedrug.mfds.go.kr/pbp/cmn/itemImageDownload/1PEPKBUclSF,"이 약을 복용하는 동안 인산염, 칼슘염, 경구용 테트라사이클린계 제제, 제산제 등을 복용하지 마십시오. 이 약을 복용하기 전에 강심배당체를 투여 중인 환자는 의사 또는 약사와 상의하십시오. 항알도스테론제, 트리암테렌과 병용투여 시 의사 또는 약사와 상의하십시오. 녹차, 홍차 등 탄닌을 함유하는 차는 복용 중, 복용 전후에는 피하십시오."
202401286,게보핏맥스플라스타(플루르비프로펜),게보핏맥스플라스타,플루르비프로펜,삼진제약(주),,
202401275,챔프콜드펜하이시럽,챔프콜드펜하이,,동아제약(주),,"이 약을 복용하는 동안 진해거담제, 다른 감기약, 해열진통제, 진정제, 항히스타민제를 함유하는 내복약을 복용하지 마십시오. 우울증, 파킨슨병 치료 등에 사용되는 MAO 억제제를 복용하고 있거나 복용을 중단한 후 2주 이내의 사람은 이 약을 복용하지 마십시오. 이 약을 복용하기 전에 당뇨약, 통풍약, 관절염약, 항응고제, 스테로이드제 등을 투여받고 있는 사람은 의사 또는 약사와 상의하십시오. 바르비탈계 약물, 삼환계 항우울제 및 알코올을 투여받는 환자는 의사 또는 약사와 상의하십시오. 복용 중 음주하지 마십시오."
202401301,써버쿨에스액,써버쿨에스,,(주)녹십자,,
202401290,화이투벤코프시럽,화이투벤코프,,동화약품(주),,"MAO억제제(항우울제, 항정신병제, 감정조절제, 항파킨슨제 등), 진해(기침을 그치게 함)거담제(가래약), 다른 감기약, 해열진통제, 진정제, 항히스타민제를 함유하는 내복약(비염(코염)용 경구제, 멀미약, 알레르기용약)과 함께 복용하지 마십시오. MAO억제제(항우울제, 항정신병제, 감정조절제, 항파킨슨제 등) 복용을 중단한 후 2주 이내의 사람은 이 약을 복용하지 마십시오. 이 약을 복용하기 전에 당뇨약, 통풍약, 관절염약, 항응고제, 스테로이드제 등을 복용하고 있는 사람은 의사 또는 약사와 상의하십시오. 바르비탈계 약물, 삼환계 항우울제 및 알코올과 함께 복용 시 의사 또는 약사와 상의하십시오. 복용 중에는 음주하지 마십시오."
202401310,오큐에이연질캡슐,오큐에이,,코스맥스파마(주),https://nedrug.mfds.go.kr/pbp/cmn/itemImageDownload/1PFuQel0_Dh,"인산염, 칼슘염, 경구용 테트라사이클린계 제제, 제산제와 함께 복용하지 마십시오. 항알도스테론제, 트리암테렌과 함께 복용 시 의사 또는 약사와 상의하십시오. 녹차, 홍차 등 탄닌을 함유하는 차는 복용 중, 복용 전후에는 피하십시오."
202401314,화이투벤콜드시럽,화이투벤콜드,,동화약품(주),,"MAO억제제(항우울제, 항정신병제, 감정조절제, 항파킨슨제 등), 진해(기침을 그치게 함)거담제(가래약), 다른 감기약, 해열진통제, 진정제, 항히스타민제를 함유하는 내복약(비염(코염)용 경구제, 멀미약, 알레르기용약)과 함께 복용하지 마십시오. MAO억제제(항우울제, 항정신병제, 감정조절제, 항파킨슨제 등) 복용을 중단한 후 2주 이내의 사람은 이 약을 복용하지 마십시오. 이 약을 복용하기 전에 당뇨약, 통풍약, 관절염약, 항응고제, 스테로이드제 등을 복용하고 있는 사람은 의사 또는 약사와 상의하십시오. 바르비탈계 약물, 삼환계 항우울제 및 알코올과 함께 복용 시 의사 또는 약사와 상의하십시오. 복용 중에는 음주하지 마십시오."
202401328,푸리디오스정(디오스민),푸리디오스,디오스민,신신제약(주),https://nedrug.mfds.go.kr/pbp/cmn/itemImageDownload/1PEPKBUcmMl,
202401329,디렉스정,디렉스,,동성제약(주),https://nedrug.mfds.go.kr/pbp/cmn/itemImageDownload/1PEPKBUccpg,"다른 해열진통제, 감기약, 진정제와 함께 복용하지 마십시오. 당뇨약, 통풍약, 관절염약, 항응고제, 스테로이드제, 이뇨제, 칼륨함유제제, 감초함유제제, 글리시리진산 또는 그 염류 함유제제, 루프계 이뇨제(푸로세미드, 에타크린산) 또는 티아지드계 이뇨제와 함께 복용 시 의사 또는 약사와 상의하십시오. 복용 중에는 음주하지 마십시오."
202401338,리렉사에스정,리렉사에스,,(주)바스칸바이오제약,https://nedrug.mfds.go.kr/pbp/cmn/itemImageDownload/1PEvx-atJnP,"이 약을 복용하는 동안 다른 해열진통제, 감기약, 진정약 등과 함께 복용하지 마십시오."
202401331,화이투벤노즈시럽,화이투벤노즈,,동화약품(주),,"이 약을 복용하는 동안 진해거담제, 다른 감기약, 해열진통제, 진정제, 항히스타민제를 함유하는 내복약을 복용하지 마십시오. 우울증, 파킨슨병 치료 등에 사용되는 MAO 억제제를 복용하고 있거나 복용을 중단한 후 2주 이내의 사람은 이 약을 복용하지 마십시오. 이 약을 복용하기 전에 당뇨약, 통풍약, 관절염약, 항응고제, 스테로이드제 등을 투여받고 있는 사람은 의사 또는 약사와 상의하십시오. 바르비탈계 약물, 삼환계 항우울제 및 알코올을 투여받는 환자는 의사 또는 약사와 상의하십시오. 복용 중 음주하지 마십시오."
202401339,칼디텍정,칼디텍,,동광제약(주),https://nedrug.mfds.go.kr/pbp/cmn/itemImageDownload/1PEPKBUccMf,"인산염, 칼슘염, 경구용 테트라사이클린계 제제, 제산제와 함께 복용하지 마십시오. 이 약을 복용하기 전에 강심배당체를 투여 중인 화자는 의사 또는 약사와 상의하십시오. 항알도스테론제, 트리암테렌과 함께 복용 시 의사 또는 약사와 상의하십시오. 녹차, 홍차 등 탄닌을 함유하는 차는 복용 중, 복용 전후에는 피하십시오."
202401344,케토톱액티브플라스타(플루르비프로펜),케토톱액티브플라스타,플루르비프로펜,(주)한독,,
202401358,아진팜케이정,아진팜케이,,일양약품(주),https://nedrug.mfds.go.kr/pbp/cmn/itemImageDownload/1P3diGKSDSy,
202401381,아아포스액(L-아스파르트산-L-아르기닌수화물),아아포스,L-아스파르트산-L-아르기닌수화물,(주)씨엠지제약,,이 약을 복용하는 동안 항정신병약과 수면제를 복용하지 마십시오.
202401379,케이파이리보아세트산,케이파이리보아세트,,(주)킴스제약,,"다른 해열진통제, 감기약, 진정제와 함께 복용하지 마십시오 당뇨약, 통풍약, 관절염약, 항응고제, 스테로이드제, 바르비탈계 약물, 삼환계 항우울제 및 알코올과 함께 복용 시 의사 또는 약사와 상의하십시오. 복용 중에는 음주하지 마십시오."
202401399,펙소딘정60밀리그램(펙소페나딘염산염),펙소딘,펙소페나딘염산염,(주)일화,https://nedrug.mfds.go.kr/pbp/cmn/itemImageDownload/1PEPKBUcjZc,"다른 알레르기용약(피부질환용약, 비염용 내복약을 포함), 항히스타민제를 함유한 내복약 등(감기약, 진해거담제, 멀미약, 최면진전제 등), 제산제(알루미늄 또는 마그네슘 함유 제제), 케토코나졸이나 에리트로마이신과 함께 복용하지 마십시오. 자몽주스, 오렌지 및 사과주스와 같은 과일주스, 음식물과 함께 복용하지 마십시오. 복용 중에는 음주하지 마십시오."
202401380,아콕스펜리보산,아콕스펜리보,,주식회사 제이비케이랩,,"이 약을 복용하는 동안 다른 해열진통제, 감기약, 진정제를 복용하지 마십시오. 이 약을 복용하기 전에 당뇨약, 통풍약, 관절염약, 항응고제, 스테로이드제 등을 투여받고 있는 사람은 의사 또는 약사와 상의하십시오. 바르비탈계 약물, 삼환계 항우울제 및 알코올을 투여받는 환자는 의사 또는 약사와 상의하십시오. 복용 중 음주하지 마십시오."
202401410,알러피드정,알러피드,,(주)넥스팜코리아,https://nedrug.mfds.go.kr/pbp/cmn/itemImageDownload/1PEPKBUclFp,"MAO억제제, 혈압강하제, 알코올, 중추신경억제제(수면제, 진정제, 안정제), 교감신경흥분제, 삼환계 항우울약, 구아네티딘, 브레틸리움, 베타나이드, 데브리소퀸, 메칠도파, 교감신경성약(충혈제거제, 식욕억제제, 암페타민류의 신경자극제), 및 아드레날린 저해제(억제제)와 함께 복용하지 마십시오."
202401412,쎈비큐콘드로정,쎈비큐콘드로,,진양제약(주),https://nedrug.mfds.go.kr/pbp/cmn/itemImageDownload/1PEPKBUcjrH,"인산염, 칼슘염, 경구용 테트라사이클린계 제제, 제산제, 레보도파와 함께 복용하지 마십시오. 이 약을 복용하기 전에 강심배당체를 복용하는 환자는 의사 또는 약사와 상의하십시오. 항알도스테론제, 트리암테렌을 함께 복용 시 의사 또는 약사와 상의하십시오. 녹차, 홍차 등 탄닌을 함유하는 차는 복용 중, 복용 전후에는 피하십시오."
202401430,발란티스정(탄산수소나트륨),발란티스,탄산수소나트륨,(주)일화,https://nedrug.mfds.go.kr/pbp/cmn/itemImageDownload/1PEPKBUcjYe,"다량의 우유, 칼슘제제와 함께 복용 시 의사 또는 약사와 상의하십시오."
202401439,이든비오틴정5밀리그램(비오틴),이든비오틴,비오틴,(주)이든파마,https://nedrug.mfds.go.kr/pbp/cmn/itemImageDownload/1PEPKBUcdtC,"날계란과 함께 복용하지 마십시오. 이 약을 복용하기 전에 카르바마제핀, 페니토인, 페노바르비탈 등의 항경련제 혹은 항생제를 복용하는 환자는 의사 또는 약사와 상의하십시오."
202401420,시노플루콜드연질캡슐,시노플루콜드,,현대약품(주),https://nedrug.mfds.go.kr/pbp/cmn/itemImageDownload/1PEPKBUceY8,"MAO억제제(항우울제, 항정신병제, 감정조절제, 항파킨슨제 등), 진해(기침을 그치게 함)거담제(가래약), 다른 감기약, 해열진통제, 진정제, 항히스타민제를 함유하는 내복약(비염(코염)용 경구제, 멀미약, 알레르기용약)과 함께 복용하지 마십시오. MAO억제제(항우울제, 항정신병제, 감정조절제, 항파킨슨제 등) 복용을 중단한 후 2주 이내의 사람은 이 약을 복용하지 마십시오. 이 약을 복용하기 전에 당뇨약, 통풍약, 관절염약, 항응고제, 스테로이드제 등을 복용하고 있는 사람은 의사 또는 약사와 상의하십시오. 바르비탈계 약물, 삼환계 항우울제 및 알코올과 함께 복용 시 의사 또는 약사와 상의하십시오. 복용 중에는 음주하지 마십시오."
202401446,펜다나프로연질캡슐(덱시부프로펜),펜다나프로,덱시부프로펜,신일제약(주),https://nedrug.mfds.go.kr/pbp/cmn/itemImageDownload/1PEPKBUcmE9,"이 약을 복용하는 동안 아스피린, 다른 비스테로이드성 소염진통제, 고용량의 메토트렉세이트를 함께 복용하지 마십시오. 이 약을 복용하기 전에 코르티코스테로이드, 알코올, 디곡신, 페니토인, 프로베네시드, 설핀피라존, 설포닐우레아제, ACE 억제제 또는 안지오텐신Ⅱ 수용체 길항제, 이뇨제, 리튬, 쿠마린계 항응고제 (와파린 등), 바클로펜, 면역억제제 (시클로스포린, 타크로리무스, 시롤리무스), 혈전용해제, 티클로피딘, 항혈전제, 혈중 칼륨농도를 증가시키는 약물 (칼륨 저류형 이뇨제, ACE 억제제, 안지오텐신Ⅱ 수용체 길항제, 시클로스포린과 타크로리무스와 같은 면역억제제, 트리메토프림, 헤파린 등), CYP2C8, CYP2C9 유도제 (리팜피신, 페노바르비탈), 저용량 (15mg/주 미만)의 메토트렉세이트, 항혈소판제 및 선택적 세로토닌 재흡수 억제제를 투여하는 환자는 의사 또는 약사와 상의하십시오."
202401447,안티푸라민빅파워플라스타(이부프로펜),안티푸라민빅파워플라스타,이부프로펜,(주)유한양행,,"다른 비스테로이드성 소염진통제, 코르티코스테로이드, 항응고제, 항혈소판제를 함유한 다른 약물과 함께 사용하지 마십시오. 아스피린 또는 비스테로이드성 소염진통제와 함께 사용하려는 경우 의사 또는 약사와 상의하십시오. 혈압강하제를 복용하는 환자는 의사 또는 약사와 상의하십시오."
202401470,오라페인큐겔,오라페인큐,,동국제약(주),,"이 약을 사용하기 전에 시메티딘, 프로프라놀롤, 이뇨제를 복용하고 있는 환자는 의사 또는 약사와 상의하십시오."
202401473,씨큐맥스정,씨큐맥스,,(주)한풍제약,https://nedrug.mfds.go.kr/pbp/cmn/itemImageDownload/1PEPKBUcfDA,"인산염, 칼슘염, 경구용 테트라사이클린계 제제, 제산제, 레보도파와 함께 복용하지 마십시오. 에스트로겐을 포함한 경구용 피임제, 항알도스테론제, 트리암테렌과 함께 복용 시 의사 또는 약사와 상의하십시오. 녹차, 홍차 등 탄닌을 함유하는 차는 복용 중, 복용 전후에는 피하십시오."
202401474,아이코드연질캡슐,아이코드,,(주)서흥,https://nedrug.mfds.go.kr/pbp/cmn/itemImageDownload/1Pgexih9e8f,
202401475,푸레파센600정(디오스민),푸레파센600,디오스민,일동제약(주),https://nedrug.mfds.go.kr/pbp/cmn/itemImageDownload/1PEPKBUcjME,
202401517,트립리신정,트립리신,,(주)라이트팜텍,https://nedrug.mfds.go.kr/pbp/cmn/itemImageDownload/1PEPKBUckuS,이 약을 복용하기 전에 항응고제를 투여하고 있는 환자는 의사 또는 약사와 상의하십시오.
202401530,휴엔솔노즈연질캡슐,휴엔솔노즈,,코스맥스파마(주),https://nedrug.mfds.go.kr/pbp/cmn/itemImageDownload/1PGRQc6PReN,"MAO억제제(항우울제, 항정신병제, 감정조절제, 항파킨슨제 등), 다른 비염용 경구제, 항히스타민제를 함유하는 내복약(감기약, 진해거담제, 멀미약, 알레르기용약 등)과 함께 복용하지 마십시오. 복용 중에는 음주하지 마십시오."
202401488,마이펜이부400연질캡슐(이부프로펜),마이펜이부400,이부프로펜,코오롱제약(주),https://nedrug.mfds.go.kr/pbp/cmn/itemImageDownload/1PEPKBUckTk,"다른 비스테로이드성 소염(항염)진통제(NSAIDs)와 함께 복용하지 마십시오. ACE 저해제(억제제), 리튬, 푸로세미드 및 티아지드계 이뇨제, 메토트렉세이트, 쿠마린계 항응혈제(와파린 등), 선택적 세로토닌 재흡수억제제를 함께 복용 시 의사 또는 약사와 상의하십시오."
202401581,자하보액,자하보,,코오롱제약(주),,레보도파와 함께 복용하지 마십시오.
202401606,마그온샷액,마그온샷,,(주)대웅제약,,"인산염, 칼슘염, 경구(먹는)용 테트라사이클린계 제제, 제산제, 레보도파, 항알도스테론제, 트리암테렌과 함께 복용하지 마십시오. 녹차, 홍차 등 탄닌을 함유하는 차는 복용중, 복용전후에는 피하십시오."
202401612,콘센비타프리미엄800정,콘센비타프리미엄800,,일동제약(주),https://nedrug.mfds.go.kr/pbp/cmn/itemImageDownload/1PEPKBUcjNj,"이 약을 복용하는 동안 인산염, 칼슘염, 경구용 테트라사이클린계 제제, 제산제, 레보도파 등을 복용하지 마십시오. 항알도스테론제, 트리암테렌과 병용투여 시 의사 또는 약사와 상의하십시오. 녹차, 홍차 등 탄닌을 함유하는 차는 복용 중, 복용 전후에는 피하십시오."
202401615,신신파스한방카타플라스마,신신파스한방카타플라스마,,신신제약(주),,
202401649,제스그린정,제스그린,,코오롱제약(주),https://nedrug.mfds.go.kr/pbp/cmn/itemImageDownload/1PEPKBUckST,"위장진통, 진경제와 함께 복용하지 마십시오. 칼륨함유제제, 감초함유제제, 글리시리진산 혹은 그 염류 함유제제, 푸로세미드, 에타크린산 등의 루프계 이뇨제, 트리클로르메치아지드 등의 티아자이드계 이뇨제와 함께 복용하는 사람은 의사 또는 약사와 상의하십시오."
202401708,마그원스피드액,마그원스피드,,초당약품공업(주),,"이 약을 복용하는 동안 인산염, 칼슘염, 경구용 테트라사이클린계 제제, 제산제, 레보도파 등을 복용하지 마십시오. 항알도스테론제, 트리암테렌과 병용투여 시 의사 또는 약사와 상의하십시오. 녹차, 홍차 등 탄닌을 함유하는 차는 복용 중, 복용 전후에는 피하십시오."
202401681,다펜덱시연질캡슐(덱시부프로펜),다펜덱시,덱시부프로펜,조아제약(주),https://nedrug.mfds.go.kr/pbp/cmn/itemImageDownload/1PEPKBUcjg9,"이 약을 복용하는 동안 아스피린, 다른 비스테로이드성 소염진통제, 고용량의 메토트렉세이트를 함께 복용하지 마십시오. 이 약을 복용하기 전에 코르티코스테로이드, 알코올, 디곡신, 페니토인, 프로베네시드, 설핀피라존, 설포닐우레아제, ACE 억제제 또는 안지오텐신Ⅱ 수용체 길항제, 이뇨제, 리튬, 쿠마린계 항응고제 (와파린 등), 바클로펜, 면역억제제 (시클로스포린, 타크로리무스, 시롤리무스), 혈전용해제, 티클로피딘, 항혈전제, 혈중 칼륨농도를 증가시키는 약물 (칼륨 저류형 이뇨제, ACE 억제제, 안지오텐신Ⅱ 수용체 길항제, 시클로스포린과 타크로리무스와 같은 면역억제제, 트리메토프림, 헤파린 등), CYP2C8, CYP2C9 유도제 (리팜피신, 페노바르비탈), 저용량 (15mg/주 미만)의 메토트렉세이트, 항혈소판제 및 선택적 세로토닌 재흡수 억제제를 투여하는 환자는 의사 또는 약사와 상의하십시오."
202401743,글루타에스정,글루타에스,,(주)대웅제약,https://nedrug.mfds.go.kr/pbp/cmn/itemImageDownload/1PEPKBUcdAn,
202401755,올대원골드정,올대원골드,,(주)한풍제약,https://nedrug.mfds.go.kr/pbp/cmn/itemImageDownload/1PEPKBUcfEC,"이 약을 복용하는 동안 인산염, 칼슘염, 경구용 테트라사이클린계 제제, 제산제, 레보도파 등을 복용하지 마십시오. 이 약을 복용하기 전에 강심배당체를 투여 중인 환자는 의사 또는 약사와 상의하십시오. 에스트로겐을 포함한 경구용 피임제를 복용하는 여성은 의사 또는 약사와 상의하십시오. 항알도스테론제, 트리암테렌과 병용투여 시 의사 또는 약사와 상의하십시오. 녹차, 홍차 등 탄닌을 함유하는 차는 복용 중, 복용 전후에는 피하십시오."
202401758,그린노즈플러스연질캡슐,그린노즈플러스,,(주)녹십자,https://nedrug.mfds.go.kr/pbp/cmn/itemImageDownload/1PTcEU22-GN,"다른 비염(코염)용 경구제, 항히스타민제를 함유하는 내복약(감기약, 진해거담제, 멀미약, 알레르기용약 등)과 함께 복용하지 마십시오. 복용 중에는 음주하지 마십시오."
202401760,올대원맥스정,올대원맥스,,(주)한풍제약,https://nedrug.mfds.go.kr/pbp/cmn/itemImageDownload/1PEPKBUcfFT,"이 약을 복용하는 동안 인산염, 칼슘염, 경구용 테트라사이클린계 제제, 제산제, 레보도파 등을 복용하지 마십시오. 항알도스테론제, 트리암테렌과 병용투여 시 의사 또는 약사와 상의하십시오. 녹차, 홍차 등 탄닌을 함유하는 차는 복용 중, 복용 전후에는 피하십시오."
202401765,마이펜덱시연질캡슐(덱시부프로펜),마이펜덱시,덱시부프로펜,코오롱제약(주),https://nedrug.mfds.go.kr/pbp/cmn/itemImageDownload/1PEPKBUckUn,"이 약을 복용하는 동안 아스피린, 다른 비스테로이드성 소염진통제, 고용량의 메토트렉세이트를 함께 복용하지 마십시오. 이 약을 복용하기 전에 코르티코스테로이드, 알코올, 디곡신, 페니토인, 프로베네시드, 설핀피라존, 설포닐우레아제, ACE 억제제 또는 안지오텐신Ⅱ 수용체 길항제, 이뇨제, 리튬, 쿠마린계 항응고제 (와파린 등), 바클로펜, 면역억제제 (시클로스포린, 타크로리무스, 시롤리무스), 혈전용해제, 티클로피딘, 항혈전제, 혈중 칼륨농도를 증가시키는 약물 (칼륨 저류형 이뇨제, ACE 억제제, 안지오텐신Ⅱ 수용체 길항제, 시클로스포린과 타크로리무스와 같은 면역억제제, 트리메토프림, 헤파린 등), CYP2C8, CYP2C9 유도제 (리팜피신, 페노바르비탈), 저용량 (15mg/주 미만)의 메토트렉세이트, 항혈소판제 및 선택적 세로토닌 재흡수 억제제를 투여하는 환자는 의사 또는 약사와 상의하십시오."
202401768,오소플루콜드산,오소플루콜드,,주식회사 제이비케이랩,,"진해거담제, 다른 감기약, 해열진통제, 진정제, 항히스타민제를 함유하는 내복약(비염용 경구제, 멀미약, 알레르기용약)과 함께 복용하지 마십시오. 당뇨약, 통풍약, 관절염약, 항응고제, 스테로이드제, 바르비탈계 약물, 삼환계 항우울제 및 알코올, 플루클록사실린과 함께 복용 시 의사 또는 약사와 상의하십시오. 복용 중에는 음주하지 마십시오."
202401775,제놀담푸러정,제놀담푸러,,(주)녹십자,https://nedrug.mfds.go.kr/pbp/cmn/itemImageDownload/1PEPKBUce2f,"이 약을 복용하는 동안 다른 해열진통제, 감기약, 진정약 등과 함께 복용하지 마십시오."
202401777,미녹시폼에어로솔5%(미녹시딜),미녹시폼에어로솔,미녹시딜,신신제약(주),,"이 약을 사용하는 동안 다른 두피용 약물, 외용 코르티코이드, 레티노이드, 바셀린, 디트라놀 또는 경피흡수를 촉진시킨다고 알려진 약물, 구아네티틴 등의 혈관확장제를 함께 사용하지 마십시오."
202401785,류마스탑파워플라스타(디클로페낙나트륨),류마스탑파워플라스타,디클로페낙나트륨,(주)삼양바이오팜,,"디클로페낙 제제나 비스테로이드 소염제(항염증제)와 함께 사용하지 마십시오. 이 약을 사용하기 전에 뉴퀴놀론계 항균제(에녹사신 등)와 병용(함께 복용, 사용)하는 경우 의사 또는 약사와 상의하십시오. 경련을 일으킬 수 있습니다."
202401797,차잘타액,차잘타,,대원제약(주),,"다른 진토제, 감기약, 해열진통제, 항히스타민제, 진정제, 진해거담제 등과 함께 복용하지 마십시오. 복용 중에는 음주하지 마십시오."
202401810,비오딘비산,비오딘비,,대우제약(주),,
202401821,글로칼디정,글로칼디,,(주)킵스바이오파마,https://nedrug.mfds.go.kr/pbp/cmn/itemImageDownload/1PEPKBUceCR,"이 약을 복용하는 동안 인산염, 칼슘염, 경구용 테트라사이클린계 제제, 제산제 등을 복용하지 마십시오. 이 약을 복용하기 전에 강심배당체를 투여 중인 환자는 의사 또는 약사와 상의하십시오. 항알도스테론제, 트리암테렌과 병용투여 시 의사 또는 약사와 상의하십시오. 녹차, 홍차 등 탄닌을 함유하는 차는 복용 중, 복용 전후에는 피하십시오."
202401829,팜플루코프플러스연질캡슐,팜플루코프플러스,,코스맥스파마(주),https://nedrug.mfds.go.kr/pbp/cmn/itemImageDownload/1PGfcVm-rkp,"아미노펜을 포함하는 다른 제품, MAO억제제(항우울제, 항정신병제, 감정조절제, 항파킨슨제 등), 진해(기침을 그치게 함)거담제(가래약), 다른 감기약, 해열진통제, 진정제, 항히스타민제를 함유하는 내복약(비염(코염)용 경구제, 멀미약, 알레르기용약), 당뇨약, 통풍약, 관절염약, 항응고제, 스테로이드제, 바르비탈계 약물, 삼환계 항우울제 및 알코올과 함께 복용하지 마십시오."
202401836,크라렉신에스정,크라렉신에스,,지엘팜텍(주),https://nedrug.mfds.go.kr/pbp/cmn/itemImageDownload/1PEPKBUcc2M,"이 약을 복용하는 동안 다른 해열진통제, 감기약, 진정약 등과 함께 복용하지 마십시오."
202401866,모바렌5%폼에어로솔(미녹시딜),모바렌폼에어로솔,미녹시딜,(주)대웅제약,,"외용 코르티코이드, 레티노이드, 바셀린, 디트라놀 또는 경피흡수를 촉진시킨다고 알려진 약물과 함께 사용하지 마십시오."
202401954,삭시네쿨겔(피록시캄),삭시네쿨,피록시캄,대원제약(주),,
202401884,마이딜5%폼에어로졸(미녹시딜),마이딜폼에어로졸,미녹시딜,제이더블유신약(주),,"외용 코르티코이드, 레티노이드, 바셀린, 디트라놀 또는 경피흡수를 촉진시킨다고 알려진 약물과 함께 사용하지 마십시오."
202401972,코마키텐큐나잘스프레이,코마키텐큐나잘스프레이,,동화약품(주),,"우울증, 파킨슨병 치료 등에 사용되는 MAO 억제제를 복용하고 있거나 복용을 중단한 후 2주 이내인 사람은 이 약을 사용하지 마십시오. 사용 시에는 음주하지 마십시오."
202401930,카필러스폼에어로솔(미녹시딜),카필러스폼에어로솔,미녹시딜,동아제약(주),,"이 약을 사용하는 동안 다른 두피용 약물, 외용 코르티코이드, 레티노이드, 바셀린, 디트라놀 또는 경피흡수를 촉진시킨다고 알려진 약물을 함께 사용하지 마십시오."
202401985,모닝톡에프장용연질캡슐,모닝톡에프장용,,일양바이오팜(주),https://nedrug.mfds.go.kr/pbp/cmn/itemImageDownload/1PEPKBUcjEy,제산제 복용 또는 우유 섭취 후 1시간 이내에는 이 약을 복용하지 마십시오. (이 약 복용 후 1시간 이내에는 우유 섭취 또는 제산제 복용을 피하십시오.)
202402011,앤도민액트800정,앤도민액트800,,신일제약(주),https://nedrug.mfds.go.kr/pbp/cmn/itemImageDownload/1PH4CTymtY6,"인산염, 칼슘염, 경구용 테트라사이클린계 제제, 제산제, 레보도파와 함께 복용하지 마십시오. 정주용 지질제, 에스트로겐을 포함한 경구용 피임제, 항알도스테론제, 트리암테렌과 함께 복용 시 의사 또는 약사와 상의하십시오. 녹차, 홍차 등 탄닌을 함유하는 차는 복용 중, 복용 전후에는 피하십시오."
202402049,듀얼싹플러스장용연질캡슐,듀얼싹플러스장용,,제일헬스사이언스(주),https://nedrug.mfds.go.kr/pbp/cmn/itemImageDownload/1PEPKBUcjjz,제산제 복용 또는 우유 섭취 후 1시간 이내에는 이 약을 복용하지 마십시오. (이 약 복용 후 1시간 이내에는 우유 섭취 또는 제산제 복용을 피하십시오.)
202402023,팜플루콜드플러스연질캡슐,팜플루콜드플러스,,코스맥스파마(주),https://nedrug.mfds.go.kr/pbp/cmn/itemImageDownload/1PHNgWwGR5E,"이 약을 복용하는 동안 진해(기침을 그치게 함)거담제(가래약), 다른 감기약, 해열진통제, 진정제, 항히스타민제를 함유하는 내복약(비염(코염)용 경구제, 멀미약, 알레르기용약)을 함께 복용하지 마십시오. 이 약을 복용하기 전에 당뇨약, 통풍약, 관절염약, 항응고제, 스테로이드제, 바르비탈계 약물, 삼환계 항우울제 및 알코올, 플루클록사실린 등을 함께 복용 시 의사 또는 약사와 상의하십시오."
202402050,엘도나캡슐(에르도스테인),엘도나,에르도스테인,초당약품공업(주),https://nedrug.mfds.go.kr/pbp/cmn/itemImageDownload/1PEPKBUcb1j,기침약과 함께 복용하는 경우 의사 또는 약사와 상의하십시오.
202402067,티타노에이연고,티타노에이,,일양약품(주),,"이 약을 사용하는 동안 dl-메틸에페드린염산염, 스코폴리아 엑스 및 글리시리진산 함유 좌제 또는 연고제, 크림제를 사용하지 마십시오. 이 약을 사용하는 동안 혈압강하제, 항우울약을 투여하지 마십시오."
202402085,지엘알마게이트정500밀리그램,지엘알마게이트,,지엘팜텍(주),https://nedrug.mfds.go.kr/pbp/cmn/itemImageDownload/1PEPKBUcc1S,"이 약을 복용하는 동안 테트라사이클린계 항생제를 함께 복용하지 마십시오. 이 약을 복용하기 전에 살리실산염을 복용하는 사람은 의사 또는 약사와 상의하십시오. 이 약을 복용하기 전에 비스테로이드소염진통제, 궤양 치료제, 디기탈리스 제제, 클로로프로마진, 란소프라졸, 프레드니솔론, 페니실린, 퀴놀론, 철염 제제를 복용하는 사람은 의사 또는 약사와 상의하십시오. 흡수를 감소시킬 수 있으므로 2~3시간 간격을 두고 복용하십시오."
202402098,멜라트리정,멜라트리,,(주)바스칸바이오제약,https://nedrug.mfds.go.kr/pbp/cmn/itemImageDownload/1PGAdZ_js8a,항응고제와 함께 복용 시 의사 또는 약사와 상의하십시오.
202402141,알레지엔정60밀리그램(펙소페나딘염산염),알레지엔,펙소페나딘염산염,진양제약(주),https://nedrug.mfds.go.kr/pbp/cmn/itemImageDownload/1PEPKBUcjtz,"이 약을 복용하는 동안 피부질환용약, 비염용 내복약을 포함한 다른 알레르기용약, 항히스타민제를 함유한 내복약 등, 알루미늄 또는 마그네슘 함유 제제의 제산제를 복용하지 마십시오. 이 약을 복용하는 동안 케토코나졸이나 에리트로마이신과 함께 복용하지 마십시오. 이 약을 복용하는 동안 자몽주스, 오렌지 및 사과주스와 같은 과일주스 및 음식물과 함께 복용하지 마십시오. 복용 전후 음주하지 마십시오."
202402142,알레지엔정120밀리그램(펙소페나딘염산염),알레지엔,펙소페나딘염산염,진양제약(주),https://nedrug.mfds.go.kr/pbp/cmn/itemImageDownload/1PEPKBUcjut,"알루미늄, 수산화마그네슘을 함유한 제산제와는 2시간 정도의 간격을 두고 복용하십시오. 아팔루타마이드와 같은 P-gp유도제와 함께 복용하는 경우 의사 또는 약사와 상의하십시오. 이 약은 자몽주스, 오렌지 및 사과주스와 같은 과일주스보다는 물과 함께 복용하십시오."
202402153,마그스타에프정,마그스타에프,,주식회사더유제약,https://nedrug.mfds.go.kr/pbp/cmn/itemImageDownload/1PThtYEQ98m,"인산염, 칼슘염, 경구용 테트라사이클린계 제제, 제산제, 레보도파와 함께 복용하지 마십시오. 항알도스테론제, 트리암테렌와 함께 사용 시 의사 또는 약사와 상의하십시오. 녹차, 홍차 등 탄닌을 함유하는 차는 복용 중, 복용 전후에는 피하십시오."
202402168,플록펜첩부제40밀리그램(플루르비프로펜),플록펜첩부제,플루르비프로펜,대화제약(주),,
202402183,디오프로정600밀리그램(디오스민),디오프로,디오스민,케이엠에스제약(주),https://nedrug.mfds.go.kr/pbp/cmn/itemImageDownload/1PFcdCLGSW5,
202402194,제놀록소파워겔(록소프로펜나트륨수화물),제놀록소파워,록소프로펜나트륨수화물,(주)녹십자,,다른 국소 진통소염약물과 함께 사용하지 마십시오.
202402195,큐에르액(L-카르니틴),큐에르,L-카르니틴,(주)라이트팜텍,,
202402198,원콜드시럽,원콜드,,(주)씨엠지제약,,"이 약을 복용하는 동안 진해거담제, 다른 감기약, 해열진통제, 진정제, 항히스타민제를 함유하는 내복약을 복용하지 마십시오. 우울증, 파킨슨병 치료 등에 사용되는 MAO 억제제를 복용하고 있거나 복용을 중단한 후 2주 이내의 사람은 이 약을 복용하지 마십시오. 이 약을 복용하기 전에 당뇨약, 통풍약, 관절염약, 항응고제, 스테로이드제 등을 투여받고 있는 사람은 의사 또는 약사와 상의하십시오. 바르비탈계 약물, 삼환계 항우울제 및 알코올을 투여받는 환자는 의사 또는 약사와 상의하십시오. 복용 중 음주하지 마십시오."
202402221,케이스민캡슐(디오스민),케이스민,디오스민,진양제약(주),https://nedrug.mfds.go.kr/pbp/cmn/itemImageDownload/1PEPKBUcjvx,
202402252,원라인정,원라인,,(주)바스칸바이오제약,https://nedrug.mfds.go.kr/pbp/cmn/itemImageDownload/1PLseQAdWn6,"MAO억제제(항우울제, 항정신병제, 감정조절제, 항파킨슨제 등), 진해거담제, 다른 감기약, 해열진통제, 진정제, 항히스타민제를 함유하는 내복약(비염용 경구제, 멀미약, 알레르기용약)과 함께 복용하지 마십시오. 복용 중에는 음주하지 마십시오. 당뇨약, 통풍약, 관절염약, 항응고제, 스테로이드제, 바르비탈계 약물, 삼환계 항우울제, 알코올, 플루클록사실린과 함께 복용 시 의사 또는 약사와 상의하십시오."
202402285,투엑스비멀티플정,투엑스비멀티플,,(주)한풍제약,https://nedrug.mfds.go.kr/pbp/cmn/itemImageDownload/1PHDVG1knVZ,"강심배당체, 항알도스테론제, 트리암테렌과 함께 복용하지 마십시오. 녹차, 홍차 등 탄닌을 함유하는 차는 복용 중, 복용 전후에는 피하십시오."
202402301,라라파워액(L-아스파르트산-L-아르기닌수화물),라라파워,L-아스파르트산-L-아르기닌수화물,경방신약(주),,"항정신병약, 수면제와 함께 복용하지 마십시오."
202402344,드라이메디겔,드라이메디,,동국제약(주),,
202402317,톡아세트산500밀리그램(아세트아미노펜),톡아세트,아세트아미노펜,(주)코아팜바이오,,"바르비탈계 약물, 삼환계 항우울제, 알코올, 다른 소염진통제와 함께 복용하지 마십시오. 와파린, 플루클록사실린과 함께 복용 시 의사 또는 약사와 상의하십시오."
202402414,디판큐어크림,디판큐어,,동아제약(주),,
202402372,파세몰키즈산(아세트아미노펜),파세몰키즈,아세트아미노펜,신일제약(주),,"바르비탈계 약물, 삼환계 항우울제, 알코올, 다른 소염(항염)진통제와 함께 복용하지 마십시오. 와파린, 플루클록사실린과 함께 복용 시 의사 또는 약사와 상의하십시오."
202402457,이지엔6에이스정(아세트아미노펜),이지엔6에이스,아세트아미노펜,(주)대웅제약,https://nedrug.mfds.go.kr/pbp/cmn/itemImageDownload/1PV-xbWHXxM,"바르비탈계 약물, 삼환계 항우울제, 알코올, 다른 소염(항염)진통제와 함께 복용하지 마십시오. 리튬, 티아지드계 이뇨제, 플루클록사실린과 함께 복용 시 의사 또는 약사와 상의하십시오."
202402403,헤파코엔액티브정,헤파코엔액티브,,메딕스제약(주),https://nedrug.mfds.go.kr/pbp/cmn/itemImageDownload/1PF7kny81fG,"이 약을 복용하는 동안 인산염, 칼슘염, 경구용 테트라사이클린계 제제, 제산제, 레보도파 등을 복용하지 마십시오. 에스트로겐을 포함한 경구용 피임제를 복용하는 여성은 의사 또는 약사와 상의하십시오. 항알도스테론제, 트리암테렌과 병용투여 시 의사 또는 약사와 상의하십시오. 녹차, 홍차 등 탄닌을 함유하는 차는 복용 중, 복용 전후에는 피하십시오."
202402460,자오코프액,자오코프,,오스틴제약(주),,"다른 진해거담제, 감기약, 항히스타민제를 함유하는 내복약(비염용 경구제, 멀미약, 알레르기용약), 진정제와 함께 복용하지 마십시오. 복용 중에는 음주하지 마십시오."
202402475,리렉스싹정,리렉스싹,,제일헬스사이언스(주),https://nedrug.mfds.go.kr/pbp/cmn/itemImageDownload/1PPlV5t2PwS,"다른 해열진통제, 감기약, 진정약 등과 함께 복용하지 마십시오."
202402493,바디드란트액(염화알루미늄수화물),바디드란트,염화알루미늄수화물,현대약품(주),,
202402515,노즈스위퍼스프레이(염화나트륨),노즈스위퍼스프레이,염화나트륨,주식회사삼현제약,,
202402566,뉴하니동전파스플라스타,뉴하니동전파스플라스타,,원광제약(주),,
202402581,로이히츠보코코인플라스타,로이히츠보코코인플라스타,,일동제약(주),,
202402668,브로신큐정,브로신큐,,(주)아이월드제약,https://nedrug.mfds.go.kr/pbp/cmn/itemImageDownload/1PPpyBIZlBP,
202402700,삼현포비돈요오드세정액,삼현포비돈요오드세,,주식회사삼현제약,,"리튬제제, 클로르헥시딘, 설파디아진ㆍ은화합물, 알칼리, 수은을 함유한 제제, 효소성분의 상처치료제와 함께 사용 시 의사 또는 약사와 상의하십시오. 과산화수소와 함께 사용하지 마십시오."
202402681,파인큐나프록센현탁액,파인큐나프록센,,대원바이오텍주식회사,,"다른 비스테로이드성 소염(항염)진통제(NSAIDs) 및 나프록센 유도체와 함께 복용하지 마십시오. 히단토인계 항간질제, 설파제, 설포닐요소계 혈당강하제, 프로프라놀롤 및 다른 -차단제, ACE 저해제(억제제), 루프계 이뇨제 및 치아짓계 이뇨제, 프로베네시드, 아스피린, 리튬, 메토트렉세이트, 쿠마린계 항응혈제(와파린 등), 지도부딘, 뉴퀴놀론계 항생물질(에녹사신 등)과 함께 복용 시 의사 또는 약사와 상의하십시오."
202402709,애니본정,애니본,,동성제약(주),https://nedrug.mfds.go.kr/pbp/cmn/itemImageDownload/1PQyjoyj8rY,"인산염, 칼슘염, 경구용 테트라사이클린계 제제, 제산제와 함께 복용하지 마십시오. 항알도스테론제, 트리암테렌과 함께 복용 시 의사 또는 약사와 상의하십시오. 녹차, 홍차 등 탄닌을 함유하는 차는 복용 중, 복용 전후에는 피하십시오."
202402751,화콜정,화콜,,제이더블유중외제약(주),https://nedrug.mfds.go.kr/pbp/cmn/itemImageDownload/1PF7kny81fq,"이 약을 복용하는 동안 아세트아미노펜을 포함하는 다른 제품, MAO억제제(항우울제, 항정신병제, 감정조절제, 항파킨슨제 등), 진해거담제, 다른 감기약, 해열진통제, 진정제, 항히스타민제를 함유하는 내복약(비염용 경구제, 멀미약, 알레르기용약) 등을 함께 복용하지 마십시오. 당뇨약, 통풍약, 관절염약, 항응고제, 스테로이드제, 바르비탈계 약물, 삼환계 항우울제 및 알코올 등을 투여한 경우 의사 또는 약사와 상의하십시오."
202402740,이지페인덱시연질캡슐(덱시부프로펜),이지페인덱시,덱시부프로펜,경방신약(주),,"아스피린, 다른 비스테로이드성 소염진통제, 고용량의 메토트렉세이트와 함께 복용하지 마십시오. 이 약을 복용하기 전에 코르티코스테로이드, 알코올, 디곡신, 페니토인, 프로베네시드, 설핀피라존, 설포닐우레아제, ACE 억제제 또는 안지오텐신Ⅱ 수용체 길항제, 이뇨제, 리튬, 쿠마린계 항응고제(와르파린 등), 바클로펜, 면역억제제(시클로스포린, 타크로리무스, 시롤리무스), 혈전용해제, 티클로피딘, 항혈전제, 혈중 칼륨농도를 증가시키는 약물(예, 칼륨 저류형 이뇨제, ACE 억제제, 안지오텐신-Ⅱ 수용체 길항제, 시클로스포린과 타크로리무스와 같은 면역억제제, 트리메토프림, 헤파린 등), CYP2C8, CYP2C9의 유도제(예, 리팜피신, 페노바르비탈), 저용량(15 mg/주 미만)의 메토트렉세이트, 항혈소판제 및 선택적 세로토닌 재흡수 억제제, 저용량 아스피린과 함께 복용 시 의사 또는 약사와 상의하십시오."
202402769,패튼에스정,패튼에스,,오스틴제약(주),https://nedrug.mfds.go.kr/pbp/cmn/itemImageDownload/1PONufJWPCL,"다른 해열진통제, 감기약, 진정약 등과 함께 복용하지 마십시오."
202402774,뉴스코정,뉴스코,,(주)시어스제약,,"아세트아미노펜을 포함하는 다른 제품, 진해거담제, 다른 감기약, 해열진통제, 진정제, 항히스타민제를 함유하는 내복약(비염용 경구제, 멀미약, 알레르기용약), MAO억제제(항우울제, 항정신병제, 감정조절제, 항파킨슨제 등)와 함께 복용하지 마십시오. 당뇨약, 통풍약, 관절염약, 항응고제, 스테로이드제, 바르비탈계 약물, 삼환계 항우울제 및 알코올, 플루콜록사실린과 함께 복용 시 의사 또는 약사와 상의하십시오. 복용 중에는 음주하지 마십시오."
202402790,콜록키즈이부펜시럽(이부프로펜),콜록키즈이부펜,이부프로펜,(주)녹십자,,"다른 비스테로이드성 소염진통제 및 나프록센 유도체, 아스피린, 고용량의 메토트렉세이트와 함께 복용하지 마십시오. 다른 비스테로이드성 소명진통제(NSAIDs), ACE 저해제, 리튬, 푸로세미드 및 치아지드계 이뇨제, 메토트렉세이트, 쿠마린계 항응혈제(와파린 등), 선택적 세로토닌 재흡수억제제와 함께 복용 시 의사 또는 약사와 상의하십시오."
202402855,비코비프리미엄정,비코비프리미엄,,초당약품공업(주),https://nedrug.mfds.go.kr/pbp/cmn/itemImageDownload/1PR-fX1yyvG,"인산염, 칼슘염, 경구용 테트라사이클린계 제제, 제산제, 레보도파와 함께 복용하지 마십시오. 에스트로겐을 포함한 경구용 피임제, 항알도스테론제, 트리암테렌, 정주용 지질제와 함께 복용 시 의사 또는 약사와 상의하십시오. 녹차, 홍차 등 탄닌을 함유하는 차는 복용 중, 복용 전후에는 피하십시오."
202402859,파인다제정,파인다제,,풍림무약(주),https://nedrug.mfds.go.kr/pbp/cmn/itemImageDownload/1PQEOn-UJtK,항응고제를 투여하고 있는 경우 의사 또는 약사와 상의하십시오.
202402906,아르제틱액(L-아스파르트산-L-아르기닌수화물),아르제틱,L-아스파르트산-L-아르기닌수화물,코오롱제약(주),,"이 약을 복용하는 동안 항정신병약, 수면제는 복용하지 마십시오."
202402941,부기멜라정,부기멜라,,태극제약(주),https://nedrug.mfds.go.kr/pbp/cmn/itemImageDownload/1PVxwhCKtVN,
202402955,오소플루코프캡슐,오소플루코프,,주식회사 제이비케이랩,https://nedrug.mfds.go.kr/pbp/cmn/itemImageDownload/1PZc5NPHNTA,"MAO억제제(항우울제, 항정신병제, 감정조절제, 항파킨슨제 등), 진해거담제, 다른 감기약, 해열진통제, 진정제, 항히스타민제를 함유하는 내복약(비염용 경구제, 멀미약, 알레르기용약)과 함께 복용하지 마십시오. 복용 중에는 음주하지 마십시오. 당뇨약, 통풍약, 관절염약, 항응고제, 스테로이드제, 바르비탈계 약물, 삼환계 항우울제, 알코올, 플루클록사실린과 함께 복용 시 의사 또는 약사와 상의하십시오."
202403003,케어콜정,케어콜,,(주)아이월드제약,https://nedrug.mfds.go.kr/pbp/cmn/itemImageDownload/1PPpyBIZlAh,"MAO억제제(항우울제, 항정신병제, 감정조절제, 항파킨슨제 등), 진해거담제, 다른 감기약, 해열진통제, 진정제, 항히스타민제를 함유하는 내복약(비염용 경구제, 멀미약, 알레르기용약)과 함께 복용하지 마십시오. 복용 중에는 음주하지 마십시오. 당뇨약, 통풍약, 관절염약, 항응고제, 스테로이드제, 바르비탈계 약물, 삼환계 항우울제, 알코올, 플루클록사실린과 함께 복용 시 의사 또는 약사와 상의하십시오."
202403016,라라플렉스액(L-아스파르트산-L-아르기닌수화물),라라플렉스,L-아스파르트산-L-아르기닌수화물,주식회사 제이비케이랩,,"항정신병약, 수면제와 함께 복용하지 마십시오."
202403017,마그네비스피드액,마그네비스피드,,한미약품(주),,"인산염, 칼슘염, 경구용 테트라사이클린계 제제, 제산제, 레보도파와 함께 복용하지 마십시오. 항알도스테론제, 트리암테렌과 함께 복용 시 의사 또는 약사와 상의하십시오. 녹차, 홍차 등 탄닌을 함유하는 차는 복용 중, 복용 전후에는 피하십시오."
202403030,엑스콜큐콜드시럽,엑스콜큐콜드,,(주)한풍제약,,"MAO억제제(항우울제, 항정신병제, 감정조절제, 항파킨슨제 등), 진해거담제, 다른 감기약, 해열진통제, 진정제, 항히스타민제를 함유하는 내복약(비염용 경구제, 멀미약, 알레르기용약)과 함께 복용하지 마십시오. 복용 중 음주하지 마십시오. 당뇨약, 통풍약, 관절염약, 항응고제, 스테로이드제, 바르비탈계 약물, 삼환계 항우울제, 알코올, 플루클록사실린과 함께 복용 시 의사 또는 약사와 상의하십시오."
202403031,엑스콜큐노즈시럽,엑스콜큐노즈,,(주)한풍제약,,"이 약을 복용하는 동안 진해거담제, 다른 감기약, 해열진통제, 진정제, 항히스타민제, 디펜히드라민을 함유하는 제제를 함께 복용하지 마십시오. 이 약을 복용하기 전에 당뇨약, 통풍약, 관절염약, 항응고제, 스테로이드제, 바르비탈계 약물, 삼환계 항우울제 및 알코올, 플루클록사실린, 바르비탈계 약물, 삼환계 항우울제 등을 투여받고 있는 사람은 의사 또는 약사와 상의하십시오. 복용 중 음주하지 마십시오."
202403032,엑스콜큐코프시럽,엑스콜큐코프,,(주)한풍제약,,"MAO억제제(항우울제, 항정신병제, 감정조절제, 항파킨슨제 등), 진해거담제, 다른 감기약, 해열진통제, 진정제, 항히스타민제를 함유하는 내복약(비염용 경구제, 멀미약, 알레르기용약)과 함께 복용하지 마십시오. 복용 중 음주하지 마십시오. 당뇨약, 통풍약, 관절염약, 항응고제, 스테로이드제, 바르비탈계 약물, 삼환계 항우울제, 알코올, 플루클록사실린과 함께 복용 시 의사 또는 약사와 상의하십시오."
202403079,아멉다정(니코틴산아미드),아멉다,니코틴산아미드,주식회사 노바엠헬스케어,https://nedrug.mfds.go.kr/pbp/cmn/itemImageDownload/1PHnbpZPeEq,
202403057,판시딜액3%(미녹시딜),판시딜,미녹시딜,동국제약(주),,"다른 두피용 약물, 외용 코르티코이드, 레티노이드, 바셀린, 디트라놀 또는 경피흡수를 촉진시킨다고 알려진 약물과 함께 사용하지 마십시오."
202403085,액티몰스정(시트룰린말산염),액티몰스,시트룰린말산염,(주)한국팜비오,https://nedrug.mfds.go.kr/pbp/cmn/itemImageDownload/1PHdMXssFmp,
202500003,크레아정,크레아,,명문제약(주),https://nedrug.mfds.go.kr/pbp/cmn/itemImageDownload/1PSet1337da,
202500015,휴엔솔플러스연질캡슐,휴엔솔플러스,,코스맥스파마(주),https://nedrug.mfds.go.kr/pbp/cmn/itemImageDownload/1PMQfXJbbgo,"MAO억제제(항우울제, 항정신병제, 감정조절제, 항파킨슨제 등), 진해거담제, 다른 감기약, 해열진통제, 진정제, 항히스타민제를 함유하는 내복약(비염용 경구제, 멀미약, 알레르기용약)과 함께 복용하지 마십시오. 복용 중에는 음주하지 마십시오. 당뇨약, 통풍약, 관절염약, 항응고제, 스테로이드제, 바르비탈계 약물, 삼환계 항우울제, 알코올, 플루클록사실린과 함께 복용 시 의사 또는 약사와 상의하십시오."
202500017,아이비즈헬스연질캡슐,아이비즈헬스,,신일제약(주),https://nedrug.mfds.go.kr/pbp/cmn/itemImageDownload/1PUZO9zSrSj,"에스트로겐을 포함한 경구용 피임제, 정주용 지질제와 함께 복용 시 의사 또는 약사와 상의하십시오."
202500033,폴스원정(폴산),폴스원,폴산,(주)씨엠지제약,https://nedrug.mfds.go.kr/pbp/cmn/itemImageDownload/1PNKqjx1pBr,"아미노살리실산, 경구용 피임제, 디하이드로폴레이트 환원효소 저해제(메토트렉세이트, 트리메토프림 등), 페니토인 같은 히단토인계 항전간제, 설파살라진, 콜레스티라민을 복용 중인 환자는 의사 또는 약사와 상의하십시오."
202500070,다이어스탑캡슐(로페라미드염산염),다이어스탑,로페라미드염산염,(주)씨엠지제약,https://nedrug.mfds.go.kr/pbp/cmn/itemImageDownload/1PR-fX1yyza,"퀴니딘, 리토나비르와 함께 복용 시 의사 또는 약사와 상의하십시오."
202500101,차마프텐정,차마프텐,,(주)옵투스제약,https://nedrug.mfds.go.kr/pbp/cmn/itemImageDownload/1PPBI3Y2xwo,"다른 해열진통제, 감기약, 진정약 등과 함께 복용하지 마십시오."
202500121,푸르펜엠정,푸르펜엠,,(주)바스칸바이오제약,https://nedrug.mfds.go.kr/pbp/cmn/itemImageDownload/1PiFdRYbwn9,"다른 해열진통제, 감기약, 진정제과 함께 복용하지 마십시오. 복용 중에는 음주하지 마십시오. 당뇨약, 통풍약, 관절염약, 항응고제, 스테로이드제, 바르비탈계 약물, 삼환계 항우울제, 알코올, 플루클록사실린과 함께 복용 시 의사 또는 약사와 상의하십시오."
202500141,마그스더블액션연질캡슐,마그스더블액션,,조아제약(주),https://nedrug.mfds.go.kr/pbp/cmn/itemImageDownload/1PUpxpJsIZD,"인산염, 칼슘염, 경구용 테트라사이클린계 제제, 제산제, 레보도파와 함께 복용하지 마십시오. 항알도스테론제, 트리암테렌, 정주용 지질제와 함께 복용 시 의사 또는 약사와 상의하십시오. 녹차, 홍차 등 탄닌을 함유하는 차는 복용 중, 복용 전후에는 피하십시오."
202500145,썬비타민연질캡슐,썬비타민,,(주)알피바이오,https://nedrug.mfds.go.kr/pbp/cmn/itemImageDownload/1PT2fGfm5Q2,
202500181,아이오쿨리뉴피디알엔점안액(폴리데옥시리보뉴클레오티드나트륨)(1회용),아이오쿨리뉴피디알엔,1회용,동아제약(주),,인산염 함유 점안액과 함께 사용하지 마십시오.
202500153,파워콜노즈큐연질캡슐,파워콜노즈큐,,동화약품(주),https://nedrug.mfds.go.kr/pbp/cmn/itemImageDownload/1PoXZr2FfzS,"MAO억제제(항우울제, 항정신병제, 감정조절제, 항파킨슨제 등), 진해거담제, 다른 감기약, 해열진통제, 진정제, 항히스타민제를 함유하는 내복약(비염용 경구제, 멀미약, 알레르기용약)과 함께 복용하지 마십시오. 복용 중에는 음주하지 마십시오. 당뇨약, 통풍약, 관절염약, 항응고제, 스테로이드제, 바르비탈계 약물, 삼환계 항우울제, 알코올, 플루클록사실린과 함께 복용 시 의사 또는 약사와 상의하십시오."
202500212,벤티메가나이스정,벤티메가나이스,,(주)킵스바이오파마,https://nedrug.mfds.go.kr/pbp/cmn/itemImageDownload/1PSuHLd1Gu7,"인산염, 칼슘염, 경구용 테트라사이클린계 제제, 제산제, 레보도파와 함께 복용하지 마십시오. 정주용 지질제, 에스트로겐을 포함한 경구용 피임제, 항알도스테론제, 트리암테렌과 함께 복용 시 의사 또는 약사와 상의하십시오. 녹차, 홍차 등 탄닌을 함유하는 차는 복용 중, 복용 전후에는 피하십시오."
202500265,엔피비타비정,엔피비타비,,대한뉴팜(주),https://nedrug.mfds.go.kr/pbp/cmn/itemImageDownload/1PR-fX1yywk,레보도파와 함께 복용하지 마십시오.
202500266,엔피셀렌씨정,엔피셀렌씨,,대한뉴팜(주),https://nedrug.mfds.go.kr/pbp/cmn/itemImageDownload/1PR-fX1yyyC,"인산염, 칼슘염, 경구용 테트라사이클린계 제제, 제산제와 함께 복용하지 마십시오. 항알도스테론제, 트리암테렌와 함께 사용 시 의사 또는 약사와 상의하십시오. 녹차, 홍차 등 탄닌을 함유하는 차는 복용 중, 복용 전후에는 피하십시오."
202500267,테라젠비타제트정,테라젠비타제트,,(주)테라젠이텍스,https://nedrug.mfds.go.kr/pbp/cmn/itemImageDownload/1PSKKNO66oT,"인산염, 칼슘염, 경구용 테트라사이클린계 제제, 제산제, 레보도파, 정주용 지질제, 에스트로겐을 포함한 경구용 피임제, 항알도스테론제, 트리암테렌과 함께 복용하지 마십시오. 녹차, 홍차 등 탄닌을 함유하는 차는 복용 중, 복용 전후에는 피하십시오."
202500268,알레드제로정120밀리그램(펙소페나딘염산염),알레드제로,펙소페나딘염산염,일양약품(주),https://nedrug.mfds.go.kr/pbp/cmn/itemImageDownload/1PMrsbyUrNx,"P-gp 유도제, 자몽주스, 오렌지주스와 함께 복용하지 마십시오."
202500329,코미에스시럽,코미에스,,코오롱제약(주),,"MAO억제제, 혈압강하제, 알코올, 중추신경억제제(수면제, 진정제, 안정제), MAO 억제제, 교감신경흥분제, 삼환계 항우울약, 구아네티딘, 브레틸리움, 베타나이드, 데브리소퀸, 메칠도파, 교감신경성약(충혈제거제, 식욕억제제, 암페타민류의 신경자극제), 및 아드레날린 저해제(억제제)와 함께 복용하지 마십시오. MAO억제제 투여 최소 15일 후 이 약을 투여하십시오."
202500330,물린디플라스타,물린디플라스타,,신신제약(주),,
202500339,바로부틴정200밀리그램(트리메부틴말레산염),바로부틴,트리메부틴말레산염,코오롱제약(주),https://nedrug.mfds.go.kr/pbp/cmn/itemImageDownload/1PThtYEQ9Jz,
202500340,벤포바이타프렌즈정,벤포바이타프렌즈,,메딕스제약(주),https://nedrug.mfds.go.kr/pbp/cmn/itemImageDownload/1PUZO9zSrb7,"인산염, 칼슘염, 경구(먹는, 복용하는)용 테트라사이클린계 제제, 제산제와 함께 복용하지 마십시오. 에스트로겐을 포함한 경구용 피임제, 항알도스테론제, 트리암테렌, 정주용 지질제와 함께 복용 시 의사 또는 약사와 상의하십시오. 녹차, 홍차 등 탄닌을 함유하는 차는 복용 중, 복용 전후에는 피하십시오."
202500376,아이액티브연질캡슐,아이액티브,,태극제약(주),https://nedrug.mfds.go.kr/pbp/cmn/itemImageDownload/1PVxwhCKtX4,"정주용 지질제, 에스트로겐을 포함한 경구용 피임제와 함께 복용 시 의사 또는 약사와 상의하십시오."
202500360,코시원큐캡슐,코시원큐,,신일제약(주),https://nedrug.mfds.go.kr/pbp/cmn/itemImageDownload/1Pa-6DOirOy,"MAO억제제(항우울제, 항정신병제, 감정조절제, 항파킨슨제 등), 다른 비염용 경구제, 항히스타민제를 함유하는 내복약(감기약, 진해거담제, 멀미약, 알레르기용약 등)과 함께 복용하지 마십시오. 복용 중에는 음주하지 마십시오."
202500412,알파로반연고(무피로신),알파로반,무피로신,(주)인트로바이오파마,,
202500438,마이캄피록시겔(피록시캄),마이캄피록시,피록시캄,코오롱제약(주),,
202500464,누네탑에프연질캡슐,누네탑에프,,일양약품(주),https://nedrug.mfds.go.kr/pbp/cmn/itemImageDownload/1Ph13Ec21qv,"에스트로겐을 포함한 경구용 피임제, 정주용 지질제와 함께 복용 시 의사 또는 약사와 상의하십시오."
202500512,아렉티브액(L-아스파르트산-L-아르기닌수화물),아렉티브,L-아스파르트산-L-아르기닌수화물,주식회사제뉴원사이언스,,"항정신병약, 수면제와 함께 복용하지 마십시오."
202500514,마그랑비피돌샷액,마그랑비피돌샷,,동아제약(주),,"인산염, 칼슘염, 경구용 테트라사이클린계 제제, 제산제, 레보도파와 함께 복용하지 마십시오. 항알도스테론제, 트리암테렌와 함께 사용 시 의사 또는 약사와 상의하십시오. 녹차, 홍차 등 탄닌을 함유하는 차는 복용 중, 복용 전후에는 피하십시오."
202500523,무조날맥스외용액(테르비나핀염산염),무조날맥스외용,테르비나핀염산염,한미약품(주),,
202500554,비타리본정,비타리본,,대원바이오텍주식회사,https://nedrug.mfds.go.kr/pbp/cmn/itemImageDownload/1PRHGzqJTvr,"인산염, 칼슘염, 경구용 테트라사이클린계 제제, 제산제와 함께 복용하지 마십시오. 항알도스테론제, 트리암테렌과 함께 복용 시 의사 또는 약사와 상의하십시오. 녹차, 홍차 등 탄닌을 함유하는 차는 복용 중, 복용 전후에는 피하십시오."
202500556,지노칼시움정,지노칼시움,,진양제약(주),https://nedrug.mfds.go.kr/pbp/cmn/itemImageDownload/1PQOC7rZYd5,"인산염, 칼슘염, 경구용 테트라사이클린계 제제, 제산제와 함께 복용하지 마십시오. 항알도스테론제, 트리암테렌과 함께 복용 시 의사 또는 약사와 상의하십시오. 녹차, 홍차 등 탄닌을 함유하는 차는 복용 중, 복용 전후에는 피하십시오."
202500569,센스카나겔,센스카나,,동국제약(주),,"항응고제(쿠마린, 아스피린, 디피리다몰, 덱스트란, 스트렙토키나제)와 함께 사용하지 마십시오."
202500567,세다큐업콜드연질캡슐,세다큐업콜드,,경남제약(주),https://nedrug.mfds.go.kr/pbp/cmn/itemImageDownload/1PY1nSsWVU0,"아세트아미노펜을 포함하는 다른 제품, MAO억제제(항우울제, 항정신병제, 감정조절제, 항파킨슨제 등), 진해거담제, 다른 감기약, 해열진통제, 진정제, 항히스타민제를 함유하는 내복약(비염용 경구제, 멀미약, 알레르기용약)과 함께 복용하지 마십시오. 복용 중에는 음주하지 마십시오. 당뇨약, 통풍약, 관절염약, 항응고제, 스테로이드제, 바르비탈계 약물, 삼환계 항우울제, 알코올, 플루클록사실린과 함께 복용 시 의사 또는 약사와 상의하십시오."
202500570,포비콜프렙외용액(포비돈요오드),포비콜프렙외용,포비돈요오드,(주)퍼슨,,"리튬, 클로르헥시딘, 설파디아진․은화합물, 알칼리, 수은을 함유한 제제, 효소성분의 상처치료제, 과산화수소와 함께 사용하지 마십시오."
202500574,유미칼디정,유미칼디,,(주)한국파비스제약,https://nedrug.mfds.go.kr/pbp/cmn/itemImageDownload/1PQoG7qcUo-,"인산염, 칼슘염, 경구용 테트라사이클린계 제제, 제산제, 레보도파, 항알도스테론제, 트리암테렌과 함께 복용하지 마십시오. 녹차, 홍차 등 탄닌을 함유하는 차는 복용 중, 복용 전후에는 피하십시오."
202500577,마이비칼정,마이비칼,,신풍제약(주),https://nedrug.mfds.go.kr/pbp/cmn/itemImageDownload/1PRCAdwdCrZ,"인산염, 칼슘염, 경구용 테트라사이클린계 제제, 제산제와 함께 복용하지 마십시오. 항알도스테론제, 트리암테렌과 함께 복용 시 의사 또는 약사와 상의하십시오. 녹차, 홍차 등 탄닌을 함유하는 차는 복용 중, 복용 전후에는 피하십시오."
202500584,비라밸에센정,비라밸에센,,동화약품(주),https://nedrug.mfds.go.kr/pbp/cmn/itemImageDownload/1PUfXKRAWMk,레보도파와 함께 복용하지 마십시오. 에스트로겐을 포함한 경구용 피임제와 함께 복용 시 의사 또는 약사와 상의하십시오.
202500586,세다큐업코프연질캡슐,세다큐업코프,,경남제약(주),https://nedrug.mfds.go.kr/pbp/cmn/itemImageDownload/1PY1nSsWVWV,"MAO억제제(항우울제, 항정신병제, 감정조절제, 항파킨슨제 등), 진해거담제, 다른 감기약, 해열진통제, 진정제, 항히스타민제를 함유하는 내복약(비염용 경구제, 멀미약, 알레르기용약), 플루클록사실린과 함께 복용하지 마십시오. 복용 중에는 음주하지 마십시오. 당뇨약, 통풍약, 관절염약, 항응고제, 스테로이드제, 바르비탈계 약물, 삼환계 항우울제, 알코올과 함께 복용 시 의사 또는 약사와 상의하십시오."
202500602,유어칼큐정,유어칼큐,,한국프라임제약(주),https://nedrug.mfds.go.kr/pbp/cmn/itemImageDownload/1PPg5G3u-SF,"인산염, 칼슘염, 경구용 테트라사이클린계 제제, 제산제와 함께 복용하지 마십시오. 항알도스테론제, 트리암테렌과 함께 복용 시 의사 또는 약사와 상의하십시오. 녹차, 홍차 등 탄닌을 함유하는 차는 복용 중, 복용 전후에는 피하십시오."
202500588,판콜에이치건조시럽,판콜에이치,,동화약품(주),,"이 약을 복용하는 동안 진해거담제, 다른 감기약, 해열진통제, 진정제, 항히스타민제, 디펜히드라민을 함유하는 제제를 함께 복용하지 마십시오. 이 약을 복용하기 전에 당뇨약, 통풍약, 관절염약, 항응고제, 스테로이드제, 바르비탈계 약물, 삼환계 항우울제 및 알코올, 플루클록사실린 등을 투여받고 있는 사람은 의사 또는 약사와 상의하십시오. 복용 중 음주하지 마십시오."
202500603,시트큐정,시트큐,,(주)바이넥스,https://nedrug.mfds.go.kr/pbp/cmn/itemImageDownload/1PQoG7qcUne,"인산염, 칼슘염, 경구용 테트라사이클린계 제제, 제산제와 함께 복용하지 마십시오. 항알도스테론제, 트리암테렌과 함께 복용 시 의사 또는 약사와 상의하십시오. 녹차, 홍차 등 탄닌을 함유하는 차는 복용 중, 복용 전후에는 피하십시오."
202500617,광동칼디정,광동칼디,,광동제약(주),https://nedrug.mfds.go.kr/pbp/cmn/itemImageDownload/1PSUPVHMxdh,"인산염, 칼슘염, 경구용 테트라사이클린계 제제, 제산제와 함께 복용하지 마십시오. 항알도스테론제, 트리암테렌과 함께 복용 시 의사 또는 약사와 상의하십시오. 녹차, 홍차 등 탄닌을 함유하는 차는 복용 중, 복용 전후에는 피하십시오."
202500622,라이트칼디코정,라이트칼디코,,(주)라이트팜텍,https://nedrug.mfds.go.kr/pbp/cmn/itemImageDownload/1PQEOn-UJx_,"인산염, 칼슘염, 경구용 테트라사이클린계 제제, 제산제와 함께 복용하지 마십시오. 항알도스테론제, 트리암테렌과 함께 복용 시 의사 또는 약사와 상의하십시오. 녹차, 홍차 등 탄닌을 함유하는 차는 복용 중, 복용 전후에는 피하십시오."
202500628,유한메가비타액,유한메가비타,,(주)유한양행,,"인산염, 칼슘염, 경구용 테트라사이클린계 제제, 제산제, 레보도파와 함께 복용하지 마십시오. 항알도스테론제, 트리암테렌과 함께 복용 시 의사 또는 약사와 상의하십시오. 녹차, 홍차 등 탄닌을 함유하는 차는 복용 중, 복용 전후에는 피하십시오."
202500641,유칼본정,유칼본,,한국넬슨제약(주),https://nedrug.mfds.go.kr/pbp/cmn/itemImageDownload/1PRHGzqJTxd,"인산염, 칼슘염, 경구용 테트라사이클린계 제제, 제산제와 함께 복용하지 마십시오. 항알도스테론제, 트리암테렌과 함께 복용 시 의사 또는 약사와 상의하십시오. 녹차, 홍차 등 탄닌을 함유하는 차는 복용 중, 복용 전후에는 피하십시오."
202500642,엘비페롤플러스정,엘비페롤플러스,,에이치엘비제약(주),https://nedrug.mfds.go.kr/pbp/cmn/itemImageDownload/1PVT2BLp3IU,"인산염, 칼슘염, 경구용 테트라사이클린계 제제, 제산제, 항알도스테론제, 트리암테렌과 함께 복용하지 마십시오. 녹차, 홍차 등 탄닌을 함유하는 차는 복용 중, 복용 전후에는 피하십시오."
202500644,자모다정(독시라민숙신산염),자모다,독시라민숙신산염,(주)와이에스생명과학,https://nedrug.mfds.go.kr/pbp/cmn/itemImageDownload/1PVT2BLp3GE,"이미프라민계 항우울약, 항파킨슨제, 디소피라미드와 함께 복용하지 마십시오. 복용 중 음주하지 마십시오."
202500650,리버타치온정(글루타티온(환원형)),리버타치온,글루타티온,한국프라임제약(주),https://nedrug.mfds.go.kr/pbp/cmn/itemImageDownload/1PRVuA0AkIu,
202500672,네오칼큐정,네오칼큐,,주식회사제뉴원사이언스,https://nedrug.mfds.go.kr/pbp/cmn/itemImageDownload/1PRVuA0AkHn,"인산염, 칼슘염, 경구용 테트라사이클린계 제제, 제산제와 함께 복용하지 마십시오. 항알도스테론제, 트리암테렌과 함께 복용 시 의사 또는 약사와 상의하십시오. 녹차, 홍차 등 탄닌을 함유하는 차는 복용 중, 복용 전후에는 피하십시오."
202500676,비디콤비정,비디콤비,,코오롱제약(주),https://nedrug.mfds.go.kr/pbp/cmn/itemImageDownload/1PQoG7qcUme,"인산염, 칼슘염, 경구용 테트라사이클린계 제제, 제산제와 함께 복용하지 마십시오. 항알도스테론제, 트리암테렌과 함께 복용 시 의사 또는 약사와 상의하십시오. 녹차, 홍차 등 탄닌을 함유하는 차는 복용 중, 복용 전후에는 피하십시오."
202500677,덱센펜연질캡슐(덱시부프로펜),덱센펜,덱시부프로펜,경남제약(주),https://nedrug.mfds.go.kr/pbp/cmn/itemImageDownload/1PY1nSsWVYa,"이 약을 복용하는 동안 아스피린, 다른 비스테로이드성 소염진통제, 고용량의 메토트렉세이트를 함께 복용하지 마십시오. 이 약을 복용하기 전에 코르티코스테로이드, 알코올, 디곡신, 페니토인, 프로베네시드, 설핀피라존, 설포닐우레아제, ACE 억제제 또는 안지오텐신Ⅱ 수용체 길항제, 이뇨제, 리튬, 쿠마린계 항응고제(와르파린 등), 바클로펜, 면역억제제(시클로스포린, 타크로리무스, 시롤리무스), 혈전용해제, 티클로피딘, 항혈전제, 혈중 칼륨농도를 증가시키는 약물(칼륨 저류형 이뇨제, ACE 억제제, 안지오텐신-Ⅱ 수용체 길항제, 시클로스포린과 타크로리무스와 같은 면역억제제, 트리메토프림, 헤파린 등), CYP2C8, CYP2C9의 유도제(리팜피신, 페노바르비탈), 저용량(15 mg/주 미만)의 메토트렉세이트, 항혈소판제 및 선택적 세로토닌 재흡수 억제제, 저용량의 아스피린과 함께 복용 시 의사 또는 약사와 상의하십시오."
202500690,콜레시움정,콜레시움,,(주)메디카코리아,https://nedrug.mfds.go.kr/pbp/cmn/itemImageDownload/1PRrFJsSsvl,"인산염, 칼슘염, 경구용 테트라사이클린계 제제, 제산제와 함께 복용하지 마십시오. 항알도스테론제, 트리암테렌과 함께 복용 시 의사 또는 약사와 상의하십시오. 녹차, 홍차 등 탄닌을 함유하는 차는 복용 중, 복용 전후에는 피하십시오."
202500733,에버칼디플러스정,에버칼디플러스,,(주)팜젠사이언스,https://nedrug.mfds.go.kr/pbp/cmn/itemImageDownload/1PQoG7qcUoL,"인산염, 칼슘염, 경구용 테트라사이클린계 제제, 제산제와 함께 복용하지 마십시오. 항알도스테론제, 트리암테렌과 함께 복용 시 의사 또는 약사와 상의하십시오. 녹차, 홍차 등 탄닌을 함유하는 차는 복용 중, 복용 전후에는 피하십시오."
202500749,알리코칼디정,알리코칼디,,알리코제약(주),https://nedrug.mfds.go.kr/pbp/cmn/itemImageDownload/1PQtZ0qZSDX,"인산염, 칼슘염, 경구용 테트라사이클린계 제제, 제산제와 함께 복용하지 마십시오. 항알도스테론제, 트리암테렌과 함께 복용 시 의사 또는 약사와 상의하십시오. 녹차, 홍차 등 탄닌을 함유하는 차는 복용 중, 복용 전후에는 피하십시오."
202500756,키즈노펜산,키즈노펜,,(주)코아팜바이오,,"다른 해열진통제, 감기약, 진정제와 함께 복용하지 마십시오. 복용 중에는 음주하지 마십시오. 당뇨약, 통풍약, 관절염약, 항응고제, 스테로이드제, 바르비탈계 약물, 삼환계 항우울제, 알코올, 플루클록사실린과 함께 복용 시 의사 또는 약사와 상의하십시오."
202500784,파워스탑플라스타40밀리그램(플루르비프로펜),파워스탑플라스타,플루르비프로펜,경남제약(주),,
202500789,센스힐겔(살리실산),센스힐,살리실산,동국제약(주),,
202500805,모닝엘시럽(락툴로오스액),모닝엘,락툴로오스액,(주)보령바이오파마,,"아카보즈 등의 -글리코시다아제 저해제, 광범위 항균 스펙트럼 항생제, 이뇨제, 코르티코이드, 암포테리신 B, 강심배당체, 제산제 등과 함께 복용 시 의사 또는 약사와 상의하십시오."
202500819,바렌톡네일라카(시클로피록스),바렌톡네일라카,시클로피록스,광동제약(주),,
202500808,세다큐업노즈연질캡슐,세다큐업노즈,,경남제약(주),https://nedrug.mfds.go.kr/pbp/cmn/itemImageDownload/1PY1nSsWVXg,"아세트아미노펜을 포함하는 다른 제품, MAO억제제(항우울제, 항정신병제, 감정조절제, 항파킨슨제 등), 진해거담제, 다른 감기약, 해열진통제, 진정제, 항히스타민제를 함유하는 내복약(비염용 경구제, 멀미약, 알레르기용약)과 함께 복용하지 마십시오. 복용 중에는 음주하지 마십시오. 당뇨약, 통풍약, 관절염약, 항응고제, 스테로이드제, 바르비탈계 약물, 삼환계 항우울제, 알코올, 플루클록사실린과 함께 복용 시 의사 또는 약사와 상의하십시오."
202500868,크레아베이직정,크레아베이직,,명문제약(주),https://nedrug.mfds.go.kr/pbp/cmn/itemImageDownload/1PUZO9zSrWP,
202500823,코큐헬씨타민포르테연질캡슐,코큐헬씨타민포르테,,(주)알피바이오,https://nedrug.mfds.go.kr/pbp/cmn/itemImageDownload/1PT2fGfm5PU,"인산염, 칼슘염, 경구용 테트라사이클린계 제제, 제산제, 레보도파와 함께 복용하지 마십시오. 에스트로겐을 포함한 경구용 피임제, 항알도스테론제, 트리암테렌, 정주용 지질제와 함께 복용 시 의사 또는 약사와 상의하십시오. 녹차, 홍차 등 탄닌을 함유하는 차는 복용 중, 복용 전후에는 피하십시오."
202500870,판테놀케어연고(D-판테놀),판테놀케어,D-판테놀,일동제약(주),,
202500849,코텐파워골드연질캡슐,코텐파워골드,,(주)알피바이오,https://nedrug.mfds.go.kr/pbp/cmn/itemImageDownload/1PUfXKRAWOb,"이 약을 복용하는 동안 인산염, 칼슘염, 경구용 테트라사이클린계 제제, 제산제, 레보도파, 정주용 지질제, 에스트로겐을 포함한 경구용 피임제, 항알도스테론제, 트리암테렌을 함께 복용하지 마십시오. 녹차, 홍차 등 탄닌을 함유하는 차는 복용 중, 복용 전후에는 피하십시오."
202500883,인펙타제정,인펙타제,,신일제약(주),https://nedrug.mfds.go.kr/pbp/cmn/itemImageDownload/1PWvmOITH_1,
202500864,코코엔캡슐,코코엔,,에스케이케미칼(주),https://nedrug.mfds.go.kr/pbp/cmn/itemImageDownload/1Pb_3_20wB1,"다른 비염(코염)용 경구제, 항히스타민제를 함유하는 내복약(감기약, 진해(기침을 그치게함)거담제(가래약), 멀미약, 알레르기용약 등)과 함께 복용하지 마십시오. 복용 중 음주하지 마십시오."
202500897,엘도레인캡슐(에르도스테인),엘도레인,에르도스테인,태극제약(주),https://nedrug.mfds.go.kr/pbp/cmn/itemImageDownload/1PfHQSqa96n,기침약과 함께 복용 시 의사 또는 약사와 상의하십시오.
202500910,조인업더블플라스타(플루르비프로펜),조인업더블플라스타,플루르비프로펜,일양약품(주),,
202500929,크레아포르테정,크레아포르테,,명문제약(주),https://nedrug.mfds.go.kr/pbp/cmn/itemImageDownload/1PUZO9zSrYE,
202500931,마그라민리퀴드더블액션액,마그라민리퀴드더블액션,,일동제약(주),,"인산염, 칼슘염, 경구용 테트라사이클린계 제제, 제산제, 레보도파와 함께 복용하지 마십시오. 항알도스테론제, 트리암테렌과 함께 복용 시 의사 또는 약사와 상의하십시오. 녹차, 홍차 등 탄닌을 함유하는 차는 복용 중, 복용 전후에는 피하십시오."
202500941,스토멀산,스토멀,,신신제약(주),,"이 약을 복용하는 동안 다른 진통제, 감기약, 해열진통제, 항히스타민제, 진정제, 진해거담제, 알코올성 음료 등을 함께 복용하지 마십시오."
202500981,딥슬링연질캡슐(디펜히드라민염산염),딥슬링,디펜히드라민염산염,태극제약(주),https://nedrug.mfds.go.kr/pbp/cmn/itemImageDownload/1PYmB5ZIKou,"다른 최면진정제, MAO억제제, 감기약, 해열진통제, 진해거담약, 항히스타민제를 함유하고 있는 내복약(비염용 내복약, 멀미약, 알러지용약)과 함께 복용하지 마십시오. 복용 중에는 음주하지 마십시오."
202500965,플라낙스정(나프록센나트륨),플라낙스,나프록센나트륨,(주)한국피엠지제약,https://nedrug.mfds.go.kr/pbp/cmn/itemImageDownload/1PT2fGfm5Ow,"다른 비스테로이드성 소염진통제 및 나프록센 유도체, 아스피린, 고용량의 메토트렉세이트와 함께 복용하지 마십시오. 히단토인계 항간질제, 설파제, 설포닐요소계 혈당강하제, 프로프라놀롤 및 다른 -차단제, ACE 저해제(억제제)(캅토프릴 등), 루프계 이뇨제 및 티아지드계 이뇨제, 프로베네시드, 리튬, 저용량 메토트렉세이트, 쿠마린계 항응혈제(혈액응고저지제)(와파린 등), 지도부딘, 뉴퀴놀론계 항생물질(에녹사신 등)과 함께 복용 시 의사 또는 약사와 상의하십시오."
202500975,비타미노펜스트롱연질캡슐,비타미노펜스트롱,,(주)알피바이오,https://nedrug.mfds.go.kr/pbp/cmn/itemImageDownload/1PZOYZh8vAK,"다른 해열진통제, 감기약, 진정제, 아세트아미노펜을 포함하는 다른 제품과 함께 복용하지 마십시오. 복용 중 음주하지 마십시오. 당뇨약, 통풍약, 관절염약, 항응고제, 스테로이드제, 바르비탈계 약물, 삼환계 항우울제, 알코올, 정주용 지질제, 플루클록사실린과 함께 복용 시 의사 또는 약사와 상의하십시오."
202500982,보니카디정,보니카디,,(주)대웅제약,https://nedrug.mfds.go.kr/pbp/cmn/itemImageDownload/1PU5OK3EfXh,"인산염, 칼슘염, 경구용 테트라사이클린계 제제, 제산제와 함께 복용하지 마십시오. 항알도스테론제, 트리암테렌과 함께 복용 시 의사 또는 약사와 상의하십시오. 녹차, 홍차 등 탄닌을 함유하는 차는 복용 중, 복용 전후에는 피하십시오."
202501013,알레노즈캡슐,알레노즈,,신신제약(주),https://nedrug.mfds.go.kr/pbp/cmn/itemImageDownload/1Pb_3_20wBb,"다른 비염(코염)용 경구제, 항히스타민제를 함유하는 내복약(감기약, 진해(기침을 그치게함)거담제(가래약), 멀미약, 알레르기용약 등)과 함께 사용하지 마십시오. 복용 중에는 음주하지 마십시오."
202501015,아르기샷액(L-아스파르트산-L-아르기닌수화물),아르기샷,L-아스파르트산-L-아르기닌수화물,동국제약(주),,"항정신병약, 수면제와 함께 복용하지 마십시오."
202501022,본에이디에스정,본에이디에스,,주식회사더유제약,https://nedrug.mfds.go.kr/pbp/cmn/itemImageDownload/1PTcEU22-M2,"인산염, 칼슘염, 경구용 테트라사이클린계 제제, 제산제, 항알도스테론제, 트리암테렌과 함께 복용하지 마십시오. 녹차, 홍차 등 탄닌을 함유하는 차는 복용 중, 복용 전후에는 피하십시오."
202501032,러지페린정,러지페린,,(주)바스칸바이오제약,https://nedrug.mfds.go.kr/pbp/cmn/itemImageDownload/1PbPDQ7ygTY,"혈압강하제, 알코올, 중추신경억제제(수면제, 진정제, 안정제), MAO 억제제, 교감신경흥분제, 삼환계 항우울약, 구아네티딘, 브레틸리움, 베타나이드, 데브리소퀸, 메칠도파, 교감신경성약(충혈제거제, 식욕억제제, 암페타민류의 신경자극제), 및 아드레날린 저해제와 함께 복용하지 마십시오. MAO억제제 복용 최소 15일 후 이 약을 복용하십시오."
202501043,일양쓰리쏙정,일양쓰리쏙,,일양약품(주),https://nedrug.mfds.go.kr/pbp/cmn/itemImageDownload/1PYbmiyGt9H,"테트라사이클린계 항생제와 함께 복용하지 마십시오. 디곡신, 캅토프릴, 시메티딘, 라니티딘, 파모티딘, 테오필린, 프로프라노롤, 아테놀롤, 황산철, 클로로프로마진, 아세틸살리실산, 나프록센, 메토프롤롤, 레보도파 등의 약물 재흡수에 영향을 주는 약물과 함께 복용 시 의사 또는 약사와 상의하십시오. 알루미늄이 함유된 제산제 복용 후 1~2시간 이내에는 다른 약물의 복용은 피하십시오."
202501091,장엔클캡슐,장엔클,,에스케이케미칼(주),https://nedrug.mfds.go.kr/pbp/cmn/itemImageDownload/1PYgBkx_bFl,위장진통·진경제와 함께 복용하지 마십시오. 복용 중 음주하지 마십시오.
202501133,손바렌크림(우레아),손바렌,우레아,조아제약(주),,"코르티코이드, 디트라놀, 5-플루오로우라실을 함께 사용 시 의사 또는 약사와 상의하십시오."
202501147,판비오틴정(비오틴),판비오틴,비오틴,동국제약(주),https://nedrug.mfds.go.kr/pbp/cmn/itemImageDownload/1PavwsyoPw-,"날계란과 함께 복용하지 마십시오. 카르바마제핀, 페니토인, 페노바르비탈, 항생제와 함께 복용 시 의사 또는 약사와 상의하십시오."
202501166,치센정600밀리그램(디오스민),치센,디오스민,동국제약(주),https://nedrug.mfds.go.kr/pbp/cmn/itemImageDownload/1PVIq5jNFmm,
202501146,본갈근탕플러스액,본갈근탕플러스,,익수제약(주),,"진해(기침을 그치게 함)거담제(가래약), 다른 감기약, 해열진통제, 진정제, 항히스타민제를 함유하는 내복약(비(코)염용 경구제, 멀미약, 알레르기용약)과 함께 복용하지 마십시오. 당뇨약, 통풍약, 관절염약, 항응고제, 스테로이드제, 바르비탈계 약물, 삼환계 항우울제 및 알코올, 칼륨함유제제, 감초함유제제, 글리시리진산 또는 그 염류 함유제제, 루프계 이뇨제(푸로세미드, 에타크린산) 또는 티아지드계 이뇨제(트리클로르메티아지드), 플루클록사실린과 함께 복용 시 의사 또는 약사와 상의하십시오. 복용 중에는 음주하지 마십시오."
202501237,리드테라비메가액티브정,리드테라비메가액티브,,주식회사 노바엠헬스케어,https://nedrug.mfds.go.kr/pbp/cmn/itemImageDownload/1PaSSgsLCto,"인산염, 칼슘염, 경구용 테트라사이클린계 제제, 제산제, 레보도파와 함께 복용하지 마십시오. 정주용 지질제, 에스트로겐을 포함한 경구용 피임제, 항알도스테론제, 트리암테렌과 함께 복용 시 의사 또는 약사와 상의하십시오. 녹차, 홍차 등 탄닌을 함유하는 차는 복용 중, 복용 전후에는 피하십시오."
202501161,오소플루오리엔스캡슐,오소플루오리엔스,,주식회사 제이비케이랩,https://nedrug.mfds.go.kr/pbp/cmn/itemImageDownload/1PY75Fkp75A,"MAO억제제(항우울제, 항정신병제, 감정조절제, 항파킨슨제 등), 진해거담제, 다른 감기약, 해열진통제, 진정제, 항히스타민제를 함유하는 내복약(비염용 경구제, 멀미약, 알레르기용약)과 함께 복용하지 마십시오. 복용 중에는 음주하지 마십시오. 당뇨약, 통풍약, 관절염약, 항응고제, 스테로이드제, 바르비탈계 약물, 삼환계 항우울제, 알코올, 칼륨함유제제, 감초함유제제, 글리시리진산 또는 그 염류 함유제제, 루프계 이뇨제(푸로세미드, 에타크린산) 또는 티아지드계 이뇨제(트리클로르메티아지드), 플루클록사실린과 함께 복용 시 의사 또는 약사와 상의하십시오."
202501274,케펨쿨앤핫플라스타,케펨쿨앤핫플라스타,,(주)종근당,,
202501164,세티리엔정(세티리진염산염),세티리엔,세티리진염산염,에스케이케미칼(주),https://nedrug.mfds.go.kr/pbp/cmn/itemImageDownload/1PWq7YK8_Ck,"테오필린, 리토나비르와 함께 복용하지 마십시오. 과량의 알코올과 함께 복용하지 마십시오."
202501318,칼엠디정,칼엠디,,한미약품(주),https://nedrug.mfds.go.kr/pbp/cmn/itemImageDownload/1PZp2vQMjf2,"인산염, 칼슘염, 경구용 테트라사이클린계 제제, 제산제와 함께 복용하지 마십시오. 항알도스테론제, 트리암테렌과 함께 복용 시 의사 또는 약사와 상의하십시오. 녹차, 홍차 등 탄닌을 함유하는 차는 복용 중, 복용 전후에는 피하십시오."
202501211,코텐비타큐연질캡슐,코텐비타큐,,(주)알피바이오,https://nedrug.mfds.go.kr/pbp/cmn/itemImageDownload/1PZOYZh8v8z,"인산염, 칼슘염, 경구용 테트라사이클린계 제제, 제산제, 레보도파와 함께 복용하지 마십시오. 에스트로겐을 포함한 경구용 피임제, 항알도스테론제, 트리암테렌, 정주용 지질제와 함께 복용 시 의사 또는 약사와 상의하십시오. 녹차, 홍차 등 탄닌을 함유하는 차는 복용 중, 복용 전후에는 피하십시오."
202501352,챔큐비타시럽,챔큐비타,,동아제약(주),,"인산염, 칼슘염, 경구용 테트라사이클린계 제제, 제산제, 레보도파와 함께 복용하지 마십시오. 녹차, 홍차 등 탄닌을 함유하는 차는 복용 중, 복용 전후에는 피하십시오."
202501249,락콜드코프시럽,락콜드코프,,삼진제약(주),,"MAO억제제(항우울제, 항정신병제, 감정조절제, 항파킨슨제 등), 진해거담제, 다른 감기약, 해열진통제, 진정제, 항히스타민제를 함유하는 내복약(비염용 경구제, 멀미약, 알레르기용약)과 함께 복용하지 마십시오. 복용 중 음주하지 마십시오. 당뇨약, 통풍약, 관절염약, 항응고제, 스테로이드제, 바르비탈계 약물, 삼환계 항우울제, 알코올, 플루클록사실린과 함께 복용 시 의사 또는 약사와 상의하십시오."
202501405,리쥬치온정(글루타티온(환원형)),리쥬치온,글루타티온,(주)옵투스제약,https://nedrug.mfds.go.kr/pbp/cmn/itemImageDownload/1PeJXiBDU0p,정주용 지질제와 함께 복용 시 의사 또는 약사와 상의하십시오.
202501250,락콜드종합시럽,락콜드종합,,삼진제약(주),,"아세트아미노펜을 포함하는 다른 제품, 진해거담제, 다른 감기약, 해열진통제, 진정제, 항히스타민제를 함유하는 내복약(비염용 경구제, 멀미약, 알레르기용약)과 함께 복용하지 마십시오. 당뇨약, 통풍약, 관절염약, 항응고제, 스테로이드제, 바르비탈계 약물, 삼환계 항우울제, 알코올을 투여한 경우 의사 또는 약사와 상의하십시오. 복용 중에는 음주하지 마십시오."
202501426,센스온스피드더블액션액,센스온스피드더블액션,,동국제약(주),,"인산염, 칼슘염, 경구용 테트라사이클린계 제제, 제산제, 레보도파와 함께 복용하지 마십시오. 항알도스테론제, 트리암테렌과 함께 복용 시 의사 또는 약사와 상의하십시오. 녹차, 홍차 등 탄닌을 함유하는 차는 복용 중, 복용 전후에는 피하십시오."
202501303,제이프록센정(나프록센나트륨),제이프록센,나프록센나트륨,진양제약(주),https://nedrug.mfds.go.kr/pbp/cmn/itemImageDownload/1PbfaIz7Ci-,"다른 비스테로이드성 소염진통제, 나프록센 유도체, 고용량의 메토트렉세이트와 함께 복용하지 마십시오. 히단토인계 항뇌전증약, 설파제, 설포닐요소계 혈당강하제, 프로프라놀롤 및 다른 -차단제, ACE억제제(캅토프릴 등), 루프계 이뇨제 및 치아짓계 이뇨제, 프로베네시드, 아스피린, 리튬, 저용량의 메토트렉세이트, 쿠마린계 혈액응고저지제(와파린 등), 지도부딘, 뉴퀴놀론계 항생물질(에녹사신 등)과 함께 복용 시 의사 또는 약사와 상의하십시오."
202501326,래피콜케어건조시럽,래피콜케어,,(주)유한양행,,"MAO억제제(항우울제, 항정신병제, 감정조절제, 항파킨슨제 등), 진해거담제, 다른 감기약, 해열진통제, 진정제, 항히스타민제를 함유하는 내복약(비염용 경구제, 멀미약, 알레르기용약)과 함께 복용하지 마십시오. 복용 중에는 음주하지 마십시오. 당뇨약, 통풍약, 관절염약, 항응고제, 스테로이드제, 바르비탈계 약물, 삼환계 항우울제, 알코올, 플루클록사실린과 함께 복용 시 의사 또는 약사와 상의하십시오."
202501427,콘드인정,콘드인,,한국프라임제약(주),https://nedrug.mfds.go.kr/pbp/cmn/itemImageDownload/1PYWTgb4tlN,"인산염, 칼슘염, 경구용 테트라사이클린계 제제, 제산제와 함께 복용하지 마십시오. 에스트로겐을 포함한 경구용 피임제, 항알도스테론제, 트리암테렌, 정주용 지질제와 함께 복용 시 의사 또는 약사와 상의하십시오. 녹차, 홍차 등 탄닌을 함유하는 차는 복용 중, 복용 전후에는 피하십시오."
202501414,모드콜키즈펜시럽(아세트아미노펜),모드콜키즈펜,아세트아미노펜,(주)종근당,,"바르비탈계 약물, 삼환계 항우울제, 알코올, 다른 소염진통제와 함께 복용하지 마십시오. 와파린, 리튬, 티아지드계 이뇨제, 플루클록사실린과 함께 복용 시 의사 또는 약사와 상의하십시오."
202501467,다비슬림정,다비슬림,,(주)씨엠지제약,https://nedrug.mfds.go.kr/pbp/cmn/itemImageDownload/1PZzCbk5VBm,제산제 또는 우유 섭취 후 1시간 이내에는 이 약을 복용하지 마십시오.
202501470,아모틴정10mg(파모티딘),아모틴,파모티딘,오스틴제약(주),https://nedrug.mfds.go.kr/pbp/cmn/itemImageDownload/1PWQpwYwnI-,"비스테로이드성 소염(항염)진통제, 무좀치료제 및 항진균제(이트라코나졸 및 포사코나졸 경구현탁액 등), 티로신 키나아제 억제제(다사티닙, 엘로티닙, 게피티니브, 파조파닙 등)과 함께 복용 시 의사 또는 약사와 상의하십시오. 복용 중 음주하지 마십시오."
202501474,케펨공파스플라스타,케펨공파스플라스타,,(주)종근당,,
202501496,오소플루콜드캡슐,오소플루콜드,,주식회사 제이비케이랩,https://nedrug.mfds.go.kr/pbp/cmn/itemImageDownload/1PY75Fkp75m,"진해거담제, 다른 감기약, 해열진통제, 진정제, 항히스타민제를 함유하는 내복약(비염용 경구제, 멀미약, 알레르기용약)과 함께 복용하지 마십시오. 당뇨약, 통풍약, 관절염약, 항응고제, 스테로이드제, 바르비탈계 약물, 삼환계 항우울제 및 알코올, 플루클록사실린과 함께 복용 시 의사 또는 약사와 상의하십시오. 복용 중에는 음주하지 마십시오."
202501506,안티푸라민코인알파플라스타,안티푸라민코인알파플라스타,,(주)유한양행,,
202501523,베나치오프로액,베나치오프로,,동아제약(주),,
202501548,팜페인리렉스정,팜페인리렉스,,이연제약(주),,"다른 해열진통제, 감기약, 진정약 등과 함께 복용하지 마십시오."
202501561,광동콜에스액,광동콜에스,,광동제약(주),,"진해(기침을 그치게 함)거담제(가래약), 다른 감기약, 해열진통제, 진정제, 항히스타민제를 함유하는 내복약(비(코)염용 경구제, 멀미약, 알레르기용약)과 함께 복용하지 마십시오. 당뇨약, 통풍약, 관절염약, 항응고제, 스테로이드제, 바르비탈계 약물, 삼환계 항우울제 및 알코올, 플루클록사실린과 함께 복용 시 의사 또는 약사와 상의하십시오. 복용 중에는 음주하지 마십시오."
202501581,콜민에스정,콜민에스,,영진약품(주),https://nedrug.mfds.go.kr/pbp/cmn/itemImageDownload/1PWq7YK8_Nw,"MAO억제제(항우울제, 항정신병제, 감정조절제, 항파킨슨제 등), 다른 비염용 경구제, 항히스타민제를 함유하는 내복약(감기약, 진해거담제, 멀미약, 알레르기용약 등)과 함께 복용하지 마십시오. 복용 중에는 음주하지 마십시오. 당뇨약, 통풍약, 관절염약, 항응고제, 스테로이드제, 바르비탈계 약물, 삼환계 항우울제, 알코올과 함께 복용 시 의사 또는 약사와 상의하십시오."
202501579,콜콜콜드연질캡슐,콜콜콜드,,조아제약(주),https://nedrug.mfds.go.kr/pbp/cmn/itemImageDownload/1Pc8bb3Cc3C,"MAO억제제(항우울제, 항정신병제, 감정조절제, 항파킨슨제 등), 진해거담제, 다른 감기약, 해열진통제, 진정제, 항히스타민제를 함유하는 내복약(비염용 경구제, 멀미약, 알레르기용약)과 함께 복용하지 마십시오. 복용 중 음주하지 마십시오. 당뇨약, 통풍약, 관절염약, 항응고제, 스테로이드제, 바르비탈계 약물, 삼환계 항우울제, 알코올, 플루클록사실린과 함께 복용 시 의사 또는 약사와 상의하십시오."
202501602,자하골드액,자하골드,,조아제약(주),,레보도파 성분의 약과 함께 복용하지 마십시오.
202501583,히어로쿨산,히어로쿨,,삼진제약(주),,"다른 해열진통제, 감기약, 진정제와 함께 복용하지 마십시오. 당뇨약, 통풍약, 관절염약, 항응고제, 스테로이드제, 바르비탈계 약물, 삼환계 항우울제 및 알코올, 플루클록사실린과 함께 복용 시 의사 또는 약사와 상의하십시오."
202501699,베아로제에스정,베아로제에스,,한솔신약(주),https://nedrug.mfds.go.kr/pbp/cmn/itemImageDownload/1Pg4n2lmqoE,
202501707,더마그램연질캡슐(L-시스틴),더마그램,L-시스틴,(주)종근당,https://nedrug.mfds.go.kr/pbp/cmn/itemImageDownload/1PdqRS_0xKS,
202501607,하이플러스정,하이플러스,,경남제약(주),https://nedrug.mfds.go.kr/pbp/cmn/itemImageDownload/1PejGBSfPqn,"바르비탈계 약물, 삼환계 항우울제, 알코올, 다른 소염진통제와 함께 복용하지 마십시오. 와르파린, 리튬, 티아자이드계 이뇨제, 플루클록사실린과 함께 복용 시 의사 또는 약사와 상의하십시오. 아세트아미노펜으로 일일 최대 용량(4,000 mg)을 초과하여 복용하지 마십시오. 간손상을 일으킬 수 있습니다. 아세트아미노펜을 포함하는 다른 제품과 함께 복용하지 마십시오."
202501708,제트리진정(세티리진염산염),제트리진,세티리진염산염,삼성제약(주),https://nedrug.mfds.go.kr/pbp/cmn/itemImageDownload/1PaCreQ2lYC,"테오필린, 리토나비어, 과량의 알코올과 함께 복용하지 마십시오."
202501617,액티플루노즈캡슐,액티플루노즈,,삼일제약(주),https://nedrug.mfds.go.kr/pbp/cmn/itemImageDownload/1PejGBSfPrT,"진해거담제, 다른 감기약, 해열진통제, 진정제, 항히스타민제를 함유하는 내복약(비염용 경구제, 멀미약, 알레르기용약)과 함께 복용하지 마십시오. 당뇨약, 통풍약, 관절염약, 항응고제, 스테로이드제, 알코올을 투여한 경우 의사 또는 약사와 상의하십시오. 복용 중에는 음주하지 마십시오."
202501821,써스펜키즈시럽(아세트아미노펜),써스펜키즈,아세트아미노펜,한미약품(주),,"바르비탈계 약물, 삼환계 항우울제 및 알코올을 복용한 환자, 와파린, 리튬, 티아지드계 이뇨제, 플루클록사실린과 함께 복용 시 의사 또는 약사와 상의하십시오."
202501643,판피린나이트액,판피린나이트,,동아제약(주),,"MAO억제제(항우울제, 항정신병제, 감정조절제, 항파킨슨제 등), 진해거담제, 다른 감기약, 해열진통제, 진정제, 항히스타민제를 함유하는 내복약(비염용 경구제, 멀미약, 알레르기용약), 디펜히드라민을 함유하는 제제와 함께 복용하지 마십시오. 복용 중에는 음주하지 마십시오. 당뇨약, 통풍약, 관절염약, 항응고제, 스테로이드제, 바르비탈계 약물, 삼환계 항우울제, 알코올, 플루클록사실린과 함께 복용 시 의사 또는 약사와 상의하십시오."
202501826,종근당이지퀵액(폴리에틸렌글리콜4000),종근당이지퀵,폴리에틸렌글리콜4000,(주)종근당,,
202501659,콜대원키즈콜드에스시럽,콜대원키즈콜드에스,,대원제약(주),,"MAO억제제(항우울제, 항정신병제, 감정조절제, 항파킨슨제 등), 진해거담제(기침·가래약), 다른 감기약, 해열진통제, 진정제, 항히스타민제를 함유하는 내복약(비염용 경구제, 멀미약, 알레르기용약)과 함께 복용하지 마십시오. 복용 중에는 음주하지 마십시오. 당뇨약, 통풍약, 관절염약, 항응고제, 스테로이드제, 바르비탈계 약물, 삼환계 항우울제, 알코올, 플루클록사실린과 함께 복용 시 의사 또는 약사와 상의하십시오."
202501843,삼성트로멜라정,삼성트로멜라,,삼성제약(주),https://nedrug.mfds.go.kr/pbp/cmn/itemImageDownload/1Pdf_ZRy_R1,항응고제와 함께 복용 시 의사 또는 약사와 상의하십시오.
202501737,씨콜드프리미엄정,씨콜드프리미엄,,(주)대웅제약,https://nedrug.mfds.go.kr/pbp/cmn/itemImageDownload/1PeyjNELkzq,"MAO억제제(항우울제, 항정신병제, 감정조절제, 항파킨슨제 등), 진해거담제, 다른 감기약, 해열진통제, 진정제, 항히스타민제를 함유하는 내복약(비염용 경구제, 멀미약, 알레르기용약), 디펜히드라민을 함유하는 제제와 함께 복용하지 마십시오. 당뇨약, 통풍약, 관절염약, 항응고제, 스테로이드제, 바르비탈계 약물, 삼환계 항우울제, 알코올, 플루클록사실린과 함께 복용 시 의사 또는 약사와 상의하십시오. 복용 중에는 음주하지 마십시오."
202501781,티엔하이펜에이정,티엔하이펜에이,,(주)넥스팜코리아,https://nedrug.mfds.go.kr/pbp/cmn/itemImageDownload/1PeOC8u9aTD,"MAO억제제(항우울제, 항정신병제, 감정조절제, 항파킨슨제 등), 진해거담제, 다른 감기약, 해열진통제, 진정제, 항히스타민제를 함유하는 내복약(비염용 경구제, 멀미약, 알레르기용약)과 함께 복용하지 마십시오. 복용 중에는 음주하지 마십시오. 당뇨약, 통풍약, 관절염약, 항응고제, 스테로이드제, 바르비탈계 약물, 삼환계 항우울제, 알코올, 플루클록사실린과 함께 복용 시 의사 또는 약사와 상의하십시오."
202501887,씨스타리치점안액1.5%(카르복시메틸셀룰로오스나트륨)(1회용),씨스타리치,1회용,대우제약(주),,
202501797,유한미녹펜겔5%(미녹시딜),유한미녹펜,미녹시딜,(주)유한양행,,"다른 두피용 약물, 외용 코르티코이드, 레티노이드, 바셀린, 디트라놀 또는 경피흡수 촉진 약물과 함께 사용하지 마십시오. 혈관확장제(구아네티틴 등)와 함께 사용시 의사 또는 약사와 상의하십시오."
202501892,속편한정,속편한,,에스케이케미칼(주),https://nedrug.mfds.go.kr/pbp/cmn/itemImageDownload/1Pg4n2lmqpZ,이 약을 복용하기 전에 다른 약물을 복용하고 있는 경우 의사 또는 약사와 상의하십시오.
202501989,바실루비캡슐,바실루비,,건일바이오팜주식회사,https://nedrug.mfds.go.kr/pbp/cmn/itemImageDownload/1Pf-Zs-6YFY,
202501849,맥시부펜노즈연질캡슐,맥시부펜노즈,,한미약품(주),https://nedrug.mfds.go.kr/pbp/cmn/itemImageDownload/1PeJXiBDT-7,"진해거담제, 다른 감기약, 해열진통제, 진정제, 항히스타민제를 함유하는 내복약(비염용 경구제, 멀미약, 알레르기용약)과 함께 복용하지 마십시오. 당뇨약, 통풍약, 관절염약, 항응고제, 스테로이드제, 알코올을 투여한 경우 의사 또는 약사와 상의하십시오. 복용 중에는 음주하지 마십시오."
202502004,마그포스트리플정,마그포스트리플,,코오롱제약(주),https://nedrug.mfds.go.kr/pbp/cmn/itemImageDownload/1PhCnLZlBsN,"인산염, 칼슘염, 경구용 테트라사이클린계 제제, 제산제, 레보도파와 함께 복용하지 마십시오. 에스트로겐을 포함한 경구용 피임제, 항알도스테론제, 트리암테렌, 정주용 지질제와 함께 복용 시 의사 또는 약사와 상의하십시오. 녹차, 홍차 등 탄닌을 함유하는 차는 복용 중, 복용 전후에는 피하십시오."
202501947,알파키연질캡슐0.5마이크로그램(알파칼시돌),알파키,알파칼시돌,(주)유유제약,https://nedrug.mfds.go.kr/pbp/cmn/itemImageDownload/1PYFqZxFyIa,"마그네슘 함유제제, 비타민 D와 그 유도체, 칼슘 함유제제 또는 티아지드계 이뇨제와 함께 복용하지 마십시오. 디기탈리스, 콜레스티라민 같은 수지나 사하제인 미네랄 오일, 페니토인과 글루코코르티코이드, 콜레스티폴, 수크랄페이트 또는 알루미늄이 다량 함유된 제산제, 에스트로겐(에치닐에스트라디올, 노르에티스테론), 바르비탈계 약물 또는 항전간제와 함께 복용 시 의사 또는 약사와 상의하십시오."
202502031,마이톡톡케어점안액,마이톡톡케어,,대원제약(주),,
202501948,알파키연질캡슐1마이크로그램(알파칼시돌),알파키,알파칼시돌,(주)유유제약,https://nedrug.mfds.go.kr/pbp/cmn/itemImageDownload/1PYFqZxFyJI,"마그네슘 함유제제, 비타민 D와 그 유도체, 칼슘 함유제제 또는 치아지드계 이뇨제와 함께 복용하지 마십시오. 디기탈리스, 콜레스티라민 같은 수지나 사하제인 미네랄 오일, 페니토인과 글루코코르티코이드, 콜레스티폴, 수크랄페이트 또는 알루미늄이 다량 함유된 제산제, 에스트로겐(에치닐에스트라디올, 노르에티스테론), 바르비탈계 약물 또는 항전간제와 함께 복용 시 의사 또는 약사와 상의하십시오."
202502036,락토디아로펜정,락토디아로펜,,일양약품(주),https://nedrug.mfds.go.kr/pbp/cmn/itemImageDownload/1PhgxmZBwpe,위장진통·진경제와 함께 복용하지 마십시오. 복용 중 음주하지 마십시오.
202501957,이콕스펜레이디연질캡슐,이콕스펜레이디,,주식회사 제이비케이랩,https://nedrug.mfds.go.kr/pbp/cmn/itemImageDownload/1PfrPw6wbz6,"다른 해열진통제, 감기약, 진정제와 함께 복용하지 마십시오. 저용량 아스피린, 정주용 지질제, 이부프로펜 함유 제품과 함께 복용 시 의사 또는 약사와 상의하십시오."
202502045,콜민에스시럽,콜민에스,,영진약품(주),,진정제 및 신경안정제와 함께 복용하지 마십시오.
202501979,오소플루노즈캡슐,오소플루노즈,,주식회사 제이비케이랩,https://nedrug.mfds.go.kr/pbp/cmn/itemImageDownload/1PZc5NPHNTk,"MAO억제제(항우울제, 항정신병제, 감정조절제, 항파킨슨제 등), 진해거담제, 다른 감기약, 해열진통제, 진정제, 항히스타민제를 함유하는 내복약(비염용 경구제, 멀미약, 알레르기용약)과 함께 복용하지 마십시오. 당뇨약, 통풍약, 관절염약, 항응고제, 스테로이드제, 바르비탈계 약물, 삼환계 항우울제, 알코올, 플루클록사실린과 함께 복용 시 의사 또는 약사와 상의하십시오. 복용 중에는 음주하지 마십시오."
202502051,콘택콜드캡슐,콘택콜드,,(주)유한양행,https://nedrug.mfds.go.kr/pbp/cmn/itemImageDownload/1Pc8bb3Cbv8,"다른 비염(코염)용 경구제, 항히스타민제를 함유하는 내복약(감기약, 진해(기침을 그치게 함)거담제(가래약), 멀미약, 알레르기용약 등)와 함께 복용하지 마십시오. 복용 중 음주하지 마십시오."
202502043,맥시부펜콜드연질캡슐,맥시부펜콜드,,한미약품(주),https://nedrug.mfds.go.kr/pbp/cmn/itemImageDownload/1PeJXiBDU0F,"MAO 억제제(항우울제, 항정신병제, 감정조절제, 항파킨슨제 등), 진해거담제(기침·가래약), 다른 감기약, 해열진통제, 진정제, 항히스타민제를 함유하는 내복약(비염[코염]용 경구제, 멀미약, 알레르기용약)과 함께 복용하지 마십시오. MAO 억제제(항우울제, 항정신병제, 감정조절제, 항파킨슨제 등) 복용을 중단한 후 2주 이내의 사람은 이 약을 복용하지 마십시오."
202502076,메코마그민500정,메코마그민500,,주식회사 노바엠헬스케어,https://nedrug.mfds.go.kr/pbp/cmn/itemImageDownload/1PfwVoOMPyi,"인산염, 칼슘염, 경구용 테트라사이클린계 제제, 제산제, 레보도파와 함께 복용하지 마십시오. 에스트로겐을 포함한 경구용 피임제, 항알도스테론제, 트리암테렌과 함께 복용 시 의사 또는 약사와 상의하십시오. 녹차, 홍차 등 탄닌을 함유하는 차는 복용 중, 복용 전후에는 피하십시오."
202502046,맥시부펜코프연질캡슐,맥시부펜코프,,한미약품(주),https://nedrug.mfds.go.kr/pbp/cmn/itemImageDownload/1PeJXiBDT-h,"진해거담제, 다른 감기약, 해열진통제, 진정제, 항히스타민제를 함유하는 내복약(비염용 경구제, 멀미약, 알레르기용약)과 함께 복용하지 마십시오. 당뇨약, 통풍약, 관절염약, 항응고제, 스테로이드제, 알코올을 투여한 경우 의사 또는 약사와 상의하십시오. 복용 중에는 음주하지 마십시오."
202502077,벤포벨아이연질캡슐,벤포벨아이,,(주)종근당,https://nedrug.mfds.go.kr/pbp/cmn/itemImageDownload/1PfQFGezcJm,"인산염, 칼슘염, 경구용 테트라사이클린계 제제, 제산제, 레보도파와 함께 복용하지 마십시오. 항알도스테론제, 트리암테렌, 정주용 지질제와 함께 복용 시 의사 또는 약사와 상의하십시오. 녹차, 홍차 등 탄닌을 함유하는 차는 복용 중, 복용 전후에는 피하십시오."
202502081,키포벨산,키포벨,,(주)종근당,,"인산염, 칼슘염, 경구용 테트라사이클린계 제제, 제산제와 함께 복용하지 마십시오. 항알도스테론제, 트리암테렌과 함께 복용 시 의사 또는 약사와 상의하십시오. 녹차, 홍차 등 탄닌을 함유하는 차는 복용 중, 복용 전후에는 피하십시오."
202502111,프로라민에스정,프로라민에스,,메딕스제약(주),https://nedrug.mfds.go.kr/pbp/cmn/itemImageDownload/1Pg4n2lmqr5,"인산염, 칼슘염, 경구용 테트라사이클린계 제제, 제산제, 레보도파, 항알도스테론제, 트리암테렌과 함께 복용하지 마십시오. 정주용 지질제와 함께 복용 시 의사 또는 약사와 상의하십시오. 녹차, 홍차 등 탄닌을 함유하는 차는 복용 중, 복용 전후에는 피하십시오."
202502112,나콕스펜연질캡슐(나프록센),나콕스펜,나프록센,주식회사 제이비케이랩,https://nedrug.mfds.go.kr/pbp/cmn/itemImageDownload/1PhGfUy_wcL,"다른 비스테로이드성 소염진통제, 나프록센 유도체, 고용량의 메토트렉세이트와 함께 복용하지 마십시오. 히단토인계 항뇌전증약, 설파제, 설포닐요소계 혈당강하제, 프로프라놀롤 및 다른 -차단제, ACE억제제(캅토프릴 등), 루프계 이뇨제 및 치아짓계 이뇨제, 프로베네시드, 아스피린, 리튬, 저용량의 메토트렉세이트, 쿠마린계 혈액응고저지제(와파린 등), 지도부딘, 뉴퀴놀론계 항생물질(에녹사신 등)과 함께 복용 시 의사 또는 약사와 상의하십시오."
202502135,판테올크림(D-판테놀),판테올,D-판테놀,(주)바스칸바이오제약,,
202502137,리차지아정(시트룰린말산염),리차지아,시트룰린말산염,주식회사 노바엠헬스케어,https://nedrug.mfds.go.kr/pbp/cmn/itemImageDownload/1PaSSgsLDAN,
202502162,오라비텐액티브정,오라비텐액티브,,동국제약(주),https://nedrug.mfds.go.kr/pbp/cmn/itemImageDownload/1PiFdRYbwsu,"인산염, 칼슘염, 경구용 테트라사이클린계 제제, 제산제, 레보도파, 정주용 지질제, 에스트로겐을 포함한 경구용 피임제, 항알도스테론제, 항알도스테론제, 트리암테렌과 함께 복용하지 마십시오. 녹차, 홍차 등 탄닌을 함유하는 차는 복용 중, 복용 전후에는 피하십시오."
202502195,노즈팡정,노즈팡,,주식회사 노바엠헬스케어,https://nedrug.mfds.go.kr/pbp/cmn/itemImageDownload/1PhgxmZBwrJ,"MAO억제제(항우울제, 항정신병제, 감정조절제, 항파킨슨제 등), 다른 비염용 경구제, 항히스타민제를 함유하는 내복약(감기약, 진해거담제, 멀미약, 알레르기용약 등)과 함께 복용하지 마십시오. 복용 중에는 음주하지 마십시오."
202502352,포텐비정,포텐비,,(주)한풍제약,https://nedrug.mfds.go.kr/pbp/cmn/itemImageDownload/1PivCLVP3xS,"인산염, 칼슘염, 경구용 테트라사이클린계 제제, 제산제, 레보도파, 항알도스테론제, 트리암테렌과 함께 복용하지 마십시오. 녹차, 홍차 등 탄닌을 함유하는 차는 복용 중, 복용 전후에는 피하십시오."
202502215,방콜브이산,방콜브이,,경방신약(주),,"MAO억제제(항우울제, 항정신병제, 감정조절제, 항파킨슨제 등), 진해거담제, 다른 감기약, 해열진통제, 진정제, 항히스타민제를 함유하는 내복약(비염용 경구제, 멀미약, 알레르기용약)과 함께 복용하지 마십시오. 당뇨약, 통풍약, 관절염약, 항응고제, 스테로이드제, 바르비탈계 약물, 삼환계 항우울제 및 알코올, 칼륨함유제제, 감초함유제제, 글리시리진산 또는 그 염류 함유제제, 루프계 이뇨제(푸로세미드, 에타크린산) 또는 티아지드계 이뇨제(트리클로르메티아지드) 등과 함께 복용 시 의사 또는 약사와 상의하십시오. 복용 중 음주하지 마십시오."
202502551,뉴흑캡슐200밀리그람(약용탄),뉴흑캡슐200밀리그람,약용탄,(주)돌나라한농제약,https://nedrug.mfds.go.kr/pbp/cmn/itemImageDownload/1PfrPw6wbxv,"다른 약물, 호르몬성 경구 피임제와 함께 복용 시 의사 또는 약사와 상의하십시오."
202502520,아콕스펜정500밀리그램(아세트아미노펜),아콕스펜,아세트아미노펜,주식회사 제이비케이랩,https://nedrug.mfds.go.kr/pbp/cmn/itemImageDownload/1PeJXiBDT_Z,"바르비탈계 약물, 삼환계 항우울제, 알코올, 다른 소염진통제와 함께 복용하지 마십시오. 와파린, 리튬, 치아짓계 이뇨제, 플루클록사실린과 함께 복용 시 의사 또는 약사와 상의하십시오."
202502598,자미솔정(독시라민숙신산염),자미솔,독시라민숙신산염,초당약품공업(주),https://nedrug.mfds.go.kr/pbp/cmn/itemImageDownload/1PfQFGezcNV,"이미프라민계 항우울약, 항파킨슨제, 디소피라미드와 함께 복용하지 마십시오. 복용 중에는 음주하지 마십시오. 정주용 지질제와 함께 복용 시 의사 또는 약사와 상의하십시오."
